cp_flag,T1_week_start,T2_week_start,pairs_tested,violations,violation_rate
C,0,0,12467327,56684,0.004546604095649372
C,0,7,43051893,103201,0.002397130365440609
C,0,14,35005573,44975,0.0012847954238600807
C,0,21,27257290,23334,0.000856064561077055
C,0,28,20159583,16947,0.0008406423882874959
C,0,35,13537962,12843,0.0009486656854259157
C,0,42,10447857,6749,0.0006459697907427332
C,0,49,8077442,4963,0.0006144271911825551
C,0,56,6317832,3135,0.0004962145242228663
C,0,63,5674383,2885,0.0005084253213080612
C,0,70,4732180,2078,0.0004391210816156613
C,0,77,4121929,812,0.00019699514474897555
C,0,84,3583178,428,0.00011944703835533708
C,0,91,3624652,1012,0.00027919921691792757
C,0,98,2720047,626,0.00023014308208644925
C,0,105,2255530,217,0.00009620798659295155
C,0,112,1833816,152,0.0000828872689517378
C,0,119,1618131,108,0.00006674366908488867
C,0,126,1505134,295,0.0001959958382443025
C,0,133,1329288,54,0.00004062325094336216
C,0,140,1208017,68,0.00005629059855945736
C,0,147,1079072,39,0.000036142166602413926
C,0,154,997223,94,0.00009426176492118614
C,0,161,877229,44,0.000050157940514962455
C,0,168,846415,32,0.00003780651335337866
C,0,175,654725,62,0.0000946962465157127
C,0,182,512250,78,0.00015226939970717422
C,0,189,438828,34,0.00007747910343004549
C,0,196,355057,19,0.00005351253460711942
C,0,203,361021,2,5.539843942596137e-6
C,0,210,320933,38,0.00011840477607475703
C,0,217,307457,11,0.00003577736073662333
C,0,224,308194,109,0.00035367333562626136
C,0,231,283642,23,0.00008108813222301351
C,0,238,285951,20,0.00006994205300908198
C,0,245,333940,28,0.00008384739773612026
C,0,252,288226,9,0.00003122549665887186
C,0,259,262972,5,0.000019013431087720367
C,0,266,273467,10,0.0000365674834623556
C,0,273,285823,46,0.00016093876280075432
C,0,280,275026,24,0.0000872644768131013
C,0,287,218237,12,0.000054986093100619965
C,0,294,214040,6,0.000028032143524574846
C,0,301,192608,30,0.00015575677022761257
C,0,308,208209,11,0.00005283152985701867
C,0,315,199050,102,0.0005124340617935192
C,0,322,206199,17,0.00008244462873243809
C,0,329,172825,16,0.00009257919861131202
C,0,336,210953,42,0.0001990964812067143
C,0,343,210865,47,0.00022289142342256894
C,0,350,224399,6,0.00002673808706812419
C,0,357,235073,3,0.000012761993082999749
C,0,364,276658,21,0.00007590599223590137
C,0,371,182404,3,0.00001644700774105831
C,0,378,116552,1,8.579861349440594e-6
C,0,385,89758,2,0.00002228213641123911
C,0,392,75034,13,0.00017325479116134018
C,0,399,80510,3,0.000037262451869333004
C,0,406,70606,0,0.0
C,0,413,62673,2,0.0000319116685015876
C,0,420,45040,4,0.00008880994671403197
C,0,427,58056,15,0.0002583712277800744
C,0,434,54223,4,0.00007376943363517327
C,0,441,37876,0,0.0
C,0,448,40845,3,0.00007344840249724569
C,0,455,51736,16,0.0003092624091541673
C,0,462,33139,7,0.00021123147952563446
C,0,469,27496,0,0.0
C,0,476,29127,2,0.00006866481271672331
C,0,483,19070,7,0.00036706869428421607
C,0,490,19054,1,0.000052482418389839406
C,0,497,21027,4,0.0001902316069815
C,0,504,26348,1,0.000037953544861090024
C,0,511,22544,1,0.00004435770049680625
C,0,518,21466,12,0.0005590235721606261
C,0,525,17778,0,0.0
C,0,532,11486,0,0.0
C,0,539,21137,8,0.00037848322846193875
C,0,546,28787,1,0.000034737902525445515
C,0,553,20222,1,0.00004945109286915241
C,0,560,13598,0,0.0
C,0,567,12931,1,0.00007733353955610548
C,0,574,12849,0,0.0
C,0,581,26293,0,0.0
C,0,588,22616,0,0.0
C,0,595,26038,0,0.0
C,0,602,17770,3,0.00016882386043894204
C,0,609,20014,11,0.000549615269311482
C,0,616,34688,7,0.0002017988929889299
C,0,623,16536,1,0.00006047411707789066
C,0,630,24171,3,0.00012411567580985477
C,0,637,20047,7,0.000349179428343393
C,0,644,16790,1,0.00005955926146515783
C,0,651,14984,1,0.00006673785371062466
C,0,658,15854,0,0.0
C,0,665,11033,0,0.0
C,0,672,8332,6,0.0007201152184349496
C,0,679,11959,11,0.0009198093486077431
C,0,686,13526,3,0.00022179506136330032
C,0,693,10137,0,0.0
C,0,700,11333,4,0.000352951557398747
C,0,707,9350,0,0.0
C,0,714,7924,2,0.0002523977788995457
C,0,721,7121,0,0.0
C,0,728,12708,0,0.0
C,0,735,7692,0,0.0
C,0,742,4899,1,0.00020412329046744235
C,0,749,5329,0,0.0
C,0,756,5079,2,0.00039377830281551486
C,0,763,7067,2,0.0002830055186076129
C,0,770,5994,0,0.0
C,0,777,5255,0,0.0
C,0,784,5136,0,0.0
C,0,791,5634,11,0.0019524316648917288
C,0,798,5168,1,0.0001934984520123839
C,0,805,4625,0,0.0
C,0,812,4739,1,0.00021101498206372652
C,0,819,4777,1,0.00020933640360058616
C,0,826,3789,0,0.0
C,0,833,3142,0,0.0
C,0,840,4522,0,0.0
C,0,847,3823,0,0.0
C,0,854,4626,1,0.00021616947686986597
C,0,861,3610,2,0.000554016620498615
C,0,868,3108,3,0.0009652509652509653
C,0,875,3828,0,0.0
C,0,882,5010,3,0.0005988023952095808
C,0,889,5197,3,0.0005772561092938234
C,0,896,2433,0,0.0
C,0,903,4683,1,0.00021353833013025838
C,0,910,4195,4,0.0009535160905840286
C,0,917,4261,1,0.0002346866932644919
C,0,924,2727,1,0.0003667033370003667
C,0,931,3200,1,0.0003125
C,0,938,2841,0,0.0
C,0,945,4763,5,0.0010497585555322277
C,0,952,2831,0,0.0
C,0,959,3980,0,0.0
C,0,966,4207,0,0.0
C,0,973,5074,1,0.00019708316909735908
C,0,980,8577,2,0.00023318176518596245
C,0,987,4753,0,0.0
C,0,994,9284,0,0.0
C,0,1001,9488,3,0.00031618887015177064
C,0,1008,6107,0,0.0
C,0,1015,3132,0,0.0
C,0,1022,3135,1,0.0003189792663476874
C,0,1029,2058,0,0.0
C,0,1036,1628,2,0.0012285012285012285
C,0,1043,1866,7,0.0037513397642015005
C,0,1050,1799,0,0.0
C,0,1057,2096,0,0.0
C,0,1064,1730,2,0.0011560693641618498
C,0,1071,1344,1,0.000744047619047619
C,0,1078,1473,0,0.0
C,0,1085,1151,1,0.0008688097306689834
C,0,1092,488,0,0.0
C,0,1099,712,0,0.0
C,0,1106,422,0,0.0
C,0,1113,756,0,0.0
C,0,1120,103,0,0.0
C,0,1127,626,0,0.0
C,0,1134,453,0,0.0
C,0,1141,152,0,0.0
C,0,1148,239,0,0.0
C,0,1155,282,0,0.0
C,0,1162,174,0,0.0
C,0,1169,247,0,0.0
C,0,1176,371,0,0.0
C,0,1183,234,0,0.0
C,0,1190,317,0,0.0
C,0,1197,139,0,0.0
C,0,1204,261,0,0.0
C,0,1211,104,0,0.0
C,0,1218,465,0,0.0
C,0,1225,548,0,0.0
C,0,1232,586,0,0.0
C,0,1239,282,0,0.0
C,0,1246,628,0,0.0
C,0,1253,214,0,0.0
C,0,1260,96,0,0.0
C,0,1267,360,0,0.0
C,0,1274,291,0,0.0
C,0,1281,398,0,0.0
C,0,1288,225,0,0.0
C,0,1295,115,0,0.0
C,0,1302,135,0,0.0
C,0,1309,476,0,0.0
C,0,1316,328,0,0.0
C,0,1323,288,0,0.0
C,0,1330,276,0,0.0
C,0,1337,746,0,0.0
C,0,1344,880,0,0.0
C,0,1351,840,0,0.0
C,0,1358,106,0,0.0
C,0,1365,432,0,0.0
C,0,1372,376,0,0.0
C,0,1379,834,0,0.0
C,0,1386,144,0,0.0
C,0,1393,319,0,0.0
C,0,1400,326,0,0.0
C,0,1407,112,0,0.0
C,0,1414,337,0,0.0
C,0,1421,344,0,0.0
C,0,1428,337,0,0.0
C,0,1435,141,0,0.0
C,0,1442,357,0,0.0
C,0,1449,183,0,0.0
C,0,1456,164,0,0.0
C,0,1463,911,0,0.0
C,0,1470,219,0,0.0
C,0,1477,414,0,0.0
C,0,1484,83,0,0.0
C,0,1491,299,0,0.0
C,0,1498,147,0,0.0
C,0,1505,94,0,0.0
C,0,1512,104,0,0.0
C,0,1519,69,0,0.0
C,0,1526,106,0,0.0
C,0,1533,83,0,0.0
C,0,1540,212,0,0.0
C,0,1547,143,0,0.0
C,0,1554,122,0,0.0
C,0,1561,152,0,0.0
C,0,1568,61,0,0.0
C,0,1575,107,0,0.0
C,0,1582,483,0,0.0
C,0,1589,153,0,0.0
C,0,1596,127,0,0.0
C,0,1603,171,0,0.0
C,0,1610,241,0,0.0
C,0,1617,67,0,0.0
C,0,1624,213,0,0.0
C,0,1631,234,0,0.0
C,0,1638,451,0,0.0
C,0,1645,612,0,0.0
C,0,1652,290,0,0.0
C,0,1659,78,0,0.0
C,0,1666,131,0,0.0
C,0,1673,228,0,0.0
C,0,1680,511,0,0.0
C,0,1687,208,0,0.0
C,0,1694,463,0,0.0
C,0,1701,227,0,0.0
C,0,1708,103,0,0.0
C,0,1715,961,0,0.0
C,0,1722,463,0,0.0
C,0,1729,294,0,0.0
C,0,1736,432,0,0.0
C,0,1743,230,0,0.0
C,0,1750,214,0,0.0
C,0,1757,149,0,0.0
C,0,1764,158,0,0.0
C,0,1771,128,0,0.0
C,0,1778,249,0,0.0
C,0,1785,228,0,0.0
C,0,1792,368,0,0.0
C,0,1799,294,0,0.0
C,0,1806,530,0,0.0
C,0,1813,254,0,0.0
C,0,1820,164,0,0.0
C,0,1827,597,0,0.0
C,0,1834,144,0,0.0
C,0,1841,153,0,0.0
C,0,1848,116,0,0.0
C,0,1855,454,0,0.0
C,0,1862,182,0,0.0
C,0,1869,332,0,0.0
C,0,1876,47,0,0.0
C,0,1883,48,0,0.0
C,0,1890,167,0,0.0
C,0,1897,114,0,0.0
C,0,1904,70,0,0.0
C,0,1911,112,0,0.0
C,0,1918,277,0,0.0
C,0,1925,6,0,0.0
C,0,1932,28,0,0.0
C,0,1939,82,0,0.0
C,0,1946,108,0,0.0
C,0,1953,15,0,0.0
C,0,1960,221,0,0.0
C,0,1967,58,0,0.0
C,0,1974,165,0,0.0
C,0,1981,157,0,0.0
C,0,1988,49,0,0.0
C,0,1995,88,0,0.0
C,0,2002,79,0,0.0
C,0,2009,15,0,0.0
C,0,2016,68,0,0.0
C,0,2023,10,0,0.0
C,0,2037,34,0,0.0
C,0,2044,41,0,0.0
C,0,2051,114,0,0.0
C,0,2058,32,0,0.0
C,0,2065,101,0,0.0
C,0,2072,114,0,0.0
C,0,2079,1048,0,0.0
C,0,2086,316,2,0.006329113924050633
C,0,2093,14,0,0.0
C,0,2100,54,0,0.0
C,0,2107,131,0,0.0
C,0,2114,208,0,0.0
C,0,2121,148,0,0.0
C,0,2128,27,0,0.0
C,0,2142,5,0,0.0
C,0,2156,2,0,0.0
C,0,2163,8,0,0.0
C,0,2170,47,0,0.0
C,0,2184,3,0,0.0
C,0,2191,18,0,0.0
C,7,7,26768065,49500,0.0018492184623729807
C,7,14,58040637,106796,0.0018400211562116383
C,7,21,46458269,79277,0.001706413125293153
C,7,28,34301254,52893,0.0015420135951880942
C,7,35,24894054,42794,0.0017190450378230882
C,7,42,19734940,30797,0.0015605317269776345
C,7,49,14964190,17849,0.0011927808989327187
C,7,56,11397443,11552,0.0010135606732141586
C,7,63,9766381,7583,0.0007764390924335227
C,7,70,9293148,7127,0.000766909124873509
C,7,77,7342399,2406,0.00032768581494958257
C,7,84,6647633,1033,0.00015539365665944555
C,7,91,5651738,1075,0.00019020697703962922
C,7,98,5751114,2581,0.000448782618463136
C,7,105,4029475,474,0.00011763319042803343
C,7,112,3419188,298,0.00008715519591201186
C,7,119,2754043,64,0.000023238562360863646
C,7,126,2910946,582,0.00019993500394717043
C,7,133,2590379,158,0.00006099493549013484
C,7,140,2261035,274,0.00012118344032710683
C,7,147,1915154,53,0.000027674014726753044
C,7,154,1750051,95,0.000054284132291001806
C,7,161,1843442,508,0.0002755714581744367
C,7,168,1517890,198,0.00013044423508949923
C,7,175,1227672,95,0.0000773822323878039
C,7,182,818697,60,0.00007328718683468976
C,7,189,884069,182,0.00020586628419274965
C,7,196,672689,136,0.00020217366420440945
C,7,203,646500,29,0.0000448569218870843
C,7,210,544064,12,0.000022056228678978945
C,7,217,577304,211,0.0003654920111414437
C,7,224,579903,87,0.00015002509040305017
C,7,231,498695,38,0.00007619887907438415
C,7,238,494786,7,0.000014147530447506598
C,7,245,508973,43,0.0000844838527780452
C,7,252,583810,231,0.00039567667563077027
C,7,259,438190,29,0.00006618133686300464
C,7,266,486917,25,0.00005134345278558769
C,7,273,435041,21,0.00004827131235906501
C,7,280,522982,83,0.00015870527092710647
C,7,287,394171,40,0.00010147879981023465
C,7,294,361896,21,0.000058027720671132036
C,7,301,311652,14,0.000044921900068024594
C,7,308,370719,85,0.00022928417480625488
C,7,315,381352,75,0.00019666869453942813
C,7,322,334692,27,0.00008067118425298483
C,7,329,299355,15,0.000050107731622989425
C,7,336,338543,38,0.00011224571177073519
C,7,343,412417,100,0.000242473030937134
C,7,350,364840,20,0.0000548185505975222
C,7,357,400264,5,0.00001249175544140867
C,7,364,405517,21,0.000051785745110562564
C,7,371,364615,50,0.00013713094634066068
C,7,378,213855,7,0.000032732458909073907
C,7,385,150333,0,0.0
C,7,392,124204,2,0.000016102540980966796
C,7,399,132898,46,0.0003461301148249033
C,7,406,135829,5,0.00003681099028926076
C,7,413,94902,1,0.00001053718572843565
C,7,420,77211,1,0.00001295152245146417
C,7,427,80345,0,0.0
C,7,434,112725,55,0.0004879130627633622
C,7,441,67463,1,0.000014822939981916014
C,7,448,70252,0,0.0
C,7,455,67949,0,0.0
C,7,462,72300,10,0.00013831258644536652
C,7,469,49933,34,0.0006809124226463461
C,7,476,48386,7,0.00014466994585210597
C,7,483,32448,2,0.0000616370808678501
C,7,490,37866,20,0.0005281783129984683
C,7,497,41298,12,0.0002905709719599012
C,7,504,42057,4,0.00009510901871269943
C,7,511,38779,0,0.0
C,7,518,30537,1,0.00003274715918394079
C,7,525,42738,19,0.00044456923580888204
C,7,532,21600,2,0.00009259259259259259
C,7,539,30785,0,0.0
C,7,546,39661,3,0.00007564105796626409
C,7,553,38972,7,0.0001796161346607821
C,7,560,26902,9,0.00033454761727752584
C,7,567,23243,1,0.000043023706062040185
C,7,574,22862,2,0.00008748141020033243
C,7,581,42434,5,0.00011783004194749493
C,7,588,43987,1,0.000022733989587832767
C,7,595,36396,2,0.00005495109352676118
C,7,602,30338,0,0.0
C,7,609,29483,0,0.0
C,7,616,61978,39,0.0006292555422891994
C,7,623,29203,2,0.00006848611444029723
C,7,630,41056,0,0.0
C,7,637,27807,3,0.00010788650339842486
C,7,644,35435,8,0.00022576548610131226
C,7,651,28572,1,0.00003499930001399972
C,7,658,25112,3,0.00011946479770627588
C,7,665,16950,1,0.00005899705014749263
C,7,672,18843,19,0.001008332006580693
C,7,679,23530,27,0.0011474713132171696
C,7,686,19216,0,0.0
C,7,693,18003,0,0.0
C,7,700,17968,0,0.0
C,7,707,23191,13,0.0005605622870941314
C,7,714,13696,4,0.0002920560747663551
C,7,721,12409,2,0.0001611733419292449
C,7,728,17342,1,0.00005766347595433053
C,7,735,13638,5,0.00036662267194603314
C,7,742,9840,1,0.0001016260162601626
C,7,749,8197,0,0.0
C,7,756,7834,0,0.0
C,7,763,11623,6,0.0005162178439301385
C,7,770,11330,1,0.000088261253309797
C,7,777,8456,1,0.00011825922421948912
C,7,784,8321,0,0.0
C,7,791,7412,0,0.0
C,7,798,11797,56,0.004746969568534373
C,7,805,7127,0,0.0
C,7,812,7257,1,0.00013779798814937303
C,7,819,5765,1,0.00017346053772766696
C,7,826,8458,0,0.0
C,7,833,5956,4,0.000671591672263264
C,7,840,7661,0,0.0
C,7,847,6620,0,0.0
C,7,854,8404,0,0.0
C,7,861,8743,5,0.0005718860802928057
C,7,868,5346,0,0.0
C,7,875,7348,0,0.0
C,7,882,7918,0,0.0
C,7,889,13020,1,0.00007680491551459293
C,7,896,5676,3,0.0005285412262156448
C,7,903,6435,0,0.0
C,7,910,6515,0,0.0
C,7,917,8886,3,0.00033760972316002703
C,7,924,6573,1,0.00015213753232922562
C,7,931,5513,0,0.0
C,7,938,5217,0,0.0
C,7,945,6161,0,0.0
C,7,952,6981,3,0.0004297378599054577
C,7,959,5180,0,0.0
C,7,966,6883,0,0.0
C,7,973,6671,0,0.0
C,7,980,14826,2,0.00013489815189531904
C,7,987,5640,3,0.0005319148936170213
C,7,994,14447,0,0.0
C,7,1001,12993,3,0.00023089355806972986
C,7,1008,12264,9,0.0007338551859099804
C,7,1015,4853,2,0.00041211621677313
C,7,1022,4877,0,0.0
C,7,1029,3180,0,0.0
C,7,1036,3202,3,0.0009369144284821987
C,7,1043,3496,8,0.002288329519450801
C,7,1050,2758,0,0.0
C,7,1057,3285,0,0.0
C,7,1064,2700,0,0.0
C,7,1071,2878,0,0.0
C,7,1078,1854,0,0.0
C,7,1085,2013,1,0.0004967709885742673
C,7,1092,737,0,0.0
C,7,1099,879,0,0.0
C,7,1106,759,0,0.0
C,7,1113,930,0,0.0
C,7,1120,156,0,0.0
C,7,1127,604,0,0.0
C,7,1134,1031,0,0.0
C,7,1141,178,0,0.0
C,7,1148,451,0,0.0
C,7,1155,324,0,0.0
C,7,1162,329,0,0.0
C,7,1169,332,0,0.0
C,7,1176,779,0,0.0
C,7,1183,316,0,0.0
C,7,1190,412,0,0.0
C,7,1197,222,0,0.0
C,7,1204,281,0,0.0
C,7,1211,112,0,0.0
C,7,1218,442,0,0.0
C,7,1225,919,0,0.0
C,7,1232,640,0,0.0
C,7,1239,376,0,0.0
C,7,1246,676,0,0.0
C,7,1253,405,0,0.0
C,7,1260,181,0,0.0
C,7,1267,293,0,0.0
C,7,1274,345,0,0.0
C,7,1281,688,0,0.0
C,7,1288,267,0,0.0
C,7,1295,171,0,0.0
C,7,1302,171,0,0.0
C,7,1309,396,0,0.0
C,7,1316,523,0,0.0
C,7,1323,284,0,0.0
C,7,1330,288,0,0.0
C,7,1337,1169,0,0.0
C,7,1344,974,0,0.0
C,7,1351,911,0,0.0
C,7,1358,133,0,0.0
C,7,1365,594,0,0.0
C,7,1372,541,0,0.0
C,7,1379,906,0,0.0
C,7,1386,155,0,0.0
C,7,1393,286,0,0.0
C,7,1400,500,0,0.0
C,7,1407,170,0,0.0
C,7,1414,378,0,0.0
C,7,1421,439,0,0.0
C,7,1428,425,0,0.0
C,7,1435,274,0,0.0
C,7,1442,458,0,0.0
C,7,1449,269,0,0.0
C,7,1456,268,0,0.0
C,7,1463,945,0,0.0
C,7,1470,293,0,0.0
C,7,1477,525,0,0.0
C,7,1484,92,0,0.0
C,7,1491,334,0,0.0
C,7,1498,223,0,0.0
C,7,1505,142,0,0.0
C,7,1512,177,0,0.0
C,7,1519,148,0,0.0
C,7,1526,220,0,0.0
C,7,1533,137,0,0.0
C,7,1540,266,0,0.0
C,7,1547,153,0,0.0
C,7,1554,120,0,0.0
C,7,1561,336,0,0.0
C,7,1568,94,0,0.0
C,7,1575,69,0,0.0
C,7,1582,436,0,0.0
C,7,1589,204,0,0.0
C,7,1596,144,0,0.0
C,7,1603,203,0,0.0
C,7,1610,236,0,0.0
C,7,1617,163,0,0.0
C,7,1624,278,0,0.0
C,7,1631,494,0,0.0
C,7,1638,534,0,0.0
C,7,1645,744,0,0.0
C,7,1652,566,0,0.0
C,7,1659,123,0,0.0
C,7,1666,246,0,0.0
C,7,1673,357,0,0.0
C,7,1680,850,0,0.0
C,7,1687,252,0,0.0
C,7,1694,508,0,0.0
C,7,1701,363,0,0.0
C,7,1708,162,0,0.0
C,7,1715,1033,0,0.0
C,7,1722,475,0,0.0
C,7,1729,427,0,0.0
C,7,1736,403,0,0.0
C,7,1743,475,0,0.0
C,7,1750,226,0,0.0
C,7,1757,196,0,0.0
C,7,1764,206,0,0.0
C,7,1771,234,0,0.0
C,7,1778,232,0,0.0
C,7,1785,285,0,0.0
C,7,1792,433,0,0.0
C,7,1799,456,0,0.0
C,7,1806,580,0,0.0
C,7,1813,291,0,0.0
C,7,1820,227,0,0.0
C,7,1827,619,0,0.0
C,7,1834,378,0,0.0
C,7,1841,241,0,0.0
C,7,1848,147,0,0.0
C,7,1855,523,0,0.0
C,7,1862,211,0,0.0
C,7,1869,424,0,0.0
C,7,1876,88,0,0.0
C,7,1883,33,0,0.0
C,7,1890,175,0,0.0
C,7,1897,169,0,0.0
C,7,1904,97,0,0.0
C,7,1911,129,0,0.0
C,7,1918,246,0,0.0
C,7,1925,24,0,0.0
C,7,1932,53,0,0.0
C,7,1939,112,0,0.0
C,7,1946,95,0,0.0
C,7,1953,25,0,0.0
C,7,1960,368,0,0.0
C,7,1967,100,0,0.0
C,7,1974,152,0,0.0
C,7,1981,165,0,0.0
C,7,1988,49,0,0.0
C,7,1995,81,0,0.0
C,7,2002,75,0,0.0
C,7,2009,14,0,0.0
C,7,2016,120,0,0.0
C,7,2023,27,0,0.0
C,7,2030,3,0,0.0
C,7,2037,45,0,0.0
C,7,2044,21,0,0.0
C,7,2051,175,0,0.0
C,7,2058,38,0,0.0
C,7,2065,157,0,0.0
C,7,2072,128,0,0.0
C,7,2079,1097,0,0.0
C,7,2086,360,9,0.025
C,7,2093,23,0,0.0
C,7,2100,92,0,0.0
C,7,2107,180,0,0.0
C,7,2114,299,0,0.0
C,7,2121,133,0,0.0
C,7,2128,7,0,0.0
C,7,2142,28,0,0.0
C,7,2149,6,0,0.0
C,7,2156,2,0,0.0
C,7,2163,1,0,0.0
C,7,2170,68,0,0.0
C,7,2177,5,0,0.0
C,7,2184,3,0,0.0
C,7,2191,55,0,0.0
C,7,2198,16,0,0.0
C,14,14,20915084,20659,0.000987756013793681
C,14,21,44639184,78117,0.0017499647843025087
C,14,28,34858041,74232,0.0021295516865104383
C,14,35,23845296,50460,0.002116140642582084
C,14,42,21369039,53748,0.002515227755445624
C,14,49,16047015,30125,0.0018772961824987389
C,14,56,12281976,21345,0.0017379125313386054
C,14,63,9887384,9675,0.0009785196974245159
C,14,70,8651700,6752,0.0007804246564259048
C,14,77,8816265,9452,0.0010721093342815806
C,14,84,6678599,2610,0.00039080052567911326
C,14,91,6102335,2334,0.00038247654381478566
C,14,98,4793058,1249,0.0002605852046856099
C,14,105,5150319,1882,0.000365414258806105
C,14,112,3446956,378,0.00010966197421725139
C,14,119,3045856,313,0.00010276257314856645
C,14,126,2735989,103,0.00003764635018634943
C,14,133,2795338,436,0.00015597398239497335
C,14,140,2503887,279,0.00011142675368337309
C,14,147,2038732,117,0.000057388612137348114
C,14,154,1809902,52,0.000028730837360254863
C,14,161,1709537,205,0.00011991550928701749
C,14,168,1866955,350,0.0001874710424193406
C,14,175,1235652,55,0.00004451091407613147
C,14,182,902257,43,0.00004765826144878898
C,14,189,771615,81,0.00010497463113081005
C,14,196,890853,261,0.00029297762930584505
C,14,203,704961,57,0.00008085553668926367
C,14,210,600555,21,0.00003496765491919974
C,14,217,576924,46,0.00007973320576020411
C,14,224,629417,157,0.0002494371775786164
C,14,231,589083,68,0.00011543364856904715
C,14,238,507794,27,0.00005317116783577593
C,14,245,536873,8,0.000014901103240431163
C,14,252,496958,65,0.00013079576141243325
C,14,259,581911,91,0.0001563813022953682
C,14,266,451137,18,0.00003989918805152315
C,14,273,459581,21,0.00004569379500022847
C,14,280,440786,42,0.00009528433298698234
C,14,287,501578,85,0.00016946516793001288
C,14,294,397434,42,0.00010567792388170111
C,14,301,332231,25,0.00007524884794013804
C,14,308,363374,23,0.00006329566782433526
C,14,315,391650,104,0.0002655432146048768
C,14,322,401032,31,0.00007730056454347782
C,14,329,302595,2,6.609494538905137e-6
C,14,336,353425,2,5.6589092452429796e-6
C,14,343,358127,28,0.00007818455464123063
C,14,350,476412,98,0.00020570430635668288
C,14,357,399484,5,0.000012516145828118273
C,14,364,426472,11,0.000025793018064491924
C,14,371,307352,29,0.00009435435591764491
C,14,378,278868,62,0.00022232740938365106
C,14,385,171178,4,0.00002336748881281473
C,14,392,125451,0,0.0
C,14,399,128885,6,0.00004655312875819529
C,14,406,133482,20,0.0001498329362760522
C,14,413,120722,9,0.00007455144878315468
C,14,420,75299,1,0.000013280388849785521
C,14,427,87980,0,0.0
C,14,434,90306,1,0.000011073461342546453
C,14,441,97441,30,0.0003078786137252286
C,14,448,64120,1,0.000015595757953836558
C,14,455,65147,1,0.000015349900993138596
C,14,462,60212,18,0.000298943732146416
C,14,469,67747,31,0.00045758483770499064
C,14,476,56062,5,0.00008918697156719346
C,14,483,33025,1,0.00003028009084027252
C,14,490,35923,0,0.0
C,14,497,41575,31,0.0007456404088995791
C,14,504,53194,3,0.00005639733804564425
C,14,511,35168,0,0.0
C,14,518,31463,0,0.0
C,14,525,33535,2,0.00005963918294319368
C,14,532,34045,14,0.00041122044353062126
C,14,539,29816,9,0.0003018513549771934
C,14,546,38025,1,0.000026298487836949376
C,14,553,34083,2,0.00005868028049174075
C,14,560,39366,6,0.00015241579027587258
C,14,567,26328,12,0.00045578851412944393
C,14,574,24929,1,0.00004011392354286173
C,14,581,41519,0,0.0
C,14,588,41610,0,0.0
C,14,595,49193,11,0.00022360905006809913
C,14,602,27057,2,0.0000739180249103744
C,14,609,32954,0,0.0
C,14,616,43639,1,0.000022915282201700315
C,14,623,38738,19,0.0004904744695131396
C,14,630,33334,1,0.00002999940001199976
C,14,637,28391,3,0.00010566728892959037
C,14,644,29730,0,0.0
C,14,651,37486,14,0.0003734727631649149
C,14,658,31118,6,0.00019281444822932066
C,14,665,17267,0,0.0
C,14,672,17430,0,0.0
C,14,679,26293,8,0.00030426349218423156
C,14,686,23844,10,0.0004193927193423922
C,14,693,17417,0,0.0
C,14,700,19375,0,0.0
C,14,707,20119,0,0.0
C,14,714,19287,15,0.0007777259293824856
C,14,721,11152,0,0.0
C,14,728,17141,0,0.0
C,14,735,11248,3,0.0002667140825035562
C,14,742,12727,5,0.00039286556140488726
C,14,749,9872,9,0.0009116693679092383
C,14,756,7837,1,0.00012759984688018373
C,14,763,10662,0,0.0
C,14,770,12196,7,0.0005739586749754018
C,14,777,10508,1,0.00009516558812333461
C,14,784,7358,0,0.0
C,14,791,7870,0,0.0
C,14,798,8472,0,0.0
C,14,805,11106,23,0.0020709526382135784
C,14,812,6805,0,0.0
C,14,819,5550,0,0.0
C,14,826,6718,0,0.0
C,14,833,8288,5,0.0006032818532818533
C,14,840,8398,1,0.00011907597046915932
C,14,847,6676,1,0.00014979029358897544
C,14,854,7741,0,0.0
C,14,861,7926,1,0.00012616704516780217
C,14,868,7579,1,0.00013194352816994325
C,14,875,6805,1,0.00014695077149155033
C,14,882,9041,0,0.0
C,14,889,10168,0,0.0
C,14,896,8179,1,0.00012226433549333658
C,14,903,7316,0,0.0
C,14,910,5674,2,0.00035248501938667606
C,14,917,7884,1,0.00012683916793505834
C,14,924,9218,2,0.00021696680407897592
C,14,931,6323,1,0.00015815277558121145
C,14,938,4823,0,0.0
C,14,945,6138,0,0.0
C,14,952,4754,0,0.0
C,14,959,8129,4,0.0004920654447041457
C,14,966,5278,0,0.0
C,14,973,6820,0,0.0
C,14,980,9494,0,0.0
C,14,987,9423,5,0.0005306165764618487
C,14,994,11136,0,0.0
C,14,1001,12675,4,0.0003155818540433925
C,14,1008,10044,1,0.00009956192751891676
C,14,1015,5336,8,0.0014992503748125937
C,14,1022,6145,3,0.00048820179007323027
C,14,1029,2978,0,0.0
C,14,1036,2623,0,0.0
C,14,1043,4135,6,0.0014510278113663846
C,14,1050,3546,3,0.0008460236886632825
C,14,1057,2752,0,0.0
C,14,1064,2800,1,0.00035714285714285714
C,14,1071,2016,0,0.0
C,14,1078,3023,5,0.0016539861065167053
C,14,1085,1828,0,0.0
C,14,1092,716,0,0.0
C,14,1099,991,0,0.0
C,14,1106,555,0,0.0
C,14,1113,1300,0,0.0
C,14,1120,134,0,0.0
C,14,1127,616,0,0.0
C,14,1134,624,0,0.0
C,14,1141,300,0,0.0
C,14,1148,480,0,0.0
C,14,1155,265,0,0.0
C,14,1162,226,0,0.0
C,14,1169,467,0,0.0
C,14,1176,652,0,0.0
C,14,1183,181,0,0.0
C,14,1190,326,0,0.0
C,14,1197,182,0,0.0
C,14,1204,284,0,0.0
C,14,1211,142,0,0.0
C,14,1218,362,0,0.0
C,14,1225,564,0,0.0
C,14,1232,787,0,0.0
C,14,1239,267,0,0.0
C,14,1246,519,0,0.0
C,14,1253,292,0,0.0
C,14,1260,223,0,0.0
C,14,1267,276,0,0.0
C,14,1274,267,0,0.0
C,14,1281,431,0,0.0
C,14,1288,256,0,0.0
C,14,1295,209,0,0.0
C,14,1302,174,0,0.0
C,14,1309,411,0,0.0
C,14,1316,272,0,0.0
C,14,1323,389,0,0.0
C,14,1330,189,0,0.0
C,14,1337,881,0,0.0
C,14,1344,644,0,0.0
C,14,1351,511,0,0.0
C,14,1358,137,0,0.0
C,14,1365,422,0,0.0
C,14,1372,402,0,0.0
C,14,1379,887,0,0.0
C,14,1386,224,0,0.0
C,14,1393,252,0,0.0
C,14,1400,363,0,0.0
C,14,1407,128,0,0.0
C,14,1414,343,0,0.0
C,14,1421,395,0,0.0
C,14,1428,428,0,0.0
C,14,1435,218,0,0.0
C,14,1442,791,0,0.0
C,14,1449,176,0,0.0
C,14,1456,240,0,0.0
C,14,1463,1048,0,0.0
C,14,1470,221,0,0.0
C,14,1477,626,0,0.0
C,14,1484,66,0,0.0
C,14,1491,273,0,0.0
C,14,1498,180,0,0.0
C,14,1505,176,0,0.0
C,14,1512,162,0,0.0
C,14,1519,102,0,0.0
C,14,1526,147,0,0.0
C,14,1533,178,0,0.0
C,14,1540,204,0,0.0
C,14,1547,124,0,0.0
C,14,1554,95,0,0.0
C,14,1561,217,0,0.0
C,14,1568,103,0,0.0
C,14,1575,50,0,0.0
C,14,1582,374,0,0.0
C,14,1589,157,0,0.0
C,14,1596,173,0,0.0
C,14,1603,153,0,0.0
C,14,1610,172,0,0.0
C,14,1617,156,0,0.0
C,14,1624,200,0,0.0
C,14,1631,676,0,0.0
C,14,1638,381,0,0.0
C,14,1645,616,0,0.0
C,14,1652,500,0,0.0
C,14,1659,145,0,0.0
C,14,1666,248,0,0.0
C,14,1673,406,0,0.0
C,14,1680,574,0,0.0
C,14,1687,281,0,0.0
C,14,1694,545,0,0.0
C,14,1701,269,0,0.0
C,14,1708,168,0,0.0
C,14,1715,578,0,0.0
C,14,1722,480,0,0.0
C,14,1729,323,0,0.0
C,14,1736,362,0,0.0
C,14,1743,306,0,0.0
C,14,1750,360,0,0.0
C,14,1757,173,0,0.0
C,14,1764,154,0,0.0
C,14,1771,179,0,0.0
C,14,1778,348,0,0.0
C,14,1785,215,0,0.0
C,14,1792,374,0,0.0
C,14,1799,334,0,0.0
C,14,1806,736,0,0.0
C,14,1813,240,0,0.0
C,14,1820,198,0,0.0
C,14,1827,678,0,0.0
C,14,1834,168,0,0.0
C,14,1841,289,0,0.0
C,14,1848,105,0,0.0
C,14,1855,567,0,0.0
C,14,1862,189,0,0.0
C,14,1869,437,0,0.0
C,14,1876,84,0,0.0
C,14,1883,24,0,0.0
C,14,1890,102,0,0.0
C,14,1897,267,0,0.0
C,14,1904,89,0,0.0
C,14,1911,82,0,0.0
C,14,1918,210,0,0.0
C,14,1925,20,0,0.0
C,14,1932,106,0,0.0
C,14,1939,56,0,0.0
C,14,1946,59,0,0.0
C,14,1953,34,0,0.0
C,14,1960,231,0,0.0
C,14,1967,108,0,0.0
C,14,1974,92,0,0.0
C,14,1981,97,0,0.0
C,14,1988,22,0,0.0
C,14,1995,91,0,0.0
C,14,2002,82,0,0.0
C,14,2009,4,0,0.0
C,14,2016,99,0,0.0
C,14,2023,38,0,0.0
C,14,2030,1,0,0.0
C,14,2037,32,0,0.0
C,14,2044,16,0,0.0
C,14,2051,85,0,0.0
C,14,2058,56,0,0.0
C,14,2065,142,0,0.0
C,14,2072,63,0,0.0
C,14,2079,653,0,0.0
C,14,2086,265,0,0.0
C,14,2093,35,0,0.0
C,14,2100,52,0,0.0
C,14,2107,171,0,0.0
C,14,2114,245,0,0.0
C,14,2121,116,0,0.0
C,14,2128,9,0,0.0
C,14,2135,1,0,0.0
C,14,2142,12,0,0.0
C,14,2149,7,0,0.0
C,14,2156,1,0,0.0
C,14,2163,1,0,0.0
C,14,2170,43,0,0.0
C,14,2177,7,0,0.0
C,14,2184,3,0,0.0
C,14,2191,33,0,0.0
C,14,2198,15,0,0.0
C,21,21,14283562,10998,0.0007699760045848507
C,21,28,29663086,45327,0.001528060836286555
C,21,35,21814945,44795,0.002053408798417782
C,21,42,17214734,41619,0.0024176382859009034
C,21,49,15856501,39521,0.0024924162020359976
C,21,56,11681680,26781,0.0022925640832482997
C,21,63,9105947,12580,0.0013815147397629264
C,21,70,7532198,7413,0.0009841748716642872
C,21,77,7008866,6898,0.0009841820345830553
C,21,84,7582588,6043,0.0007969574504113899
C,21,91,5086184,3106,0.0006106739355084284
C,21,98,4493749,1939,0.0004314882740446785
C,21,105,3540332,706,0.00019941632592649502
C,21,112,4234567,1352,0.0003192770358811184
C,21,119,2563685,325,0.00012677064459947304
C,21,126,2542705,375,0.00014748073410010207
C,21,133,2214542,83,0.00003747953301404986
C,21,140,2455819,680,0.00027689337039904
C,21,147,2013219,152,0.0000755009762971639
C,21,154,1650807,244,0.00014780649706476893
C,21,161,1490867,113,0.00007579482274408113
C,21,168,1417649,209,0.00014742718402086836
C,21,175,1463723,249,0.0001701141541124926
C,21,182,721669,53,0.00007344087109187176
C,21,189,718011,111,0.0001545937318509048
C,21,196,626956,85,0.00013557570228213783
C,21,203,840504,216,0.00025698866394449046
C,21,210,558377,52,0.00009312704498931725
C,21,217,515905,77,0.00014925228481987962
C,21,224,517152,7,0.000013535672297506343
C,21,231,570390,108,0.0001893441329616578
C,21,238,557370,56,0.00010047185890880384
C,21,245,451263,29,0.00006426407660277932
C,21,252,465362,36,0.00007735913117100235
C,21,259,422376,30,0.00007102676288425479
C,21,266,599275,147,0.00024529639981644486
C,21,273,376051,16,0.000042547420429675765
C,21,280,402640,49,0.00012169680111265647
C,21,287,353402,22,0.00006225205290292641
C,21,294,486459,112,0.0002302352305127462
C,21,301,307891,15,0.0000487185400027932
C,21,308,320139,35,0.00010932751086246911
C,21,315,327522,2,6.106460024059452e-6
C,21,322,379842,69,0.00018165447738796657
C,21,329,350308,51,0.0001455861698847871
C,21,336,304029,11,0.00003618075907232534
C,21,343,335669,6,0.000017874751615430676
C,21,350,358166,12,0.000033504017690121344
C,21,357,517498,76,0.00014686047095834186
C,21,364,348195,5,0.000014359769669294504
C,21,371,268506,20,0.00007448623122015895
C,21,378,200170,7,0.00003497027526602388
C,21,385,203840,21,0.00010302197802197802
C,21,392,124848,7,0.00005606817890554915
C,21,399,102334,0,0.0
C,21,406,107761,0,0.0
C,21,413,95914,30,0.0003127801989282065
C,21,420,93430,7,0.00007492240179813765
C,21,427,69030,0,0.0
C,21,434,83344,1,0.000011998464196582837
C,21,441,66861,7,0.00010469481461539612
C,21,448,93210,26,0.0002789400278940028
C,21,455,52834,0,0.0
C,21,462,53387,12,0.00022477382134227433
C,21,469,47509,8,0.00016838914731945526
C,21,476,72302,19,0.00026278664490608837
C,21,483,32592,11,0.00033750613647520863
C,21,490,27866,0,0.0
C,21,497,35027,2,0.00005709880948982214
C,21,504,46546,14,0.0003007777252610321
C,21,511,43321,28,0.0006463378038364765
C,21,518,25501,1,0.00003921414846476609
C,21,525,30399,0,0.0
C,21,532,21524,1,0.000046459765842780154
C,21,539,46123,13,0.00028185503978492293
C,21,546,28373,1,0.00003524477496211187
C,21,553,25956,0,0.0
C,21,560,29279,1,0.00003415417193210151
C,21,567,32015,6,0.00018741215055442762
C,21,574,23932,1,0.00004178505766337958
C,21,581,34312,0,0.0
C,21,588,33008,0,0.0
C,21,595,30620,11,0.0003592423252775963
C,21,602,36681,6,0.0001635724216897031
C,21,609,23157,1,0.000043183486634710884
C,21,616,41280,0,0.0
C,21,623,24922,2,0.00008025038118931065
C,21,630,52731,36,0.000682710360129715
C,21,637,23413,1,0.000042711314227138767
C,21,644,27565,7,0.0002539452203881734
C,21,651,26813,1,0.00003729534181180771
C,21,658,39180,2,0.00005104645227156713
C,21,665,20036,6,0.0002994609702535436
C,21,672,14698,0,0.0
C,21,679,20743,0,0.0
C,21,686,24846,10,0.00040247927231747566
C,21,693,23023,4,0.00017373930417408678
C,21,700,15767,0,0.0
C,21,707,19212,2,0.00010410160316468874
C,21,714,17073,0,0.0
C,21,721,15974,10,0.0006260172780768749
C,21,728,14557,0,0.0
C,21,735,9658,0,0.0
C,21,742,9197,0,0.0
C,21,749,11294,7,0.0006197981228971136
C,21,756,7405,1,0.0001350438892640108
C,21,763,8795,0,0.0
C,21,770,9512,0,0.0
C,21,777,9167,4,0.0004363477691720301
C,21,784,10214,2,0.00019580967299784609
C,21,791,6573,0,0.0
C,21,798,8166,0,0.0
C,21,805,6592,0,0.0
C,21,812,10424,6,0.0005755947812739831
C,21,819,4298,0,0.0
C,21,826,5678,0,0.0
C,21,833,6021,0,0.0
C,21,840,10689,1,0.00009355412105903265
C,21,847,7156,1,0.00013974287311347122
C,21,854,5647,0,0.0
C,21,861,6878,0,0.0
C,21,868,5095,0,0.0
C,21,875,8824,1,0.00011332728921124207
C,21,882,6862,0,0.0
C,21,889,8676,0,0.0
C,21,896,5067,0,0.0
C,21,903,9651,0,0.0
C,21,910,4913,2,0.0004070832485243232
C,21,917,5864,0,0.0
C,21,924,8620,1,0.0001160092807424594
C,21,931,7843,4,0.0005100089251561902
C,21,938,5756,0,0.0
C,21,945,4918,0,0.0
C,21,952,4533,0,0.0
C,21,959,4499,0,0.0
C,21,966,7751,0,0.0
C,21,973,4466,0,0.0
C,21,980,9300,0,0.0
C,21,987,4985,0,0.0
C,21,994,18469,5,0.0002707239157507174
C,21,1001,9299,2,0.00021507688998817078
C,21,1008,7928,0,0.0
C,21,1015,4084,3,0.0007345739471106758
C,21,1022,6448,1,0.00015508684863523573
C,21,1029,3992,5,0.00125250501002004
C,21,1036,2145,0,0.0
C,21,1043,3135,0,0.0
C,21,1050,4075,1,0.000245398773006135
C,21,1057,3529,5,0.0014168319637291016
C,21,1064,2184,0,0.0
C,21,1071,1950,0,0.0
C,21,1078,1865,0,0.0
C,21,1085,2839,2,0.0007044734061289186
C,21,1092,647,1,0.0015455950540958269
C,21,1099,852,0,0.0
C,21,1106,443,0,0.0
C,21,1113,684,0,0.0
C,21,1120,176,0,0.0
C,21,1127,485,0,0.0
C,21,1134,576,0,0.0
C,21,1141,209,0,0.0
C,21,1148,627,0,0.0
C,21,1155,259,0,0.0
C,21,1162,220,0,0.0
C,21,1169,351,0,0.0
C,21,1176,782,0,0.0
C,21,1183,145,0,0.0
C,21,1190,233,0,0.0
C,21,1197,128,0,0.0
C,21,1204,297,0,0.0
C,21,1211,195,0,0.0
C,21,1218,234,0,0.0
C,21,1225,439,0,0.0
C,21,1232,474,0,0.0
C,21,1239,322,0,0.0
C,21,1246,415,0,0.0
C,21,1253,204,0,0.0
C,21,1260,99,0,0.0
C,21,1267,418,0,0.0
C,21,1274,199,0,0.0
C,21,1281,271,0,0.0
C,21,1288,191,0,0.0
C,21,1295,188,0,0.0
C,21,1302,191,0,0.0
C,21,1309,322,0,0.0
C,21,1316,226,0,0.0
C,21,1323,148,0,0.0
C,21,1330,272,0,0.0
C,21,1337,622,0,0.0
C,21,1344,484,0,0.0
C,21,1351,484,0,0.0
C,21,1358,156,0,0.0
C,21,1365,453,0,0.0
C,21,1372,344,0,0.0
C,21,1379,868,0,0.0
C,21,1386,148,0,0.0
C,21,1393,402,0,0.0
C,21,1400,283,0,0.0
C,21,1407,137,0,0.0
C,21,1414,335,0,0.0
C,21,1421,581,0,0.0
C,21,1428,325,0,0.0
C,21,1435,163,0,0.0
C,21,1442,541,0,0.0
C,21,1449,279,0,0.0
C,21,1456,183,0,0.0
C,21,1463,797,0,0.0
C,21,1470,200,0,0.0
C,21,1477,288,0,0.0
C,21,1484,84,0,0.0
C,21,1491,211,0,0.0
C,21,1498,143,0,0.0
C,21,1505,130,0,0.0
C,21,1512,221,0,0.0
C,21,1519,60,0,0.0
C,21,1526,90,0,0.0
C,21,1533,89,0,0.0
C,21,1540,263,0,0.0
C,21,1547,99,0,0.0
C,21,1554,47,0,0.0
C,21,1561,156,0,0.0
C,21,1568,37,0,0.0
C,21,1575,113,0,0.0
C,21,1582,184,0,0.0
C,21,1589,121,0,0.0
C,21,1596,59,0,0.0
C,21,1603,192,0,0.0
C,21,1610,155,0,0.0
C,21,1617,136,0,0.0
C,21,1624,144,0,0.0
C,21,1631,290,0,0.0
C,21,1638,456,0,0.0
C,21,1645,368,0,0.0
C,21,1652,350,0,0.0
C,21,1659,83,0,0.0
C,21,1666,404,0,0.0
C,21,1673,270,0,0.0
C,21,1680,464,0,0.0
C,21,1687,200,0,0.0
C,21,1694,395,0,0.0
C,21,1701,378,0,0.0
C,21,1708,119,0,0.0
C,21,1715,542,0,0.0
C,21,1722,432,0,0.0
C,21,1729,287,0,0.0
C,21,1736,226,0,0.0
C,21,1743,302,0,0.0
C,21,1750,173,0,0.0
C,21,1757,252,0,0.0
C,21,1764,146,0,0.0
C,21,1771,169,0,0.0
C,21,1778,228,0,0.0
C,21,1785,316,0,0.0
C,21,1792,321,0,0.0
C,21,1799,266,0,0.0
C,21,1806,418,0,0.0
C,21,1813,322,0,0.0
C,21,1820,154,0,0.0
C,21,1827,595,0,0.0
C,21,1834,178,0,0.0
C,21,1841,120,0,0.0
C,21,1848,144,0,0.0
C,21,1855,322,0,0.0
C,21,1862,126,0,0.0
C,21,1869,317,0,0.0
C,21,1876,101,0,0.0
C,21,1883,28,0,0.0
C,21,1890,91,0,0.0
C,21,1897,242,0,0.0
C,21,1904,81,0,0.0
C,21,1911,81,0,0.0
C,21,1918,140,0,0.0
C,21,1925,12,0,0.0
C,21,1932,55,0,0.0
C,21,1939,126,0,0.0
C,21,1946,53,0,0.0
C,21,1953,24,0,0.0
C,21,1960,205,0,0.0
C,21,1967,110,0,0.0
C,21,1974,102,0,0.0
C,21,1981,84,0,0.0
C,21,1988,19,0,0.0
C,21,1995,81,0,0.0
C,21,2002,118,0,0.0
C,21,2009,1,0,0.0
C,21,2016,47,0,0.0
C,21,2023,36,0,0.0
C,21,2030,6,0,0.0
C,21,2037,28,0,0.0
C,21,2044,9,0,0.0
C,21,2051,100,0,0.0
C,21,2058,15,0,0.0
C,21,2065,222,0,0.0
C,21,2072,43,0,0.0
C,21,2079,565,0,0.0
C,21,2086,274,3,0.010948905109489052
C,21,2093,9,0,0.0
C,21,2100,41,0,0.0
C,21,2107,143,0,0.0
C,21,2114,184,0,0.0
C,21,2121,104,0,0.0
C,21,2128,38,0,0.0
C,21,2142,13,0,0.0
C,21,2149,21,0,0.0
C,21,2156,2,0,0.0
C,21,2170,35,0,0.0
C,21,2177,3,0,0.0
C,21,2184,16,0,0.0
C,21,2191,19,0,0.0
C,21,2198,6,0,0.0
C,28,28,8531000,10294,0.0012066580705661705
C,28,35,16682646,40209,0.0024102291686822343
C,28,42,15075655,46192,0.0030640128074037247
C,28,49,11134522,31113,0.002794282502652561
C,28,56,11268958,47500,0.004215119090868916
C,28,63,8304811,20478,0.0024657996431225225
C,28,70,6229734,11960,0.0019198251482326534
C,28,77,5579563,8301,0.0014877509224288713
C,28,84,5268582,5563,0.0010558818293043555
C,28,91,5936100,16538,0.0027860042789036575
C,28,98,3353812,2408,0.000717988963006871
C,28,105,3015209,1616,0.0005359495809411553
C,28,112,2457011,370,0.00015058947640039056
C,28,119,3236609,2245,0.0006936271882083995
C,28,126,1878123,258,0.00013737119453837687
C,28,133,1882380,988,0.000524867455030334
C,28,140,1659072,159,0.00009583670871426918
C,28,147,1813178,395,0.0002178495437292974
C,28,154,1517689,736,0.0004849478384570225
C,28,161,1254118,381,0.00030379916403400637
C,28,168,1155041,274,0.00023722101639682056
C,28,175,950123,76,0.00007998964344616433
C,28,182,1019613,884,0.0008669956150029472
C,28,189,527180,54,0.00010243180697295041
C,28,196,548600,192,0.0003499817717827196
C,28,203,524790,27,0.00005144915108900703
C,28,210,739835,385,0.0005203863023511999
C,28,217,448064,86,0.00019193686616197686
C,28,224,417460,16,0.00003832702534374551
C,28,231,424810,8,0.00001883194840046138
C,28,238,509170,102,0.00020032602077891471
C,28,245,493388,130,0.00026348431660275484
C,28,252,342939,25,0.00007289926196787184
C,28,259,379983,9,0.00002368527013050584
C,28,266,377396,32,0.00008479157171777125
C,28,273,543331,284,0.0005227016312339992
C,28,280,295580,24,0.00008119629203599703
C,28,287,302348,104,0.00034397449296836755
C,28,294,294951,19,0.00006441747951354632
C,28,301,405634,139,0.0003426734445337422
C,28,308,271066,27,0.00009960673784244427
C,28,315,257138,6,0.000023333774082399334
C,28,322,283587,2,7.052509459178312e-6
C,28,329,294430,119,0.00040417077064157863
C,28,336,335712,29,0.00008638356686683825
C,28,343,235955,19,0.0000805238286961497
C,28,350,306169,3,9.798509973250068e-6
C,28,357,343968,29,0.000084310168387757
C,28,364,486611,139,0.0002856491119189661
C,28,371,187600,5,0.000026652452025586353
C,28,378,152509,1,6.55699007927401e-6
C,28,385,131244,1,7.619395934290329e-6
C,28,392,173254,38,0.00021933115541343922
C,28,399,92133,8,0.00008683099432342375
C,28,406,75378,0,0.0
C,28,413,78022,0,0.0
C,28,420,78731,49,0.0006223723819080159
C,28,427,91648,14,0.00015275837988826816
C,28,434,52868,1,0.00001891503366875993
C,28,441,59417,1,0.00001683020011107932
C,28,448,56153,10,0.0001780848752515449
C,28,455,82666,62,0.0007500060484358745
C,28,462,34402,7,0.00020347654206150805
C,28,469,37258,0,0.0
C,28,476,44609,4,0.0000896680042143962
C,28,483,47253,23,0.0004867415825450236
C,28,490,26470,6,0.00022667170381564036
C,28,497,26314,0,0.0
C,28,504,34964,0,0.0
C,28,511,35733,17,0.000475750706629726
C,28,518,32342,7,0.00021643683136478883
C,28,525,20593,0,0.0
C,28,532,20766,0,0.0
C,28,539,23809,0,0.0
C,28,546,51204,23,0.0004491836575267557
C,28,553,18020,10,0.0005549389567147614
C,28,560,19006,0,0.0
C,28,567,20440,2,0.00009784735812133073
C,28,574,34625,5,0.0001444043321299639
C,28,581,28513,15,0.0005260758250622523
C,28,588,23684,0,0.0
C,28,595,27728,0,0.0
C,28,602,21483,25,0.001163710841130196
C,28,609,37892,1,0.00002639079489074211
C,28,616,22902,0,0.0
C,28,623,22109,0,0.0
C,28,630,24313,3,0.00012339077859581293
C,28,637,35727,35,0.00097965124415708
C,28,644,17985,0,0.0
C,28,651,21915,0,0.0
C,28,658,23913,8,0.0003345460628110233
C,28,665,24261,14,0.000577057829438193
C,28,672,17174,2,0.0001164551065564225
C,28,679,14800,3,0.0002027027027027027
C,28,686,16627,2,0.00012028628134961207
C,28,693,21583,6,0.0002779965713756197
C,28,700,19775,4,0.000202275600505689
C,28,707,12852,1,0.0000778089013383131
C,28,714,12943,0,0.0
C,28,721,10415,1,0.00009601536245799327
C,28,728,22869,1,0.00004372731645458918
C,28,735,6208,0,0.0
C,28,742,5914,0,0.0
C,28,749,6243,0,0.0
C,28,756,11392,5,0.00043890449438202246
C,28,763,8845,5,0.0005652911249293386
C,28,770,5946,0,0.0
C,28,777,6187,0,0.0
C,28,784,8652,30,0.0034674063800277394
C,28,791,9244,3,0.0003245348334054522
C,28,798,5559,0,0.0
C,28,805,5399,0,0.0
C,28,812,4625,0,0.0
C,28,819,7619,6,0.0007875049219057619
C,28,826,4203,0,0.0
C,28,833,4428,0,0.0
C,28,840,6302,0,0.0
C,28,847,9298,2,0.00021510002151000216
C,28,854,5661,0,0.0
C,28,861,4671,0,0.0
C,28,868,4030,0,0.0
C,28,875,6465,3,0.0004640371229698376
C,28,882,9544,0,0.0
C,28,889,5574,0,0.0
C,28,896,4552,0,0.0
C,28,903,4655,1,0.00021482277121374866
C,28,910,6705,3,0.00044742729306487697
C,28,917,4560,6,0.0013157894736842105
C,28,924,3841,0,0.0
C,28,931,5200,0,0.0
C,28,938,6699,1,0.00014927601134497685
C,28,945,5263,4,0.0007600228006840206
C,28,952,2913,0,0.0
C,28,959,3859,0,0.0
C,28,966,4110,0,0.0
C,28,973,8099,1,0.00012347203358439315
C,28,980,4955,0,0.0
C,28,987,4658,1,0.00021468441391155003
C,28,994,8264,0,0.0
C,28,1001,17453,11,0.0006302641379705494
C,28,1008,6710,5,0.0007451564828614009
C,28,1015,3051,0,0.0
C,28,1022,4594,0,0.0
C,28,1029,3181,4,0.0012574662055957245
C,28,1036,2594,1,0.00038550501156515033
C,28,1043,2311,0,0.0
C,28,1050,2321,0,0.0
C,28,1057,3295,2,0.0006069802731411229
C,28,1064,3051,1,0.00032776138970829236
C,28,1071,1417,0,0.0
C,28,1078,1564,1,0.0006393861892583121
C,28,1085,1659,0,0.0
C,28,1092,890,0,0.0
C,28,1099,414,0,0.0
C,28,1106,353,0,0.0
C,28,1113,648,0,0.0
C,28,1120,75,0,0.0
C,28,1127,533,0,0.0
C,28,1134,278,0,0.0
C,28,1141,153,0,0.0
C,28,1148,263,0,0.0
C,28,1155,395,0,0.0
C,28,1162,121,0,0.0
C,28,1169,271,0,0.0
C,28,1176,489,0,0.0
C,28,1183,221,0,0.0
C,28,1190,157,0,0.0
C,28,1197,78,0,0.0
C,28,1204,194,0,0.0
C,28,1211,121,0,0.0
C,28,1218,321,0,0.0
C,28,1225,268,0,0.0
C,28,1232,271,0,0.0
C,28,1239,153,0,0.0
C,28,1246,517,0,0.0
C,28,1253,104,0,0.0
C,28,1260,91,0,0.0
C,28,1267,226,0,0.0
C,28,1274,288,0,0.0
C,28,1281,216,0,0.0
C,28,1288,103,0,0.0
C,28,1295,161,0,0.0
C,28,1302,133,0,0.0
C,28,1309,323,0,0.0
C,28,1316,122,0,0.0
C,28,1323,175,0,0.0
C,28,1330,93,0,0.0
C,28,1337,995,0,0.0
C,28,1344,269,0,0.0
C,28,1351,304,0,0.0
C,28,1358,70,0,0.0
C,28,1365,439,0,0.0
C,28,1372,209,0,0.0
C,28,1379,351,0,0.0
C,28,1386,112,0,0.0
C,28,1393,207,0,0.0
C,28,1400,349,0,0.0
C,28,1407,71,0,0.0
C,28,1414,179,0,0.0
C,28,1421,273,0,0.0
C,28,1428,423,0,0.0
C,28,1435,79,0,0.0
C,28,1442,335,0,0.0
C,28,1449,126,0,0.0
C,28,1456,271,0,0.0
C,28,1463,465,0,0.0
C,28,1470,146,0,0.0
C,28,1477,331,0,0.0
C,28,1484,51,0,0.0
C,28,1491,271,0,0.0
C,28,1498,82,0,0.0
C,28,1505,49,0,0.0
C,28,1512,85,0,0.0
C,28,1519,138,0,0.0
C,28,1526,51,0,0.0
C,28,1533,66,0,0.0
C,28,1540,171,0,0.0
C,28,1547,118,0,0.0
C,28,1554,51,0,0.0
C,28,1561,83,0,0.0
C,28,1568,53,0,0.0
C,28,1575,38,0,0.0
C,28,1582,380,0,0.0
C,28,1589,76,0,0.0
C,28,1596,80,0,0.0
C,28,1603,110,0,0.0
C,28,1610,225,0,0.0
C,28,1617,90,0,0.0
C,28,1624,91,0,0.0
C,28,1631,326,0,0.0
C,28,1638,334,0,0.0
C,28,1645,561,0,0.0
C,28,1652,254,0,0.0
C,28,1659,60,0,0.0
C,28,1666,283,0,0.0
C,28,1673,415,0,0.0
C,28,1680,286,0,0.0
C,28,1687,122,0,0.0
C,28,1694,236,0,0.0
C,28,1701,207,0,0.0
C,28,1708,89,0,0.0
C,28,1715,249,0,0.0
C,28,1722,252,0,0.0
C,28,1729,250,0,0.0
C,28,1736,183,0,0.0
C,28,1743,181,0,0.0
C,28,1750,201,0,0.0
C,28,1757,104,0,0.0
C,28,1764,297,0,0.0
C,28,1771,116,0,0.0
C,28,1778,194,0,0.0
C,28,1785,163,0,0.0
C,28,1792,383,0,0.0
C,28,1799,199,0,0.0
C,28,1806,292,0,0.0
C,28,1813,188,0,0.0
C,28,1820,172,0,0.0
C,28,1827,388,0,0.0
C,28,1834,110,0,0.0
C,28,1841,104,0,0.0
C,28,1848,53,0,0.0
C,28,1855,601,0,0.0
C,28,1862,75,0,0.0
C,28,1869,220,0,0.0
C,28,1876,36,0,0.0
C,28,1883,36,0,0.0
C,28,1890,69,0,0.0
C,28,1897,120,0,0.0
C,28,1904,55,0,0.0
C,28,1911,94,0,0.0
C,28,1918,178,0,0.0
C,28,1925,4,0,0.0
C,28,1932,39,0,0.0
C,28,1939,59,0,0.0
C,28,1946,120,0,0.0
C,28,1953,19,0,0.0
C,28,1960,129,0,0.0
C,28,1967,65,0,0.0
C,28,1974,113,0,0.0
C,28,1981,102,0,0.0
C,28,1988,10,0,0.0
C,28,1995,59,0,0.0
C,28,2002,60,0,0.0
C,28,2009,17,0,0.0
C,28,2016,43,0,0.0
C,28,2023,17,0,0.0
C,28,2030,1,0,0.0
C,28,2037,58,0,0.0
C,28,2044,5,0,0.0
C,28,2051,51,0,0.0
C,28,2058,18,0,0.0
C,28,2065,67,0,0.0
C,28,2072,133,1,0.007518796992481203
C,28,2079,273,0,0.0
C,28,2086,131,1,0.007633587786259542
C,28,2093,15,0,0.0
C,28,2100,65,0,0.0
C,28,2107,91,0,0.0
C,28,2114,123,0,0.0
C,28,2121,73,0,0.0
C,28,2128,29,0,0.0
C,28,2142,8,0,0.0
C,28,2149,14,0,0.0
C,28,2156,4,0,0.0
C,28,2163,3,0,0.0
C,28,2170,26,0,0.0
C,28,2191,63,0,0.0
C,28,2198,6,0,0.0
C,35,35,4121017,7383,0.0017915480571907372
C,35,42,9354489,21715,0.0023213453989843805
C,35,49,8837357,21892,0.002477211229556529
C,35,56,6169797,17548,0.0028441778554464596
C,35,63,7681927,21883,0.0028486342033711073
C,35,70,5211701,13938,0.0026743667758376776
C,35,77,4040861,6047,0.0014964632537471593
C,35,84,3600154,4335,0.001204115157296049
C,35,91,3443743,7131,0.0020707120130625313
C,35,98,4076365,7085,0.001738068107247511
C,35,105,1846536,2208,0.001195752479236798
C,35,112,1858813,680,0.00036582485704586743
C,35,119,1418327,600,0.00042303361636632453
C,35,126,2611526,1430,0.0005475725686820656
C,35,133,1120965,372,0.0003318569268442815
C,35,140,1281143,756,0.0005900980608722056
C,35,147,1006045,51,0.0000506935574452435
C,35,154,1303863,480,0.000368136836462113
C,35,161,1065749,501,0.0004700919259600525
C,35,168,851614,367,0.0004309464146902235
C,35,175,691680,62,0.00008963682627804766
C,35,182,525064,286,0.0005446955037862051
C,35,189,800928,597,0.000745385352990531
C,35,196,310602,194,0.0006245935312715308
C,35,203,392048,33,0.00008417336652654777
C,35,210,343075,58,0.0001690592436056256
C,35,217,650449,245,0.00037666288978843845
C,35,224,302634,113,0.00037338831724128814
C,35,231,291437,16,0.00005490037297940893
C,35,238,308793,12,0.000038860984543043396
C,35,245,431585,80,0.0001853632540519249
C,35,252,399000,89,0.0002230576441102757
C,35,259,219648,11,0.000050080128205128203
C,35,266,306640,15,0.00004891729715627446
C,35,273,289158,35,0.00012104109172148099
C,35,280,454859,142,0.00031218465502496376
C,35,287,172618,51,0.00029545006893834944
C,35,294,228223,9,0.000039435113901753986
C,35,301,184797,6,0.00003246805954642121
C,35,308,403570,130,0.0003221250340709171
C,35,315,187687,120,0.0006393623426236234
C,35,322,170792,8,0.0000468406014333224
C,35,329,188707,34,0.000180173496478668
C,35,336,276370,36,0.0001302601584831928
C,35,343,284505,63,0.0002214372330890494
C,35,350,160339,4,0.0000249471432402597
C,35,357,246652,1,4.0542951202503935e-6
C,35,364,266159,16,0.00006011444287061493
C,35,371,315076,80,0.00025390699386814607
C,35,378,81295,0,0.0
C,35,385,81956,1,0.000012201669188344966
C,35,392,77604,2,0.000025771867429513944
C,35,399,150798,38,0.00025199273199909815
C,35,406,50975,3,0.0000588523786169691
C,35,413,39703,0,0.0
C,35,420,51535,0,0.0
C,35,427,66475,40,0.0006017299736743137
C,35,434,79900,10,0.00012515644555694618
C,35,441,26849,2,0.00007449067004357705
C,35,448,46363,0,0.0
C,35,455,35312,4,0.00011327594019030358
C,35,462,69204,15,0.00021675047685104908
C,35,469,16475,1,0.00006069802731411229
C,35,476,30802,0,0.0
C,35,483,22266,0,0.0
C,35,490,41941,24,0.0005722324217352948
C,35,497,20877,2,0.0000957992048665996
C,35,504,17223,0,0.0
C,35,511,24229,1,0.00004127285484336951
C,35,518,26226,4,0.00015252039960344697
C,35,525,29154,5,0.00017150305275433902
C,35,532,9082,0,0.0
C,35,539,18301,0,0.0
C,35,546,18117,0,0.0
C,35,553,36326,12,0.00033034190387050595
C,35,560,8934,6,0.000671591672263264
C,35,567,13908,0,0.0
C,35,574,16745,0,0.0
C,35,581,56033,12,0.00021415951314404013
C,35,588,17544,1,0.00005699954400364797
C,35,595,12799,0,0.0
C,35,602,17798,1,0.00005618608832453085
C,35,609,20380,6,0.0002944062806673209
C,35,616,45821,3,0.0000654721634185199
C,35,623,9888,0,0.0
C,35,630,21791,10,0.0004589050525446285
C,35,637,12621,4,0.0003169320972981539
C,35,644,34831,7,0.00020097039993109586
C,35,651,11594,0,0.0
C,35,658,19102,7,0.0003664537744738771
C,35,665,14178,1,0.00007053180984624065
C,35,672,20309,2,0.00009847850706583289
C,35,679,15709,15,0.0009548666369597047
C,35,686,9264,0,0.0
C,35,693,14055,0,0.0
C,35,700,17241,8,0.00046401020822458097
C,35,707,16319,4,0.00024511305839818617
C,35,714,5729,0,0.0
C,35,721,7347,0,0.0
C,35,728,9245,0,0.0
C,35,735,12777,6,0.00046959380136182204
C,35,742,3225,0,0.0
C,35,749,4416,1,0.00022644927536231884
C,35,756,3295,0,0.0
C,35,763,12386,1,0.00008073631519457452
C,35,770,5925,0,0.0
C,35,777,3212,0,0.0
C,35,784,5138,0,0.0
C,35,791,6931,13,0.0018756312220458808
C,35,798,8384,2,0.00023854961832061068
C,35,805,2861,0,0.0
C,35,812,3660,0,0.0
C,35,819,2915,0,0.0
C,35,826,7962,3,0.00037678975131876413
C,35,833,1678,1,0.0005959475566150178
C,35,840,3807,0,0.0
C,35,847,4105,1,0.000243605359317905
C,35,854,8033,5,0.0006224324660774306
C,35,861,3993,6,0.0015026296018031556
C,35,868,2070,0,0.0
C,35,875,3547,0,0.0
C,35,882,5889,0,0.0
C,35,889,9059,0,0.0
C,35,896,2050,0,0.0
C,35,903,3644,0,0.0
C,35,910,2311,0,0.0
C,35,917,6461,1,0.00015477480266212662
C,35,924,2757,3,0.001088139281828074
C,35,931,2858,0,0.0
C,35,938,4109,0,0.0
C,35,945,7511,0,0.0
C,35,952,3234,4,0.0012368583797155227
C,35,959,1730,0,0.0
C,35,966,3353,0,0.0
C,35,973,3230,0,0.0
C,35,980,9771,4,0.0004093746801760311
C,35,987,2005,0,0.0
C,35,994,8217,0,0.0
C,35,1001,4716,0,0.0
C,35,1008,9047,2,0.00022106775726760252
C,35,1015,1604,0,0.0
C,35,1022,2191,0,0.0
C,35,1029,2030,0,0.0
C,35,1036,2224,1,0.0004496402877697842
C,35,1043,2703,4,0.0014798372179060304
C,35,1050,1404,0,0.0
C,35,1057,1534,0,0.0
C,35,1064,2792,1,0.00035816618911174784
C,35,1071,1728,3,0.001736111111111111
C,35,1078,748,0,0.0
C,35,1085,999,0,0.0
C,35,1092,444,0,0.0
C,35,1099,1104,0,0.0
C,35,1106,121,0,0.0
C,35,1113,339,0,0.0
C,35,1120,53,0,0.0
C,35,1127,332,0,0.0
C,35,1134,458,0,0.0
C,35,1141,49,0,0.0
C,35,1148,300,0,0.0
C,35,1155,209,0,0.0
C,35,1162,354,0,0.0
C,35,1169,131,0,0.0
C,35,1176,230,0,0.0
C,35,1183,86,0,0.0
C,35,1190,291,0,0.0
C,35,1197,39,0,0.0
C,35,1204,84,0,0.0
C,35,1211,71,0,0.0
C,35,1218,210,0,0.0
C,35,1225,396,0,0.0
C,35,1232,113,0,0.0
C,35,1239,83,0,0.0
C,35,1246,224,0,0.0
C,35,1253,291,0,0.0
C,35,1260,22,0,0.0
C,35,1267,143,0,0.0
C,35,1274,121,0,0.0
C,35,1281,277,0,0.0
C,35,1288,71,0,0.0
C,35,1295,36,0,0.0
C,35,1302,105,0,0.0
C,35,1309,269,0,0.0
C,35,1316,120,0,0.0
C,35,1323,74,0,0.0
C,35,1330,88,0,0.0
C,35,1337,275,0,0.0
C,35,1344,593,1,0.0016863406408094434
C,35,1351,111,0,0.0
C,35,1358,38,0,0.0
C,35,1365,237,0,0.0
C,35,1372,341,0,0.0
C,35,1379,223,0,0.0
C,35,1386,23,0,0.0
C,35,1393,125,0,0.0
C,35,1400,159,0,0.0
C,35,1407,180,0,0.0
C,35,1414,77,0,0.0
C,35,1421,227,0,0.0
C,35,1428,302,0,0.0
C,35,1435,144,0,0.0
C,35,1442,102,0,0.0
C,35,1449,68,0,0.0
C,35,1456,101,0,0.0
C,35,1463,942,0,0.0
C,35,1470,74,0,0.0
C,35,1477,178,0,0.0
C,35,1484,37,0,0.0
C,35,1491,109,0,0.0
C,35,1498,131,0,0.0
C,35,1505,23,0,0.0
C,35,1512,79,0,0.0
C,35,1519,35,0,0.0
C,35,1526,150,0,0.0
C,35,1533,27,0,0.0
C,35,1540,64,0,0.0
C,35,1547,98,0,0.0
C,35,1554,128,0,0.0
C,35,1561,53,0,0.0
C,35,1568,30,0,0.0
C,35,1575,30,0,0.0
C,35,1582,114,0,0.0
C,35,1589,212,0,0.0
C,35,1596,20,0,0.0
C,35,1603,49,0,0.0
C,35,1610,91,0,0.0
C,35,1617,221,0,0.0
C,35,1624,61,0,0.0
C,35,1631,113,0,0.0
C,35,1638,213,0,0.0
C,35,1645,220,0,0.0
C,35,1652,303,0,0.0
C,35,1659,23,0,0.0
C,35,1666,176,0,0.0
C,35,1673,309,0,0.0
C,35,1680,671,0,0.0
C,35,1687,63,0,0.0
C,35,1694,180,0,0.0
C,35,1701,185,0,0.0
C,35,1708,104,0,0.0
C,35,1715,574,0,0.0
C,35,1722,150,0,0.0
C,35,1729,133,0,0.0
C,35,1736,220,0,0.0
C,35,1743,183,0,0.0
C,35,1750,97,0,0.0
C,35,1757,114,0,0.0
C,35,1764,70,0,0.0
C,35,1771,222,0,0.0
C,35,1778,60,0,0.0
C,35,1785,96,0,0.0
C,35,1792,237,0,0.0
C,35,1799,327,0,0.0
C,35,1806,66,0,0.0
C,35,1813,65,0,0.0
C,35,1820,104,0,0.0
C,35,1827,598,0,0.0
C,35,1834,103,0,0.0
C,35,1841,57,0,0.0
C,35,1848,56,0,0.0
C,35,1855,128,0,0.0
C,35,1862,144,0,0.0
C,35,1869,74,0,0.0
C,35,1876,34,0,0.0
C,35,1883,9,0,0.0
C,35,1890,80,0,0.0
C,35,1897,58,0,0.0
C,35,1904,33,0,0.0
C,35,1911,59,0,0.0
C,35,1918,119,0,0.0
C,35,1925,19,0,0.0
C,35,1932,24,0,0.0
C,35,1939,57,0,0.0
C,35,1946,23,0,0.0
C,35,1953,70,0,0.0
C,35,1960,62,0,0.0
C,35,1967,44,0,0.0
C,35,1974,39,0,0.0
C,35,1981,94,0,0.0
C,35,1988,42,0,0.0
C,35,1995,29,0,0.0
C,35,2002,43,0,0.0
C,35,2016,77,0,0.0
C,35,2023,14,0,0.0
C,35,2037,20,0,0.0
C,35,2044,30,0,0.0
C,35,2051,28,0,0.0
C,35,2058,8,0,0.0
C,35,2065,71,0,0.0
C,35,2072,22,0,0.0
C,35,2079,536,0,0.0
C,35,2086,83,0,0.0
C,35,2093,4,0,0.0
C,35,2100,27,0,0.0
C,35,2107,131,0,0.0
C,35,2114,67,0,0.0
C,35,2121,23,0,0.0
C,35,2128,11,0,0.0
C,35,2142,16,0,0.0
C,35,2149,4,0,0.0
C,35,2170,30,0,0.0
C,35,2184,2,0,0.0
C,35,2191,13,0,0.0
C,35,2198,17,0,0.0
C,42,42,2910151,3216,0.0011050972956386112
C,42,49,5574882,13883,0.0024902769242470067
C,42,56,6158350,15758,0.002558802276583825
C,42,63,4131736,9455,0.0022883843498229316
C,42,70,5860759,13659,0.0023305855094877645
C,42,77,3994502,10939,0.002738514087613425
C,42,84,3065470,4751,0.0015498439064808986
C,42,91,2704830,5323,0.0019679610178828244
C,42,98,2409552,3604,0.0014957137260370392
C,42,105,3079591,3665,0.0011900931000252955
C,42,112,1278429,576,0.00045055298338820534
C,42,119,1367097,855,0.00062541282732681
C,42,126,1045325,432,0.0004132686006744314
C,42,133,2250369,695,0.0003088382394176244
C,42,140,842167,471,0.000559271498408273
C,42,147,961663,235,0.00024436834941138423
C,42,154,727158,154,0.00021178340883274338
C,42,161,1071900,465,0.00043380912398544643
C,42,168,855991,359,0.0004193969329116778
C,42,175,575008,103,0.00017912794256775557
C,42,182,465583,132,0.0002835155063651379
C,42,189,407340,319,0.0007831295723474248
C,42,196,691558,432,0.0006246764551924784
C,42,203,231286,19,0.00008214937350293576
C,42,210,311274,33,0.00010601592166387171
C,42,217,276901,131,0.0004730932716024861
C,42,224,603216,138,0.0002287737725789767
C,42,231,240776,25,0.00010383094660597401
C,42,238,246148,10,0.00004062596486666558
C,42,245,261043,4,0.000015323145995104256
C,42,252,361746,155,0.00042847743997169284
C,42,259,327639,18,0.00005493851464569236
C,42,266,190584,11,0.00005771733199009361
C,42,273,255190,9,0.000035267839648889066
C,42,280,225424,96,0.0004258641493363617
C,42,287,397454,84,0.0002113452122761376
C,42,294,120080,11,0.0000916055962691539
C,42,301,169753,19,0.00011192732970845876
C,42,308,170766,31,0.0001815349659768338
C,42,315,377254,62,0.00016434550727096334
C,42,322,156043,1,6.408489967508956e-6
C,42,329,121423,11,0.00009059239188621596
C,42,336,174107,0,0.0
C,42,343,255505,50,0.0001956908866754075
C,42,350,261699,10,0.00003821183879189451
C,42,357,137505,8,0.00005817970255627068
C,42,364,224590,5,0.000022262789972839396
C,42,371,165107,2,0.000012113356792867655
C,42,378,211349,28,0.000132482292322178
C,42,385,50234,0,0.0
C,42,392,60972,0,0.0
C,42,399,63668,2,0.00003141295470251932
C,42,406,141337,11,0.00007782816955220501
C,42,413,41537,1,0.00002407492115463322
C,42,420,26273,0,0.0
C,42,427,45447,0,0.0
C,42,434,52615,8,0.00015204789508695238
C,42,441,57656,3,0.00005203274594144582
C,42,448,18643,0,0.0
C,42,455,35630,0,0.0
C,42,462,26832,2,0.00007453786523553965
C,42,469,52427,17,0.0003242604001754821
C,42,476,12734,1,0.00007852991989948171
C,42,483,15870,0,0.0
C,42,490,16029,0,0.0
C,42,497,44523,17,0.00038182512409316535
C,42,504,20982,3,0.00014297969688304262
C,42,511,11503,0,0.0
C,42,518,17389,0,0.0
C,42,525,22403,3,0.00013391063696826318
C,42,532,18967,1,0.00005272315073548795
C,42,539,7796,0,0.0
C,42,546,19907,0,0.0
C,42,553,12144,0,0.0
C,42,560,34561,2,0.00005786869592893724
C,42,567,5624,7,0.0012446657183499289
C,42,574,12291,0,0.0
C,42,581,21129,0,0.0
C,42,588,40849,5,0.00012240201718524322
C,42,595,16074,0,0.0
C,42,602,7904,0,0.0
C,42,609,18031,0,0.0
C,42,616,16949,12,0.0007080063720573485
C,42,623,31036,2,0.00006444129398118315
C,42,630,8482,1,0.0001178967224711153
C,42,637,16409,0,0.0
C,42,644,11110,0,0.0
C,42,651,29042,4,0.00013773156118724605
C,42,658,7214,6,0.0008317161075686166
C,42,665,9232,0,0.0
C,42,672,10422,0,0.0
C,42,679,21931,22,0.001003146231361999
C,42,686,12602,0,0.0
C,42,693,6381,0,0.0
C,42,700,11154,0,0.0
C,42,707,15756,4,0.0002538715410002539
C,42,714,11273,0,0.0
C,42,721,3494,0,0.0
C,42,728,8476,0,0.0
C,42,735,5696,0,0.0
C,42,742,10519,0,0.0
C,42,749,2487,0,0.0
C,42,756,3536,0,0.0
C,42,763,5195,0,0.0
C,42,770,10861,2,0.00018414510634379893
C,42,777,4071,0,0.0
C,42,784,2847,0,0.0
C,42,791,4896,0,0.0
C,42,798,6561,10,0.0015241579027587258
C,42,805,5989,0,0.0
C,42,812,1661,0,0.0
C,42,819,2360,0,0.0
C,42,826,2679,0,0.0
C,42,833,6954,3,0.0004314063848144953
C,42,840,1707,0,0.0
C,42,847,3065,0,0.0
C,42,854,3522,0,0.0
C,42,861,7764,1,0.00012879958784131891
C,42,868,2891,0,0.0
C,42,875,2227,0,0.0
C,42,882,4574,0,0.0
C,42,889,4904,0,0.0
C,42,896,4055,0,0.0
C,42,903,1807,0,0.0
C,42,910,2622,0,0.0
C,42,917,1817,0,0.0
C,42,924,7613,1,0.00013135426244581636
C,42,931,1961,0,0.0
C,42,938,1930,0,0.0
C,42,945,3639,1,0.0002748007694421544
C,42,952,5160,1,0.0001937984496124031
C,42,959,2997,1,0.000333667000333667
C,42,966,1412,0,0.0
C,42,973,3198,0,0.0
C,42,980,4158,0,0.0
C,42,987,7105,2,0.00028149190710767064
C,42,994,3004,0,0.0
C,42,1001,7208,0,0.0
C,42,1008,3581,0,0.0
C,42,1015,4812,1,0.00020781379883624273
C,42,1022,1821,1,0.0005491488193300384
C,42,1029,1198,0,0.0
C,42,1036,1369,0,0.0
C,42,1043,2665,5,0.001876172607879925
C,42,1050,2220,1,0.00045045045045045046
C,42,1057,719,0,0.0
C,42,1064,1340,0,0.0
C,42,1071,1685,0,0.0
C,42,1078,1527,1,0.0006548788474132286
C,42,1085,589,0,0.0
C,42,1092,388,0,0.0
C,42,1099,340,0,0.0
C,42,1106,481,0,0.0
C,42,1113,180,0,0.0
C,42,1120,37,0,0.0
C,42,1127,245,0,0.0
C,42,1134,310,0,0.0
C,42,1141,346,0,0.0
C,42,1148,25,0,0.0
C,42,1155,90,0,0.0
C,42,1162,87,0,0.0
C,42,1169,250,0,0.0
C,42,1176,98,0,0.0
C,42,1183,79,0,0.0
C,42,1190,127,0,0.0
C,42,1197,137,0,0.0
C,42,1204,38,0,0.0
C,42,1211,28,0,0.0
C,42,1218,112,0,0.0
C,42,1225,261,0,0.0
C,42,1232,299,0,0.0
C,42,1239,29,0,0.0
C,42,1246,190,0,0.0
C,42,1253,68,0,0.0
C,42,1260,110,0,0.0
C,42,1267,58,0,0.0
C,42,1274,94,0,0.0
C,42,1281,111,0,0.0
C,42,1288,230,0,0.0
C,42,1295,69,0,0.0
C,42,1302,30,0,0.0
C,42,1309,183,0,0.0
C,42,1316,248,0,0.0
C,42,1323,88,0,0.0
C,42,1330,24,0,0.0
C,42,1337,186,0,0.0
C,42,1344,104,0,0.0
C,42,1351,515,0,0.0
C,42,1358,14,0,0.0
C,42,1365,125,0,0.0
C,42,1372,130,0,0.0
C,42,1379,582,0,0.0
C,42,1386,85,0,0.0
C,42,1393,53,0,0.0
C,42,1400,107,0,0.0
C,42,1407,32,0,0.0
C,42,1414,193,0,0.0
C,42,1421,20,0,0.0
C,42,1428,103,0,0.0
C,42,1435,90,0,0.0
C,42,1442,497,0,0.0
C,42,1449,31,0,0.0
C,42,1456,83,0,0.0
C,42,1463,294,0,0.0
C,42,1470,292,0,0.0
C,42,1477,86,0,0.0
C,42,1484,18,0,0.0
C,42,1491,101,0,0.0
C,42,1498,33,0,0.0
C,42,1505,82,0,0.0
C,42,1512,1,0,0.0
C,42,1519,45,0,0.0
C,42,1526,57,0,0.0
C,42,1533,83,0,0.0
C,42,1540,41,0,0.0
C,42,1547,17,0,0.0
C,42,1554,90,0,0.0
C,42,1561,158,0,0.0
C,42,1568,22,0,0.0
C,42,1575,18,0,0.0
C,42,1582,119,0,0.0
C,42,1589,60,0,0.0
C,42,1596,136,0,0.0
C,42,1603,22,0,0.0
C,42,1610,69,0,0.0
C,42,1617,66,0,0.0
C,42,1624,157,0,0.0
C,42,1631,34,0,0.0
C,42,1638,78,0,0.0
C,42,1645,354,0,0.0
C,42,1652,172,0,0.0
C,42,1659,82,0,0.0
C,42,1666,47,0,0.0
C,42,1673,162,0,0.0
C,42,1680,167,0,0.0
C,42,1687,216,0,0.0
C,42,1694,83,0,0.0
C,42,1701,73,0,0.0
C,42,1708,44,0,0.0
C,42,1715,234,0,0.0
C,42,1722,180,1,0.005555555555555556
C,42,1729,86,0,0.0
C,42,1736,118,0,0.0
C,42,1743,231,0,0.0
C,42,1750,185,0,0.0
C,42,1757,52,0,0.0
C,42,1764,110,0,0.0
C,42,1771,83,0,0.0
C,42,1778,346,0,0.0
C,42,1785,14,0,0.0
C,42,1792,134,0,0.0
C,42,1799,120,0,0.0
C,42,1806,430,0,0.0
C,42,1813,47,0,0.0
C,42,1820,59,0,0.0
C,42,1827,217,0,0.0
C,42,1834,299,0,0.0
C,42,1841,53,0,0.0
C,42,1848,19,0,0.0
C,42,1855,231,0,0.0
C,42,1862,52,0,0.0
C,42,1869,230,0,0.0
C,42,1876,3,0,0.0
C,42,1883,8,0,0.0
C,42,1890,21,0,0.0
C,42,1897,154,0,0.0
C,42,1904,31,0,0.0
C,42,1911,20,0,0.0
C,42,1918,108,0,0.0
C,42,1925,6,0,0.0
C,42,1932,36,0,0.0
C,42,1939,24,0,0.0
C,42,1946,26,0,0.0
C,42,1953,35,0,0.0
C,42,1960,257,0,0.0
C,42,1967,18,0,0.0
C,42,1974,50,0,0.0
C,42,1981,39,0,0.0
C,42,1988,9,0,0.0
C,42,1995,29,0,0.0
C,42,2002,17,0,0.0
C,42,2009,4,0,0.0
C,42,2016,9,0,0.0
C,42,2023,46,0,0.0
C,42,2037,8,0,0.0
C,42,2044,2,0,0.0
C,42,2051,70,0,0.0
C,42,2058,2,0,0.0
C,42,2065,9,0,0.0
C,42,2072,35,0,0.0
C,42,2079,104,0,0.0
C,42,2086,452,8,0.017699115044247787
C,42,2093,1,0,0.0
C,42,2100,27,0,0.0
C,42,2107,26,0,0.0
C,42,2114,96,0,0.0
C,42,2121,20,0,0.0
C,42,2128,2,0,0.0
C,42,2135,1,0,0.0
C,42,2142,4,0,0.0
C,42,2149,11,0,0.0
C,42,2156,1,0,0.0
C,42,2170,5,0,0.0
C,42,2177,2,0,0.0
C,42,2184,1,0,0.0
C,42,2191,17,0,0.0
C,42,2198,7,0,0.0
C,49,49,2260887,4752,0.0021018299455036896
C,49,56,3058007,5921,0.001936228399738784
C,49,63,4064479,7288,0.0017930957448666852
C,49,70,2605026,4984,0.001913224666471659
C,49,77,4566964,6677,0.001462021596842016
C,49,84,2998941,13777,0.004593954999448139
C,49,91,2202451,2455,0.0011146672502589162
C,49,98,1754123,3250,0.0018527777128513794
C,49,105,1590157,1124,0.0007068484432669227
C,49,112,2424055,2417,0.0009970895874887326
C,49,119,831067,544,0.0006545801963018626
C,49,126,1027853,974,0.0009476063211373611
C,49,133,638686,135,0.00021137147205355997
C,49,140,1979398,561,0.00028341950431393786
C,49,147,588811,658,0.0011175062965875298
C,49,154,734331,197,0.00026827139260088436
C,49,161,487221,365,0.0007491466911319504
C,49,168,871943,172,0.0001972606007502784
C,49,175,629116,434,0.0006898568785406825
C,49,182,266127,55,0.00020666824486053652
C,49,189,335998,244,0.0007261947987785641
C,49,196,288261,167,0.0005793360877815591
C,49,203,627335,169,0.00026939354571321543
C,49,210,143017,75,0.0005244131816497339
C,49,217,239036,174,0.0007279238273732827
C,49,224,186416,44,0.00023603124195348038
C,49,231,565057,47,0.00008317744935466687
C,49,238,191716,33,0.0001721296083790607
C,49,245,197787,7,0.00003539160814411463
C,49,252,202555,24,0.00011848633704425958
C,49,259,311498,22,0.00007062645667066883
C,49,266,289210,38,0.00013139241381694962
C,49,273,134845,4,0.000029663687938002893
C,49,280,200313,63,0.0003145077953003549
C,49,287,159866,1,6.255238762463563e-6
C,49,294,376594,93,0.0002469502966058939
C,49,301,73136,5,0.0000683657842922774
C,49,308,147902,19,0.0001284634420088978
C,49,315,124005,7,0.000056449336720293535
C,49,322,364830,55,0.00015075514623249186
C,49,329,113388,0,0.0
C,49,336,106200,3,0.00002824858757062147
C,49,343,146142,3,0.0000205279796362442
C,49,350,255639,15,0.00005867649302336498
C,49,357,260364,13,0.00004993009786299181
C,49,364,94496,3,0.00003174737555028784
C,49,371,121791,3,0.00002463236199719191
C,49,378,99277,3,0.000030218479607562677
C,49,385,153080,10,0.00006532532009406845
C,49,392,24226,1,0.0000412779658218443
C,49,399,45347,3,0.00006615652634132357
C,49,406,41117,0,0.0
C,49,413,104662,10,0.00009554566127152167
C,49,420,27752,2,0.00007206687806284232
C,49,427,16197,0,0.0
C,49,434,37053,1,0.00002698836801338623
C,49,441,42780,2,0.00004675081813931744
C,49,448,53464,3,0.0000561125243154272
C,49,455,11303,0,0.0
C,49,462,25688,3,0.00011678604796013703
C,49,469,15441,1,0.00006476264490641798
C,49,476,59235,18,0.00030387439858191946
C,49,483,6410,0,0.0
C,49,490,12768,0,0.0
C,49,497,14427,0,0.0
C,49,504,44627,13,0.0002913034709928967
C,49,511,15535,9,0.0005793369810106212
C,49,518,7126,0,0.0
C,49,525,14083,0,0.0
C,49,532,16203,6,0.00037030179596371043
C,49,539,21177,6,0.0002833262501770789
C,49,546,6501,0,0.0
C,49,553,12339,0,0.0
C,49,560,7516,1,0.00013304949441192123
C,49,567,29806,9,0.0003019526269878548
C,49,574,3031,1,0.0003299241174529858
C,49,581,16161,0,0.0
C,49,588,14221,0,0.0
C,49,595,39415,0,0.0
C,49,602,9965,3,0.00030105368790767686
C,49,609,6073,0,0.0
C,49,616,17852,0,0.0
C,49,623,11457,0,0.0
C,49,630,32551,17,0.0005222573807256305
C,49,637,4329,0,0.0
C,49,644,13644,1,0.0000732922896511287
C,49,651,7198,0,0.0
C,49,658,33876,21,0.0006199078993978038
C,49,665,8150,0,0.0
C,49,672,6773,0,0.0
C,49,679,9530,2,0.0002098635886673662
C,49,686,19879,3,0.00015091302379395343
C,49,693,9740,3,0.0003080082135523614
C,49,700,4042,0,0.0
C,49,707,8523,0,0.0
C,49,714,11996,0,0.0
C,49,721,8358,0,0.0
C,49,728,3374,0,0.0
C,49,735,4508,0,0.0
C,49,742,4070,0,0.0
C,49,749,8767,1,0.00011406410402646287
C,49,756,1274,0,0.0
C,49,763,3535,0,0.0
C,49,770,3819,0,0.0
C,49,777,8977,3,0.0003341873677175003
C,49,784,4281,2,0.000467180565288484
C,49,791,2025,1,0.0004938271604938272
C,49,798,3825,0,0.0
C,49,805,4994,1,0.00020024028834601522
C,49,812,4136,0,0.0
C,49,819,917,0,0.0
C,49,826,3218,0,0.0
C,49,833,1323,0,0.0
C,49,840,8089,1,0.00012362467548522686
C,49,847,769,0,0.0
C,49,854,2093,0,0.0
C,49,861,2790,0,0.0
C,49,868,4837,5,0.0010336985734959686
C,49,875,1997,0,0.0
C,49,882,1762,0,0.0
C,49,889,3861,0,0.0
C,49,896,2902,0,0.0
C,49,903,4425,4,0.000903954802259887
C,49,910,894,0,0.0
C,49,917,2139,0,0.0
C,49,924,1762,0,0.0
C,49,931,6709,1,0.00014905351021016544
C,49,938,1993,0,0.0
C,49,945,1476,0,0.0
C,49,952,1780,0,0.0
C,49,959,5532,1,0.00018076644974692697
C,49,966,2139,2,0.0009350163627863488
C,49,973,920,0,0.0
C,49,980,3641,0,0.0
C,49,987,2010,0,0.0
C,49,994,14434,10,0.0006928086462519052
C,49,1001,1859,0,0.0
C,49,1008,3471,0,0.0
C,49,1015,1299,0,0.0
C,49,1022,4073,0,0.0
C,49,1029,1229,0,0.0
C,49,1036,830,0,0.0
C,49,1043,1425,0,0.0
C,49,1050,2496,3,0.001201923076923077
C,49,1057,2376,0,0.0
C,49,1064,467,0,0.0
C,49,1071,704,0,0.0
C,49,1078,1324,0,0.0
C,49,1085,1512,0,0.0
C,49,1092,186,0,0.0
C,49,1099,348,0,0.0
C,49,1106,160,0,0.0
C,49,1113,985,0,0.0
C,49,1120,10,0,0.0
C,49,1127,113,0,0.0
C,49,1134,261,0,0.0
C,49,1141,55,0,0.0
C,49,1148,452,0,0.0
C,49,1155,6,0,0.0
C,49,1162,99,0,0.0
C,49,1169,63,0,0.0
C,49,1176,466,0,0.0
C,49,1183,4,0,0.0
C,49,1190,80,0,0.0
C,49,1197,32,0,0.0
C,49,1204,214,0,0.0
C,49,1211,14,0,0.0
C,49,1218,54,0,0.0
C,49,1225,215,0,0.0
C,49,1232,144,0,0.0
C,49,1239,170,0,0.0
C,49,1246,16,0,0.0
C,49,1253,117,0,0.0
C,49,1260,14,0,0.0
C,49,1267,275,0,0.0
C,49,1274,19,0,0.0
C,49,1281,85,0,0.0
C,49,1288,73,0,0.0
C,49,1295,131,0,0.0
C,49,1302,22,0,0.0
C,49,1309,38,0,0.0
C,49,1316,99,0,0.0
C,49,1323,221,0,0.0
C,49,1330,73,0,0.0
C,49,1337,83,0,0.0
C,49,1344,135,0,0.0
C,49,1351,39,0,0.0
C,49,1358,134,0,0.0
C,49,1365,50,0,0.0
C,49,1372,125,0,0.0
C,49,1379,240,0,0.0
C,49,1386,69,0,0.0
C,49,1393,41,0,0.0
C,49,1400,25,0,0.0
C,49,1407,53,0,0.0
C,49,1414,66,0,0.0
C,49,1421,376,0,0.0
C,49,1428,5,0,0.0
C,49,1435,30,0,0.0
C,49,1442,191,0,0.0
C,49,1449,119,0,0.0
C,49,1456,22,0,0.0
C,49,1463,204,0,0.0
C,49,1470,81,0,0.0
C,49,1477,440,0,0.0
C,49,1484,7,0,0.0
C,49,1491,33,0,0.0
C,49,1498,56,0,0.0
C,49,1505,13,0,0.0
C,49,1512,127,0,0.0
C,49,1519,6,0,0.0
C,49,1526,25,0,0.0
C,49,1533,7,0,0.0
C,49,1540,183,0,0.0
C,49,1547,13,0,0.0
C,49,1554,11,0,0.0
C,49,1561,66,0,0.0
C,49,1568,147,0,0.0
C,49,1575,25,0,0.0
C,49,1582,28,0,0.0
C,49,1589,81,0,0.0
C,49,1596,13,0,0.0
C,49,1603,229,0,0.0
C,49,1610,5,0,0.0
C,49,1617,61,0,0.0
C,49,1624,50,0,0.0
C,49,1631,525,0,0.0
C,49,1638,72,0,0.0
C,49,1645,105,0,0.0
C,49,1652,149,0,0.0
C,49,1659,58,0,0.0
C,49,1666,199,0,0.0
C,49,1673,42,0,0.0
C,49,1680,275,0,0.0
C,49,1687,55,0,0.0
C,49,1694,486,0,0.0
C,49,1701,13,0,0.0
C,49,1708,79,0,0.0
C,49,1715,128,0,0.0
C,49,1722,305,0,0.0
C,49,1729,78,0,0.0
C,49,1736,51,0,0.0
C,49,1743,165,0,0.0
C,49,1750,31,0,0.0
C,49,1757,95,0,0.0
C,49,1764,6,0,0.0
C,49,1771,54,0,0.0
C,49,1778,11,0,0.0
C,49,1785,310,0,0.0
C,49,1799,60,0,0.0
C,49,1806,126,0,0.0
C,49,1813,142,0,0.0
C,49,1820,7,0,0.0
C,49,1827,172,0,0.0
C,49,1834,48,0,0.0
C,49,1841,102,0,0.0
C,49,1848,11,0,0.0
C,49,1855,74,0,0.0
C,49,1862,40,0,0.0
C,49,1869,14,0,0.0
C,49,1876,74,0,0.0
C,49,1890,26,0,0.0
C,49,1897,73,0,0.0
C,49,1904,37,0,0.0
C,49,1911,18,0,0.0
C,49,1918,21,0,0.0
C,49,1925,7,0,0.0
C,49,1932,47,0,0.0
C,49,1939,29,0,0.0
C,49,1946,8,0,0.0
C,49,1953,7,0,0.0
C,49,1960,35,0,0.0
C,49,1967,160,0,0.0
C,49,1974,4,0,0.0
C,49,1981,44,0,0.0
C,49,1988,11,0,0.0
C,49,1995,33,0,0.0
C,49,2002,63,0,0.0
C,49,2016,19,0,0.0
C,49,2023,11,0,0.0
C,49,2037,6,0,0.0
C,49,2044,12,0,0.0
C,49,2051,20,0,0.0
C,49,2058,34,0,0.0
C,49,2072,5,0,0.0
C,49,2079,119,0,0.0
C,49,2086,13,0,0.0
C,49,2093,30,0,0.0
C,49,2107,44,0,0.0
C,49,2114,33,0,0.0
C,49,2121,61,0,0.0
C,49,2128,4,0,0.0
C,49,2142,6,0,0.0
C,49,2149,12,0,0.0
C,49,2156,4,0,0.0
C,49,2170,13,0,0.0
C,49,2177,1,0,0.0
C,49,2184,3,0,0.0
C,49,2191,1,0,0.0
C,49,2198,1,0,0.0
C,56,56,1738056,4240,0.0024395071275033716
C,56,63,1534751,1764,0.0011493721131310552
C,56,70,2646889,4033,0.001523675530027893
C,56,77,1925382,2078,0.0010792663481844122
C,56,84,3607764,3691,0.001023071353891219
C,56,91,2185742,9022,0.004127660080649958
C,56,98,1353038,1911,0.0014123771837893687
C,56,105,1227470,745,0.0006069394771358974
C,56,112,1110644,392,0.00035294837949874125
C,56,119,1868234,1652,0.0008842575394731066
C,56,126,553942,207,0.00037368533167732364
C,56,133,780671,557,0.0007134887808052303
C,56,140,455673,73,0.00016020260142690044
C,56,147,1546172,338,0.0002186043984757194
C,56,154,409705,582,0.0014205342868649393
C,56,161,574188,252,0.00043888064536353946
C,56,168,384072,84,0.000218708992063988
C,56,175,655170,84,0.00012821099867210036
C,56,182,442610,523,0.001181627166128194
C,56,189,169132,101,0.0005971667100253057
C,56,196,263977,189,0.0007159714672111586
C,56,203,214894,20,0.00009306914106489711
C,56,210,535067,212,0.00039621206316218344
C,56,217,93494,7,0.0000748711147239395
C,56,224,192494,11,0.000057144638274439724
C,56,231,160218,5,0.00003120747980876056
C,56,238,505028,68,0.00013464599982575224
C,56,245,155842,84,0.0005390074562698117
C,56,252,143744,8,0.00005565449688334817
C,56,259,164191,7,0.000042633274661826774
C,56,266,291754,29,0.00009939880858531502
C,56,273,242886,152,0.000625807992226806
C,56,280,85531,6,0.00007015000409208358
C,56,287,157952,74,0.0004684967585089141
C,56,294,108858,4,0.000036745117492513184
C,56,301,302261,101,0.00033414830229503643
C,56,308,40457,2,0.000049435202807919516
C,56,315,114086,1,8.76531739214277e-6
C,56,322,105222,2,0.000019007431905875196
C,56,329,312450,57,0.00018242918867018723
C,56,336,101156,0,0.0
C,56,343,81777,4,0.00004891350868826198
C,56,350,142697,0,0.0
C,56,357,247408,13,0.00005254478432386988
C,56,364,219484,26,0.00011845965992965319
C,56,371,30819,0,0.0
C,56,378,81147,2,0.00002464662895732436
C,56,385,54387,2,0.00003677349366576572
C,56,392,115702,10,0.00008642892949127932
C,56,399,8217,0,0.0
C,56,406,43501,1,0.00002298797728787844
C,56,413,31950,0,0.0
C,56,420,90619,12,0.00013242256039020515
C,56,427,26279,0,0.0
C,56,434,12339,0,0.0
C,56,441,28708,0,0.0
C,56,448,37584,3,0.00007982120051085569
C,56,455,44520,34,0.0007637017070979335
C,56,462,3479,0,0.0
C,56,469,19844,0,0.0
C,56,476,13778,1,0.00007257947452460444
C,56,483,33353,9,0.00026984079393158034
C,56,490,2729,0,0.0
C,56,497,12598,0,0.0
C,56,504,14425,0,0.0
C,56,511,35774,5,0.00013976631072846202
C,56,518,10759,2,0.00018589088205223534
C,56,525,4707,0,0.0
C,56,532,8544,0,0.0
C,56,539,17258,0,0.0
C,56,546,16994,0,0.0
C,56,553,2538,0,0.0
C,56,560,11606,0,0.0
C,56,567,5577,0,0.0
C,56,574,26628,0,0.0
C,56,581,2483,0,0.0
C,56,588,12539,0,0.0
C,56,595,14429,0,0.0
C,56,602,31876,2,0.00006274312962730582
C,56,609,6684,1,0.00014961101137043686
C,56,616,2574,0,0.0
C,56,623,12396,0,0.0
C,56,630,15278,1,0.00006545359340227778
C,56,637,23309,17,0.0007293320176755759
C,56,644,1340,0,0.0
C,56,651,9106,0,0.0
C,56,658,6358,1,0.00015728216420257942
C,56,665,17403,2,0.00011492271447451588
C,56,672,2690,0,0.0
C,56,679,7879,0,0.0
C,56,686,8084,0,0.0
C,56,693,20356,4,0.00019650225977598743
C,56,700,9591,0,0.0
C,56,707,3042,0,0.0
C,56,714,5130,0,0.0
C,56,721,7153,0,0.0
C,56,728,7804,0,0.0
C,56,735,1386,0,0.0
C,56,742,3136,0,0.0
C,56,749,3259,0,0.0
C,56,756,6134,1,0.00016302575806977502
C,56,763,930,0,0.0
C,56,770,3208,0,0.0
C,56,777,2638,0,0.0
C,56,784,8776,2,0.00022789425706472196
C,56,791,3387,1,0.0002952465308532625
C,56,798,1270,0,0.0
C,56,805,2865,0,0.0
C,56,812,3864,3,0.0007763975155279503
C,56,819,3810,0,0.0
C,56,826,652,0,0.0
C,56,833,2108,0,0.0
C,56,840,1090,0,0.0
C,56,847,7333,0,0.0
C,56,854,648,0,0.0
C,56,861,2083,0,0.0
C,56,868,2198,0,0.0
C,56,875,7258,0,0.0
C,56,882,2384,0,0.0
C,56,889,1345,0,0.0
C,56,896,1821,0,0.0
C,56,903,4328,0,0.0
C,56,910,3349,0,0.0
C,56,917,386,0,0.0
C,56,924,2615,0,0.0
C,56,931,1119,0,0.0
C,56,938,5100,1,0.000196078431372549
C,56,945,1127,0,0.0
C,56,952,993,0,0.0
C,56,959,1925,0,0.0
C,56,966,5473,1,0.0001827151470856934
C,56,973,1320,0,0.0
C,56,980,570,0,0.0
C,56,987,2403,0,0.0
C,56,994,1112,0,0.0
C,56,1001,13446,10,0.0007437156031533541
C,56,1008,210,0,0.0
C,56,1015,1340,0,0.0
C,56,1022,1214,0,0.0
C,56,1029,2451,0,0.0
C,56,1036,643,0,0.0
C,56,1043,711,0,0.0
C,56,1050,1354,0,0.0
C,56,1057,1589,0,0.0
C,56,1064,2068,0,0.0
C,56,1071,259,0,0.0
C,56,1078,527,0,0.0
C,56,1085,997,1,0.0010030090270812437
C,56,1092,519,0,0.0
C,56,1099,12,0,0.0
C,56,1106,125,0,0.0
C,56,1113,250,0,0.0
C,56,1120,80,0,0.0
C,56,1127,11,0,0.0
C,56,1134,63,0,0.0
C,56,1141,191,0,0.0
C,56,1148,9,0,0.0
C,56,1155,257,0,0.0
C,56,1162,4,0,0.0
C,56,1169,78,0,0.0
C,56,1176,11,0,0.0
C,56,1183,165,0,0.0
C,56,1190,2,0,0.0
C,56,1197,26,0,0.0
C,56,1204,54,0,0.0
C,56,1211,93,0,0.0
C,56,1225,46,0,0.0
C,56,1232,197,0,0.0
C,56,1239,80,0,0.0
C,56,1246,343,0,0.0
C,56,1253,2,0,0.0
C,56,1260,38,0,0.0
C,56,1267,65,0,0.0
C,56,1274,212,0,0.0
C,56,1281,5,0,0.0
C,56,1288,52,0,0.0
C,56,1295,49,0,0.0
C,56,1302,156,0,0.0
C,56,1309,57,0,0.0
C,56,1316,10,0,0.0
C,56,1323,80,0,0.0
C,56,1330,135,0,0.0
C,56,1337,251,0,0.0
C,56,1344,9,0,0.0
C,56,1351,152,0,0.0
C,56,1358,13,0,0.0
C,56,1365,344,0,0.0
C,56,1372,19,0,0.0
C,56,1379,48,0,0.0
C,56,1386,45,0,0.0
C,56,1393,206,0,0.0
C,56,1400,51,0,0.0
C,56,1407,16,0,0.0
C,56,1414,95,0,0.0
C,56,1421,49,0,0.0
C,56,1428,330,0,0.0
C,56,1442,46,0,0.0
C,56,1449,70,0,0.0
C,56,1456,87,0,0.0
C,56,1463,4,0,0.0
C,56,1470,36,0,0.0
C,56,1477,54,0,0.0
C,56,1484,46,0,0.0
C,56,1491,7,0,0.0
C,56,1498,10,0,0.0
C,56,1505,38,0,0.0
C,56,1512,15,0,0.0
C,56,1519,32,0,0.0
C,56,1533,39,0,0.0
C,56,1540,16,0,0.0
C,56,1547,108,0,0.0
C,56,1561,5,0,0.0
C,56,1568,46,0,0.0
C,56,1575,51,0,0.0
C,56,1582,20,0,0.0
C,56,1596,60,0,0.0
C,56,1603,10,0,0.0
C,56,1610,191,0,0.0
C,56,1624,53,0,0.0
C,56,1631,47,0,0.0
C,56,1638,350,0,0.0
C,56,1645,27,0,0.0
C,56,1652,54,0,0.0
C,56,1659,46,0,0.0
C,56,1666,135,0,0.0
C,56,1673,190,0,0.0
C,56,1680,13,0,0.0
C,56,1687,85,0,0.0
C,56,1694,84,0,0.0
C,56,1701,413,0,0.0
C,56,1708,5,0,0.0
C,56,1715,60,0,0.0
C,56,1722,159,0,0.0
C,56,1729,198,0,0.0
C,56,1736,107,0,0.0
C,56,1743,23,0,0.0
C,56,1750,120,0,0.0
C,56,1757,48,0,0.0
C,56,1764,94,0,0.0
C,56,1771,61,0,0.0
C,56,1778,121,0,0.0
C,56,1785,18,0,0.0
C,56,1792,342,0,0.0
C,56,1799,9,0,0.0
C,56,1806,90,0,0.0
C,56,1813,54,0,0.0
C,56,1820,133,0,0.0
C,56,1834,50,0,0.0
C,56,1841,34,0,0.0
C,56,1848,77,0,0.0
C,56,1855,43,0,0.0
C,56,1862,18,0,0.0
C,56,1869,88,0,0.0
C,56,1876,10,0,0.0
C,56,1883,29,0,0.0
C,56,1897,9,0,0.0
C,56,1904,8,0,0.0
C,56,1911,73,0,0.0
C,56,1918,67,0,0.0
C,56,1932,22,0,0.0
C,56,1939,50,0,0.0
C,56,1946,26,0,0.0
C,56,1960,82,0,0.0
C,56,1967,49,0,0.0
C,56,1974,136,0,0.0
C,56,1988,4,0,0.0
C,56,1995,13,0,0.0
C,56,2002,19,0,0.0
C,56,2009,8,0,0.0
C,56,2016,2,0,0.0
C,56,2023,14,0,0.0
C,56,2030,1,0,0.0
C,56,2037,25,0,0.0
C,56,2044,1,0,0.0
C,56,2051,9,0,0.0
C,56,2058,15,0,0.0
C,56,2065,166,0,0.0
C,56,2072,1,0,0.0
C,56,2079,6,0,0.0
C,56,2086,180,1,0.005555555555555556
C,56,2100,44,0,0.0
C,56,2114,18,0,0.0
C,56,2121,27,0,0.0
C,56,2128,31,0,0.0
C,56,2142,1,0,0.0
C,56,2149,3,0,0.0
C,56,2156,1,0,0.0
C,56,2163,2,0,0.0
C,56,2191,30,0,0.0
C,63,63,1358014,1200,0.0008836433203192309
C,63,70,881483,1169,0.0013261741860024526
C,63,77,1912299,1251,0.0006541864007668257
C,63,84,1308570,1037,0.0007924681140481594
C,63,91,2814707,2674,0.0009500100720963141
C,63,98,1601964,1887,0.0011779290920395215
C,63,105,882349,1246,0.001412139640890396
C,63,112,844205,240,0.0002842911378160518
C,63,119,785692,279,0.00035510098104600784
C,63,126,1508114,616,0.0004084571855973753
C,63,133,419491,109,0.00025983870929292884
C,63,140,611701,292,0.0004773574017371232
C,63,147,292272,18,0.00006158646740022992
C,63,154,1237372,305,0.0002464901420106484
C,63,161,311409,152,0.0004881040689254325
C,63,168,453038,151,0.00033330537394214173
C,63,175,266998,8,0.000029962771256713533
C,63,182,472141,56,0.00011860863597950612
C,63,189,343053,513,0.0014953957551748563
C,63,196,142235,219,0.0015397054170914332
C,63,203,203967,2,9.805507753705257e-6
C,63,210,171002,50,0.0002923942410030292
C,63,217,468732,257,0.0005482877209151498
C,63,224,68269,4,0.00005859174735238542
C,63,231,146646,0,0.0
C,63,238,121349,3,0.000024722082588237232
C,63,245,471983,72,0.00015254786719013185
C,63,252,138230,102,0.0007379006004485278
C,63,259,111883,8,0.00007150326680550218
C,63,266,131934,0,0.0
C,63,273,275172,15,0.0000545113601674589
C,63,280,207920,187,0.0008993843786071566
C,63,287,64742,28,0.00043248586697970404
C,63,294,124808,6,0.00004807384142042177
C,63,301,86197,3,0.00003480399549868325
C,63,308,305963,173,0.0005654278458506421
C,63,315,35200,6,0.00017045454545454547
C,63,322,90328,1,0.000011070764325569037
C,63,329,82515,3,0.000036357025995273585
C,63,336,311083,23,0.00007393525200669918
C,63,343,80559,4,0.000049653049317891236
C,63,350,61154,5,0.00008176080060175949
C,63,357,124665,0,0.0
C,63,364,238551,5,0.000020959878600383145
C,63,371,168002,17,0.000101189271556291
C,63,378,6092,0,0.0
C,63,385,42989,2,0.000046523529274930796
C,63,392,40287,6,0.00014893141708243355
C,63,399,100506,1,9.94965474698028e-6
C,63,406,3178,0,0.0
C,63,413,22356,0,0.0
C,63,420,24546,0,0.0
C,63,427,81129,10,0.00012326048638587928
C,63,434,17829,3,0.00016826518593303046
C,63,441,6718,0,0.0
C,63,448,23326,0,0.0
C,63,455,31356,2,0.00006378364587319811
C,63,462,39784,5,0.00012567866478986527
C,63,469,1466,0,0.0
C,63,476,17399,0,0.0
C,63,483,7166,0,0.0
C,63,490,27177,1,0.00003679581999484859
C,63,497,743,0,0.0
C,63,504,9516,0,0.0
C,63,511,12995,0,0.0
C,63,518,28210,1,0.00003544842254519674
C,63,525,10747,0,0.0
C,63,532,2363,0,0.0
C,63,539,8142,0,0.0
C,63,546,25870,3,0.00011596443757247778
C,63,553,14225,0,0.0
C,63,560,543,0,0.0
C,63,567,7079,0,0.0
C,63,574,3857,0,0.0
C,63,581,41149,0,0.0
C,63,588,901,0,0.0
C,63,595,6621,0,0.0
C,63,602,9373,0,0.0
C,63,609,39814,2,0.00005023358617571708
C,63,616,5788,0,0.0
C,63,623,1284,0,0.0
C,63,630,11338,4,0.0003527959075674722
C,63,637,13363,1,0.00007483349547257353
C,63,644,22310,0,0.0
C,63,651,614,0,0.0
C,63,658,10145,0,0.0
C,63,665,3314,0,0.0
C,63,672,16868,0,0.0
C,63,679,1169,0,0.0
C,63,686,4036,0,0.0
C,63,693,8072,0,0.0
C,63,700,15677,2,0.0001275754289723799
C,63,707,8741,0,0.0
C,63,714,880,0,0.0
C,63,721,2548,0,0.0
C,63,728,9393,0,0.0
C,63,735,4991,0,0.0
C,63,742,601,0,0.0
C,63,749,1867,0,0.0
C,63,756,2419,0,0.0
C,63,763,9295,0,0.0
C,63,770,318,0,0.0
C,63,777,1962,0,0.0
C,63,784,2582,0,0.0
C,63,791,8829,5,0.0005663155510250311
C,63,798,3533,0,0.0
C,63,805,419,0,0.0
C,63,812,1401,0,0.0
C,63,819,2393,2,0.0008357709987463436
C,63,826,3620,1,0.00027624309392265195
C,63,833,232,0,0.0
C,63,840,2377,0,0.0
C,63,847,620,0,0.0
C,63,854,5866,0,0.0
C,63,861,352,0,0.0
C,63,868,614,0,0.0
C,63,875,2247,0,0.0
C,63,882,7227,0,0.0
C,63,889,1240,0,0.0
C,63,896,387,0,0.0
C,63,903,1329,0,0.0
C,63,910,2361,0,0.0
C,63,917,3111,1,0.0003214400514304082
C,63,924,60,0,0.0
C,63,931,1771,0,0.0
C,63,938,873,0,0.0
C,63,945,5138,0,0.0
C,63,952,849,0,0.0
C,63,959,510,0,0.0
C,63,966,1591,0,0.0
C,63,973,7455,1,0.0001341381623071764
C,63,980,1134,0,0.0
C,63,987,111,0,0.0
C,63,994,4663,1,0.0002144542140253056
C,63,1001,674,0,0.0
C,63,1008,7653,1,0.00013066771200836272
C,63,1015,75,0,0.0
C,63,1022,922,0,0.0
C,63,1029,713,0,0.0
C,63,1036,1883,0,0.0
C,63,1043,481,0,0.0
C,63,1050,351,0,0.0
C,63,1057,960,0,0.0
C,63,1064,1355,0,0.0
C,63,1071,1322,1,0.0007564296520423601
C,63,1078,78,0,0.0
C,63,1085,326,0,0.0
C,63,1092,318,0,0.0
C,63,1099,677,0,0.0
C,63,1113,135,0,0.0
C,63,1127,365,0,0.0
C,63,1134,23,0,0.0
C,63,1141,10,0,0.0
C,63,1148,186,0,0.0
C,63,1155,34,0,0.0
C,63,1162,265,0,0.0
C,63,1176,157,0,0.0
C,63,1183,43,0,0.0
C,63,1190,217,0,0.0
C,63,1204,54,0,0.0
C,63,1211,39,0,0.0
C,63,1218,241,0,0.0
C,63,1232,8,0,0.0
C,63,1239,81,0,0.0
C,63,1246,51,0,0.0
C,63,1253,144,0,0.0
C,63,1267,56,0,0.0
C,63,1281,315,0,0.0
C,63,1295,26,0,0.0
C,63,1302,46,0,0.0
C,63,1309,233,0,0.0
C,63,1316,47,0,0.0
C,63,1323,2,0,0.0
C,63,1330,48,0,0.0
C,63,1337,525,0,0.0
C,63,1344,51,0,0.0
C,63,1358,37,0,0.0
C,63,1365,19,0,0.0
C,63,1372,348,0,0.0
C,63,1379,10,0,0.0
C,63,1386,5,0,0.0
C,63,1393,49,0,0.0
C,63,1400,109,0,0.0
C,63,1407,21,0,0.0
C,63,1414,5,0,0.0
C,63,1421,114,0,0.0
C,63,1428,82,0,0.0
C,63,1435,112,0,0.0
C,63,1449,12,0,0.0
C,63,1456,49,0,0.0
C,63,1463,524,0,0.0
C,63,1477,96,0,0.0
C,63,1484,2,0,0.0
C,63,1491,153,0,0.0
C,63,1505,1,0,0.0
C,63,1512,57,0,0.0
C,63,1519,58,0,0.0
C,63,1526,148,0,0.0
C,63,1540,83,0,0.0
C,63,1547,39,0,0.0
C,63,1554,106,0,0.0
C,63,1568,2,0,0.0
C,63,1575,16,0,0.0
C,63,1582,195,0,0.0
C,63,1589,38,0,0.0
C,63,1603,75,0,0.0
C,63,1610,17,0,0.0
C,63,1617,233,0,0.0
C,63,1631,146,0,0.0
C,63,1638,65,0,0.0
C,63,1645,634,0,0.0
C,63,1652,37,0,0.0
C,63,1666,92,0,0.0
C,63,1673,126,0,0.0
C,63,1680,411,0,0.0
C,63,1687,3,0,0.0
C,63,1694,111,0,0.0
C,63,1701,155,0,0.0
C,63,1708,147,0,0.0
C,63,1715,7,0,0.0
C,63,1722,55,0,0.0
C,63,1729,135,0,0.0
C,63,1736,132,0,0.0
C,63,1743,32,0,0.0
C,63,1750,1,0,0.0
C,63,1757,66,0,0.0
C,63,1764,47,0,0.0
C,63,1771,24,0,0.0
C,63,1785,67,0,0.0
C,63,1792,48,0,0.0
C,63,1799,255,0,0.0
C,63,1806,5,0,0.0
C,63,1813,10,0,0.0
C,63,1820,27,0,0.0
C,63,1827,362,0,0.0
C,63,1841,19,0,0.0
C,63,1848,1,0,0.0
C,63,1855,258,0,0.0
C,63,1862,46,0,0.0
C,63,1869,3,0,0.0
C,63,1876,25,0,0.0
C,63,1890,84,0,0.0
C,63,1904,14,0,0.0
C,63,1911,18,0,0.0
C,63,1918,54,0,0.0
C,63,1925,12,0,0.0
C,63,1939,19,0,0.0
C,63,1946,31,0,0.0
C,63,1953,46,0,0.0
C,63,1967,28,0,0.0
C,63,1974,16,0,0.0
C,63,1981,108,0,0.0
C,63,1995,15,0,0.0
C,63,2002,19,0,0.0
C,63,2016,32,0,0.0
C,63,2044,23,0,0.0
C,63,2051,1,0,0.0
C,63,2058,1,0,0.0
C,63,2065,30,0,0.0
C,63,2072,111,0,0.0
C,63,2093,17,0,0.0
C,63,2107,85,0,0.0
C,63,2121,5,0,0.0
C,63,2128,8,0,0.0
C,63,2135,1,0,0.0
C,63,2156,3,0,0.0
C,63,2170,50,0,0.0
C,63,2191,1,0,0.0
C,63,2198,8,0,0.0
C,70,70,1124156,2295,0.002041531602375471
C,70,77,680113,942,0.0013850639526078754
C,70,84,1518338,1388,0.0009141574537421839
C,70,91,950039,666,0.0007010238527049942
C,70,98,2067665,1374,0.0006645177047539132
C,70,105,1151301,435,0.00037783342496879616
C,70,112,675319,216,0.0003198488418066129
C,70,119,610450,150,0.00024572037021869115
C,70,126,652762,107,0.00016391885557063678
C,70,133,1209117,140,0.00011578697512316839
C,70,140,331005,106,0.0003202368544281808
C,70,147,451381,87,0.00019274183007259943
C,70,154,200987,30,0.00014926338519406727
C,70,161,1081897,294,0.00027174490732481926
C,70,168,262900,52,0.00019779383796120198
C,70,175,342429,51,0.00014893598380978247
C,70,182,189372,12,0.00006336734047272036
C,70,189,393659,92,0.00023370480542804812
C,70,196,261763,77,0.00029415922036345855
C,70,203,104019,0,0.0
C,70,210,167560,10,0.000059680114585820004
C,70,217,134698,8,0.00005939212163506511
C,70,224,402183,59,0.00014669938808950153
C,70,231,63657,3,0.00004712757434374853
C,70,238,127464,17,0.00013337099102491684
C,70,245,91820,3,0.0000326726203441516
C,70,252,431745,50,0.00011580910027909993
C,70,259,125121,6,0.00004795358093365622
C,70,266,126654,23,0.00018159710707912896
C,70,273,111238,2,0.000017979467448174185
C,70,280,241248,19,0.0000787571295927842
C,70,287,158364,27,0.00017049329393043874
C,70,294,50458,5,0.00009909231440009513
C,70,301,85290,24,0.00028139289482940555
C,70,308,75172,1,0.000013302825520140477
C,70,315,264438,44,0.00016639060951905552
C,70,322,25088,0,0.0
C,70,329,65286,2,0.00003063443923658977
C,70,336,69070,1,0.000014478065730418417
C,70,343,307705,23,0.00007474691668968655
C,70,350,84350,1,0.000011855364552459987
C,70,357,59748,11,0.0001841065809734217
C,70,364,107389,0,0.0
C,70,371,121006,8,0.00006611242417731352
C,70,378,104089,2,0.000019214326201615926
C,70,385,2745,0,0.0
C,70,392,31501,0,0.0
C,70,399,31380,2,0.00006373486297004461
C,70,406,84478,1,0.000011837401453632898
C,70,413,1374,0,0.0
C,70,420,15966,0,0.0
C,70,427,24598,0,0.0
C,70,434,83364,12,0.00014394702749388226
C,70,441,18163,0,0.0
C,70,448,4494,0,0.0
C,70,455,17219,1,0.00005807538184563563
C,70,462,21545,0,0.0
C,70,469,26398,1,0.00003788165770134101
C,70,476,854,0,0.0
C,70,483,8962,1,0.0001115822361080116
C,70,490,7509,0,0.0
C,70,497,30934,0,0.0
C,70,504,354,0,0.0
C,70,511,6071,0,0.0
C,70,518,8355,1,0.00011968880909634949
C,70,525,26893,3,0.0001115531922805191
C,70,532,7699,0,0.0
C,70,539,1611,0,0.0
C,70,546,7062,0,0.0
C,70,553,14357,0,0.0
C,70,560,10980,0,0.0
C,70,567,49,0,0.0
C,70,574,6505,0,0.0
C,70,581,2851,1,0.00035075412136092597
C,70,588,27529,1,0.0000363253296523666
C,70,595,281,1,0.0035587188612099642
C,70,602,5578,0,0.0
C,70,609,10297,0,0.0
C,70,616,46015,9,0.00019558839508855807
C,70,623,6005,1,0.00016652789342214822
C,70,630,2114,0,0.0
C,70,637,6981,0,0.0
C,70,644,8783,0,0.0
C,70,651,15032,1,0.00006652474720596061
C,70,658,415,0,0.0
C,70,665,3813,0,0.0
C,70,672,1978,0,0.0
C,70,679,19060,0,0.0
C,70,686,1035,0,0.0
C,70,693,1960,0,0.0
C,70,700,6275,0,0.0
C,70,707,15192,3,0.00019747235387045813
C,70,714,5873,0,0.0
C,70,721,377,0,0.0
C,70,728,3674,0,0.0
C,70,735,4279,0,0.0
C,70,742,2751,0,0.0
C,70,749,134,0,0.0
C,70,756,1559,0,0.0
C,70,763,1451,0,0.0
C,70,770,7586,0,0.0
C,70,777,40,0,0.0
C,70,784,1792,0,0.0
C,70,791,2564,0,0.0
C,70,798,9263,7,0.000755694699341466
C,70,805,3165,0,0.0
C,70,812,258,0,0.0
C,70,819,1046,0,0.0
C,70,826,1663,0,0.0
C,70,833,2010,0,0.0
C,70,840,99,0,0.0
C,70,847,1545,0,0.0
C,70,854,493,0,0.0
C,70,861,5387,0,0.0
C,70,868,80,0,0.0
C,70,875,791,0,0.0
C,70,882,2080,0,0.0
C,70,889,8181,3,0.0003667033370003667
C,70,896,874,0,0.0
C,70,903,161,0,0.0
C,70,910,1016,0,0.0
C,70,917,2235,0,0.0
C,70,924,2973,0,0.0
C,70,931,1,0,0.0
C,70,938,933,0,0.0
C,70,945,689,0,0.0
C,70,952,2906,1,0.00034411562284927734
C,70,959,498,0,0.0
C,70,966,458,0,0.0
C,70,973,1643,0,0.0
C,70,980,9198,3,0.00032615786040443573
C,70,987,712,0,0.0
C,70,994,27,0,0.0
C,70,1001,2977,0,0.0
C,70,1008,528,0,0.0
C,70,1015,3357,0,0.0
C,70,1022,57,0,0.0
C,70,1029,219,0,0.0
C,70,1036,253,0,0.0
C,70,1043,2024,1,0.0004940711462450593
C,70,1050,432,0,0.0
C,70,1057,91,0,0.0
C,70,1064,884,0,0.0
C,70,1071,1021,0,0.0
C,70,1078,1298,0,0.0
C,70,1085,18,0,0.0
C,70,1092,99,0,0.0
C,70,1099,53,0,0.0
C,70,1106,243,0,0.0
C,70,1120,28,0,0.0
C,70,1127,43,0,0.0
C,70,1134,437,0,0.0
C,70,1155,87,0,0.0
C,70,1162,39,0,0.0
C,70,1169,191,0,0.0
C,70,1183,47,0,0.0
C,70,1190,31,0,0.0
C,70,1197,96,0,0.0
C,70,1204,1,0,0.0
C,70,1211,5,0,0.0
C,70,1218,42,0,0.0
C,70,1225,348,0,0.0
C,70,1239,8,0,0.0
C,70,1246,127,0,0.0
C,70,1253,91,0,0.0
C,70,1260,45,0,0.0
C,70,1274,54,0,0.0
C,70,1281,1,0,0.0
C,70,1288,153,0,0.0
C,70,1302,12,0,0.0
C,70,1309,68,0,0.0
C,70,1316,165,0,0.0
C,70,1323,8,0,0.0
C,70,1330,13,0,0.0
C,70,1337,188,0,0.0
C,70,1344,394,0,0.0
C,70,1351,54,0,0.0
C,70,1358,6,0,0.0
C,70,1365,94,0,0.0
C,70,1372,20,0,0.0
C,70,1379,469,0,0.0
C,70,1386,4,0,0.0
C,70,1393,6,0,0.0
C,70,1400,39,0,0.0
C,70,1407,50,0,0.0
C,70,1414,78,0,0.0
C,70,1421,45,0,0.0
C,70,1428,69,0,0.0
C,70,1435,25,0,0.0
C,70,1442,426,0,0.0
C,70,1456,29,0,0.0
C,70,1463,67,0,0.0
C,70,1470,101,0,0.0
C,70,1484,18,0,0.0
C,70,1491,23,0,0.0
C,70,1498,81,0,0.0
C,70,1519,30,0,0.0
C,70,1526,18,0,0.0
C,70,1533,74,0,0.0
C,70,1547,11,0,0.0
C,70,1554,15,0,0.0
C,70,1561,60,0,0.0
C,70,1575,2,0,0.0
C,70,1582,59,0,0.0
C,70,1589,82,0,0.0
C,70,1596,11,0,0.0
C,70,1610,55,0,0.0
C,70,1617,23,0,0.0
C,70,1624,159,0,0.0
C,70,1638,56,0,0.0
C,70,1645,91,0,0.0
C,70,1652,229,0,0.0
C,70,1659,29,0,0.0
C,70,1666,7,0,0.0
C,70,1673,96,0,0.0
C,70,1680,75,0,0.0
C,70,1687,54,0,0.0
C,70,1701,43,0,0.0
C,70,1708,3,0,0.0
C,70,1715,453,0,0.0
C,70,1722,18,0,0.0
C,70,1729,23,0,0.0
C,70,1736,75,0,0.0
C,70,1743,252,0,0.0
C,70,1750,11,0,0.0
C,70,1764,33,0,0.0
C,70,1771,74,0,0.0
C,70,1778,68,0,0.0
C,70,1785,12,0,0.0
C,70,1792,86,0,0.0
C,70,1799,17,0,0.0
C,70,1806,397,0,0.0
C,70,1820,11,0,0.0
C,70,1827,33,0,0.0
C,70,1834,191,0,0.0
C,70,1848,22,0,0.0
C,70,1855,65,0,0.0
C,70,1862,38,0,0.0
C,70,1869,22,0,0.0
C,70,1883,9,0,0.0
C,70,1890,2,0,0.0
C,70,1897,161,0,0.0
C,70,1911,26,0,0.0
C,70,1918,33,0,0.0
C,70,1925,2,0,0.0
C,70,1932,15,0,0.0
C,70,1939,3,0,0.0
C,70,1946,23,0,0.0
C,70,1953,8,0,0.0
C,70,1960,191,0,0.0
C,70,1974,29,0,0.0
C,70,1981,6,0,0.0
C,70,1988,32,0,0.0
C,70,2009,3,0,0.0
C,70,2023,28,0,0.0
C,70,2037,6,0,0.0
C,70,2051,41,0,0.0
C,70,2065,38,0,0.0
C,70,2072,20,0,0.0
C,70,2079,411,0,0.0
C,70,2100,11,0,0.0
C,70,2114,85,0,0.0
C,70,2142,13,0,0.0
C,70,2163,1,0,0.0
C,70,2177,5,0,0.0
C,70,2191,6,0,0.0
C,77,77,909507,1591,0.0017492993456894779
C,77,84,573915,268,0.00046696810503297527
C,77,91,1308905,382,0.00029184700188325356
C,77,98,754730,176,0.00023319597736939037
C,77,105,1600392,541,0.00033804217966598184
C,77,112,940029,216,0.0002297801450806305
C,77,119,544459,174,0.0003195832927731932
C,77,126,542624,111,0.00020456153800790233
C,77,133,546651,26,0.00004756233867677915
C,77,140,1020883,258,0.0002527223981592406
C,77,147,320568,86,0.00026827381398018515
C,77,154,369976,52,0.0001405496572750665
C,77,161,166471,34,0.00020423977749878358
C,77,168,944428,329,0.0003483590067215288
C,77,175,188079,19,0.00010102137931401167
C,77,182,201909,20,0.00009905452456304573
C,77,189,168077,79,0.0004700226681818452
C,77,196,335525,76,0.00022651069219879294
C,77,203,237436,27,0.00011371485368688826
C,77,210,76235,33,0.00043287204040139046
C,77,217,147546,25,0.00016943868352920446
C,77,224,127071,5,0.00003934808099408992
C,77,231,348683,52,0.0001491325932150406
C,77,238,64426,0,0.0
C,77,245,124582,0,0.0
C,77,252,100503,18,0.00017909913136921287
C,77,259,378281,23,0.00006080136195050769
C,77,266,108225,24,0.00022176022176022175
C,77,273,97521,3,0.00003076260497738949
C,77,280,100137,12,0.00011983582491985979
C,77,287,196525,14,0.00007123775601068566
C,77,294,143870,21,0.00014596510738861473
C,77,301,36628,14,0.0003822212515015835
C,77,308,93380,18,0.00019276076247590491
C,77,315,73376,2,0.000027256868730920193
C,77,322,230863,23,0.00009962618522673621
C,77,329,23151,0,0.0
C,77,336,71248,2,0.000028070963395463733
C,77,343,65929,0,0.0
C,77,350,298381,4,0.000013405679316042242
C,77,357,86109,1,0.000011613187936220372
C,77,364,55540,1,0.000018005041411595247
C,77,371,75637,3,0.00003966312783426101
C,77,378,91022,1,0.000010986354947155633
C,77,385,71517,1,0.00001398268943048506
C,77,392,1972,0,0.0
C,77,399,29562,0,0.0
C,77,406,22167,2,0.00009022420715477963
C,77,413,63252,0,0.0
C,77,420,1438,0,0.0
C,77,427,15057,0,0.0
C,77,434,24244,1,0.00004124731892426992
C,77,441,62851,5,0.00007955322906556777
C,77,448,14388,0,0.0
C,77,455,3231,0,0.0
C,77,462,14460,2,0.00013831258644536652
C,77,469,16292,4,0.00024551927326295114
C,77,476,21608,2,0.00009255831173639393
C,77,483,375,0,0.0
C,77,490,8765,0,0.0
C,77,497,6039,0,0.0
C,77,504,29059,1,0.00003441274648129667
C,77,511,850,0,0.0
C,77,518,5801,0,0.0
C,77,525,8535,0,0.0
C,77,532,21018,1,0.000047578266247977927
C,77,539,6924,0,0.0
C,77,546,4009,0,0.0
C,77,553,6696,0,0.0
C,77,560,11233,0,0.0
C,77,567,9462,0,0.0
C,77,574,492,0,0.0
C,77,581,11806,0,0.0
C,77,588,3872,0,0.0
C,77,595,26092,0,0.0
C,77,602,131,0,0.0
C,77,609,4468,0,0.0
C,77,616,10388,0,0.0
C,77,623,29816,3,0.00010061711832573115
C,77,630,6914,0,0.0
C,77,637,610,0,0.0
C,77,644,6172,0,0.0
C,77,651,8887,0,0.0
C,77,658,12169,0,0.0
C,77,665,92,0,0.0
C,77,672,3018,0,0.0
C,77,679,2665,0,0.0
C,77,686,14737,0,0.0
C,77,693,4026,0,0.0
C,77,700,2340,1,0.00042735042735042735
C,77,707,5348,0,0.0
C,77,714,12642,0,0.0
C,77,721,6020,0,0.0
C,77,728,280,0,0.0
C,77,735,1679,0,0.0
C,77,742,4211,0,0.0
C,77,749,2721,0,0.0
C,77,756,67,0,0.0
C,77,763,1985,0,0.0
C,77,770,2164,0,0.0
C,77,777,5818,0,0.0
C,77,784,44,0,0.0
C,77,791,1516,0,0.0
C,77,798,2722,0,0.0
C,77,805,6760,1,0.00014792899408284024
C,77,812,2340,0,0.0
C,77,819,146,0,0.0
C,77,826,1390,0,0.0
C,77,833,1953,2,0.0010240655401945725
C,77,840,2476,0,0.0
C,77,847,24,0,0.0
C,77,854,1182,0,0.0
C,77,861,424,0,0.0
C,77,868,3425,0,0.0
C,77,875,79,0,0.0
C,77,882,1482,0,0.0
C,77,889,2888,0,0.0
C,77,896,4760,0,0.0
C,77,903,1732,0,0.0
C,77,910,45,0,0.0
C,77,917,1076,0,0.0
C,77,924,1871,0,0.0
C,77,931,1886,0,0.0
C,77,938,4,0,0.0
C,77,945,1161,0,0.0
C,77,952,345,0,0.0
C,77,959,2850,0,0.0
C,77,966,486,0,0.0
C,77,973,661,0,0.0
C,77,980,1553,0,0.0
C,77,987,6553,0,0.0
C,77,994,716,0,0.0
C,77,1001,4,0,0.0
C,77,1008,1878,0,0.0
C,77,1015,353,0,0.0
C,77,1022,2315,0,0.0
C,77,1029,70,0,0.0
C,77,1036,239,0,0.0
C,77,1043,159,0,0.0
C,77,1050,1613,0,0.0
C,77,1057,416,1,0.002403846153846154
C,77,1064,171,0,0.0
C,77,1071,578,0,0.0
C,77,1078,782,0,0.0
C,77,1085,1251,0,0.0
C,77,1092,5,0,0.0
C,77,1099,215,0,0.0
C,77,1106,98,0,0.0
C,77,1113,565,0,0.0
C,77,1127,79,0,0.0
C,77,1134,57,0,0.0
C,77,1141,265,0,0.0
C,77,1155,5,0,0.0
C,77,1162,132,0,0.0
C,77,1169,56,0,0.0
C,77,1176,373,0,0.0
C,77,1190,35,0,0.0
C,77,1197,16,0,0.0
C,77,1204,105,0,0.0
C,77,1218,37,0,0.0
C,77,1225,63,0,0.0
C,77,1232,282,0,0.0
C,77,1246,15,0,0.0
C,77,1253,89,0,0.0
C,77,1260,44,0,0.0
C,77,1267,152,0,0.0
C,77,1281,100,0,0.0
C,77,1288,35,0,0.0
C,77,1295,114,0,0.0
C,77,1309,25,0,0.0
C,77,1316,43,0,0.0
C,77,1323,125,0,0.0
C,77,1330,9,0,0.0
C,77,1337,4,0,0.0
C,77,1344,64,0,0.0
C,77,1351,317,0,0.0
C,77,1358,80,0,0.0
C,77,1372,113,0,0.0
C,77,1379,41,0,0.0
C,77,1386,71,0,0.0
C,77,1400,16,0,0.0
C,77,1407,16,0,0.0
C,77,1414,89,0,0.0
C,77,1421,158,0,0.0
C,77,1428,68,0,0.0
C,77,1435,56,0,0.0
C,77,1442,29,0,0.0
C,77,1449,126,0,0.0
C,77,1463,85,0,0.0
C,77,1470,33,0,0.0
C,77,1477,211,0,0.0
C,77,1491,23,0,0.0
C,77,1498,17,0,0.0
C,77,1505,66,0,0.0
C,77,1519,4,0,0.0
C,77,1526,61,0,0.0
C,77,1533,15,0,0.0
C,77,1540,165,0,0.0
C,77,1554,12,0,0.0
C,77,1561,15,0,0.0
C,77,1568,85,0,0.0
C,77,1582,13,0,0.0
C,77,1589,26,0,0.0
C,77,1596,54,0,0.0
C,77,1603,20,0,0.0
C,77,1610,7,0,0.0
C,77,1617,86,0,0.0
C,77,1624,11,0,0.0
C,77,1631,569,0,0.0
C,77,1645,85,0,0.0
C,77,1652,61,0,0.0
C,77,1659,68,0,0.0
C,77,1666,23,0,0.0
C,77,1673,10,0,0.0
C,77,1680,153,0,0.0
C,77,1687,128,0,0.0
C,77,1694,168,0,0.0
C,77,1708,58,0,0.0
C,77,1715,28,0,0.0
C,77,1722,348,0,0.0
C,77,1736,32,0,0.0
C,77,1743,27,0,0.0
C,77,1750,167,0,0.0
C,77,1757,33,0,0.0
C,77,1771,25,0,0.0
C,77,1778,131,0,0.0
C,77,1785,61,0,0.0
C,77,1792,98,0,0.0
C,77,1799,97,0,0.0
C,77,1806,27,0,0.0
C,77,1813,156,0,0.0
C,77,1827,79,0,0.0
C,77,1834,16,0,0.0
C,77,1841,66,0,0.0
C,77,1855,22,0,0.0
C,77,1862,29,0,0.0
C,77,1869,138,0,0.0
C,77,1876,3,0,0.0
C,77,1890,27,0,0.0
C,77,1897,4,0,0.0
C,77,1904,68,0,0.0
C,77,1918,8,0,0.0
C,77,1925,3,0,0.0
C,77,1932,25,0,0.0
C,77,1939,1,0,0.0
C,77,1953,18,0,0.0
C,77,1960,80,0,0.0
C,77,1967,36,0,0.0
C,77,1981,39,0,0.0
C,77,1988,16,0,0.0
C,77,1995,45,0,0.0
C,77,2016,12,0,0.0
C,77,2044,8,0,0.0
C,77,2058,14,0,0.0
C,77,2072,10,0,0.0
C,77,2079,41,0,0.0
C,77,2086,354,2,0.005649717514124294
C,77,2107,33,0,0.0
C,77,2121,47,0,0.0
C,77,2142,3,0,0.0
C,77,2149,11,0,0.0
C,77,2170,10,0,0.0
C,77,2177,1,0,0.0
C,77,2184,1,0,0.0
C,77,2198,2,0,0.0
C,84,84,792128,397,0.0005011816272117637
C,84,91,400154,148,0.00036985760482214345
C,84,98,941662,529,0.0005617726955107034
C,84,105,613554,95,0.00015483559719274914
C,84,112,1321158,336,0.00025432234448869855
C,84,119,724647,139,0.00019181753322652272
C,84,126,456379,89,0.00019501335512808434
C,84,133,451307,22,0.00004874730504955607
C,84,140,481375,47,0.00009763697740846533
C,84,147,877240,16,0.00001823902238839998
C,84,154,276421,25,0.00009044175370178098
C,84,161,331870,20,0.000060264561424654234
C,84,168,143747,49,0.00034087667916547824
C,84,175,807440,95,0.00011765580105023283
C,84,182,132144,16,0.0001210800339024095
C,84,189,160424,31,0.00019323791951328978
C,84,196,141460,22,0.00015552099533437013
C,84,203,298539,33,0.00011053832162632019
C,84,210,198959,4,0.000020104644675536166
C,84,217,66739,4,0.00005993497055694571
C,84,224,127668,13,0.00010182661277689006
C,84,231,113676,20,0.0001759386326049474
C,84,238,326431,1,3.0634345389990532e-6
C,84,245,55301,0,0.0
C,84,252,109293,2,0.000018299433632529073
C,84,259,95227,5,0.000052506116962626143
C,84,266,378677,18,0.000047533914127343354
C,84,273,83827,9,0.00010736397580731744
C,84,280,83230,4,0.000048059593896431574
C,84,287,86882,12,0.00013811836744089684
C,84,294,184981,9,0.000048653645509538816
C,84,301,117436,3,0.000025545829217616403
C,84,308,34067,1,0.000029353920216044852
C,84,315,82635,1,0.000012101409814243359
C,84,322,75450,1,0.000013253810470510272
C,84,329,205044,3,0.000014631006027974484
C,84,336,24289,0,0.0
C,84,343,71322,1,0.000014020919211463503
C,84,350,71416,2,0.000028004928867480675
C,84,357,305478,13,0.000042556256097002075
C,84,364,72803,1,0.000013735697704764914
C,84,371,22192,1,0.00004506128334534967
C,84,378,53478,0,0.0
C,84,385,65707,0,0.0
C,84,392,54334,1,0.00001840468215113925
C,84,399,1620,1,0.0006172839506172839
C,84,406,30067,0,0.0
C,84,413,18926,0,0.0
C,84,420,52937,2,0.00003778075825981828
C,84,427,1548,0,0.0
C,84,434,16558,0,0.0
C,84,441,18161,0,0.0
C,84,448,73611,8,0.0001086794093274103
C,84,455,14089,4,0.0002839094328909078
C,84,462,2827,0,0.0
C,84,469,10853,0,0.0
C,84,476,24419,3,0.0001228551537737008
C,84,483,15233,4,0.0002625878027965601
C,84,490,417,0,0.0
C,84,497,8744,0,0.0
C,84,504,6185,0,0.0
C,84,511,22503,2,0.00008887703861707328
C,84,518,889,0,0.0
C,84,525,4235,0,0.0
C,84,532,5346,0,0.0
C,84,539,27200,4,0.00014705882352941175
C,84,546,6771,1,0.0001476886722788362
C,84,553,853,0,0.0
C,84,560,5590,0,0.0
C,84,567,12594,0,0.0
C,84,574,7560,0,0.0
C,84,581,295,0,0.0
C,84,588,7070,0,0.0
C,84,595,2754,0,0.0
C,84,602,21373,0,0.0
C,84,609,50,0,0.0
C,84,616,5557,0,0.0
C,84,623,8830,5,0.0005662514156285391
C,84,630,39418,15,0.0003805368105941448
C,84,637,4702,0,0.0
C,84,644,1381,0,0.0
C,84,651,5030,0,0.0
C,84,658,14037,1,0.00007124029351000925
C,84,665,8134,0,0.0
C,84,672,13,0,0.0
C,84,679,4064,0,0.0
C,84,686,1926,0,0.0
C,84,693,10645,0,0.0
C,84,700,1879,0,0.0
C,84,707,1898,0,0.0
C,84,714,4156,0,0.0
C,84,721,6580,1,0.00015197568389057752
C,84,728,6820,0,0.0
C,84,735,39,0,0.0
C,84,742,1173,0,0.0
C,84,749,3073,0,0.0
C,84,756,1184,0,0.0
C,84,763,148,0,0.0
C,84,770,1936,0,0.0
C,84,777,1399,0,0.0
C,84,784,5459,0,0.0
C,84,791,15,0,0.0
C,84,798,1343,0,0.0
C,84,805,2039,0,0.0
C,84,812,5083,0,0.0
C,84,819,1784,0,0.0
C,84,826,14,0,0.0
C,84,833,748,0,0.0
C,84,840,2087,0,0.0
C,84,847,2415,0,0.0
C,84,854,27,0,0.0
C,84,861,1034,0,0.0
C,84,868,305,0,0.0
C,84,875,3976,0,0.0
C,84,882,73,0,0.0
C,84,889,494,0,0.0
C,84,896,1282,0,0.0
C,84,903,5001,1,0.0001999600079984003
C,84,910,1178,0,0.0
C,84,917,131,0,0.0
C,84,924,1173,0,0.0
C,84,931,2410,0,0.0
C,84,938,2351,0,0.0
C,84,945,12,0,0.0
C,84,952,366,0,0.0
C,84,959,371,0,0.0
C,84,966,3309,0,0.0
C,84,973,265,0,0.0
C,84,980,1208,0,0.0
C,84,987,1327,0,0.0
C,84,994,15298,6,0.0003922081317819323
C,84,1001,731,0,0.0
C,84,1008,1,0,0.0
C,84,1015,621,0,0.0
C,84,1022,319,0,0.0
C,84,1029,1756,0,0.0
C,84,1043,437,0,0.0
C,84,1050,263,0,0.0
C,84,1057,1207,0,0.0
C,84,1064,481,0,0.0
C,84,1071,63,0,0.0
C,84,1078,484,0,0.0
C,84,1085,482,0,0.0
C,84,1092,492,0,0.0
C,84,1106,61,0,0.0
C,84,1113,161,0,0.0
C,84,1120,54,0,0.0
C,84,1134,121,0,0.0
C,84,1141,20,0,0.0
C,84,1148,314,0,0.0
C,84,1162,5,0,0.0
C,84,1169,87,0,0.0
C,84,1176,206,0,0.0
C,84,1183,196,0,0.0
C,84,1197,30,0,0.0
C,84,1204,39,0,0.0
C,84,1211,86,0,0.0
C,84,1225,84,0,0.0
C,84,1232,52,0,0.0
C,84,1239,117,0,0.0
C,84,1253,9,0,0.0
C,84,1260,39,0,0.0
C,84,1267,95,0,0.0
C,84,1274,47,0,0.0
C,84,1288,36,0,0.0
C,84,1295,5,0,0.0
C,84,1302,105,0,0.0
C,84,1316,35,0,0.0
C,84,1323,19,0,0.0
C,84,1330,107,0,0.0
C,84,1337,135,0,0.0
C,84,1344,33,0,0.0
C,84,1351,149,0,0.0
C,84,1358,21,0,0.0
C,84,1365,152,0,0.0
C,84,1379,111,0,0.0
C,84,1386,12,0,0.0
C,84,1393,178,0,0.0
C,84,1407,9,0,0.0
C,84,1414,73,0,0.0
C,84,1421,42,0,0.0
C,84,1428,23,0,0.0
C,84,1442,143,0,0.0
C,84,1449,19,0,0.0
C,84,1456,73,0,0.0
C,84,1470,37,0,0.0
C,84,1477,33,0,0.0
C,84,1484,14,0,0.0
C,84,1498,17,0,0.0
C,84,1505,14,0,0.0
C,84,1512,93,0,0.0
C,84,1526,7,0,0.0
C,84,1533,56,0,0.0
C,84,1540,42,0,0.0
C,84,1547,93,0,0.0
C,84,1561,27,0,0.0
C,84,1568,38,0,0.0
C,84,1575,41,0,0.0
C,84,1589,23,0,0.0
C,84,1596,6,0,0.0
C,84,1603,110,0,0.0
C,84,1610,6,0,0.0
C,84,1624,60,0,0.0
C,84,1631,6,0,0.0
C,84,1638,328,0,0.0
C,84,1652,23,0,0.0
C,84,1659,16,0,0.0
C,84,1666,219,0,0.0
C,84,1673,39,0,0.0
C,84,1680,11,0,0.0
C,84,1687,58,0,0.0
C,84,1694,100,0,0.0
C,84,1701,268,0,0.0
C,84,1715,105,0,0.0
C,84,1722,54,0,0.0
C,84,1729,256,0,0.0
C,84,1743,51,0,0.0
C,84,1750,9,0,0.0
C,84,1757,130,0,0.0
C,84,1764,2,0,0.0
C,84,1771,2,0,0.0
C,84,1778,62,0,0.0
C,84,1785,86,0,0.0
C,84,1799,6,0,0.0
C,84,1806,143,0,0.0
C,84,1813,16,0,0.0
C,84,1820,124,0,0.0
C,84,1834,31,0,0.0
C,84,1841,13,0,0.0
C,84,1848,40,0,0.0
C,84,1862,8,0,0.0
C,84,1869,37,0,0.0
C,84,1876,47,0,0.0
C,84,1897,54,0,0.0
C,84,1904,2,0,0.0
C,84,1911,90,0,0.0
C,84,1932,8,0,0.0
C,84,1939,44,0,0.0
C,84,1946,3,0,0.0
C,84,1960,58,0,0.0
C,84,1967,36,0,0.0
C,84,1974,14,0,0.0
C,84,1988,12,0,0.0
C,84,1995,6,0,0.0
C,84,2002,37,0,0.0
C,84,2023,10,0,0.0
C,84,2037,17,0,0.0
C,84,2051,15,0,0.0
C,84,2058,2,0,0.0
C,84,2065,85,0,0.0
C,84,2079,87,0,0.0
C,84,2086,148,0,0.0
C,84,2093,19,0,0.0
C,84,2114,29,0,0.0
C,84,2128,15,0,0.0
C,84,2156,1,0,0.0
C,84,2191,22,0,0.0
C,91,91,641065,1301,0.0020294353926668903
C,91,98,287948,663,0.0023024990623306987
C,91,105,674586,323,0.00047881218999504884
C,91,112,461794,31,0.00006712949930055393
C,91,119,1021558,180,0.00017620144915902965
C,91,126,575169,181,0.0003146901171655635
C,91,133,373080,113,0.0003028840999249491
C,91,140,386460,30,0.0000776276975624903
C,91,147,357085,5,0.000014002268367475531
C,91,154,653180,76,0.00011635383814568726
C,91,161,236062,34,0.00014402995823131211
C,91,168,298105,23,0.00007715402291139029
C,91,175,111761,8,0.00007158132085432307
C,91,182,603248,153,0.0002536270323316447
C,91,189,97849,2,0.000020439657022555162
C,91,196,142255,71,0.0004991037221890268
C,91,203,122096,4,0.00003276110601493906
C,91,210,254472,15,0.000058945581439215316
C,91,217,167854,0,0.0
C,91,224,52089,0,0.0
C,91,231,112756,0,0.0
C,91,238,106797,0,0.0
C,91,245,270443,6,0.000022185821041772203
C,91,252,37069,0,0.0
C,91,259,102894,2,0.000019437479347678193
C,91,266,75029,0,0.0
C,91,273,340304,74,0.0002174526305891203
C,91,280,71321,0,0.0
C,91,287,70859,8,0.00011290026672688015
C,91,294,78598,0,0.0
C,91,301,140603,33,0.00023470338470729643
C,91,308,119025,0,0.0
C,91,315,24735,0,0.0
C,91,322,70032,0,0.0
C,91,329,56655,0,0.0
C,91,336,171961,2,0.000011630544135007357
C,91,343,18816,0,0.0
C,91,350,75471,0,0.0
C,91,357,68107,0,0.0
C,91,364,288987,13,0.000044984722496167645
C,91,371,43093,0,0.0
C,91,378,9234,0,0.0
C,91,385,30208,0,0.0
C,91,392,46356,0,0.0
C,91,399,44196,0,0.0
C,91,406,877,0,0.0
C,91,413,17250,0,0.0
C,91,420,15415,0,0.0
C,91,427,43171,0,0.0
C,91,434,974,0,0.0
C,91,441,15267,0,0.0
C,91,448,14262,0,0.0
C,91,455,55011,8,0.00014542546036247297
C,91,462,7827,0,0.0
C,91,469,2528,0,0.0
C,91,476,10122,0,0.0
C,91,483,12572,0,0.0
C,91,490,10075,0,0.0
C,91,497,259,0,0.0
C,91,504,7006,0,0.0
C,91,511,5259,0,0.0
C,91,518,14547,1,0.0000687426960885406
C,91,525,591,0,0.0
C,91,532,5084,0,0.0
C,91,539,5983,0,0.0
C,91,546,29835,2,0.00006703536115300821
C,91,553,6930,4,0.0005772005772005772
C,91,560,641,0,0.0
C,91,567,3345,0,0.0
C,91,574,12161,1,0.00008223007976317738
C,91,581,12887,0,0.0
C,91,588,876,0,0.0
C,91,595,6751,0,0.0
C,91,602,1842,0,0.0
C,91,609,20059,0,0.0
C,91,616,37,0,0.0
C,91,623,3901,0,0.0
C,91,630,7111,0,0.0
C,91,637,28272,4,0.0001414827391058291
C,91,644,3019,0,0.0
C,91,651,576,0,0.0
C,91,658,4308,0,0.0
C,91,665,7058,0,0.0
C,91,672,5936,0,0.0
C,91,679,251,0,0.0
C,91,686,2730,0,0.0
C,91,693,1666,0,0.0
C,91,700,9561,0,0.0
C,91,707,990,0,0.0
C,91,714,1650,0,0.0
C,91,721,2570,0,0.0
C,91,728,8524,0,0.0
C,91,735,4218,0,0.0
C,91,742,130,0,0.0
C,91,749,854,0,0.0
C,91,756,3138,0,0.0
C,91,763,1852,0,0.0
C,91,770,35,0,0.0
C,91,777,1077,0,0.0
C,91,784,1512,0,0.0
C,91,791,4698,0,0.0
C,91,798,21,0,0.0
C,91,805,1236,0,0.0
C,91,812,1430,0,0.0
C,91,819,3989,0,0.0
C,91,826,1320,1,0.0007575757575757576
C,91,833,89,0,0.0
C,91,840,1063,0,0.0
C,91,847,1500,0,0.0
C,91,854,1964,0,0.0
C,91,868,694,0,0.0
C,91,875,151,0,0.0
C,91,882,4292,0,0.0
C,91,889,28,0,0.0
C,91,896,867,0,0.0
C,91,903,1240,0,0.0
C,91,910,4351,0,0.0
C,91,917,1553,0,0.0
C,91,924,31,0,0.0
C,91,931,761,0,0.0
C,91,938,1439,0,0.0
C,91,945,2510,0,0.0
C,91,952,4,0,0.0
C,91,959,534,0,0.0
C,91,966,466,0,0.0
C,91,973,2908,0,0.0
C,91,980,200,0,0.0
C,91,987,523,0,0.0
C,91,994,1810,0,0.0
C,91,1001,11647,4,0.00034343607795998967
C,91,1008,647,0,0.0
C,91,1022,555,0,0.0
C,91,1029,304,0,0.0
C,91,1036,985,0,0.0
C,91,1050,251,0,0.0
C,91,1057,315,0,0.0
C,91,1064,970,0,0.0
C,91,1071,238,1,0.004201680672268907
C,91,1078,42,0,0.0
C,91,1085,401,0,0.0
C,91,1092,187,0,0.0
C,91,1099,521,0,0.0
C,91,1113,78,0,0.0
C,91,1120,4,0,0.0
C,91,1127,96,0,0.0
C,91,1141,38,0,0.0
C,91,1148,22,0,0.0
C,91,1155,210,0,0.0
C,91,1169,8,0,0.0
C,91,1176,207,0,0.0
C,91,1183,47,0,0.0
C,91,1190,277,0,0.0
C,91,1204,28,0,0.0
C,91,1211,9,0,0.0
C,91,1218,111,0,0.0
C,91,1232,45,0,0.0
C,91,1239,24,0,0.0
C,91,1246,237,0,0.0
C,91,1260,9,0,0.0
C,91,1267,78,0,0.0
C,91,1274,98,0,0.0
C,91,1281,136,0,0.0
C,91,1295,36,0,0.0
C,91,1309,186,0,0.0
C,91,1323,42,0,0.0
C,91,1330,14,0,0.0
C,91,1337,214,0,0.0
C,91,1344,10,0,0.0
C,91,1351,6,0,0.0
C,91,1358,52,0,0.0
C,91,1365,139,0,0.0
C,91,1372,152,0,0.0
C,91,1386,10,0,0.0
C,91,1393,19,0,0.0
C,91,1400,132,0,0.0
C,91,1414,1,0,0.0
C,91,1421,65,0,0.0
C,91,1428,102,0,0.0
C,91,1435,49,0,0.0
C,91,1449,43,0,0.0
C,91,1456,33,0,0.0
C,91,1463,405,0,0.0
C,91,1477,51,0,0.0
C,91,1484,5,0,0.0
C,91,1491,53,0,0.0
C,91,1505,20,0,0.0
C,91,1519,34,0,0.0
C,91,1533,3,0,0.0
C,91,1540,85,0,0.0
C,91,1547,5,0,0.0
C,91,1554,104,0,0.0
C,91,1568,7,0,0.0
C,91,1575,10,0,0.0
C,91,1582,119,0,0.0
C,91,1596,1,0,0.0
C,91,1603,19,0,0.0
C,91,1610,113,0,0.0
C,91,1617,7,0,0.0
C,91,1631,181,0,0.0
C,91,1638,29,0,0.0
C,91,1645,460,0,0.0
C,91,1659,7,0,0.0
C,91,1666,35,0,0.0
C,91,1673,156,0,0.0
C,91,1680,15,0,0.0
C,91,1687,2,0,0.0
C,91,1694,89,0,0.0
C,91,1701,25,0,0.0
C,91,1708,81,0,0.0
C,91,1722,112,0,0.0
C,91,1729,26,0,0.0
C,91,1736,207,0,0.0
C,91,1750,21,0,0.0
C,91,1757,39,0,0.0
C,91,1764,114,0,0.0
C,91,1771,8,0,0.0
C,91,1778,4,0,0.0
C,91,1785,34,0,0.0
C,91,1792,96,0,0.0
C,91,1799,86,0,0.0
C,91,1806,40,0,0.0
C,91,1813,50,0,0.0
C,91,1820,8,0,0.0
C,91,1827,322,0,0.0
C,91,1841,9,0,0.0
C,91,1855,190,0,0.0
C,91,1869,7,0,0.0
C,91,1876,5,0,0.0
C,91,1883,8,0,0.0
C,91,1890,7,0,0.0
C,91,1904,32,0,0.0
C,91,1911,6,0,0.0
C,91,1918,138,0,0.0
C,91,1932,7,0,0.0
C,91,1939,14,0,0.0
C,91,1946,23,0,0.0
C,91,1953,21,0,0.0
C,91,1960,2,0,0.0
C,91,1967,26,0,0.0
C,91,1974,36,0,0.0
C,91,1981,10,0,0.0
C,91,1995,12,0,0.0
C,91,2002,6,0,0.0
C,91,2009,15,0,0.0
C,91,2030,2,0,0.0
C,91,2044,15,0,0.0
C,91,2072,42,0,0.0
C,91,2093,8,0,0.0
C,91,2100,51,0,0.0
C,91,2121,15,0,0.0
C,91,2149,1,0,0.0
C,91,2163,1,0,0.0
C,91,2184,4,0,0.0
C,91,2191,2,0,0.0
C,91,2198,6,0,0.0
C,98,98,452722,404,0.0008923798710908682
C,98,105,205123,47,0.00022913081419441019
C,98,112,460748,35,0.00007596343337355777
C,98,119,310742,74,0.000238139678575796
C,98,126,820205,87,0.00010607104321480605
C,98,133,411208,52,0.00012645668372210657
C,98,140,275443,77,0.00027954967089379655
C,98,147,274023,6,0.000021895972235907206
C,98,154,266962,68,0.00025471789992583216
C,98,161,502362,38,0.00007564266405500416
C,98,168,191290,36,0.00018819593287678393
C,98,175,200265,11,0.00005492722143160313
C,98,182,80996,18,0.00022223319670107165
C,98,189,455040,189,0.0004153481012658228
C,98,196,66494,110,0.001654284597106506
C,98,203,99177,7,0.00007058088064773082
C,98,210,88994,10,0.0001123671258736544
C,98,217,209236,103,0.0004922671050870787
C,98,224,125924,13,0.00010323687303452877
C,98,231,46981,6,0.0001277112024009706
C,98,238,87479,0,0.0
C,98,245,81981,3,0.00003659384491528525
C,98,252,234587,89,0.00037939016228520764
C,98,259,29185,0,0.0
C,98,266,91766,2,0.000021794564435629754
C,98,273,61903,13,0.0002100059770931942
C,98,280,270151,156,0.0005774548308168395
C,98,287,53068,29,0.0005464686816914148
C,98,294,53636,1,0.000018644194197926765
C,98,301,54538,14,0.0002567017492390627
C,98,308,122944,156,0.0012688703800104112
C,98,315,94173,4,0.00004247501937922759
C,98,322,16426,0,0.0
C,98,329,51055,2,0.00003917344040740378
C,98,336,50419,0,0.0
C,98,343,151918,2,0.000013164996906225726
C,98,350,13990,0,0.0
C,98,357,63705,2,0.00003139470999136646
C,98,364,51032,1,0.000019595547891519047
C,98,371,163690,47,0.0002871281080090415
C,98,378,24001,0,0.0
C,98,385,4991,0,0.0
C,98,392,21067,0,0.0
C,98,399,34190,0,0.0
C,98,406,22264,0,0.0
C,98,413,624,0,0.0
C,98,420,12166,0,0.0
C,98,427,14261,0,0.0
C,98,434,41086,0,0.0
C,98,441,143,0,0.0
C,98,448,13920,0,0.0
C,98,455,13579,0,0.0
C,98,462,42123,29,0.0006884599862308002
C,98,469,4027,0,0.0
C,98,476,1760,0,0.0
C,98,483,5320,0,0.0
C,98,490,10523,0,0.0
C,98,497,11040,0,0.0
C,98,504,126,0,0.0
C,98,511,5374,1,0.00018608113137327876
C,98,518,4127,0,0.0
C,98,525,13070,0,0.0
C,98,532,145,0,0.0
C,98,539,4631,0,0.0
C,98,546,3844,0,0.0
C,98,553,17511,0,0.0
C,98,560,3639,3,0.0008244023083264633
C,98,567,945,0,0.0
C,98,574,3658,0,0.0
C,98,581,17122,0,0.0
C,98,588,7050,0,0.0
C,98,595,15,0,0.0
C,98,602,4191,0,0.0
C,98,609,800,0,0.0
C,98,616,21673,1,0.0000461403589719928
C,98,623,11,0,0.0
C,98,630,4425,4,0.000903954802259887
C,98,637,5429,0,0.0
C,98,644,24414,0,0.0
C,98,651,2769,0,0.0
C,98,658,707,1,0.0014144271570014145
C,98,665,2968,0,0.0
C,98,672,3781,0,0.0
C,98,679,5436,0,0.0
C,98,686,64,0,0.0
C,98,693,2388,0,0.0
C,98,700,1479,0,0.0
C,98,707,8525,0,0.0
C,98,714,971,0,0.0
C,98,721,969,0,0.0
C,98,728,3295,0,0.0
C,98,735,3457,0,0.0
C,98,742,2092,0,0.0
C,98,749,44,0,0.0
C,98,756,476,0,0.0
C,98,763,3512,0,0.0
C,98,770,1768,0,0.0
C,98,777,15,0,0.0
C,98,784,703,0,0.0
C,98,791,1029,0,0.0
C,98,798,4869,2,0.00041076196344218524
C,98,805,13,0,0.0
C,98,812,1094,0,0.0
C,98,819,1182,0,0.0
C,98,826,3536,0,0.0
C,98,833,916,0,0.0
C,98,840,62,1,0.016129032258064516
C,98,847,532,0,0.0
C,98,854,1094,0,0.0
C,98,861,1951,0,0.0
C,98,868,2,0,0.0
C,98,875,873,0,0.0
C,98,882,316,0,0.0
C,98,889,3812,0,0.0
C,98,896,16,0,0.0
C,98,903,489,0,0.0
C,98,910,742,0,0.0
C,98,917,3529,0,0.0
C,98,924,1027,0,0.0
C,98,931,218,0,0.0
C,98,938,614,0,0.0
C,98,945,1086,0,0.0
C,98,952,1254,0,0.0
C,98,966,606,0,0.0
C,98,973,205,0,0.0
C,98,980,3357,0,0.0
C,98,987,89,0,0.0
C,98,994,1020,0,0.0
C,98,1001,2581,3,0.001162340178225494
C,98,1008,6397,0,0.0
C,98,1015,438,0,0.0
C,98,1029,289,0,0.0
C,98,1036,241,0,0.0
C,98,1043,770,0,0.0
C,98,1057,209,0,0.0
C,98,1064,241,0,0.0
C,98,1071,691,0,0.0
C,98,1078,129,0,0.0
C,98,1085,55,0,0.0
C,98,1092,147,0,0.0
C,98,1099,30,0,0.0
C,98,1106,184,0,0.0
C,98,1120,27,0,0.0
C,98,1127,45,0,0.0
C,98,1134,161,0,0.0
C,98,1148,77,0,0.0
C,98,1155,35,0,0.0
C,98,1162,167,0,0.0
C,98,1176,26,0,0.0
C,98,1183,101,0,0.0
C,98,1190,53,0,0.0
C,98,1197,70,0,0.0
C,98,1211,26,0,0.0
C,98,1218,48,0,0.0
C,98,1225,198,0,0.0
C,98,1239,12,0,0.0
C,98,1246,58,0,0.0
C,98,1253,149,0,0.0
C,98,1267,14,0,0.0
C,98,1274,19,0,0.0
C,98,1281,121,0,0.0
C,98,1288,97,0,0.0
C,98,1302,39,0,0.0
C,98,1309,10,0,0.0
C,98,1316,166,0,0.0
C,98,1330,23,0,0.0
C,98,1337,41,0,0.0
C,98,1344,169,0,0.0
C,98,1351,19,0,0.0
C,98,1365,107,0,0.0
C,98,1372,151,0,0.0
C,98,1379,113,0,0.0
C,98,1393,15,0,0.0
C,98,1400,13,0,0.0
C,98,1407,57,0,0.0
C,98,1421,2,0,0.0
C,98,1428,39,0,0.0
C,98,1435,62,0,0.0
C,98,1442,31,0,0.0
C,98,1449,12,0,0.0
C,98,1456,32,0,0.0
C,98,1463,30,0,0.0
C,98,1470,75,0,0.0
C,98,1484,13,0,0.0
C,98,1491,25,0,0.0
C,98,1498,38,0,0.0
C,98,1512,18,0,0.0
C,98,1519,4,0,0.0
C,98,1526,125,0,0.0
C,98,1547,45,0,0.0
C,98,1554,3,0,0.0
C,98,1561,58,0,0.0
C,98,1575,7,0,0.0
C,98,1582,9,0,0.0
C,98,1589,103,0,0.0
C,98,1603,10,0,0.0
C,98,1610,15,0,0.0
C,98,1617,101,0,0.0
C,98,1624,17,0,0.0
C,98,1638,100,0,0.0
C,98,1645,7,0,0.0
C,98,1652,178,0,0.0
C,98,1666,27,0,0.0
C,98,1673,22,0,0.0
C,98,1680,367,0,0.0
C,98,1687,20,0,0.0
C,98,1694,6,0,0.0
C,98,1701,73,0,0.0
C,98,1708,16,0,0.0
C,98,1715,168,0,0.0
C,98,1729,89,0,0.0
C,98,1736,21,0,0.0
C,98,1743,159,0,0.0
C,98,1757,4,0,0.0
C,98,1764,8,0,0.0
C,98,1771,74,0,0.0
C,98,1778,14,0,0.0
C,98,1792,35,0,0.0
C,98,1799,46,0,0.0
C,98,1806,31,0,0.0
C,98,1813,21,0,0.0
C,98,1820,26,0,0.0
C,98,1827,8,0,0.0
C,98,1834,130,0,0.0
C,98,1848,23,0,0.0
C,98,1855,26,0,0.0
C,98,1862,52,0,0.0
C,98,1876,7,0,0.0
C,98,1883,1,0,0.0
C,98,1890,26,0,0.0
C,98,1897,8,0,0.0
C,98,1911,32,0,0.0
C,98,1918,8,0,0.0
C,98,1925,16,0,0.0
C,98,1939,9,0,0.0
C,98,1946,6,0,0.0
C,98,1953,26,0,0.0
C,98,1960,79,0,0.0
C,98,1967,10,0,0.0
C,98,1974,11,0,0.0
C,98,1981,40,0,0.0
C,98,1988,26,0,0.0
C,98,2002,6,0,0.0
C,98,2009,1,0,0.0
C,98,2016,25,0,0.0
C,98,2037,7,0,0.0
C,98,2051,27,0,0.0
C,98,2065,19,0,0.0
C,98,2072,15,0,0.0
C,98,2079,140,0,0.0
C,98,2100,16,0,0.0
C,98,2107,62,0,0.0
C,98,2128,6,0,0.0
C,98,2142,7,0,0.0
C,98,2156,1,0,0.0
C,98,2170,23,0,0.0
C,98,2191,11,0,0.0
C,105,105,341220,127,0.00037219389250337025
C,105,112,170561,22,0.00012898611054109674
C,105,119,361409,63,0.00017431773973531373
C,105,126,247120,94,0.0003803820006474587
C,105,133,645775,62,0.00009600867175099686
C,105,140,330575,90,0.0002722528926869848
C,105,147,237899,11,0.00004623810944980853
C,105,154,183936,15,0.00008155010438413361
C,105,161,221856,79,0.0003560868310976489
C,105,168,388995,49,0.00012596562937826965
C,105,175,126075,11,0.00008724965298433473
C,105,182,126639,3,0.00002368938478667709
C,105,189,59912,183,0.003054479903858993
C,105,196,368271,317,0.0008607791544813467
C,105,203,65851,35,0.0005315029384519597
C,105,210,74026,10,0.0001350876718990625
C,105,217,74734,155,0.0020740225332512643
C,105,224,168053,8,0.00004760402968111251
C,105,231,106028,12,0.00011317765118647904
C,105,238,45963,0,0.0
C,105,245,70511,0,0.0
C,105,252,70752,87,0.0012296472184531886
C,105,259,183687,11,0.000059884477399053826
C,105,266,31983,1,0.000031266610386767973
C,105,273,66479,0,0.0
C,105,280,49678,255,0.005133056886348081
C,105,287,210701,118,0.0005600353107009459
C,105,294,52517,2,0.00003808290648742312
C,105,301,37181,8,0.00021516365885801888
C,105,308,49129,208,0.00423375195912801
C,105,315,107885,11,0.0001019604208184641
C,105,322,78273,0,0.0
C,105,329,17501,0,0.0
C,105,336,41511,0,0.0
C,105,343,47643,0,0.0
C,105,350,147572,8,0.000054210825901932616
C,105,357,11429,0,0.0
C,105,364,52648,0,0.0
C,105,371,34300,61,0.0017784256559766763
C,105,378,110031,1,9.088347829248121e-6
C,105,385,22321,0,0.0
C,105,392,2252,0,0.0
C,105,399,15893,0,0.0
C,105,406,39535,0,0.0
C,105,413,20440,0,0.0
C,105,420,563,0,0.0
C,105,427,8812,0,0.0
C,105,434,13214,0,0.0
C,105,441,27812,2,0.00007191140514885661
C,105,448,98,0,0.0
C,105,455,8094,0,0.0
C,105,462,8849,65,0.0073454627641541415
C,105,469,31384,0,0.0
C,105,476,4625,0,0.0
C,105,483,788,0,0.0
C,105,490,4332,0,0.0
C,105,497,8709,0,0.0
C,105,504,9158,0,0.0
C,105,511,116,0,0.0
C,105,518,3490,0,0.0
C,105,525,3984,0,0.0
C,105,532,8267,1,0.00012096286440062901
C,105,539,26,0,0.0
C,105,546,5171,0,0.0
C,105,553,3641,0,0.0
C,105,560,15202,0,0.0
C,105,567,3731,0,0.0
C,105,574,789,0,0.0
C,105,581,5111,0,0.0
C,105,588,10991,0,0.0
C,105,595,7851,0,0.0
C,105,602,28,0,0.0
C,105,609,3434,0,0.0
C,105,616,725,0,0.0
C,105,623,14634,2,0.00013666803334700013
C,105,630,20,0,0.0
C,105,637,2087,1,0.0004791566842357451
C,105,644,4854,13,0.0026782035434693035
C,105,651,16602,0,0.0
C,105,658,2020,0,0.0
C,105,665,161,0,0.0
C,105,672,1627,0,0.0
C,105,679,5605,0,0.0
C,105,686,3841,0,0.0
C,105,693,54,0,0.0
C,105,700,1248,0,0.0
C,105,707,819,0,0.0
C,105,714,5511,2,0.0003629105425512611
C,105,721,150,0,0.0
C,105,728,686,0,0.0
C,105,735,1452,0,0.0
C,105,742,3712,0,0.0
C,105,749,1978,0,0.0
C,105,756,20,0,0.0
C,105,763,774,0,0.0
C,105,770,2784,0,0.0
C,105,777,1169,0,0.0
C,105,784,2,0,0.0
C,105,791,541,0,0.0
C,105,798,856,0,0.0
C,105,805,3264,0,0.0
C,105,812,2,0,0.0
C,105,819,468,0,0.0
C,105,826,870,0,0.0
C,105,833,3552,0,0.0
C,105,840,941,0,0.0
C,105,847,135,0,0.0
C,105,854,507,0,0.0
C,105,861,707,0,0.0
C,105,868,753,0,0.0
C,105,875,1,0,0.0
C,105,882,757,0,0.0
C,105,889,88,0,0.0
C,105,896,2186,0,0.0
C,105,903,31,0,0.0
C,105,910,563,0,0.0
C,105,917,723,0,0.0
C,105,924,3407,0,0.0
C,105,931,531,0,0.0
C,105,938,47,0,0.0
C,105,945,691,0,0.0
C,105,952,762,0,0.0
C,105,959,1139,0,0.0
C,105,973,368,0,0.0
C,105,980,148,0,0.0
C,105,987,2117,0,0.0
C,105,994,110,0,0.0
C,105,1001,509,0,0.0
C,105,1008,1216,1,0.0008223684210526315
C,105,1015,3072,1,0.0003255208333333333
C,105,1022,608,0,0.0
C,105,1036,166,0,0.0
C,105,1043,269,0,0.0
C,105,1050,725,0,0.0
C,105,1064,57,0,0.0
C,105,1071,74,0,0.0
C,105,1078,582,0,0.0
C,105,1085,161,0,0.0
C,105,1092,9,0,0.0
C,105,1099,231,0,0.0
C,105,1106,78,0,0.0
C,105,1113,381,0,0.0
C,105,1127,29,0,0.0
C,105,1134,101,0,0.0
C,105,1141,118,0,0.0
C,105,1155,4,0,0.0
C,105,1162,12,0,0.0
C,105,1169,135,0,0.0
C,105,1183,3,0,0.0
C,105,1190,104,0,0.0
C,105,1197,14,0,0.0
C,105,1204,57,0,0.0
C,105,1218,39,0,0.0
C,105,1225,51,0,0.0
C,105,1232,105,0,0.0
C,105,1246,20,0,0.0
C,105,1253,8,0,0.0
C,105,1260,53,0,0.0
C,105,1274,19,0,0.0
C,105,1281,60,0,0.0
C,105,1288,31,0,0.0
C,105,1295,39,0,0.0
C,105,1309,35,0,0.0
C,105,1316,1,0,0.0
C,105,1323,104,0,0.0
C,105,1337,36,0,0.0
C,105,1344,16,0,0.0
C,105,1351,146,0,0.0
C,105,1358,30,0,0.0
C,105,1372,80,0,0.0
C,105,1379,288,0,0.0
C,105,1386,50,0,0.0
C,105,1400,17,0,0.0
C,105,1407,2,0,0.0
C,105,1414,108,0,0.0
C,105,1428,4,0,0.0
C,105,1435,13,0,0.0
C,105,1442,157,0,0.0
C,105,1449,18,0,0.0
C,105,1463,100,0,0.0
C,105,1470,18,0,0.0
C,105,1477,155,0,0.0
C,105,1491,10,0,0.0
C,105,1498,9,0,0.0
C,105,1505,44,0,0.0
C,105,1519,5,0,0.0
C,105,1526,22,0,0.0
C,105,1533,82,0,0.0
C,105,1554,42,0,0.0
C,105,1561,17,0,0.0
C,105,1568,66,0,0.0
C,105,1582,44,0,0.0
C,105,1589,11,0,0.0
C,105,1596,63,0,0.0
C,105,1610,17,0,0.0
C,105,1617,10,0,0.0
C,105,1624,79,0,0.0
C,105,1645,145,0,0.0
C,105,1652,6,0,0.0
C,105,1659,55,0,0.0
C,105,1673,16,0,0.0
C,105,1680,10,0,0.0
C,105,1687,73,0,0.0
C,105,1694,107,0,0.0
C,105,1708,20,0,0.0
C,105,1715,42,0,0.0
C,105,1722,189,0,0.0
C,105,1736,42,0,0.0
C,105,1743,42,0,0.0
C,105,1750,103,0,0.0
C,105,1764,9,0,0.0
C,105,1771,11,0,0.0
C,105,1778,137,0,0.0
C,105,1785,12,0,0.0
C,105,1792,5,0,0.0
C,105,1799,24,0,0.0
C,105,1806,95,0,0.0
C,105,1813,45,0,0.0
C,105,1820,1,0,0.0
C,105,1827,93,0,0.0
C,105,1834,3,0,0.0
C,105,1841,67,0,0.0
C,105,1855,5,0,0.0
C,105,1862,12,0,0.0
C,105,1869,77,0,0.0
C,105,1890,2,0,0.0
C,105,1897,105,0,0.0
C,105,1904,8,0,0.0
C,105,1918,27,0,0.0
C,105,1925,4,0,0.0
C,105,1932,32,0,0.0
C,105,1946,5,0,0.0
C,105,1953,7,0,0.0
C,105,1960,39,0,0.0
C,105,1967,2,0,0.0
C,105,1974,6,0,0.0
C,105,1981,17,0,0.0
C,105,1988,2,0,0.0
C,105,1995,13,0,0.0
C,105,2009,3,0,0.0
C,105,2016,4,0,0.0
C,105,2023,16,0,0.0
C,105,2044,5,0,0.0
C,105,2058,8,0,0.0
C,105,2072,20,0,0.0
C,105,2079,14,0,0.0
C,105,2086,175,1,0.005714285714285714
C,105,2107,7,0,0.0
C,105,2114,90,0,0.0
C,105,2149,4,0,0.0
C,105,2170,1,0,0.0
C,105,2198,5,0,0.0
C,112,112,262006,172,0.0006564735158736823
C,112,119,123712,18,0.00014549922400413864
C,112,126,272246,68,0.00024977410136420736
C,112,133,187899,19,0.00010111815390183023
C,112,140,523036,92,0.00017589611422540706
C,112,147,262664,2,7.614290500411172e-6
C,112,154,194625,20,0.00010276172125883109
C,112,161,146214,11,0.00007523219390756015
C,112,168,187395,21,0.00011206275514288002
C,112,175,307026,9,0.000029313478337339507
C,112,182,51770,4,0.00007726482518833301
C,112,189,83854,1,0.000011925489541345673
C,112,196,49004,2,0.000040812994857562645
C,112,203,298401,48,0.00016085736978093236
C,112,210,53579,24,0.00044793669161425183
C,112,217,55357,7,0.0001264519392308109
C,112,224,54100,0,0.0
C,112,231,141066,17,0.00012051096649795132
C,112,238,95380,1,0.000010484378276368211
C,112,245,42152,2,0.00004744733345985955
C,112,252,64073,1,0.000015607198039735925
C,112,259,64613,0,0.0
C,112,266,157662,6,0.00003805609468356357
C,112,273,22884,0,0.0
C,112,280,50628,0,0.0
C,112,287,43643,1,0.000022913181953577892
C,112,294,174757,15,0.00008583347162059317
C,112,301,41632,0,0.0
C,112,308,32359,1,0.0000309033035631509
C,112,315,43969,0,0.0
C,112,322,92655,6,0.00006475635421725756
C,112,329,69139,0,0.0
C,112,336,16804,1,0.00005950964056177101
C,112,343,38573,0,0.0
C,112,350,48994,0,0.0
C,112,357,136326,0,0.0
C,112,364,11979,0,0.0
C,112,371,25610,0,0.0
C,112,378,22945,0,0.0
C,112,385,66985,0,0.0
C,112,392,14152,0,0.0
C,112,399,1360,0,0.0
C,112,406,10225,0,0.0
C,112,413,19952,1,0.00005012028869286287
C,112,420,17918,0,0.0
C,112,427,244,0,0.0
C,112,434,8470,0,0.0
C,112,441,11264,0,0.0
C,112,448,23823,0,0.0
C,112,455,348,0,0.0
C,112,462,6842,0,0.0
C,112,469,6381,0,0.0
C,112,476,30105,1,0.00003321707357581797
C,112,483,3292,0,0.0
C,112,490,909,0,0.0
C,112,497,3611,0,0.0
C,112,504,9086,0,0.0
C,112,511,6808,2,0.0002937720329024677
C,112,518,11,0,0.0
C,112,525,2627,0,0.0
C,112,532,2194,0,0.0
C,112,539,8635,0,0.0
C,112,546,19,0,0.0
C,112,553,2450,0,0.0
C,112,560,3102,0,0.0
C,112,567,9990,0,0.0
C,112,574,1660,1,0.0006024096385542169
C,112,581,1262,0,0.0
C,112,588,2802,0,0.0
C,112,595,6707,0,0.0
C,112,602,8776,0,0.0
C,112,609,3,0,0.0
C,112,616,4103,0,0.0
C,112,623,1327,0,0.0
C,112,630,13529,4,0.00029566117229654814
C,112,637,14,0,0.0
C,112,644,2201,0,0.0
C,112,651,4007,0,0.0
C,112,658,18002,5,0.0002777469170092212
C,112,665,1897,0,0.0
C,112,672,51,0,0.0
C,112,679,2102,0,0.0
C,112,686,4721,0,0.0
C,112,693,3057,0,0.0
C,112,707,1222,0,0.0
C,112,714,647,0,0.0
C,112,721,2886,0,0.0
C,112,728,384,0,0.0
C,112,735,225,0,0.0
C,112,742,950,0,0.0
C,112,749,2348,0,0.0
C,112,756,841,0,0.0
C,112,763,26,0,0.0
C,112,770,721,0,0.0
C,112,777,1455,0,0.0
C,112,784,908,0,0.0
C,112,791,4,0,0.0
C,112,798,679,0,0.0
C,112,805,1124,0,0.0
C,112,812,2335,0,0.0
C,112,826,513,0,0.0
C,112,833,704,0,0.0
C,112,840,3794,1,0.0002635740643120717
C,112,847,918,0,0.0
C,112,854,48,0,0.0
C,112,861,427,0,0.0
C,112,868,1009,0,0.0
C,112,875,668,0,0.0
C,112,889,719,0,0.0
C,112,896,128,0,0.0
C,112,903,2092,0,0.0
C,112,910,16,0,0.0
C,112,917,421,0,0.0
C,112,924,945,0,0.0
C,112,931,3379,0,0.0
C,112,938,636,0,0.0
C,112,945,41,0,0.0
C,112,952,219,0,0.0
C,112,959,538,0,0.0
C,112,966,1460,0,0.0
C,112,980,679,0,0.0
C,112,987,85,0,0.0
C,112,994,2800,0,0.0
C,112,1001,71,0,0.0
C,112,1008,749,0,0.0
C,112,1015,767,0,0.0
C,112,1022,1878,0,0.0
C,112,1029,615,0,0.0
C,112,1043,241,0,0.0
C,112,1050,277,0,0.0
C,112,1057,615,0,0.0
C,112,1071,89,0,0.0
C,112,1078,177,0,0.0
C,112,1085,188,0,0.0
C,112,1092,51,0,0.0
C,112,1099,3,0,0.0
C,112,1106,51,0,0.0
C,112,1113,31,0,0.0
C,112,1120,47,0,0.0
C,112,1134,34,0,0.0
C,112,1141,20,0,0.0
C,112,1148,124,0,0.0
C,112,1162,16,0,0.0
C,112,1169,23,0,0.0
C,112,1176,297,0,0.0
C,112,1190,11,0,0.0
C,112,1197,44,0,0.0
C,112,1204,62,0,0.0
C,112,1211,37,0,0.0
C,112,1225,22,0,0.0
C,112,1232,38,0,0.0
C,112,1239,83,0,0.0
C,112,1253,9,0,0.0
C,112,1260,16,0,0.0
C,112,1267,91,0,0.0
C,112,1281,17,0,0.0
C,112,1288,30,0,0.0
C,112,1295,49,0,0.0
C,112,1302,56,0,0.0
C,112,1316,43,0,0.0
C,112,1330,69,0,0.0
C,112,1344,24,0,0.0
C,112,1351,26,0,0.0
C,112,1358,37,0,0.0
C,112,1365,3,0,0.0
C,112,1372,24,0,0.0
C,112,1379,156,0,0.0
C,112,1386,16,0,0.0
C,112,1393,52,0,0.0
C,112,1407,9,0,0.0
C,112,1414,9,0,0.0
C,112,1421,127,0,0.0
C,112,1435,2,0,0.0
C,112,1442,39,0,0.0
C,112,1449,26,0,0.0
C,112,1456,6,0,0.0
C,112,1463,11,0,0.0
C,112,1470,22,0,0.0
C,112,1477,6,0,0.0
C,112,1484,19,0,0.0
C,112,1498,3,0,0.0
C,112,1505,9,0,0.0
C,112,1512,50,0,0.0
C,112,1526,1,0,0.0
C,112,1533,2,0,0.0
C,112,1540,94,0,0.0
C,112,1554,3,0,0.0
C,112,1561,21,0,0.0
C,112,1568,5,0,0.0
C,112,1575,30,0,0.0
C,112,1589,9,0,0.0
C,112,1596,10,0,0.0
C,112,1603,72,0,0.0
C,112,1617,2,0,0.0
C,112,1624,18,0,0.0
C,112,1631,171,0,0.0
C,112,1638,24,0,0.0
C,112,1652,37,0,0.0
C,112,1659,3,0,0.0
C,112,1666,90,0,0.0
C,112,1680,29,0,0.0
C,112,1687,14,0,0.0
C,112,1694,64,0,0.0
C,112,1701,88,0,0.0
C,112,1715,25,0,0.0
C,112,1722,72,0,0.0
C,112,1729,56,0,0.0
C,112,1743,53,0,0.0
C,112,1750,7,0,0.0
C,112,1757,136,0,0.0
C,112,1771,12,0,0.0
C,112,1778,6,0,0.0
C,112,1785,73,0,0.0
C,112,1792,1,0,0.0
C,112,1806,21,0,0.0
C,112,1813,3,0,0.0
C,112,1820,19,0,0.0
C,112,1827,6,0,0.0
C,112,1834,46,0,0.0
C,112,1841,14,0,0.0
C,112,1848,39,0,0.0
C,112,1862,5,0,0.0
C,112,1869,23,0,0.0
C,112,1876,21,0,0.0
C,112,1890,4,0,0.0
C,112,1897,9,0,0.0
C,112,1904,23,0,0.0
C,112,1911,6,0,0.0
C,112,1939,38,0,0.0
C,112,1953,2,0,0.0
C,112,1960,16,0,0.0
C,112,1967,44,0,0.0
C,112,1974,1,0,0.0
C,112,1988,3,0,0.0
C,112,1995,17,0,0.0
C,112,2002,16,0,0.0
C,112,2016,4,0,0.0
C,112,2023,19,0,0.0
C,112,2030,2,0,0.0
C,112,2051,3,0,0.0
C,112,2065,50,0,0.0
C,112,2079,26,0,0.0
C,112,2086,46,1,0.021739130434782608
C,112,2093,9,0,0.0
C,112,2107,12,0,0.0
C,112,2114,29,0,0.0
C,112,2121,35,0,0.0
C,112,2142,3,0,0.0
C,112,2156,1,0,0.0
C,112,2170,10,0,0.0
C,112,2184,1,0,0.0
C,119,119,195856,33,0.00016849113634506983
C,119,126,94427,15,0.00015885287047136943
C,119,133,238604,6,0.00002514626745570066
C,119,140,162887,9,0.000055253028172905145
C,119,147,390810,5,0.000012793940789642026
C,119,154,211409,14,0.00006622234625772791
C,119,161,170569,1,5.8627300388699e-6
C,119,168,134161,26,0.00019379700509089824
C,119,175,137911,0,0.0
C,119,182,226275,2,8.83880234228262e-6
C,119,189,39642,5,0.00012612885323646638
C,119,196,76795,24,0.00031252034637671724
C,119,203,47164,23,0.0004876600797218217
C,119,210,248222,23,0.00009265899074215823
C,119,217,40302,0,0.0
C,119,224,49891,5,0.00010021847627828666
C,119,231,51464,41,0.0007966734027669828
C,119,238,114173,1,8.758638206931586e-6
C,119,245,78165,1,0.000012793449753726092
C,119,252,24707,0,0.0
C,119,259,58578,17,0.0002902113421421011
C,119,266,60423,0,0.0
C,119,273,126127,7,0.00005549961546694998
C,119,280,20946,0,0.0
C,119,287,46596,20,0.0004292213923941969
C,119,294,38897,9,0.0002313803121063321
C,119,301,134687,5,0.000037123107649587564
C,119,308,34203,0,0.0
C,119,315,24991,0,0.0
C,119,322,36910,2,0.0000541858574911948
C,119,329,64825,0,0.0
C,119,336,57843,0,0.0
C,119,343,12403,0,0.0
C,119,350,42728,11,0.00025744242651188915
C,119,357,51918,0,0.0
C,119,364,114943,4,0.000034799857320584983
C,119,371,2520,0,0.0
C,119,378,19835,0,0.0
C,119,385,18070,0,0.0
C,119,392,48889,0,0.0
C,119,399,11888,0,0.0
C,119,406,5670,0,0.0
C,119,413,7165,0,0.0
C,119,420,14168,0,0.0
C,119,427,15908,0,0.0
C,119,434,939,0,0.0
C,119,441,7611,3,0.00039416633819471815
C,119,448,11555,0,0.0
C,119,455,20131,0,0.0
C,119,462,22,0,0.0
C,119,469,6473,0,0.0
C,119,476,6921,0,0.0
C,119,483,18388,0,0.0
C,119,490,2851,0,0.0
C,119,497,1550,0,0.0
C,119,504,3207,0,0.0
C,119,511,6174,0,0.0
C,119,518,4045,0,0.0
C,119,532,1912,0,0.0
C,119,539,2280,0,0.0
C,119,546,5618,0,0.0
C,119,553,2,0,0.0
C,119,560,2600,0,0.0
C,119,567,2639,0,0.0
C,119,574,12486,0,0.0
C,119,581,3624,0,0.0
C,119,588,793,0,0.0
C,119,595,2921,0,0.0
C,119,602,3527,0,0.0
C,119,609,5916,0,0.0
C,119,616,6,0,0.0
C,119,623,3456,8,0.0023148148148148147
C,119,630,1484,0,0.0
C,119,637,9576,1,0.00010442773600668337
C,119,651,1821,0,0.0
C,119,658,3754,0,0.0
C,119,665,9860,0,0.0
C,119,672,1898,0,0.0
C,119,679,1482,0,0.0
C,119,686,1306,0,0.0
C,119,693,4276,0,0.0
C,119,700,2396,0,0.0
C,119,714,1000,0,0.0
C,119,721,429,0,0.0
C,119,728,2926,0,0.0
C,119,735,120,0,0.0
C,119,742,244,0,0.0
C,119,749,718,0,0.0
C,119,756,2334,0,0.0
C,119,763,1508,0,0.0
C,119,770,9,0,0.0
C,119,777,357,0,0.0
C,119,784,1299,0,0.0
C,119,791,616,0,0.0
C,119,798,4,0,0.0
C,119,805,687,0,0.0
C,119,812,901,0,0.0
C,119,819,1654,0,0.0
C,119,833,773,0,0.0
C,119,840,728,0,0.0
C,119,847,2884,0,0.0
C,119,854,1061,0,0.0
C,119,861,12,0,0.0
C,119,868,352,0,0.0
C,119,875,1049,0,0.0
C,119,882,673,0,0.0
C,119,896,478,0,0.0
C,119,903,117,0,0.0
C,119,910,1234,0,0.0
C,119,924,572,0,0.0
C,119,931,597,0,0.0
C,119,938,2347,0,0.0
C,119,945,698,0,0.0
C,119,952,21,0,0.0
C,119,959,407,0,0.0
C,119,966,451,0,0.0
C,119,973,875,0,0.0
C,119,987,568,0,0.0
C,119,994,82,0,0.0
C,119,1001,2787,0,0.0
C,119,1008,59,0,0.0
C,119,1015,487,0,0.0
C,119,1022,779,0,0.0
C,119,1029,812,0,0.0
C,119,1036,327,0,0.0
C,119,1050,189,0,0.0
C,119,1057,105,0,0.0
C,119,1064,362,0,0.0
C,119,1078,26,0,0.0
C,119,1085,70,0,0.0
C,119,1092,104,0,0.0
C,119,1099,20,0,0.0
C,119,1106,14,0,0.0
C,119,1113,105,0,0.0
C,119,1127,76,0,0.0
C,119,1141,1,0,0.0
C,119,1148,6,0,0.0
C,119,1155,91,0,0.0
C,119,1169,18,0,0.0
C,119,1176,26,0,0.0
C,119,1183,111,0,0.0
C,119,1197,3,0,0.0
C,119,1204,60,0,0.0
C,119,1211,15,0,0.0
C,119,1218,95,0,0.0
C,119,1232,39,0,0.0
C,119,1239,18,0,0.0
C,119,1246,114,0,0.0
C,119,1260,6,0,0.0
C,119,1267,28,0,0.0
C,119,1274,58,0,0.0
C,119,1295,21,0,0.0
C,119,1302,20,0,0.0
C,119,1309,81,0,0.0
C,119,1323,23,0,0.0
C,119,1337,237,0,0.0
C,119,1351,44,0,0.0
C,119,1358,12,0,0.0
C,119,1365,143,0,0.0
C,119,1372,6,0,0.0
C,119,1386,26,0,0.0
C,119,1393,53,0,0.0
C,119,1400,70,0,0.0
C,119,1414,45,0,0.0
C,119,1421,10,0,0.0
C,119,1428,104,0,0.0
C,119,1449,8,0,0.0
C,119,1456,15,0,0.0
C,119,1463,84,0,0.0
C,119,1470,8,0,0.0
C,119,1477,49,0,0.0
C,119,1484,1,0,0.0
C,119,1491,40,0,0.0
C,119,1505,4,0,0.0
C,119,1512,6,0,0.0
C,119,1519,12,0,0.0
C,119,1533,21,0,0.0
C,119,1540,6,0,0.0
C,119,1547,64,0,0.0
C,119,1568,34,0,0.0
C,119,1575,11,0,0.0
C,119,1582,116,0,0.0
C,119,1596,8,0,0.0
C,119,1603,7,0,0.0
C,119,1610,80,0,0.0
C,119,1624,1,0,0.0
C,119,1631,29,0,0.0
C,119,1638,109,0,0.0
C,119,1645,2,0,0.0
C,119,1659,27,0,0.0
C,119,1666,26,0,0.0
C,119,1673,90,0,0.0
C,119,1687,21,0,0.0
C,119,1694,48,0,0.0
C,119,1701,62,0,0.0
C,119,1708,7,0,0.0
C,119,1715,5,0,0.0
C,119,1722,44,0,0.0
C,119,1729,128,0,0.0
C,119,1736,18,0,0.0
C,119,1750,21,0,0.0
C,119,1757,7,0,0.0
C,119,1764,76,0,0.0
C,119,1778,40,0,0.0
C,119,1785,3,0,0.0
C,119,1792,94,0,0.0
C,119,1799,12,0,0.0
C,119,1813,27,0,0.0
C,119,1820,22,0,0.0
C,119,1827,23,0,0.0
C,119,1834,9,0,0.0
C,119,1841,13,0,0.0
C,119,1855,96,0,0.0
C,119,1869,5,0,0.0
C,119,1876,2,0,0.0
C,119,1883,5,0,0.0
C,119,1897,4,0,0.0
C,119,1904,12,0,0.0
C,119,1911,26,0,0.0
C,119,1918,26,0,0.0
C,119,1932,14,0,0.0
C,119,1939,5,0,0.0
C,119,1946,43,0,0.0
C,119,1960,3,0,0.0
C,119,1967,13,0,0.0
C,119,1974,25,0,0.0
C,119,1981,5,0,0.0
C,119,1988,3,0,0.0
C,119,2002,9,0,0.0
C,119,2009,2,0,0.0
C,119,2030,1,0,0.0
C,119,2037,4,0,0.0
C,119,2058,2,0,0.0
C,119,2072,35,0,0.0
C,119,2086,37,0,0.0
C,119,2093,3,0,0.0
C,119,2100,19,0,0.0
C,119,2121,9,0,0.0
C,119,2128,17,0,0.0
C,119,2149,6,0,0.0
C,119,2163,1,0,0.0
C,119,2177,1,0,0.0
C,119,2191,18,0,0.0
C,126,126,163800,71,0.00043345543345543346
C,126,133,77265,1,0.000012942470717660001
C,126,140,188406,41,0.00021761515026060742
C,126,147,135776,2,0.000014730143766203159
C,126,154,294655,1,3.3937995282618657e-6
C,126,161,167520,8,0.00004775549188156638
C,126,168,134143,5,0.00003727365572560625
C,126,175,102325,5,0.00004886391399951136
C,126,182,104868,1,9.535797383377198e-6
C,126,189,182657,57,0.000312060309760918
C,126,196,45977,53,0.001152750288187572
C,126,203,65952,2,0.000030325084910237748
C,126,210,35004,0,0.0
C,126,217,223526,43,0.00019237135724703167
C,126,224,35321,10,0.00028311769202457463
C,126,231,42663,3,0.00007031854299978904
C,126,238,42703,1,0.000023417558485352318
C,126,245,101775,2,0.000019651191353475805
C,126,252,72933,14,0.0001919570016316345
C,126,259,19599,0,0.0
C,126,266,52134,0,0.0
C,126,273,57188,1,0.00001748618591312863
C,126,280,110348,54,0.0004893609308732374
C,126,287,19120,14,0.0007322175732217573
C,126,294,40163,1,0.000024898538455792647
C,126,301,29408,0,0.0
C,126,308,137199,47,0.00034256809451963937
C,126,315,27370,1,0.00003653635367190354
C,126,322,19373,0,0.0
C,126,329,28142,1,0.000035534077180015636
C,126,336,60623,0,0.0
C,126,343,55849,6,0.00010743254131676485
C,126,350,10140,0,0.0
C,126,357,37017,1,0.000027014614906664506
C,126,364,47517,0,0.0
C,126,371,79647,18,0.00022599721270104335
C,126,378,274,0,0.0
C,126,385,11098,0,0.0
C,126,392,12386,0,0.0
C,126,399,45281,1,0.00002208431792584086
C,126,406,6736,0,0.0
C,126,413,1749,0,0.0
C,126,420,5864,0,0.0
C,126,427,10356,0,0.0
C,126,434,13237,0,0.0
C,126,441,221,0,0.0
C,126,448,6774,0,0.0
C,126,455,7672,0,0.0
C,126,462,14278,7,0.0004902647429611991
C,126,469,3,0,0.0
C,126,476,6479,0,0.0
C,126,483,4805,0,0.0
C,126,490,14970,0,0.0
C,126,497,3187,0,0.0
C,126,504,622,0,0.0
C,126,511,2497,1,0.00040048057669203043
C,126,518,4887,0,0.0
C,126,525,3856,0,0.0
C,126,532,19,0,0.0
C,126,539,2856,0,0.0
C,126,546,7597,0,0.0
C,126,553,6509,0,0.0
C,126,560,18,0,0.0
C,126,567,2998,0,0.0
C,126,574,1561,0,0.0
C,126,581,19124,0,0.0
C,126,588,2716,0,0.0
C,126,595,656,0,0.0
C,126,602,2339,0,0.0
C,126,609,3611,0,0.0
C,126,616,7844,0,0.0
C,126,623,7,0,0.0
C,126,630,3139,8,0.002548582351067219
C,126,637,710,0,0.0
C,126,644,7242,2,0.00027616680475006904
C,126,658,2577,0,0.0
C,126,665,3241,0,0.0
C,126,672,6804,0,0.0
C,126,679,2364,3,0.0012690355329949238
C,126,686,433,0,0.0
C,126,693,1352,0,0.0
C,126,700,1523,0,0.0
C,126,707,1955,0,0.0
C,126,714,11,0,0.0
C,126,721,606,0,0.0
C,126,728,690,0,0.0
C,126,735,1821,0,0.0
C,126,742,40,0,0.0
C,126,749,216,0,0.0
C,126,756,330,0,0.0
C,126,763,4101,0,0.0
C,126,770,1368,0,0.0
C,126,777,8,0,0.0
C,126,784,230,0,0.0
C,126,791,707,0,0.0
C,126,798,491,0,0.0
C,126,805,6,0,0.0
C,126,812,379,0,0.0
C,126,819,484,0,0.0
C,126,826,1636,0,0.0
C,126,840,754,0,0.0
C,126,847,859,0,0.0
C,126,854,2504,1,0.00039936102236421724
C,126,861,988,0,0.0
C,126,868,12,0,0.0
C,126,875,295,0,0.0
C,126,882,974,0,0.0
C,126,889,412,0,0.0
C,126,903,371,0,0.0
C,126,910,110,0,0.0
C,126,917,1470,0,0.0
C,126,931,365,0,0.0
C,126,938,646,0,0.0
C,126,945,2106,0,0.0
C,126,952,434,0,0.0
C,126,959,35,0,0.0
C,126,966,363,0,0.0
C,126,973,619,0,0.0
C,126,980,724,0,0.0
C,126,994,1086,2,0.001841620626151013
C,126,1001,122,0,0.0
C,126,1008,1741,0,0.0
C,126,1015,69,0,0.0
C,126,1022,150,0,0.0
C,126,1029,363,0,0.0
C,126,1036,829,0,0.0
C,126,1043,348,0,0.0
C,126,1057,169,0,0.0
C,126,1064,81,0,0.0
C,126,1071,193,0,0.0
C,126,1085,7,0,0.0
C,126,1092,37,0,0.0
C,126,1099,257,0,0.0
C,126,1106,29,0,0.0
C,126,1113,24,0,0.0
C,126,1120,10,0,0.0
C,126,1127,48,0,0.0
C,126,1134,106,0,0.0
C,126,1148,26,0,0.0
C,126,1155,30,0,0.0
C,126,1162,71,0,0.0
C,126,1176,41,0,0.0
C,126,1183,13,0,0.0
C,126,1190,138,0,0.0
C,126,1204,9,0,0.0
C,126,1211,9,0,0.0
C,126,1218,34,0,0.0
C,126,1225,125,0,0.0
C,126,1239,12,0,0.0
C,126,1246,23,0,0.0
C,126,1253,54,0,0.0
C,126,1267,22,0,0.0
C,126,1274,7,0,0.0
C,126,1281,120,0,0.0
C,126,1295,15,0,0.0
C,126,1302,33,0,0.0
C,126,1309,50,0,0.0
C,126,1316,58,0,0.0
C,126,1330,19,0,0.0
C,126,1337,5,0,0.0
C,126,1344,92,0,0.0
C,126,1358,5,0,0.0
C,126,1365,20,0,0.0
C,126,1372,151,0,0.0
C,126,1393,79,0,0.0
C,126,1400,32,0,0.0
C,126,1407,30,0,0.0
C,126,1421,27,0,0.0
C,126,1428,14,0,0.0
C,126,1435,35,0,0.0
C,126,1449,3,0,0.0
C,126,1456,5,0,0.0
C,126,1463,83,0,0.0
C,126,1470,12,0,0.0
C,126,1484,8,0,0.0
C,126,1491,18,0,0.0
C,126,1498,23,0,0.0
C,126,1512,13,0,0.0
C,126,1519,3,0,0.0
C,126,1526,40,0,0.0
C,126,1540,8,0,0.0
C,126,1547,6,0,0.0
C,126,1554,49,0,0.0
C,126,1575,24,0,0.0
C,126,1582,10,0,0.0
C,126,1589,71,0,0.0
C,126,1603,4,0,0.0
C,126,1610,8,0,0.0
C,126,1617,78,0,0.0
C,126,1631,18,0,0.0
C,126,1638,40,0,0.0
C,126,1645,191,0,0.0
C,126,1652,10,0,0.0
C,126,1666,78,0,0.0
C,126,1673,48,0,0.0
C,126,1680,189,0,0.0
C,126,1694,12,0,0.0
C,126,1701,36,0,0.0
C,126,1708,55,0,0.0
C,126,1715,80,0,0.0
C,126,1729,54,0,0.0
C,126,1736,78,0,0.0
C,126,1743,42,0,0.0
C,126,1757,23,0,0.0
C,126,1764,3,0,0.0
C,126,1771,62,0,0.0
C,126,1785,14,0,0.0
C,126,1792,1,0,0.0
C,126,1799,55,0,0.0
C,126,1806,8,0,0.0
C,126,1820,1,0,0.0
C,126,1827,103,0,0.0
C,126,1834,15,0,0.0
C,126,1848,12,0,0.0
C,126,1855,11,0,0.0
C,126,1862,34,0,0.0
C,126,1876,2,0,0.0
C,126,1883,1,0,0.0
C,126,1890,18,0,0.0
C,126,1904,2,0,0.0
C,126,1911,7,0,0.0
C,126,1918,24,0,0.0
C,126,1925,6,0,0.0
C,126,1939,27,0,0.0
C,126,1946,3,0,0.0
C,126,1953,26,0,0.0
C,126,1967,2,0,0.0
C,126,1974,5,0,0.0
C,126,1981,42,0,0.0
C,126,1988,13,0,0.0
C,126,1995,7,0,0.0
C,126,2002,4,0,0.0
C,126,2016,17,0,0.0
C,126,2044,19,0,0.0
C,126,2065,21,0,0.0
C,126,2079,81,0,0.0
C,126,2107,23,0,0.0
C,126,2128,4,0,0.0
C,126,2135,1,0,0.0
C,126,2170,11,0,0.0
C,126,2191,7,0,0.0
C,126,2198,2,0,0.0
C,133,133,131148,40,0.00030499893250373624
C,133,140,65432,1,0.000015283041936667073
C,133,147,177304,23,0.0001297207056806389
C,133,154,104184,0,0.0
C,133,161,264168,13,0.000049211108082735226
C,133,168,138396,3,0.000021676927078817306
C,133,175,96597,1,0.000010352288373344928
C,133,182,77710,0,0.0
C,133,189,78171,2,0.000025584935589924653
C,133,196,153565,26,0.0001693094129521701
C,133,203,33559,6,0.00017878959444560325
C,133,210,54757,0,0.0
C,133,217,31851,0,0.0
C,133,224,189838,1,5.267649258841749e-6
C,133,231,36975,3,0.00008113590263691683
C,133,238,42774,6,0.00014027212792818068
C,133,245,39208,0,0.0
C,133,252,80733,0,0.0
C,133,259,62698,0,0.0
C,133,266,23969,0,0.0
C,133,273,41435,2,0.00004826837214914927
C,133,280,42292,0,0.0
C,133,287,86891,3,0.00003452601535256816
C,133,294,15471,0,0.0
C,133,301,32808,2,0.000060960741282614
C,133,308,29884,1,0.0000334627225271048
C,133,315,131854,11,0.00008342560711089538
C,133,322,28208,0,0.0
C,133,329,17786,0,0.0
C,133,336,26284,0,0.0
C,133,343,58381,0,0.0
C,133,350,52068,1,0.000019205654144580165
C,133,357,11411,4,0.0003505389536412234
C,133,364,36750,2,0.000054421768707482996
C,133,371,25732,0,0.0
C,133,378,50902,1,0.000019645593493379434
C,133,385,164,0,0.0
C,133,392,9045,0,0.0
C,133,399,11686,0,0.0
C,133,406,43541,0,0.0
C,133,413,9011,0,0.0
C,133,420,683,0,0.0
C,133,427,4952,0,0.0
C,133,434,10116,0,0.0
C,133,441,9571,0,0.0
C,133,448,832,0,0.0
C,133,455,5122,0,0.0
C,133,462,5493,0,0.0
C,133,469,10766,0,0.0
C,133,483,4299,0,0.0
C,133,490,3595,0,0.0
C,133,497,15602,0,0.0
C,133,504,3773,0,0.0
C,133,511,572,0,0.0
C,133,518,1919,0,0.0
C,133,525,3401,0,0.0
C,133,532,1935,0,0.0
C,133,546,2238,0,0.0
C,133,553,4448,0,0.0
C,133,560,4700,0,0.0
C,133,567,3,0,0.0
C,133,574,2702,0,0.0
C,133,581,3148,0,0.0
C,133,588,12590,0,0.0
C,133,595,3810,0,0.0
C,133,602,127,0,0.0
C,133,609,1478,0,0.0
C,133,616,2479,0,0.0
C,133,623,3736,0,0.0
C,133,630,14,0,0.0
C,133,637,3093,0,0.0
C,133,644,416,0,0.0
C,133,651,7556,0,0.0
C,133,665,1023,0,0.0
C,133,672,1884,0,0.0
C,133,679,7246,0,0.0
C,133,686,2201,0,0.0
C,133,693,141,0,0.0
C,133,700,1134,0,0.0
C,133,707,1980,0,0.0
C,133,714,1118,0,0.0
C,133,721,2,0,0.0
C,133,728,695,0,0.0
C,133,735,390,0,0.0
C,133,742,1241,0,0.0
C,133,749,42,0,0.0
C,133,756,247,0,0.0
C,133,763,942,0,0.0
C,133,770,2524,0,0.0
C,133,777,1366,0,0.0
C,133,784,13,0,0.0
C,133,791,193,0,0.0
C,133,798,855,0,0.0
C,133,805,499,0,0.0
C,133,812,102,0,0.0
C,133,819,201,0,0.0
C,133,826,101,0,0.0
C,133,833,1471,0,0.0
C,133,847,628,0,0.0
C,133,854,958,0,0.0
C,133,861,2668,0,0.0
C,133,868,578,0,0.0
C,133,875,79,0,0.0
C,133,882,358,0,0.0
C,133,889,997,0,0.0
C,133,896,234,0,0.0
C,133,910,482,0,0.0
C,133,917,114,0,0.0
C,133,924,1472,0,0.0
C,133,938,402,0,0.0
C,133,945,579,0,0.0
C,133,952,1142,0,0.0
C,133,959,544,0,0.0
C,133,966,36,0,0.0
C,133,973,257,0,0.0
C,133,980,1104,0,0.0
C,133,987,377,0,0.0
C,133,1001,1106,0,0.0
C,133,1008,211,0,0.0
C,133,1015,785,0,0.0
C,133,1022,74,0,0.0
C,133,1029,35,0,0.0
C,133,1036,260,0,0.0
C,133,1043,825,0,0.0
C,133,1050,280,0,0.0
C,133,1064,132,0,0.0
C,133,1071,136,0,0.0
C,133,1078,200,0,0.0
C,133,1092,8,0,0.0
C,133,1099,37,0,0.0
C,133,1106,51,0,0.0
C,133,1113,47,0,0.0
C,133,1127,42,0,0.0
C,133,1134,70,0,0.0
C,133,1141,96,0,0.0
C,133,1155,4,0,0.0
C,133,1162,7,0,0.0
C,133,1169,54,0,0.0
C,133,1183,21,0,0.0
C,133,1190,15,0,0.0
C,133,1197,52,0,0.0
C,133,1211,1,0,0.0
C,133,1218,95,0,0.0
C,133,1225,85,0,0.0
C,133,1232,91,0,0.0
C,133,1246,29,0,0.0
C,133,1253,19,0,0.0
C,133,1260,16,0,0.0
C,133,1274,22,0,0.0
C,133,1281,4,0,0.0
C,133,1288,97,0,0.0
C,133,1302,2,0,0.0
C,133,1309,37,0,0.0
C,133,1316,61,0,0.0
C,133,1323,11,0,0.0
C,133,1337,48,0,0.0
C,133,1344,3,0,0.0
C,133,1351,102,0,0.0
C,133,1365,19,0,0.0
C,133,1372,20,0,0.0
C,133,1379,167,0,0.0
C,133,1386,16,0,0.0
C,133,1400,35,0,0.0
C,133,1407,33,0,0.0
C,133,1414,50,0,0.0
C,133,1428,20,0,0.0
C,133,1435,7,0,0.0
C,133,1442,89,0,0.0
C,133,1456,1,0,0.0
C,133,1463,38,0,0.0
C,133,1470,16,0,0.0
C,133,1477,38,0,0.0
C,133,1491,28,0,0.0
C,133,1498,9,0,0.0
C,133,1505,28,0,0.0
C,133,1519,2,0,0.0
C,133,1526,11,0,0.0
C,133,1533,25,0,0.0
C,133,1547,1,0,0.0
C,133,1554,16,0,0.0
C,133,1561,30,0,0.0
C,133,1575,2,0,0.0
C,133,1582,79,0,0.0
C,133,1589,19,0,0.0
C,133,1596,49,0,0.0
C,133,1610,25,0,0.0
C,133,1617,14,0,0.0
C,133,1624,50,0,0.0
C,133,1638,4,0,0.0
C,133,1645,19,0,0.0
C,133,1652,105,0,0.0
C,133,1659,8,0,0.0
C,133,1673,44,0,0.0
C,133,1680,10,0,0.0
C,133,1687,88,0,0.0
C,133,1701,6,0,0.0
C,133,1715,37,0,0.0
C,133,1722,39,0,0.0
C,133,1729,3,0,0.0
C,133,1736,42,0,0.0
C,133,1743,71,0,0.0
C,133,1750,41,0,0.0
C,133,1764,29,0,0.0
C,133,1771,36,0,0.0
C,133,1778,116,0,0.0
C,133,1792,6,0,0.0
C,133,1799,12,0,0.0
C,133,1806,84,0,0.0
C,133,1813,3,0,0.0
C,133,1827,18,0,0.0
C,133,1834,54,0,0.0
C,133,1841,6,0,0.0
C,133,1855,13,0,0.0
C,133,1862,3,0,0.0
C,133,1869,62,0,0.0
C,133,1883,1,0,0.0
C,133,1890,2,0,0.0
C,133,1897,45,0,0.0
C,133,1911,7,0,0.0
C,133,1918,6,0,0.0
C,133,1932,15,0,0.0
C,133,1946,8,0,0.0
C,133,1953,8,0,0.0
C,133,1960,113,0,0.0
C,133,1974,20,0,0.0
C,133,1981,5,0,0.0
C,133,1988,6,0,0.0
C,133,1995,3,0,0.0
C,133,2009,3,0,0.0
C,133,2023,10,0,0.0
C,133,2037,1,0,0.0
C,133,2044,4,0,0.0
C,133,2051,18,0,0.0
C,133,2072,18,0,0.0
C,133,2086,84,0,0.0
C,133,2100,8,0,0.0
C,133,2114,32,0,0.0
C,133,2142,6,0,0.0
C,133,2198,1,0,0.0
C,140,140,117829,28,0.00023763250133668282
C,140,147,68868,0,0.0
C,140,154,153618,6,0.00003905792289966019
C,140,161,79308,17,0.00021435416351439954
C,140,168,238294,19,0.0000797334385255189
C,140,175,116899,6,0.00005132635865148547
C,140,182,45322,0,0.0
C,140,189,64003,147,0.002296767339030983
C,140,196,77647,83,0.0010689402037425786
C,140,203,144036,2,0.000013885417534505263
C,140,210,25515,6,0.00023515579071134627
C,140,217,53826,107,0.0019878868948092
C,140,224,27557,19,0.0006894799869361686
C,140,231,190434,24,0.00012602791518321309
C,140,238,36038,0,0.0
C,140,245,45244,0,0.0
C,140,252,33167,24,0.0007236108179817289
C,140,259,80042,6,0.00007496064566102797
C,140,266,56348,0,0.0
C,140,273,20258,1,0.00004936321453253036
C,140,280,35356,116,0.0032809141305577554
C,140,287,42220,19,0.00045002368545712934
C,140,294,91697,3,0.00003271644655768455
C,140,301,10948,0,0.0
C,140,308,36653,130,0.0035467765257959786
C,140,315,29197,12,0.0004110011302531082
C,140,322,127876,8,0.00006256060558666207
C,140,329,27690,5,0.00018057060310581438
C,140,336,20187,0,0.0
C,140,343,22693,8,0.00035253161767946064
C,140,350,72581,3,0.00004133313126024717
C,140,357,59444,0,0.0
C,140,364,9872,0,0.0
C,140,371,20178,50,0.0024779462781246903
C,140,378,21471,0,0.0
C,140,385,37342,0,0.0
C,140,392,80,0,0.0
C,140,399,9371,4,0.00042684878881656173
C,140,406,8914,0,0.0
C,140,413,32928,0,0.0
C,140,420,9427,0,0.0
C,140,427,591,0,0.0
C,140,434,4275,0,0.0
C,140,441,8910,0,0.0
C,140,448,9884,0,0.0
C,140,455,413,0,0.0
C,140,462,3729,6,0.0016090104585679806
C,140,469,4840,0,0.0
C,140,476,12240,0,0.0
C,140,490,4329,0,0.0
C,140,497,3953,0,0.0
C,140,504,17205,1,0.00005812263876780006
C,140,511,3409,0,0.0
C,140,518,605,0,0.0
C,140,525,2112,0,0.0
C,140,532,3098,0,0.0
C,140,539,1807,0,0.0
C,140,546,238,0,0.0
C,140,553,2019,0,0.0
C,140,560,1913,0,0.0
C,140,567,3012,0,0.0
C,140,574,5,0,0.0
C,140,581,5388,0,0.0
C,140,588,2940,0,0.0
C,140,595,11901,1,0.00008402655239055541
C,140,602,2815,0,0.0
C,140,609,124,0,0.0
C,140,616,1877,0,0.0
C,140,623,2724,0,0.0
C,140,630,3394,0,0.0
C,140,637,5,0,0.0
C,140,644,2456,16,0.006514657980456026
C,140,651,867,0,0.0
C,140,658,6953,0,0.0
C,140,672,1196,0,0.0
C,140,679,2571,0,0.0
C,140,686,8087,0,0.0
C,140,693,1772,0,0.0
C,140,700,148,0,0.0
C,140,707,1098,0,0.0
C,140,714,1964,0,0.0
C,140,721,791,0,0.0
C,140,735,174,0,0.0
C,140,742,231,0,0.0
C,140,749,840,0,0.0
C,140,756,17,0,0.0
C,140,763,387,0,0.0
C,140,770,746,0,0.0
C,140,777,2108,0,0.0
C,140,784,1479,0,0.0
C,140,791,4,0,0.0
C,140,798,243,0,0.0
C,140,805,636,0,0.0
C,140,812,575,0,0.0
C,140,826,138,0,0.0
C,140,833,161,0,0.0
C,140,840,1636,0,0.0
C,140,854,589,0,0.0
C,140,861,862,0,0.0
C,140,868,1403,2,0.0014255167498218105
C,140,875,496,0,0.0
C,140,882,46,0,0.0
C,140,889,485,0,0.0
C,140,896,632,0,0.0
C,140,903,344,0,0.0
C,140,917,488,0,0.0
C,140,924,57,0,0.0
C,140,931,1312,0,0.0
C,140,945,549,0,0.0
C,140,952,288,0,0.0
C,140,959,1288,1,0.0007763975155279503
C,140,966,616,0,0.0
C,140,973,10,0,0.0
C,140,980,279,0,0.0
C,140,987,719,0,0.0
C,140,994,361,0,0.0
C,140,1008,683,1,0.0014641288433382138
C,140,1015,120,0,0.0
C,140,1022,550,0,0.0
C,140,1029,126,0,0.0
C,140,1036,71,0,0.0
C,140,1043,319,0,0.0
C,140,1050,879,0,0.0
C,140,1057,361,0,0.0
C,140,1071,82,0,0.0
C,140,1078,39,0,0.0
C,140,1085,88,0,0.0
C,140,1099,38,0,0.0
C,140,1106,10,0,0.0
C,140,1113,151,0,0.0
C,140,1127,13,0,0.0
C,140,1134,65,0,0.0
C,140,1141,23,0,0.0
C,140,1148,165,0,0.0
C,140,1162,8,0,0.0
C,140,1169,6,0,0.0
C,140,1176,85,0,0.0
C,140,1190,11,0,0.0
C,140,1204,81,0,0.0
C,140,1218,22,0,0.0
C,140,1225,86,0,0.0
C,140,1232,46,0,0.0
C,140,1239,61,0,0.0
C,140,1253,9,0,0.0
C,140,1260,17,0,0.0
C,140,1267,59,0,0.0
C,140,1281,26,0,0.0
C,140,1288,4,0,0.0
C,140,1295,38,0,0.0
C,140,1309,7,0,0.0
C,140,1316,60,0,0.0
C,140,1323,52,0,0.0
C,140,1330,19,0,0.0
C,140,1344,12,0,0.0
C,140,1358,41,0,0.0
C,140,1372,32,0,0.0
C,140,1379,20,0,0.0
C,140,1386,28,0,0.0
C,140,1393,11,0,0.0
C,140,1407,18,0,0.0
C,140,1414,24,0,0.0
C,140,1421,112,0,0.0
C,140,1435,5,0,0.0
C,140,1442,3,0,0.0
C,140,1449,30,0,0.0
C,140,1463,2,0,0.0
C,140,1470,7,0,0.0
C,140,1477,31,0,0.0
C,140,1491,2,0,0.0
C,140,1498,9,0,0.0
C,140,1505,5,0,0.0
C,140,1512,69,0,0.0
C,140,1526,1,0,0.0
C,140,1540,31,0,0.0
C,140,1554,4,0,0.0
C,140,1561,3,0,0.0
C,140,1568,50,0,0.0
C,140,1575,9,0,0.0
C,140,1582,3,0,0.0
C,140,1589,49,0,0.0
C,140,1596,5,0,0.0
C,140,1603,106,0,0.0
C,140,1617,10,0,0.0
C,140,1624,12,0,0.0
C,140,1631,48,0,0.0
C,140,1645,29,0,0.0
C,140,1652,19,0,0.0
C,140,1659,35,0,0.0
C,140,1666,16,0,0.0
C,140,1680,59,0,0.0
C,140,1687,9,0,0.0
C,140,1694,160,0,0.0
C,140,1708,11,0,0.0
C,140,1715,12,0,0.0
C,140,1722,93,0,0.0
C,140,1729,13,0,0.0
C,140,1736,7,0,0.0
C,140,1743,38,0,0.0
C,140,1750,8,0,0.0
C,140,1757,55,0,0.0
C,140,1771,14,0,0.0
C,140,1778,18,0,0.0
C,140,1785,102,0,0.0
C,140,1799,19,0,0.0
C,140,1806,18,0,0.0
C,140,1813,25,0,0.0
C,140,1820,4,0,0.0
C,140,1827,18,0,0.0
C,140,1834,19,0,0.0
C,140,1841,20,0,0.0
C,140,1862,7,0,0.0
C,140,1869,22,0,0.0
C,140,1876,29,0,0.0
C,140,1890,1,0,0.0
C,140,1897,6,0,0.0
C,140,1904,12,0,0.0
C,140,1918,5,0,0.0
C,140,1925,3,0,0.0
C,140,1932,20,0,0.0
C,140,1939,11,0,0.0
C,140,1953,15,0,0.0
C,140,1960,2,0,0.0
C,140,1967,63,0,0.0
C,140,1981,3,0,0.0
C,140,1988,1,0,0.0
C,140,1995,11,0,0.0
C,140,2002,3,0,0.0
C,140,2016,13,0,0.0
C,140,2030,3,0,0.0
C,140,2044,2,0,0.0
C,140,2051,9,0,0.0
C,140,2058,8,0,0.0
C,140,2079,5,0,0.0
C,140,2093,8,0,0.0
C,140,2107,4,0,0.0
C,140,2114,2,0,0.0
C,140,2121,31,0,0.0
C,140,2142,2,0,0.0
C,140,2149,5,0,0.0
C,140,2170,1,0,0.0
C,140,2184,1,0,0.0
C,147,147,69460,1,0.000014396775122372589
C,147,154,65267,0,0.0
C,147,161,133139,37,0.0002779050466054274
C,147,168,77815,0,0.0
C,147,175,187992,8,0.00004255500234052513
C,147,182,88778,0,0.0
C,147,189,38556,0,0.0
C,147,196,60634,47,0.0007751426592340931
C,147,203,66904,1,0.000014946789429630516
C,147,210,119529,0,0.0
C,147,217,22187,0,0.0
C,147,224,47297,14,0.00029600186058312364
C,147,231,32583,2,0.00006138170211459964
C,147,238,161608,8,0.00004950249987624375
C,147,245,27584,0,0.0
C,147,252,32839,0,0.0
C,147,259,36317,0,0.0
C,147,266,81765,1,0.000012230171833914266
C,147,273,48440,0,0.0
C,147,280,22385,0,0.0
C,147,287,34401,0,0.0
C,147,294,38519,1,0.000025961213946364132
C,147,301,67343,0,0.0
C,147,308,7419,0,0.0
C,147,315,33002,38,0.0011514453669474577
C,147,322,30037,2,0.00006658454572693678
C,147,329,102964,4,0.00003884852958315528
C,147,336,24778,0,0.0
C,147,343,17683,4,0.0002262059605270599
C,147,350,33841,0,0.0
C,147,357,67348,1,0.000014848250876046802
C,147,364,51268,0,0.0
C,147,371,4250,0,0.0
C,147,378,16211,0,0.0
C,147,385,11583,0,0.0
C,147,392,25013,0,0.0
C,147,399,391,0,0.0
C,147,406,11423,0,0.0
C,147,413,8144,0,0.0
C,147,420,24723,1,0.000040448165675686606
C,147,427,6974,0,0.0
C,147,434,1216,0,0.0
C,147,441,3883,0,0.0
C,147,448,9878,0,0.0
C,147,455,8458,0,0.0
C,147,462,293,0,0.0
C,147,469,3486,0,0.0
C,147,476,4426,0,0.0
C,147,483,7217,0,0.0
C,147,497,5326,0,0.0
C,147,504,5276,0,0.0
C,147,511,13502,0,0.0
C,147,518,1952,0,0.0
C,147,525,178,0,0.0
C,147,532,1334,0,0.0
C,147,539,4977,0,0.0
C,147,546,3154,0,0.0
C,147,553,44,0,0.0
C,147,560,1486,0,0.0
C,147,567,3055,0,0.0
C,147,574,2993,0,0.0
C,147,581,45,0,0.0
C,147,588,2598,0,0.0
C,147,595,3232,0,0.0
C,147,602,9037,0,0.0
C,147,609,1387,0,0.0
C,147,616,232,0,0.0
C,147,623,1835,0,0.0
C,147,630,4666,3,0.0006429489927132448
C,147,637,1842,0,0.0
C,147,644,8,0,0.0
C,147,651,2159,0,0.0
C,147,658,652,0,0.0
C,147,665,4159,0,0.0
C,147,679,1896,0,0.0
C,147,686,2237,0,0.0
C,147,693,7015,0,0.0
C,147,700,1280,0,0.0
C,147,707,86,0,0.0
C,147,714,781,0,0.0
C,147,721,1006,0,0.0
C,147,728,1417,0,0.0
C,147,742,151,0,0.0
C,147,749,255,0,0.0
C,147,756,541,0,0.0
C,147,763,149,0,0.0
C,147,770,201,0,0.0
C,147,777,467,0,0.0
C,147,784,1771,0,0.0
C,147,791,915,0,0.0
C,147,798,7,0,0.0
C,147,805,271,0,0.0
C,147,812,772,0,0.0
C,147,819,392,0,0.0
C,147,833,107,0,0.0
C,147,840,316,0,0.0
C,147,847,1088,0,0.0
C,147,861,1059,0,0.0
C,147,868,756,0,0.0
C,147,875,2010,0,0.0
C,147,882,551,0,0.0
C,147,889,12,0,0.0
C,147,896,215,0,0.0
C,147,903,607,0,0.0
C,147,910,423,0,0.0
C,147,924,426,0,0.0
C,147,931,59,0,0.0
C,147,938,884,0,0.0
C,147,952,276,0,0.0
C,147,959,430,0,0.0
C,147,966,1507,0,0.0
C,147,973,226,0,0.0
C,147,980,102,0,0.0
C,147,987,265,0,0.0
C,147,994,1537,1,0.0006506180871828237
C,147,1001,497,0,0.0
C,147,1015,357,0,0.0
C,147,1022,149,0,0.0
C,147,1029,376,0,0.0
C,147,1036,48,0,0.0
C,147,1043,46,0,0.0
C,147,1050,257,0,0.0
C,147,1057,648,0,0.0
C,147,1064,267,0,0.0
C,147,1078,70,0,0.0
C,147,1085,40,0,0.0
C,147,1092,92,0,0.0
C,147,1106,7,0,0.0
C,147,1113,22,0,0.0
C,147,1120,19,0,0.0
C,147,1127,7,0,0.0
C,147,1134,5,0,0.0
C,147,1141,47,0,0.0
C,147,1148,3,0,0.0
C,147,1155,91,0,0.0
C,147,1169,11,0,0.0
C,147,1176,41,0,0.0
C,147,1183,45,0,0.0
C,147,1197,5,0,0.0
C,147,1204,4,0,0.0
C,147,1211,21,0,0.0
C,147,1225,20,0,0.0
C,147,1232,95,0,0.0
C,147,1239,31,0,0.0
C,147,1246,82,0,0.0
C,147,1260,16,0,0.0
C,147,1267,37,0,0.0
C,147,1274,42,0,0.0
C,147,1288,4,0,0.0
C,147,1295,9,0,0.0
C,147,1302,25,0,0.0
C,147,1316,9,0,0.0
C,147,1323,15,0,0.0
C,147,1330,18,0,0.0
C,147,1337,43,0,0.0
C,147,1351,24,0,0.0
C,147,1358,2,0,0.0
C,147,1365,91,0,0.0
C,147,1379,47,0,0.0
C,147,1386,12,0,0.0
C,147,1393,71,0,0.0
C,147,1400,4,0,0.0
C,147,1414,52,0,0.0
C,147,1421,24,0,0.0
C,147,1428,81,0,0.0
C,147,1442,14,0,0.0
C,147,1449,2,0,0.0
C,147,1456,14,0,0.0
C,147,1470,5,0,0.0
C,147,1477,2,0,0.0
C,147,1484,14,0,0.0
C,147,1491,5,0,0.0
C,147,1498,2,0,0.0
C,147,1505,8,0,0.0
C,147,1512,5,0,0.0
C,147,1519,10,0,0.0
C,147,1533,3,0,0.0
C,147,1540,9,0,0.0
C,147,1547,20,0,0.0
C,147,1568,17,0,0.0
C,147,1575,15,0,0.0
C,147,1582,7,0,0.0
C,147,1589,3,0,0.0
C,147,1596,27,0,0.0
C,147,1603,2,0,0.0
C,147,1610,50,0,0.0
C,147,1624,12,0,0.0
C,147,1631,3,0,0.0
C,147,1638,101,0,0.0
C,147,1652,2,0,0.0
C,147,1659,11,0,0.0
C,147,1666,77,0,0.0
C,147,1673,12,0,0.0
C,147,1680,2,0,0.0
C,147,1687,45,0,0.0
C,147,1694,49,0,0.0
C,147,1701,115,0,0.0
C,147,1715,7,0,0.0
C,147,1722,76,0,0.0
C,147,1729,85,0,0.0
C,147,1736,13,0,0.0
C,147,1743,12,0,0.0
C,147,1750,21,0,0.0
C,147,1757,12,0,0.0
C,147,1764,19,0,0.0
C,147,1778,54,0,0.0
C,147,1785,11,0,0.0
C,147,1792,83,0,0.0
C,147,1806,8,0,0.0
C,147,1813,12,0,0.0
C,147,1820,25,0,0.0
C,147,1827,9,0,0.0
C,147,1834,3,0,0.0
C,147,1841,3,0,0.0
C,147,1848,21,0,0.0
C,147,1855,12,0,0.0
C,147,1862,8,0,0.0
C,147,1869,12,0,0.0
C,147,1876,2,0,0.0
C,147,1883,1,0,0.0
C,147,1897,1,0,0.0
C,147,1904,4,0,0.0
C,147,1911,14,0,0.0
C,147,1932,5,0,0.0
C,147,1939,7,0,0.0
C,147,1946,29,0,0.0
C,147,1960,31,0,0.0
C,147,1967,17,0,0.0
C,147,1974,27,0,0.0
C,147,2002,16,0,0.0
C,147,2009,4,0,0.0
C,147,2023,2,0,0.0
C,147,2037,8,0,0.0
C,147,2058,1,0,0.0
C,147,2065,53,0,0.0
C,147,2086,50,0,0.0
C,147,2100,7,0,0.0
C,147,2114,8,0,0.0
C,147,2128,13,0,0.0
C,147,2149,2,0,0.0
C,147,2156,2,0,0.0
C,147,2191,4,0,0.0
C,154,154,17250,3,0.00017391304347826088
C,154,161,48100,2,0.00004158004158004158
C,154,168,105749,2,0.00001891270839440562
C,154,175,70402,0,0.0
C,154,182,133146,9,0.0000675949709341625
C,154,189,66234,3,0.00004529395778603134
C,154,196,35313,15,0.0004247727465805794
C,154,203,56791,1,0.000017608423869979397
C,154,210,57743,0,0.0
C,154,217,96460,1,0.00001036699149906697
C,154,224,18780,0,0.0
C,154,231,44185,2,0.00004526422994228811
C,154,238,30527,0,0.0
C,154,245,143919,18,0.0001250703520730411
C,154,252,24619,4,0.00016247613631747838
C,154,259,25075,0,0.0
C,154,266,33479,0,0.0
C,154,273,71920,8,0.00011123470522803115
C,154,280,34235,1,0.000029209872937052725
C,154,287,14253,5,0.00035080333964779346
C,154,294,31446,4,0.0001272021878776315
C,154,301,29274,3,0.00010248001639680262
C,154,308,59894,0,0.0
C,154,315,7086,0,0.0
C,154,322,31347,0,0.0
C,154,329,26394,2,0.00007577479730241721
C,154,336,91646,3,0.000032734652903563715
C,154,343,17458,1,0.000057280329934700424
C,154,350,17419,1,0.0000574085768413801
C,154,357,33349,0,0.0
C,154,364,60631,0,0.0
C,154,371,32415,0,0.0
C,154,378,786,0,0.0
C,154,385,9788,0,0.0
C,154,392,8102,0,0.0
C,154,399,17726,0,0.0
C,154,406,668,0,0.0
C,154,413,6570,0,0.0
C,154,420,7278,0,0.0
C,154,427,20821,0,0.0
C,154,434,4551,0,0.0
C,154,441,1163,0,0.0
C,154,448,4421,0,0.0
C,154,455,7476,0,0.0
C,154,462,5436,0,0.0
C,154,469,323,0,0.0
C,154,476,3704,0,0.0
C,154,483,2701,0,0.0
C,154,490,5182,0,0.0
C,154,504,4230,0,0.0
C,154,511,4954,0,0.0
C,154,518,9400,1,0.00010638297872340425
C,154,525,1809,0,0.0
C,154,532,543,0,0.0
C,154,539,1809,0,0.0
C,154,546,5597,0,0.0
C,154,553,2278,0,0.0
C,154,567,1477,0,0.0
C,154,574,3530,0,0.0
C,154,581,4733,0,0.0
C,154,588,54,0,0.0
C,154,595,2894,0,0.0
C,154,602,2260,0,0.0
C,154,609,9799,0,0.0
C,154,616,1128,0,0.0
C,154,623,220,0,0.0
C,154,630,1613,0,0.0
C,154,637,3696,0,0.0
C,154,644,2059,0,0.0
C,154,651,28,0,0.0
C,154,658,2065,0,0.0
C,154,665,814,0,0.0
C,154,672,2621,0,0.0
C,154,686,1441,0,0.0
C,154,693,2540,0,0.0
C,154,700,5475,2,0.00036529680365296805
C,154,707,1488,0,0.0
C,154,714,581,0,0.0
C,154,721,631,0,0.0
C,154,728,396,0,0.0
C,154,735,990,0,0.0
C,154,749,155,0,0.0
C,154,756,57,0,0.0
C,154,763,1009,0,0.0
C,154,770,122,0,0.0
C,154,777,130,0,0.0
C,154,784,585,0,0.0
C,154,791,1651,0,0.0
C,154,798,1154,0,0.0
C,154,805,8,0,0.0
C,154,812,130,0,0.0
C,154,819,307,0,0.0
C,154,826,227,0,0.0
C,154,840,303,0,0.0
C,154,847,301,0,0.0
C,154,854,1403,0,0.0
C,154,868,192,0,0.0
C,154,875,538,0,0.0
C,154,882,1957,0,0.0
C,154,889,322,0,0.0
C,154,896,4,0,0.0
C,154,903,154,0,0.0
C,154,910,417,0,0.0
C,154,917,434,0,0.0
C,154,931,285,0,0.0
C,154,938,80,0,0.0
C,154,945,796,0,0.0
C,154,959,280,0,0.0
C,154,966,662,0,0.0
C,154,973,1891,0,0.0
C,154,980,181,0,0.0
C,154,987,11,0,0.0
C,154,994,390,0,0.0
C,154,1001,1197,0,0.0
C,154,1008,643,0,0.0
C,154,1022,154,0,0.0
C,154,1029,154,0,0.0
C,154,1036,126,0,0.0
C,154,1043,23,0,0.0
C,154,1050,87,0,0.0
C,154,1057,264,0,0.0
C,154,1064,645,0,0.0
C,154,1071,331,1,0.0030211480362537764
C,154,1085,63,0,0.0
C,154,1092,6,0,0.0
C,154,1099,142,0,0.0
C,154,1113,4,0,0.0
C,154,1127,43,0,0.0
C,154,1134,6,0,0.0
C,154,1148,67,0,0.0
C,154,1155,50,0,0.0
C,154,1162,99,0,0.0
C,154,1176,24,0,0.0
C,154,1183,19,0,0.0
C,154,1190,60,0,0.0
C,154,1204,9,0,0.0
C,154,1218,55,0,0.0
C,154,1232,5,0,0.0
C,154,1239,31,0,0.0
C,154,1246,33,0,0.0
C,154,1253,28,0,0.0
C,154,1267,13,0,0.0
C,154,1274,8,0,0.0
C,154,1281,48,0,0.0
C,154,1295,8,0,0.0
C,154,1309,56,0,0.0
C,154,1323,2,0,0.0
C,154,1330,21,0,0.0
C,154,1337,114,0,0.0
C,154,1344,8,0,0.0
C,154,1358,6,0,0.0
C,154,1365,6,0,0.0
C,154,1372,81,0,0.0
C,154,1386,1,0,0.0
C,154,1393,18,0,0.0
C,154,1400,36,0,0.0
C,154,1407,5,0,0.0
C,154,1421,37,0,0.0
C,154,1428,34,0,0.0
C,154,1435,15,0,0.0
C,154,1449,1,0,0.0
C,154,1456,2,0,0.0
C,154,1463,91,0,0.0
C,154,1477,1,0,0.0
C,154,1484,1,0,0.0
C,154,1491,24,0,0.0
C,154,1498,4,0,0.0
C,154,1505,3,0,0.0
C,154,1512,38,0,0.0
C,154,1519,14,0,0.0
C,154,1526,50,0,0.0
C,154,1540,18,0,0.0
C,154,1547,6,0,0.0
C,154,1554,29,0,0.0
C,154,1575,5,0,0.0
C,154,1582,57,0,0.0
C,154,1589,21,0,0.0
C,154,1603,43,0,0.0
C,154,1610,7,0,0.0
C,154,1617,56,0,0.0
C,154,1631,35,0,0.0
C,154,1638,24,0,0.0
C,154,1645,144,0,0.0
C,154,1659,1,0,0.0
C,154,1666,35,0,0.0
C,154,1673,74,0,0.0
C,154,1680,9,0,0.0
C,154,1694,45,0,0.0
C,154,1701,18,0,0.0
C,154,1708,24,0,0.0
C,154,1722,9,0,0.0
C,154,1729,6,0,0.0
C,154,1736,94,0,0.0
C,154,1743,4,0,0.0
C,154,1750,2,0,0.0
C,154,1757,11,0,0.0
C,154,1764,29,0,0.0
C,154,1771,9,0,0.0
C,154,1785,36,0,0.0
C,154,1792,51,0,0.0
C,154,1799,57,0,0.0
C,154,1813,5,0,0.0
C,154,1820,6,0,0.0
C,154,1827,87,0,0.0
C,154,1834,1,0,0.0
C,154,1855,14,0,0.0
C,154,1869,7,0,0.0
C,154,1876,6,0,0.0
C,154,1890,13,0,0.0
C,154,1904,2,0,0.0
C,154,1911,4,0,0.0
C,154,1918,28,0,0.0
C,154,1939,5,0,0.0
C,154,1946,11,0,0.0
C,154,1953,13,0,0.0
C,154,1967,10,0,0.0
C,154,1974,9,0,0.0
C,154,1981,34,0,0.0
C,154,1995,3,0,0.0
C,154,2002,2,0,0.0
C,154,2009,3,0,0.0
C,154,2016,6,0,0.0
C,154,2030,1,0,0.0
C,154,2044,8,0,0.0
C,154,2065,2,0,0.0
C,154,2072,43,0,0.0
C,154,2093,2,0,0.0
C,154,2107,15,0,0.0
C,154,2121,3,0,0.0
C,154,2163,1,0,0.0
C,161,161,583,0,0.0
C,161,168,38560,0,0.0
C,161,175,86343,12,0.00013898057746429936
C,161,182,57144,0,0.0
C,161,189,117193,85,0.0007252992926198664
C,161,196,57094,19,0.0003327845307738116
C,161,203,27036,1,0.00003698772007693446
C,161,210,51753,0,0.0
C,161,217,48355,11,0.00022748423120670045
C,161,224,89592,8,0.0000892936869363336
C,161,231,16977,0,0.0
C,161,238,41027,8,0.0001949935408389597
C,161,245,25022,0,0.0
C,161,252,129718,24,0.0001850167285958772
C,161,259,22807,3,0.00013153856272197131
C,161,266,31980,0,0.0
C,161,273,31347,3,0.00009570293808019906
C,161,280,66523,25,0.00037580987027043276
C,161,287,30170,0,0.0
C,161,294,12042,0,0.0
C,161,301,24079,2,0.00008305992773786287
C,161,308,25804,22,0.0008525809951945434
C,161,315,59157,0,0.0
C,161,322,4847,0,0.0
C,161,329,23830,0,0.0
C,161,336,25344,0,0.0
C,161,343,89404,6,0.00006711109122634334
C,161,350,19774,0,0.0
C,161,357,17484,3,0.00017158544955387783
C,161,364,31198,0,0.0
C,161,371,34708,10,0.0002881180131381814
C,161,378,20692,0,0.0
C,161,385,463,0,0.0
C,161,392,7563,0,0.0
C,161,399,7430,0,0.0
C,161,406,15041,0,0.0
C,161,413,316,0,0.0
C,161,420,4583,0,0.0
C,161,427,6409,0,0.0
C,161,434,19208,1,0.000052061640982923784
C,161,441,5592,0,0.0
C,161,448,1041,0,0.0
C,161,455,4146,0,0.0
C,161,462,5971,3,0.0005024284039524368
C,161,469,4300,0,0.0
C,161,476,213,0,0.0
C,161,483,1859,0,0.0
C,161,490,3182,0,0.0
C,161,497,6214,1,0.000160926939169617
C,161,511,3684,0,0.0
C,161,518,3592,0,0.0
C,161,525,10126,0,0.0
C,161,532,1310,0,0.0
C,161,539,192,0,0.0
C,161,546,1830,0,0.0
C,161,553,5774,0,0.0
C,161,560,1011,0,0.0
C,161,567,134,0,0.0
C,161,574,2042,0,0.0
C,161,581,4778,0,0.0
C,161,588,3665,0,0.0
C,161,595,6,0,0.0
C,161,602,2524,0,0.0
C,161,609,3166,0,0.0
C,161,616,10578,2,0.00018907165815844205
C,161,623,1371,0,0.0
C,161,630,676,6,0.008875739644970414
C,161,637,1364,0,0.0
C,161,644,2461,4,0.0016253555465258025
C,161,651,2311,0,0.0
C,161,658,22,0,0.0
C,161,665,827,0,0.0
C,161,672,309,0,0.0
C,161,679,2929,0,0.0
C,161,693,722,0,0.0
C,161,700,1924,0,0.0
C,161,707,5441,0,0.0
C,161,714,941,0,0.0
C,161,721,6,0,0.0
C,161,728,917,0,0.0
C,161,735,237,0,0.0
C,161,742,451,0,0.0
C,161,756,113,0,0.0
C,161,763,164,0,0.0
C,161,770,807,0,0.0
C,161,777,24,0,0.0
C,161,784,204,0,0.0
C,161,791,328,0,0.0
C,161,798,1634,2,0.0012239902080783353
C,161,805,1085,0,0.0
C,161,812,83,0,0.0
C,161,819,99,0,0.0
C,161,826,173,0,0.0
C,161,833,173,0,0.0
C,161,840,15,0,0.0
C,161,847,240,0,0.0
C,161,854,186,0,0.0
C,161,861,1328,1,0.0007530120481927711
C,161,875,590,0,0.0
C,161,882,632,0,0.0
C,161,889,2562,0,0.0
C,161,896,347,0,0.0
C,161,903,9,0,0.0
C,161,910,248,0,0.0
C,161,917,571,0,0.0
C,161,924,334,0,0.0
C,161,938,388,0,0.0
C,161,945,124,0,0.0
C,161,952,473,0,0.0
C,161,966,218,0,0.0
C,161,973,530,0,0.0
C,161,980,2198,0,0.0
C,161,987,159,0,0.0
C,161,994,347,0,0.0
C,161,1001,706,0,0.0
C,161,1008,373,0,0.0
C,161,1015,277,0,0.0
C,161,1029,76,0,0.0
C,161,1036,12,0,0.0
C,161,1043,230,0,0.0
C,161,1050,75,0,0.0
C,161,1057,1,0,0.0
C,161,1064,300,0,0.0
C,161,1071,409,0,0.0
C,161,1078,239,0,0.0
C,161,1092,19,0,0.0
C,161,1099,4,0,0.0
C,161,1106,49,0,0.0
C,161,1120,1,0,0.0
C,161,1127,11,0,0.0
C,161,1134,75,0,0.0
C,161,1141,2,0,0.0
C,161,1155,12,0,0.0
C,161,1162,9,0,0.0
C,161,1169,41,0,0.0
C,161,1183,13,0,0.0
C,161,1190,28,0,0.0
C,161,1197,25,0,0.0
C,161,1211,4,0,0.0
C,161,1218,2,0,0.0
C,161,1225,137,0,0.0
C,161,1239,6,0,0.0
C,161,1246,70,0,0.0
C,161,1253,46,0,0.0
C,161,1260,15,0,0.0
C,161,1274,18,0,0.0
C,161,1281,29,0,0.0
C,161,1288,51,0,0.0
C,161,1302,21,0,0.0
C,161,1309,6,0,0.0
C,161,1316,93,0,0.0
C,161,1330,6,0,0.0
C,161,1337,101,0,0.0
C,161,1344,75,0,0.0
C,161,1351,14,0,0.0
C,161,1365,51,0,0.0
C,161,1372,3,0,0.0
C,161,1379,68,0,0.0
C,161,1393,5,0,0.0
C,161,1400,6,0,0.0
C,161,1407,16,0,0.0
C,161,1414,20,0,0.0
C,161,1428,43,0,0.0
C,161,1435,20,0,0.0
C,161,1442,78,0,0.0
C,161,1456,10,0,0.0
C,161,1463,6,0,0.0
C,161,1470,25,0,0.0
C,161,1484,2,0,0.0
C,161,1491,9,0,0.0
C,161,1498,8,0,0.0
C,161,1505,3,0,0.0
C,161,1519,5,0,0.0
C,161,1526,1,0,0.0
C,161,1533,44,0,0.0
C,161,1547,2,0,0.0
C,161,1554,13,0,0.0
C,161,1561,19,0,0.0
C,161,1575,3,0,0.0
C,161,1582,10,0,0.0
C,161,1589,38,0,0.0
C,161,1596,5,0,0.0
C,161,1610,40,0,0.0
C,161,1617,9,0,0.0
C,161,1624,66,0,0.0
C,161,1638,17,0,0.0
C,161,1645,13,0,0.0
C,161,1652,90,0,0.0
C,161,1666,8,0,0.0
C,161,1673,22,0,0.0
C,161,1680,89,0,0.0
C,161,1687,7,0,0.0
C,161,1694,5,0,0.0
C,161,1701,54,0,0.0
C,161,1708,4,0,0.0
C,161,1715,93,0,0.0
C,161,1729,27,0,0.0
C,161,1736,10,0,0.0
C,161,1743,77,0,0.0
C,161,1764,8,0,0.0
C,161,1771,12,0,0.0
C,161,1778,35,0,0.0
C,161,1792,39,0,0.0
C,161,1799,20,0,0.0
C,161,1806,64,0,0.0
C,161,1827,2,0,0.0
C,161,1834,46,0,0.0
C,161,1841,8,0,0.0
C,161,1848,8,0,0.0
C,161,1855,8,0,0.0
C,161,1862,5,0,0.0
C,161,1869,10,0,0.0
C,161,1883,2,0,0.0
C,161,1897,44,0,0.0
C,161,1911,2,0,0.0
C,161,1918,3,0,0.0
C,161,1925,5,0,0.0
C,161,1946,3,0,0.0
C,161,1953,1,0,0.0
C,161,1960,44,0,0.0
C,161,1974,32,0,0.0
C,161,1981,7,0,0.0
C,161,1988,28,0,0.0
C,161,2009,5,0,0.0
C,161,2016,7,0,0.0
C,161,2023,2,0,0.0
C,161,2037,5,0,0.0
C,161,2051,10,0,0.0
C,161,2065,28,0,0.0
C,161,2072,7,0,0.0
C,161,2079,73,0,0.0
C,161,2100,11,0,0.0
C,161,2114,18,0,0.0
C,161,2128,1,0,0.0
C,161,2142,3,0,0.0
C,161,2170,9,0,0.0
C,168,168,575,2,0.0034782608695652175
C,168,175,30444,2,0.00006569438969911969
C,168,182,59970,1,0.000016675004168751043
C,168,189,49901,1,0.00002003967856355584
C,168,196,97076,17,0.0001751205241254275
C,168,203,61245,4,0.0000653114539962446
C,168,210,19679,0,0.0
C,168,217,45603,0,0.0
C,168,224,43387,0,0.0
C,168,231,86057,27,0.0003137455407462496
C,168,238,18431,0,0.0
C,168,245,40857,0,0.0
C,168,252,25968,0,0.0
C,168,259,122583,35,0.0002855208307840402
C,168,266,22991,11,0.0004784480883824105
C,168,273,28678,0,0.0
C,168,280,26921,0,0.0
C,168,287,54064,19,0.0003514353358981947
C,168,294,34243,1,0.000029203048798294542
C,168,301,8282,1,0.0001207437816952427
C,168,308,24309,2,0.0000822740548767946
C,168,315,22311,0,0.0
C,168,322,56531,3,0.00005306822805186535
C,168,329,5262,0,0.0
C,168,336,27114,3,0.00011064394777605666
C,168,343,25296,0,0.0
C,168,350,91027,2,0.000021971502960660025
C,168,357,22385,4,0.00017869108778199687
C,168,364,16777,1,0.00005960541217142517
C,168,371,21659,0,0.0
C,168,378,24735,0,0.0
C,168,385,16749,0,0.0
C,168,392,208,0,0.0
C,168,399,5979,0,0.0
C,168,406,7022,0,0.0
C,168,413,13656,2,0.00014645577035735208
C,168,420,104,0,0.0
C,168,427,5346,0,0.0
C,168,434,6802,0,0.0
C,168,441,16061,0,0.0
C,168,448,4220,0,0.0
C,168,455,556,0,0.0
C,168,462,3035,0,0.0
C,168,469,4652,0,0.0
C,168,476,4091,0,0.0
C,168,483,170,0,0.0
C,168,490,1702,0,0.0
C,168,497,2055,0,0.0
C,168,504,8794,0,0.0
C,168,518,3271,0,0.0
C,168,525,3457,0,0.0
C,168,532,7849,0,0.0
C,168,539,1292,0,0.0
C,168,546,715,0,0.0
C,168,553,1310,0,0.0
C,168,560,3070,0,0.0
C,168,567,1170,0,0.0
C,168,574,9,0,0.0
C,168,581,2194,0,0.0
C,168,588,3621,0,0.0
C,168,595,4306,0,0.0
C,168,602,4,0,0.0
C,168,609,2373,0,0.0
C,168,616,3342,0,0.0
C,168,623,7954,2,0.00025144581342720644
C,168,630,1894,0,0.0
C,168,637,236,0,0.0
C,168,644,1531,0,0.0
C,168,651,1467,0,0.0
C,168,658,1844,0,0.0
C,168,665,29,0,0.0
C,168,672,597,0,0.0
C,168,679,799,0,0.0
C,168,686,3110,1,0.0003215434083601286
C,168,700,967,0,0.0
C,168,707,1951,0,0.0
C,168,714,4822,0,0.0
C,168,721,847,0,0.0
C,168,728,3,0,0.0
C,168,735,420,0,0.0
C,168,742,267,0,0.0
C,168,749,408,0,0.0
C,168,763,268,0,0.0
C,168,770,105,0,0.0
C,168,777,654,0,0.0
C,168,784,36,0,0.0
C,168,791,118,0,0.0
C,168,798,549,0,0.0
C,168,805,1363,0,0.0
C,168,812,1049,0,0.0
C,168,826,48,0,0.0
C,168,833,242,0,0.0
C,168,840,157,0,0.0
C,168,854,222,0,0.0
C,168,861,62,0,0.0
C,168,868,1012,0,0.0
C,168,882,699,0,0.0
C,168,889,866,0,0.0
C,168,896,1404,0,0.0
C,168,903,604,0,0.0
C,168,910,68,0,0.0
C,168,917,306,0,0.0
C,168,924,632,0,0.0
C,168,931,188,0,0.0
C,168,945,273,0,0.0
C,168,952,35,0,0.0
C,168,959,691,0,0.0
C,168,973,424,0,0.0
C,168,980,329,0,0.0
C,168,987,1574,0,0.0
C,168,994,162,0,0.0
C,168,1001,70,0,0.0
C,168,1008,374,0,0.0
C,168,1015,192,0,0.0
C,168,1022,236,0,0.0
C,168,1036,140,0,0.0
C,168,1043,37,0,0.0
C,168,1050,200,0,0.0
C,168,1057,34,0,0.0
C,168,1064,21,0,0.0
C,168,1071,179,0,0.0
C,168,1078,458,0,0.0
C,168,1085,100,0,0.0
C,168,1099,70,0,0.0
C,168,1106,1,0,0.0
C,168,1113,136,0,0.0
C,168,1127,19,0,0.0
C,168,1134,13,0,0.0
C,168,1141,47,0,0.0
C,168,1162,27,0,0.0
C,168,1169,23,0,0.0
C,168,1176,119,0,0.0
C,168,1190,7,0,0.0
C,168,1197,6,0,0.0
C,168,1204,16,0,0.0
C,168,1218,6,0,0.0
C,168,1225,8,0,0.0
C,168,1232,60,0,0.0
C,168,1246,6,0,0.0
C,168,1253,69,0,0.0
C,168,1260,18,0,0.0
C,168,1267,41,0,0.0
C,168,1281,24,0,0.0
C,168,1288,3,0,0.0
C,168,1295,15,0,0.0
C,168,1309,11,0,0.0
C,168,1316,1,0,0.0
C,168,1323,41,0,0.0
C,168,1337,2,0,0.0
C,168,1344,24,0,0.0
C,168,1351,78,0,0.0
C,168,1358,20,0,0.0
C,168,1372,36,0,0.0
C,168,1379,6,0,0.0
C,168,1386,13,0,0.0
C,168,1400,5,0,0.0
C,168,1407,1,0,0.0
C,168,1414,20,0,0.0
C,168,1421,30,0,0.0
C,168,1428,2,0,0.0
C,168,1435,14,0,0.0
C,168,1442,33,0,0.0
C,168,1449,37,0,0.0
C,168,1463,29,0,0.0
C,168,1477,56,0,0.0
C,168,1491,4,0,0.0
C,168,1498,4,0,0.0
C,168,1505,7,0,0.0
C,168,1526,26,0,0.0
C,168,1533,4,0,0.0
C,168,1540,58,0,0.0
C,168,1554,2,0,0.0
C,168,1561,6,0,0.0
C,168,1568,15,0,0.0
C,168,1582,5,0,0.0
C,168,1589,4,0,0.0
C,168,1596,16,0,0.0
C,168,1603,16,0,0.0
C,168,1610,2,0,0.0
C,168,1617,91,0,0.0
C,168,1624,2,0,0.0
C,168,1631,128,0,0.0
C,168,1645,12,0,0.0
C,168,1652,5,0,0.0
C,168,1659,25,0,0.0
C,168,1673,5,0,0.0
C,168,1680,7,0,0.0
C,168,1687,54,0,0.0
C,168,1694,39,0,0.0
C,168,1708,14,0,0.0
C,168,1715,7,0,0.0
C,168,1722,76,0,0.0
C,168,1736,10,0,0.0
C,168,1743,2,0,0.0
C,168,1750,25,0,0.0
C,168,1757,13,0,0.0
C,168,1771,8,0,0.0
C,168,1778,77,0,0.0
C,168,1785,16,0,0.0
C,168,1799,26,0,0.0
C,168,1806,40,0,0.0
C,168,1813,36,0,0.0
C,168,1827,50,0,0.0
C,168,1834,2,0,0.0
C,168,1841,21,0,0.0
C,168,1855,1,0,0.0
C,168,1862,2,0,0.0
C,168,1869,29,0,0.0
C,168,1890,3,0,0.0
C,168,1897,8,0,0.0
C,168,1904,12,0,0.0
C,168,1918,1,0,0.0
C,168,1925,2,0,0.0
C,168,1932,19,0,0.0
C,168,1946,1,0,0.0
C,168,1953,14,0,0.0
C,168,1960,10,0,0.0
C,168,1967,32,0,0.0
C,168,1981,41,0,0.0
C,168,1988,8,0,0.0
C,168,1995,13,0,0.0
C,168,2016,2,0,0.0
C,168,2023,1,0,0.0
C,168,2030,2,0,0.0
C,168,2058,3,0,0.0
C,168,2072,1,0,0.0
C,168,2079,6,0,0.0
C,168,2086,90,1,0.011111111111111112
C,168,2107,13,0,0.0
C,168,2121,12,0,0.0
C,168,2149,3,0,0.0
C,168,2170,2,0,0.0
C,168,2177,2,0,0.0
C,175,175,761,0,0.0
C,175,182,15789,0,0.0
C,175,189,43354,0,0.0
C,175,196,31701,10,0.0003154474622251664
C,175,203,83815,27,0.00032213804211656623
C,175,210,44426,0,0.0
C,175,217,15140,0,0.0
C,175,224,28912,0,0.0
C,175,231,35357,8,0.00022626354045874933
C,175,238,70902,0,0.0
C,175,245,18347,0,0.0
C,175,252,32610,2,0.00006133088009812941
C,175,259,22088,0,0.0
C,175,266,113622,6,0.00005280667476369013
C,175,273,14430,5,0.0003465003465003465
C,175,280,21671,0,0.0
C,175,287,18598,0,0.0
C,175,294,42687,3,0.00007027900766041184
C,175,301,23995,0,0.0
C,175,308,6861,1,0.00014575134819997084
C,175,315,16365,1,0.00006110601894286588
C,175,322,21264,2,0.00009405568096313017
C,175,329,44871,0,0.0
C,175,336,6134,0,0.0
C,175,343,24223,0,0.0
C,175,350,23410,0,0.0
C,175,357,85535,2,0.000023382241187817853
C,175,364,16691,0,0.0
C,175,371,6085,0,0.0
C,175,378,11095,0,0.0
C,175,385,14129,0,0.0
C,175,392,9931,0,0.0
C,175,399,227,0,0.0
C,175,406,2944,0,0.0
C,175,413,4397,0,0.0
C,175,420,11454,0,0.0
C,175,427,102,0,0.0
C,175,434,5705,0,0.0
C,175,441,4264,0,0.0
C,175,448,17209,0,0.0
C,175,455,4027,0,0.0
C,175,462,484,0,0.0
C,175,469,1950,0,0.0
C,175,476,5341,0,0.0
C,175,483,1868,0,0.0
C,175,490,273,0,0.0
C,175,497,1251,0,0.0
C,175,504,1585,0,0.0
C,175,511,6831,0,0.0
C,175,525,2867,0,0.0
C,175,532,1662,0,0.0
C,175,539,9604,0,0.0
C,175,546,1175,0,0.0
C,175,553,557,0,0.0
C,175,560,797,0,0.0
C,175,567,2408,0,0.0
C,175,574,765,0,0.0
C,175,581,55,0,0.0
C,175,588,718,0,0.0
C,175,595,1590,0,0.0
C,175,602,3805,0,0.0
C,175,616,3264,0,0.0
C,175,623,2241,0,0.0
C,175,630,9570,3,0.00031347962382445143
C,175,637,1194,0,0.0
C,175,644,92,0,0.0
C,175,651,1342,0,0.0
C,175,658,2647,0,0.0
C,175,665,1319,0,0.0
C,175,672,3,0,0.0
C,175,679,549,0,0.0
C,175,686,332,0,0.0
C,175,693,2768,0,0.0
C,175,707,906,0,0.0
C,175,714,1064,0,0.0
C,175,721,2696,0,0.0
C,175,728,885,0,0.0
C,175,735,4,0,0.0
C,175,742,131,0,0.0
C,175,749,159,0,0.0
C,175,756,215,0,0.0
C,175,770,76,0,0.0
C,175,777,40,0,0.0
C,175,784,633,0,0.0
C,175,791,27,0,0.0
C,175,798,199,0,0.0
C,175,805,473,0,0.0
C,175,812,1207,0,0.0
C,175,819,761,0,0.0
C,175,833,38,0,0.0
C,175,840,352,0,0.0
C,175,847,265,0,0.0
C,175,861,242,0,0.0
C,175,868,119,0,0.0
C,175,875,1171,0,0.0
C,175,889,635,0,0.0
C,175,896,326,0,0.0
C,175,903,1757,0,0.0
C,175,910,482,0,0.0
C,175,917,27,0,0.0
C,175,924,121,0,0.0
C,175,931,418,0,0.0
C,175,938,289,0,0.0
C,175,952,119,0,0.0
C,175,959,79,0,0.0
C,175,966,900,0,0.0
C,175,980,477,0,0.0
C,175,987,296,0,0.0
C,175,994,3194,0,0.0
C,175,1001,175,0,0.0
C,175,1008,3,0,0.0
C,175,1015,194,0,0.0
C,175,1022,134,0,0.0
C,175,1029,246,0,0.0
C,175,1043,57,0,0.0
C,175,1050,18,0,0.0
C,175,1057,181,0,0.0
C,175,1064,14,0,0.0
C,175,1071,60,0,0.0
C,175,1078,156,0,0.0
C,175,1085,338,0,0.0
C,175,1092,95,0,0.0
C,175,1106,8,0,0.0
C,175,1120,14,0,0.0
C,175,1134,11,0,0.0
C,175,1141,4,0,0.0
C,175,1148,37,0,0.0
C,175,1155,1,0,0.0
C,175,1169,12,0,0.0
C,175,1176,39,0,0.0
C,175,1183,52,0,0.0
C,175,1197,1,0,0.0
C,175,1204,37,0,0.0
C,175,1211,16,0,0.0
C,175,1225,31,0,0.0
C,175,1232,28,0,0.0
C,175,1239,53,0,0.0
C,175,1253,7,0,0.0
C,175,1260,16,0,0.0
C,175,1267,42,0,0.0
C,175,1274,15,0,0.0
C,175,1288,6,0,0.0
C,175,1295,16,0,0.0
C,175,1302,12,0,0.0
C,175,1316,10,0,0.0
C,175,1323,3,0,0.0
C,175,1330,31,0,0.0
C,175,1344,31,0,0.0
C,175,1351,42,0,0.0
C,175,1358,14,0,0.0
C,175,1365,39,0,0.0
C,175,1379,36,0,0.0
C,175,1386,1,0,0.0
C,175,1393,47,0,0.0
C,175,1414,7,0,0.0
C,175,1421,12,0,0.0
C,175,1428,8,0,0.0
C,175,1442,44,0,0.0
C,175,1449,15,0,0.0
C,175,1456,13,0,0.0
C,175,1470,10,0,0.0
C,175,1484,8,0,0.0
C,175,1505,1,0,0.0
C,175,1512,30,0,0.0
C,175,1519,1,0,0.0
C,175,1526,1,0,0.0
C,175,1533,13,0,0.0
C,175,1540,4,0,0.0
C,175,1547,23,0,0.0
C,175,1561,1,0,0.0
C,175,1568,3,0,0.0
C,175,1575,14,0,0.0
C,175,1589,18,0,0.0
C,175,1596,7,0,0.0
C,175,1603,33,0,0.0
C,175,1610,4,0,0.0
C,175,1624,31,0,0.0
C,175,1631,3,0,0.0
C,175,1638,102,0,0.0
C,175,1652,2,0,0.0
C,175,1659,3,0,0.0
C,175,1666,63,0,0.0
C,175,1680,2,0,0.0
C,175,1687,9,0,0.0
C,175,1694,38,0,0.0
C,175,1701,36,0,0.0
C,175,1715,37,0,0.0
C,175,1722,31,0,0.0
C,175,1729,81,0,0.0
C,175,1743,8,0,0.0
C,175,1750,6,0,0.0
C,175,1757,22,0,0.0
C,175,1771,2,0,0.0
C,175,1778,3,0,0.0
C,175,1785,25,0,0.0
C,175,1792,14,0,0.0
C,175,1806,37,0,0.0
C,175,1813,9,0,0.0
C,175,1820,31,0,0.0
C,175,1834,2,0,0.0
C,175,1841,1,0,0.0
C,175,1848,23,0,0.0
C,175,1855,7,0,0.0
C,175,1862,1,0,0.0
C,175,1869,11,0,0.0
C,175,1876,9,0,0.0
C,175,1897,12,0,0.0
C,175,1904,1,0,0.0
C,175,1911,12,0,0.0
C,175,1932,3,0,0.0
C,175,1939,19,0,0.0
C,175,1960,8,0,0.0
C,175,1967,6,0,0.0
C,175,1974,17,0,0.0
C,175,1988,3,0,0.0
C,175,1995,3,0,0.0
C,175,2002,40,0,0.0
C,175,2023,2,0,0.0
C,175,2037,1,0,0.0
C,175,2051,3,0,0.0
C,175,2065,27,0,0.0
C,175,2079,40,0,0.0
C,175,2086,56,0,0.0
C,175,2093,7,0,0.0
C,175,2114,15,0,0.0
C,175,2128,9,0,0.0
C,175,2156,1,0,0.0
C,175,2177,3,0,0.0
C,175,2184,1,0,0.0
C,182,182,686,0,0.0
C,182,189,14907,6,0.0004024954719259408
C,182,196,34189,59,0.0017257012489397174
C,182,203,15691,0,0.0
C,182,210,67583,66,0.00097657694982466
C,182,217,32681,0,0.0
C,182,224,12799,0,0.0
C,182,231,13086,0,0.0
C,182,238,30688,0,0.0
C,182,245,52202,18,0.0003448143749281637
C,182,252,8642,0,0.0
C,182,259,22650,0,0.0
C,182,266,13869,1,0.00007210325185665874
C,182,273,98415,70,0.0007112736879540721
C,182,280,11156,0,0.0
C,182,287,16154,1,0.0000619041723412158
C,182,294,9348,0,0.0
C,182,301,31960,2,0.00006257822277847309
C,182,308,19041,0,0.0
C,182,315,4309,0,0.0
C,182,322,6381,0,0.0
C,182,329,12249,0,0.0
C,182,336,33463,0,0.0
C,182,343,3221,0,0.0
C,182,350,17251,0,0.0
C,182,357,16929,0,0.0
C,182,364,77567,1,0.000012892080395013344
C,182,371,8012,0,0.0
C,182,378,1689,0,0.0
C,182,385,2675,0,0.0
C,182,392,10589,0,0.0
C,182,399,6367,0,0.0
C,182,406,116,0,0.0
C,182,413,423,0,0.0
C,182,420,1947,0,0.0
C,182,427,7968,0,0.0
C,182,434,103,0,0.0
C,182,441,3337,0,0.0
C,182,448,3322,0,0.0
C,182,455,12374,0,0.0
C,182,462,2064,0,0.0
C,182,469,60,0,0.0
C,182,476,405,0,0.0
C,182,483,2706,0,0.0
C,182,490,1058,0,0.0
C,182,497,89,0,0.0
C,182,504,289,0,0.0
C,182,511,1278,0,0.0
C,182,518,3690,0,0.0
C,182,532,2138,0,0.0
C,182,539,2696,0,0.0
C,182,546,9829,0,0.0
C,182,553,1676,0,0.0
C,182,560,3,0,0.0
C,182,567,102,0,0.0
C,182,574,3980,0,0.0
C,182,581,1157,0,0.0
C,182,588,14,0,0.0
C,182,595,321,0,0.0
C,182,602,678,0,0.0
C,182,609,3675,0,0.0
C,182,623,1026,1,0.0009746588693957114
C,182,630,1616,0,0.0
C,182,637,6536,17,0.0026009791921664627
C,182,644,884,0,0.0
C,182,651,44,0,0.0
C,182,658,66,0,0.0
C,182,665,809,0,0.0
C,182,672,964,0,0.0
C,182,679,63,0,0.0
C,182,686,4,0,0.0
C,182,693,111,0,0.0
C,182,700,1722,0,0.0
C,182,714,885,0,0.0
C,182,721,640,0,0.0
C,182,728,3324,0,0.0
C,182,735,808,0,0.0
C,182,742,1,0,0.0
C,182,749,10,0,0.0
C,182,756,62,0,0.0
C,182,763,524,0,0.0
C,182,791,438,0,0.0
C,182,798,38,0,0.0
C,182,805,154,0,0.0
C,182,812,286,0,0.0
C,182,819,658,0,0.0
C,182,826,502,0,0.0
C,182,847,243,0,0.0
C,182,854,148,0,0.0
C,182,861,1,0,0.0
C,182,868,72,0,0.0
C,182,875,140,0,0.0
C,182,882,1141,0,0.0
C,182,896,483,0,0.0
C,182,903,343,0,0.0
C,182,910,1537,0,0.0
C,182,917,541,0,0.0
C,182,931,14,0,0.0
C,182,938,292,0,0.0
C,182,945,299,0,0.0
C,182,959,16,0,0.0
C,182,973,795,0,0.0
C,182,987,154,0,0.0
C,182,994,266,0,0.0
C,182,1001,2706,0,0.0
C,182,1008,162,0,0.0
C,182,1015,9,0,0.0
C,182,1022,19,0,0.0
C,182,1029,1,0,0.0
C,182,1036,93,0,0.0
C,182,1064,119,0,0.0
C,182,1071,14,0,0.0
C,182,1078,24,0,0.0
C,182,1085,91,0,0.0
C,182,1092,94,0,0.0
C,182,1099,19,0,0.0
C,182,1127,29,0,0.0
C,182,1155,45,0,0.0
C,182,1169,2,0,0.0
C,182,1176,48,0,0.0
C,182,1183,9,0,0.0
C,182,1190,51,0,0.0
C,182,1211,8,0,0.0
C,182,1218,19,0,0.0
C,182,1232,4,0,0.0
C,182,1246,50,0,0.0
C,182,1260,5,0,0.0
C,182,1267,32,0,0.0
C,182,1274,30,0,0.0
C,182,1281,40,0,0.0
C,182,1295,5,0,0.0
C,182,1302,10,0,0.0
C,182,1309,15,0,0.0
C,182,1323,1,0,0.0
C,182,1337,60,0,0.0
C,182,1358,9,0,0.0
C,182,1365,45,0,0.0
C,182,1372,33,0,0.0
C,182,1400,26,0,0.0
C,182,1428,23,0,0.0
C,182,1435,3,0,0.0
C,182,1449,15,0,0.0
C,182,1456,11,0,0.0
C,182,1463,32,0,0.0
C,182,1491,17,0,0.0
C,182,1519,12,0,0.0
C,182,1540,19,0,0.0
C,182,1547,1,0,0.0
C,182,1554,24,0,0.0
C,182,1575,1,0,0.0
C,182,1582,35,0,0.0
C,182,1596,3,0,0.0
C,182,1610,42,0,0.0
C,182,1617,3,0,0.0
C,182,1631,29,0,0.0
C,182,1638,5,0,0.0
C,182,1645,135,0,0.0
C,182,1659,4,0,0.0
C,182,1673,36,0,0.0
C,182,1687,1,0,0.0
C,182,1701,34,0,0.0
C,182,1708,4,0,0.0
C,182,1722,48,0,0.0
C,182,1729,4,0,0.0
C,182,1736,66,0,0.0
C,182,1750,2,0,0.0
C,182,1764,25,0,0.0
C,182,1771,4,0,0.0
C,182,1792,21,0,0.0
C,182,1799,23,0,0.0
C,182,1813,34,0,0.0
C,182,1820,14,0,0.0
C,182,1827,40,0,0.0
C,182,1841,1,0,0.0
C,182,1855,16,0,0.0
C,182,1862,10,0,0.0
C,182,1883,1,0,0.0
C,182,1904,7,0,0.0
C,182,1911,2,0,0.0
C,182,1918,29,0,0.0
C,182,1946,13,0,0.0
C,182,1967,3,0,0.0
C,182,1974,19,0,0.0
C,182,1981,9,0,0.0
C,182,1995,6,0,0.0
C,182,2002,7,0,0.0
C,182,2009,12,0,0.0
C,182,2037,2,0,0.0
C,182,2058,2,0,0.0
C,182,2072,12,0,0.0
C,182,2093,9,0,0.0
C,182,2100,9,0,0.0
C,182,2191,13,0,0.0
C,189,189,431,0,0.0
C,189,196,13399,7,0.0005224270467945369
C,189,203,27373,5,0.00018266174697694807
C,189,210,13610,25,0.0018368846436443791
C,189,217,59119,16,0.0002706405724048106
C,189,224,30064,0,0.0
C,189,231,12023,0,0.0
C,189,238,11866,1,0.00008427439743805832
C,189,245,24841,0,0.0
C,189,252,51642,12,0.0002323690019751365
C,189,259,7062,0,0.0
C,189,266,21984,25,0.0011371906841339155
C,189,273,13753,11,0.0007998254926197921
C,189,280,82309,60,0.0007289603810032925
C,189,287,10494,10,0.000952925481227368
C,189,294,13700,9,0.000656934306569343
C,189,301,6735,0,0.0
C,189,308,32009,92,0.0028741916336030493
C,189,315,17480,0,0.0
C,189,322,4087,0,0.0
C,189,329,3498,0,0.0
C,189,336,11981,0,0.0
C,189,343,32631,0,0.0
C,189,350,2953,0,0.0
C,189,357,15435,2,0.0001295756397797214
C,189,364,13859,0,0.0
C,189,371,47671,34,0.0007132218749344465
C,189,378,5085,0,0.0
C,189,385,696,0,0.0
C,189,392,2746,0,0.0
C,189,399,8990,0,0.0
C,189,406,4805,0,0.0
C,189,427,2125,0,0.0
C,189,434,7852,0,0.0
C,189,441,41,0,0.0
C,189,448,2889,4,0.0013845621322256837
C,189,455,3190,1,0.00031347962382445143
C,189,462,10241,16,0.001562347427009081
C,189,469,1122,0,0.0
C,189,476,19,0,0.0
C,189,483,310,0,0.0
C,189,490,2535,0,0.0
C,189,497,1014,0,0.0
C,189,518,1193,0,0.0
C,189,525,3854,0,0.0
C,189,539,2216,0,0.0
C,189,546,1436,0,0.0
C,189,553,7553,0,0.0
C,189,560,920,0,0.0
C,189,567,4,0,0.0
C,189,574,26,0,0.0
C,189,581,5751,0,0.0
C,189,588,1014,0,0.0
C,189,609,266,0,0.0
C,189,616,4706,0,0.0
C,189,623,6,0,0.0
C,189,630,1569,7,0.004461440407903123
C,189,637,1093,2,0.0018298261665141812
C,189,644,5968,8,0.0013404825737265416
C,189,651,981,0,0.0
C,189,665,8,0,0.0
C,189,672,413,0,0.0
C,189,679,736,0,0.0
C,189,700,50,0,0.0
C,189,707,1731,0,0.0
C,189,721,412,0,0.0
C,189,728,899,0,0.0
C,189,735,1596,0,0.0
C,189,742,711,0,0.0
C,189,763,40,0,0.0
C,189,770,438,0,0.0
C,189,798,379,0,0.0
C,189,805,36,0,0.0
C,189,812,124,0,0.0
C,189,819,166,0,0.0
C,189,826,847,0,0.0
C,189,833,332,0,0.0
C,189,854,304,0,0.0
C,189,861,136,0,0.0
C,189,882,123,0,0.0
C,189,889,1589,0,0.0
C,189,903,328,0,0.0
C,189,910,318,0,0.0
C,189,917,1620,0,0.0
C,189,924,419,0,0.0
C,189,945,495,0,0.0
C,189,952,202,0,0.0
C,189,980,1066,0,0.0
C,189,994,552,5,0.009057971014492754
C,189,1001,480,1,0.0020833333333333333
C,189,1008,1751,1,0.0005711022272986865
C,189,1015,130,0,0.0
C,189,1043,92,0,0.0
C,189,1071,46,0,0.0
C,189,1078,10,0,0.0
C,189,1085,3,0,0.0
C,189,1092,32,0,0.0
C,189,1099,131,0,0.0
C,189,1106,30,0,0.0
C,189,1134,54,0,0.0
C,189,1162,51,0,0.0
C,189,1183,13,0,0.0
C,189,1190,10,0,0.0
C,189,1197,10,0,0.0
C,189,1218,20,0,0.0
C,189,1225,33,0,0.0
C,189,1253,34,0,0.0
C,189,1267,9,0,0.0
C,189,1274,11,0,0.0
C,189,1281,46,0,0.0
C,189,1288,24,0,0.0
C,189,1309,18,0,0.0
C,189,1316,17,0,0.0
C,189,1344,21,0,0.0
C,189,1365,17,0,0.0
C,189,1372,56,0,0.0
C,189,1379,33,0,0.0
C,189,1407,22,0,0.0
C,189,1435,10,0,0.0
C,189,1442,6,0,0.0
C,189,1456,9,0,0.0
C,189,1463,65,0,0.0
C,189,1470,13,0,0.0
C,189,1498,7,0,0.0
C,189,1526,26,0,0.0
C,189,1547,1,0,0.0
C,189,1561,13,0,0.0
C,189,1582,1,0,0.0
C,189,1589,19,0,0.0
C,189,1617,21,0,0.0
C,189,1624,7,0,0.0
C,189,1638,48,0,0.0
C,189,1645,2,0,0.0
C,189,1652,44,0,0.0
C,189,1680,48,0,0.0
C,189,1708,19,0,0.0
C,189,1715,38,0,0.0
C,189,1729,22,0,0.0
C,189,1736,7,0,0.0
C,189,1743,57,0,0.0
C,189,1771,17,0,0.0
C,189,1778,9,0,0.0
C,189,1799,5,0,0.0
C,189,1806,14,0,0.0
C,189,1820,7,0,0.0
C,189,1827,54,0,0.0
C,189,1834,30,0,0.0
C,189,1862,8,0,0.0
C,189,1869,2,0,0.0
C,189,1890,3,0,0.0
C,189,1897,1,0,0.0
C,189,1911,8,0,0.0
C,189,1918,3,0,0.0
C,189,1925,2,0,0.0
C,189,1953,7,0,0.0
C,189,1981,14,0,0.0
C,189,1988,7,0,0.0
C,189,2002,3,0,0.0
C,189,2009,8,0,0.0
C,189,2016,13,0,0.0
C,189,2044,5,0,0.0
C,189,2051,6,0,0.0
C,189,2079,35,0,0.0
C,189,2100,1,0,0.0
C,189,2107,11,0,0.0
C,189,2142,3,0,0.0
C,189,2170,6,0,0.0
C,189,2191,5,0,0.0
C,189,2198,2,0,0.0
C,196,196,491,0,0.0
C,196,203,12022,0,0.0
C,196,210,21557,1,0.000046388644059934126
C,196,217,15865,53,0.003340687046958714
C,196,224,48210,0,0.0
C,196,231,26900,2,0.00007434944237918216
C,196,238,11790,0,0.0
C,196,245,10568,1,0.00009462528387585163
C,196,252,19139,25,0.0013062333455248446
C,196,259,43390,4,0.00009218713989398479
C,196,266,7270,0,0.0
C,196,273,20090,17,0.0008461921353907416
C,196,280,13497,74,0.005482699859227977
C,196,287,69505,9,0.00012948708725990936
C,196,294,9740,2,0.0002053388090349076
C,196,301,9378,20,0.0021326508850501172
C,196,308,7137,80,0.01120919153706039
C,196,315,26550,0,0.0
C,196,322,16815,0,0.0
C,196,329,3672,0,0.0
C,196,336,3977,0,0.0
C,196,343,10296,0,0.0
C,196,350,34393,0,0.0
C,196,357,2715,0,0.0
C,196,364,14458,11,0.0007608244570480011
C,196,371,11781,22,0.0018674136321195146
C,196,378,38228,3,0.00007847650936486345
C,196,385,5443,0,0.0
C,196,392,180,0,0.0
C,196,399,1310,0,0.0
C,196,406,8533,0,0.0
C,196,413,5039,0,0.0
C,196,434,1702,0,0.0
C,196,441,5269,0,0.0
C,196,448,20,0,0.0
C,196,455,2110,0,0.0
C,196,462,1924,5,0.002598752598752599
C,196,469,8402,0,0.0
C,196,476,1717,0,0.0
C,196,483,8,0,0.0
C,196,490,42,0,0.0
C,196,497,2953,0,0.0
C,196,504,1549,0,0.0
C,196,525,1126,0,0.0
C,196,532,2766,0,0.0
C,196,546,3600,0,0.0
C,196,553,1749,0,0.0
C,196,560,7630,2,0.0002621231979030144
C,196,567,1210,0,0.0
C,196,581,17,0,0.0
C,196,588,2543,0,0.0
C,196,595,1484,0,0.0
C,196,616,63,0,0.0
C,196,623,2581,0,0.0
C,196,630,4,0,0.0
C,196,637,889,1,0.0011248593925759281
C,196,644,1222,11,0.00900163666121113
C,196,651,4929,0,0.0
C,196,658,830,0,0.0
C,196,672,12,0,0.0
C,196,679,1111,0,0.0
C,196,686,799,0,0.0
C,196,707,14,0,0.0
C,196,714,1506,0,0.0
C,196,728,164,0,0.0
C,196,735,535,0,0.0
C,196,742,1511,0,0.0
C,196,749,584,0,0.0
C,196,770,112,0,0.0
C,196,777,277,0,0.0
C,196,805,490,0,0.0
C,196,812,11,0,0.0
C,196,819,99,0,0.0
C,196,826,117,0,0.0
C,196,833,1128,0,0.0
C,196,840,558,0,0.0
C,196,861,131,0,0.0
C,196,868,72,0,0.0
C,196,889,41,0,0.0
C,196,896,772,0,0.0
C,196,910,377,0,0.0
C,196,917,426,0,0.0
C,196,924,1776,0,0.0
C,196,931,353,0,0.0
C,196,952,141,0,0.0
C,196,959,119,0,0.0
C,196,987,423,0,0.0
C,196,1001,194,0,0.0
C,196,1008,310,3,0.00967741935483871
C,196,1015,986,0,0.0
C,196,1022,157,0,0.0
C,196,1050,89,0,0.0
C,196,1078,41,0,0.0
C,196,1085,20,0,0.0
C,196,1092,3,0,0.0
C,196,1099,56,0,0.0
C,196,1106,64,0,0.0
C,196,1113,82,0,0.0
C,196,1141,45,0,0.0
C,196,1169,21,0,0.0
C,196,1176,1,0,0.0
C,196,1183,2,0,0.0
C,196,1190,16,0,0.0
C,196,1197,7,0,0.0
C,196,1204,22,0,0.0
C,196,1225,28,0,0.0
C,196,1232,30,0,0.0
C,196,1260,27,0,0.0
C,196,1274,22,0,0.0
C,196,1281,35,0,0.0
C,196,1288,19,0,0.0
C,196,1295,8,0,0.0
C,196,1316,7,0,0.0
C,196,1323,17,0,0.0
C,196,1351,34,0,0.0
C,196,1365,3,0,0.0
C,196,1372,23,0,0.0
C,196,1379,67,0,0.0
C,196,1386,16,0,0.0
C,196,1414,19,0,0.0
C,196,1442,23,0,0.0
C,196,1449,6,0,0.0
C,196,1463,18,0,0.0
C,196,1470,18,0,0.0
C,196,1477,28,0,0.0
C,196,1505,2,0,0.0
C,196,1533,15,0,0.0
C,196,1554,5,0,0.0
C,196,1561,8,0,0.0
C,196,1568,18,0,0.0
C,196,1589,3,0,0.0
C,196,1596,12,0,0.0
C,196,1624,11,0,0.0
C,196,1631,1,0,0.0
C,196,1645,87,0,0.0
C,196,1652,4,0,0.0
C,196,1659,33,0,0.0
C,196,1687,25,0,0.0
C,196,1715,10,0,0.0
C,196,1722,8,0,0.0
C,196,1736,30,0,0.0
C,196,1743,12,0,0.0
C,196,1750,31,0,0.0
C,196,1778,45,0,0.0
C,196,1785,1,0,0.0
C,196,1806,12,0,0.0
C,196,1813,28,0,0.0
C,196,1827,22,0,0.0
C,196,1834,13,0,0.0
C,196,1841,6,0,0.0
C,196,1869,17,0,0.0
C,196,1876,2,0,0.0
C,196,1897,16,0,0.0
C,196,1904,1,0,0.0
C,196,1918,8,0,0.0
C,196,1925,2,0,0.0
C,196,1932,20,0,0.0
C,196,1960,28,0,0.0
C,196,1988,1,0,0.0
C,196,1995,4,0,0.0
C,196,2009,1,0,0.0
C,196,2016,11,0,0.0
C,196,2023,18,0,0.0
C,196,2051,1,0,0.0
C,196,2058,1,0,0.0
C,196,2086,39,1,0.02564102564102564
C,196,2100,3,0,0.0
C,196,2107,2,0,0.0
C,196,2114,19,0,0.0
C,196,2149,1,0,0.0
C,196,2198,1,0,0.0
C,203,203,331,0,0.0
C,203,210,8497,0,0.0
C,203,217,19783,5,0.00025274225344993175
C,203,224,10304,0,0.0
C,203,231,47634,82,0.001721459461729017
C,203,238,26928,0,0.0
C,203,245,12411,3,0.00024172105390379503
C,203,252,9393,0,0.0
C,203,259,22719,0,0.0
C,203,266,38605,9,0.0002331304235202694
C,203,273,6850,0,0.0
C,203,280,15388,5,0.0003249285157265402
C,203,287,12807,0,0.0
C,203,294,64784,24,0.0003704618424302297
C,203,301,6668,4,0.0005998800239952009
C,203,308,9250,2,0.00021621621621621621
C,203,315,7368,0,0.0
C,203,322,28474,27,0.000948233476153684
C,203,329,15771,0,0.0
C,203,336,4026,0,0.0
C,203,343,4060,0,0.0
C,203,350,14676,0,0.0
C,203,357,36143,10,0.00027667874830534264
C,203,364,3042,0,0.0
C,203,371,10156,1,0.00009846396218983852
C,203,378,7781,0,0.0
C,203,385,27207,7,0.00025728672768037637
C,203,392,2858,0,0.0
C,203,399,11,0,0.0
C,203,406,514,0,0.0
C,203,413,6674,0,0.0
C,203,420,4834,0,0.0
C,203,441,1784,0,0.0
C,203,448,6036,2,0.0003313452617627568
C,203,455,93,0,0.0
C,203,462,2062,0,0.0
C,203,469,1823,0,0.0
C,203,476,8192,4,0.00048828125
C,203,483,1226,0,0.0
C,203,490,5,0,0.0
C,203,497,34,0,0.0
C,203,504,2250,0,0.0
C,203,511,1553,0,0.0
C,203,525,25,0,0.0
C,203,532,725,0,0.0
C,203,539,3963,0,0.0
C,203,553,2248,0,0.0
C,203,560,1736,0,0.0
C,203,567,5740,0,0.0
C,203,574,733,0,0.0
C,203,581,3,0,0.0
C,203,588,3,0,0.0
C,203,595,2876,0,0.0
C,203,602,1029,0,0.0
C,203,623,387,0,0.0
C,203,630,2868,5,0.0017433751743375174
C,203,637,3,0,0.0
C,203,644,1299,0,0.0
C,203,651,1426,0,0.0
C,203,658,5551,2,0.0003602954422626554
C,203,665,934,0,0.0
C,203,679,199,0,0.0
C,203,686,790,0,0.0
C,203,693,869,0,0.0
C,203,714,70,0,0.0
C,203,721,974,0,0.0
C,203,735,117,0,0.0
C,203,742,350,0,0.0
C,203,749,1316,0,0.0
C,203,756,288,0,0.0
C,203,777,47,0,0.0
C,203,784,356,0,0.0
C,203,812,339,0,0.0
C,203,819,25,0,0.0
C,203,826,46,0,0.0
C,203,833,141,0,0.0
C,203,840,802,0,0.0
C,203,847,605,0,0.0
C,203,868,337,0,0.0
C,203,875,64,0,0.0
C,203,896,94,0,0.0
C,203,903,971,0,0.0
C,203,917,388,0,0.0
C,203,924,482,0,0.0
C,203,931,1667,0,0.0
C,203,938,420,0,0.0
C,203,959,213,0,0.0
C,203,966,245,0,0.0
C,203,994,987,4,0.004052684903748734
C,203,1008,320,0,0.0
C,203,1015,181,0,0.0
C,203,1022,528,0,0.0
C,203,1029,233,0,0.0
C,203,1057,147,0,0.0
C,203,1085,31,0,0.0
C,203,1092,2,0,0.0
C,203,1106,24,0,0.0
C,203,1113,40,0,0.0
C,203,1120,4,0,0.0
C,203,1148,59,0,0.0
C,203,1176,66,0,0.0
C,203,1197,7,0,0.0
C,203,1204,26,0,0.0
C,203,1211,16,0,0.0
C,203,1232,16,0,0.0
C,203,1239,4,0,0.0
C,203,1267,43,0,0.0
C,203,1281,28,0,0.0
C,203,1288,34,0,0.0
C,203,1295,23,0,0.0
C,203,1302,24,0,0.0
C,203,1323,12,0,0.0
C,203,1330,10,0,0.0
C,203,1358,7,0,0.0
C,203,1372,24,0,0.0
C,203,1379,72,0,0.0
C,203,1386,9,0,0.0
C,203,1393,16,0,0.0
C,203,1421,32,0,0.0
C,203,1449,1,0,0.0
C,203,1456,3,0,0.0
C,203,1470,17,0,0.0
C,203,1477,13,0,0.0
C,203,1484,3,0,0.0
C,203,1512,16,0,0.0
C,203,1540,21,0,0.0
C,203,1554,1,0,0.0
C,203,1561,6,0,0.0
C,203,1568,1,0,0.0
C,203,1575,13,0,0.0
C,203,1596,1,0,0.0
C,203,1603,25,0,0.0
C,203,1631,30,0,0.0
C,203,1638,7,0,0.0
C,203,1652,30,0,0.0
C,203,1659,9,0,0.0
C,203,1666,54,0,0.0
C,203,1694,46,0,0.0
C,203,1722,19,0,0.0
C,203,1729,2,0,0.0
C,203,1736,2,0,0.0
C,203,1743,30,0,0.0
C,203,1750,4,0,0.0
C,203,1757,37,0,0.0
C,203,1785,38,0,0.0
C,203,1792,2,0,0.0
C,203,1813,2,0,0.0
C,203,1820,4,0,0.0
C,203,1834,22,0,0.0
C,203,1841,9,0,0.0
C,203,1876,12,0,0.0
C,203,1904,6,0,0.0
C,203,1911,1,0,0.0
C,203,1939,22,0,0.0
C,203,1967,19,0,0.0
C,203,1995,2,0,0.0
C,203,2002,12,0,0.0
C,203,2016,4,0,0.0
C,203,2023,9,0,0.0
C,203,2030,2,0,0.0
C,203,2058,2,0,0.0
C,203,2093,3,0,0.0
C,203,2107,4,0,0.0
C,203,2114,9,0,0.0
C,203,2121,17,0,0.0
C,203,2156,1,0,0.0
C,210,210,216,0,0.0
C,210,217,8408,0,0.0
C,210,224,16065,0,0.0
C,210,231,7717,0,0.0
C,210,238,41193,0,0.0
C,210,245,25382,8,0.0003151839886533764
C,210,252,10157,0,0.0
C,210,259,6020,0,0.0
C,210,266,20076,0,0.0
C,210,273,36212,99,0.0027339003645200487
C,210,280,7420,0,0.0
C,210,287,12727,3,0.00023571933684293236
C,210,294,7772,0,0.0
C,210,301,52735,3,0.00005688821465819664
C,210,308,4868,0,0.0
C,210,315,6543,0,0.0
C,210,322,4378,0,0.0
C,210,329,19337,0,0.0
C,210,336,15193,0,0.0
C,210,343,3269,1,0.0003059039461609055
C,210,350,4104,0,0.0
C,210,357,14827,0,0.0
C,210,364,32313,2,0.00006189459350725714
C,210,371,777,0,0.0
C,210,378,6688,0,0.0
C,210,385,5498,0,0.0
C,210,392,23270,0,0.0
C,210,399,1898,0,0.0
C,210,406,9,0,0.0
C,210,413,327,0,0.0
C,210,420,5570,0,0.0
C,210,427,3997,0,0.0
C,210,448,1731,0,0.0
C,210,455,4224,0,0.0
C,210,462,30,0,0.0
C,210,469,1903,0,0.0
C,210,476,1797,0,0.0
C,210,483,5399,0,0.0
C,210,490,923,0,0.0
C,210,504,55,0,0.0
C,210,511,2033,0,0.0
C,210,518,703,0,0.0
C,210,539,1035,0,0.0
C,210,546,2842,0,0.0
C,210,560,1355,0,0.0
C,210,567,1034,0,0.0
C,210,574,7771,0,0.0
C,210,581,866,0,0.0
C,210,588,4,0,0.0
C,210,602,1948,0,0.0
C,210,609,1025,0,0.0
C,210,630,720,0,0.0
C,210,637,1744,0,0.0
C,210,651,874,0,0.0
C,210,658,1043,0,0.0
C,210,665,3240,0,0.0
C,210,672,863,0,0.0
C,210,686,31,0,0.0
C,210,693,1023,0,0.0
C,210,700,713,0,0.0
C,210,721,32,0,0.0
C,210,728,686,0,0.0
C,210,742,43,0,0.0
C,210,749,234,0,0.0
C,210,756,1153,0,0.0
C,210,763,412,0,0.0
C,210,784,142,0,0.0
C,210,791,203,0,0.0
C,210,819,242,0,0.0
C,210,826,5,0,0.0
C,210,833,75,0,0.0
C,210,840,179,0,0.0
C,210,847,708,0,0.0
C,210,854,436,0,0.0
C,210,875,217,0,0.0
C,210,882,83,0,0.0
C,210,903,115,0,0.0
C,210,910,713,0,0.0
C,210,924,291,0,0.0
C,210,931,245,0,0.0
C,210,938,1120,0,0.0
C,210,945,464,0,0.0
C,210,966,296,0,0.0
C,210,973,243,0,0.0
C,210,1001,812,10,0.012315270935960592
C,210,1015,189,0,0.0
C,210,1022,187,0,0.0
C,210,1029,332,0,0.0
C,210,1036,112,0,0.0
C,210,1064,107,0,0.0
C,210,1092,32,0,0.0
C,210,1106,3,0,0.0
C,210,1113,22,0,0.0
C,210,1120,11,0,0.0
C,210,1127,19,0,0.0
C,210,1155,20,0,0.0
C,210,1183,30,0,0.0
C,210,1204,8,0,0.0
C,210,1211,14,0,0.0
C,210,1218,12,0,0.0
C,210,1239,4,0,0.0
C,210,1246,34,0,0.0
C,210,1274,31,0,0.0
C,210,1288,9,0,0.0
C,210,1295,4,0,0.0
C,210,1302,11,0,0.0
C,210,1309,28,0,0.0
C,210,1330,11,0,0.0
C,210,1337,19,0,0.0
C,210,1365,43,0,0.0
C,210,1379,2,0,0.0
C,210,1386,5,0,0.0
C,210,1393,11,0,0.0
C,210,1400,26,0,0.0
C,210,1428,35,0,0.0
C,210,1456,11,0,0.0
C,210,1463,4,0,0.0
C,210,1477,14,0,0.0
C,210,1484,5,0,0.0
C,210,1491,7,0,0.0
C,210,1519,5,0,0.0
C,210,1547,6,0,0.0
C,210,1568,4,0,0.0
C,210,1582,34,0,0.0
C,210,1610,21,0,0.0
C,210,1638,44,0,0.0
C,210,1645,5,0,0.0
C,210,1659,17,0,0.0
C,210,1666,8,0,0.0
C,210,1673,47,0,0.0
C,210,1701,44,0,0.0
C,210,1729,31,0,0.0
C,210,1736,3,0,0.0
C,210,1743,2,0,0.0
C,210,1750,10,0,0.0
C,210,1757,2,0,0.0
C,210,1764,29,0,0.0
C,210,1792,44,0,0.0
C,210,1799,2,0,0.0
C,210,1820,2,0,0.0
C,210,1827,8,0,0.0
C,210,1841,9,0,0.0
C,210,1848,11,0,0.0
C,210,1855,32,0,0.0
C,210,1883,1,0,0.0
C,210,1911,9,0,0.0
C,210,1918,11,0,0.0
C,210,1932,6,0,0.0
C,210,1946,21,0,0.0
C,210,1974,13,0,0.0
C,210,2002,1,0,0.0
C,210,2009,7,0,0.0
C,210,2030,1,0,0.0
C,210,2037,9,0,0.0
C,210,2065,11,0,0.0
C,210,2072,7,0,0.0
C,210,2100,3,0,0.0
C,210,2121,12,0,0.0
C,210,2128,6,0,0.0
C,210,2163,1,0,0.0
C,210,2191,2,0,0.0
C,217,217,386,4,0.010362694300518135
C,217,224,8389,1,0.00011920371915603766
C,217,231,15370,0,0.0
C,217,238,7550,0,0.0
C,217,245,45482,0,0.0
C,217,252,22758,9,0.00039546533087266017
C,217,259,7369,0,0.0
C,217,266,5031,0,0.0
C,217,273,22202,3,0.00013512296189532476
C,217,280,32313,51,0.0015783121344350572
C,217,287,7452,13,0.0017444981213097155
C,217,294,11713,3,0.00025612567232988985
C,217,301,7283,0,0.0
C,217,308,56995,68,0.0011930871129046407
C,217,315,4875,0,0.0
C,217,322,5082,0,0.0
C,217,329,3607,0,0.0
C,217,336,20119,0,0.0
C,217,343,10914,0,0.0
C,217,350,1756,0,0.0
C,217,357,3235,0,0.0
C,217,364,14411,0,0.0
C,217,371,23316,25,0.0010722250814891063
C,217,378,163,0,0.0
C,217,385,4143,0,0.0
C,217,392,4663,0,0.0
C,217,399,25373,6,0.00023647184014503607
C,217,406,1260,0,0.0
C,217,413,15,0,0.0
C,217,420,200,0,0.0
C,217,427,4940,0,0.0
C,217,434,2771,0,0.0
C,217,455,1243,0,0.0
C,217,462,3642,13,0.0035694673256452497
C,217,469,133,0,0.0
C,217,476,1781,0,0.0
C,217,483,1097,0,0.0
C,217,490,5859,0,0.0
C,217,497,1126,0,0.0
C,217,504,7,0,0.0
C,217,511,99,0,0.0
C,217,518,1174,0,0.0
C,217,525,624,0,0.0
C,217,546,1939,0,0.0
C,217,553,3111,0,0.0
C,217,567,1251,0,0.0
C,217,574,1100,0,0.0
C,217,581,11761,0,0.0
C,217,588,987,0,0.0
C,217,609,2739,0,0.0
C,217,616,545,0,0.0
C,217,637,251,0,0.0
C,217,644,2225,7,0.003146067415730337
C,217,651,1,0,0.0
C,217,658,1420,0,0.0
C,217,665,1249,0,0.0
C,217,672,2785,0,0.0
C,217,679,696,0,0.0
C,217,693,29,0,0.0
C,217,700,491,0,0.0
C,217,707,446,0,0.0
C,217,728,14,0,0.0
C,217,735,399,0,0.0
C,217,749,27,0,0.0
C,217,756,165,0,0.0
C,217,763,1684,0,0.0
C,217,770,410,0,0.0
C,217,791,51,0,0.0
C,217,798,237,0,0.0
C,217,826,134,0,0.0
C,217,833,4,0,0.0
C,217,840,114,0,0.0
C,217,847,169,0,0.0
C,217,854,721,0,0.0
C,217,861,425,0,0.0
C,217,882,164,0,0.0
C,217,889,46,0,0.0
C,217,910,184,0,0.0
C,217,917,951,0,0.0
C,217,931,451,0,0.0
C,217,938,259,0,0.0
C,217,945,1547,0,0.0
C,217,952,338,0,0.0
C,217,973,530,0,0.0
C,217,980,32,0,0.0
C,217,1008,702,2,0.002849002849002849
C,217,1022,71,0,0.0
C,217,1029,134,0,0.0
C,217,1036,299,0,0.0
C,217,1043,156,0,0.0
C,217,1071,47,0,0.0
C,217,1099,62,0,0.0
C,217,1106,3,0,0.0
C,217,1113,4,0,0.0
C,217,1120,4,0,0.0
C,217,1127,35,0,0.0
C,217,1134,24,0,0.0
C,217,1162,27,0,0.0
C,217,1190,35,0,0.0
C,217,1204,5,0,0.0
C,217,1211,10,0,0.0
C,217,1218,19,0,0.0
C,217,1225,38,0,0.0
C,217,1246,8,0,0.0
C,217,1253,13,0,0.0
C,217,1281,70,0,0.0
C,217,1295,17,0,0.0
C,217,1302,8,0,0.0
C,217,1309,34,0,0.0
C,217,1316,33,0,0.0
C,217,1337,10,0,0.0
C,217,1344,9,0,0.0
C,217,1372,41,0,0.0
C,217,1393,15,0,0.0
C,217,1400,4,0,0.0
C,217,1407,12,0,0.0
C,217,1435,19,0,0.0
C,217,1463,29,0,0.0
C,217,1470,3,0,0.0
C,217,1484,2,0,0.0
C,217,1491,10,0,0.0
C,217,1498,8,0,0.0
C,217,1526,10,0,0.0
C,217,1554,11,0,0.0
C,217,1561,4,0,0.0
C,217,1575,7,0,0.0
C,217,1582,6,0,0.0
C,217,1589,39,0,0.0
C,217,1610,2,0,0.0
C,217,1617,32,0,0.0
C,217,1645,61,0,0.0
C,217,1652,10,0,0.0
C,217,1666,30,0,0.0
C,217,1673,34,0,0.0
C,217,1680,75,0,0.0
C,217,1708,24,0,0.0
C,217,1736,51,0,0.0
C,217,1743,4,0,0.0
C,217,1757,12,0,0.0
C,217,1771,7,0,0.0
C,217,1799,14,0,0.0
C,217,1827,29,0,0.0
C,217,1834,1,0,0.0
C,217,1848,5,0,0.0
C,217,1855,12,0,0.0
C,217,1862,7,0,0.0
C,217,1890,5,0,0.0
C,217,1918,5,0,0.0
C,217,1925,3,0,0.0
C,217,1939,9,0,0.0
C,217,1946,1,0,0.0
C,217,1953,10,0,0.0
C,217,1981,11,0,0.0
C,217,2016,17,0,0.0
C,217,2037,2,0,0.0
C,217,2044,12,0,0.0
C,217,2072,8,0,0.0
C,217,2079,4,0,0.0
C,217,2107,16,0,0.0
C,217,2128,4,0,0.0
C,217,2170,5,0,0.0
C,224,224,401,0,0.0
C,224,231,9245,0,0.0
C,224,238,16246,0,0.0
C,224,245,8916,0,0.0
C,224,252,38728,0,0.0
C,224,259,23577,4,0.00016965686898248294
C,224,266,8357,2,0.00023932033026205577
C,224,273,6948,0,0.0
C,224,280,19696,0,0.0
C,224,287,24762,0,0.0
C,224,294,4739,0,0.0
C,224,301,8362,0,0.0
C,224,308,7431,0,0.0
C,224,315,56256,1,0.000017775881683731512
C,224,322,4229,0,0.0
C,224,329,5364,1,0.00018642803877703205
C,224,336,3906,0,0.0
C,224,343,21082,0,0.0
C,224,350,13871,0,0.0
C,224,357,2872,3,0.0010445682451253482
C,224,364,4011,0,0.0
C,224,371,6940,0,0.0
C,224,378,15710,1,0.00006365372374283896
C,224,385,12,0,0.0
C,224,392,3816,0,0.0
C,224,399,4617,0,0.0
C,224,406,23479,0,0.0
C,224,413,1086,0,0.0
C,224,420,3,0,0.0
C,224,427,658,0,0.0
C,224,434,4569,0,0.0
C,224,441,3231,0,0.0
C,224,462,915,0,0.0
C,224,469,2240,0,0.0
C,224,476,17,0,0.0
C,224,483,678,0,0.0
C,224,490,1362,0,0.0
C,224,497,6314,0,0.0
C,224,504,1331,0,0.0
C,224,511,4,0,0.0
C,224,518,26,0,0.0
C,224,525,703,0,0.0
C,224,532,431,0,0.0
C,224,553,916,0,0.0
C,224,560,3383,1,0.0002955956251847473
C,224,574,2275,0,0.0
C,224,581,1385,0,0.0
C,224,588,7832,0,0.0
C,224,595,1080,0,0.0
C,224,616,3262,0,0.0
C,224,623,616,0,0.0
C,224,644,326,0,0.0
C,224,651,1429,0,0.0
C,224,665,262,0,0.0
C,224,672,721,0,0.0
C,224,679,4035,0,0.0
C,224,686,688,0,0.0
C,224,700,15,0,0.0
C,224,707,489,0,0.0
C,224,714,382,0,0.0
C,224,742,191,0,0.0
C,224,756,64,0,0.0
C,224,763,327,0,0.0
C,224,770,1697,0,0.0
C,224,777,291,0,0.0
C,224,798,68,0,0.0
C,224,805,261,0,0.0
C,224,833,84,0,0.0
C,224,840,1,0,0.0
C,224,847,76,0,0.0
C,224,854,158,0,0.0
C,224,861,947,0,0.0
C,224,868,213,0,0.0
C,224,889,394,0,0.0
C,224,896,22,0,0.0
C,224,917,20,0,0.0
C,224,924,1144,0,0.0
C,224,938,294,0,0.0
C,224,945,233,0,0.0
C,224,952,993,0,0.0
C,224,959,403,0,0.0
C,224,980,662,0,0.0
C,224,987,44,0,0.0
C,224,1015,212,0,0.0
C,224,1029,45,0,0.0
C,224,1036,99,0,0.0
C,224,1043,438,0,0.0
C,224,1050,119,0,0.0
C,224,1078,75,0,0.0
C,224,1106,10,0,0.0
C,224,1113,13,0,0.0
C,224,1127,14,0,0.0
C,224,1134,64,0,0.0
C,224,1141,43,0,0.0
C,224,1169,17,0,0.0
C,224,1197,4,0,0.0
C,224,1211,1,0,0.0
C,224,1218,10,0,0.0
C,224,1225,36,0,0.0
C,224,1232,27,0,0.0
C,224,1253,6,0,0.0
C,224,1260,5,0,0.0
C,224,1288,29,0,0.0
C,224,1302,2,0,0.0
C,224,1309,22,0,0.0
C,224,1316,27,0,0.0
C,224,1323,11,0,0.0
C,224,1344,15,0,0.0
C,224,1351,3,0,0.0
C,224,1379,77,0,0.0
C,224,1400,22,0,0.0
C,224,1407,11,0,0.0
C,224,1414,25,0,0.0
C,224,1442,34,0,0.0
C,224,1470,7,0,0.0
C,224,1477,3,0,0.0
C,224,1491,6,0,0.0
C,224,1498,7,0,0.0
C,224,1505,8,0,0.0
C,224,1533,10,0,0.0
C,224,1561,1,0,0.0
C,224,1582,6,0,0.0
C,224,1589,3,0,0.0
C,224,1596,12,0,0.0
C,224,1617,2,0,0.0
C,224,1624,7,0,0.0
C,224,1652,14,0,0.0
C,224,1659,10,0,0.0
C,224,1666,2,0,0.0
C,224,1673,20,0,0.0
C,224,1680,7,0,0.0
C,224,1687,39,0,0.0
C,224,1715,27,0,0.0
C,224,1743,12,0,0.0
C,224,1750,2,0,0.0
C,224,1764,10,0,0.0
C,224,1771,4,0,0.0
C,224,1778,55,0,0.0
C,224,1806,22,0,0.0
C,224,1834,5,0,0.0
C,224,1841,2,0,0.0
C,224,1855,8,0,0.0
C,224,1862,4,0,0.0
C,224,1869,10,0,0.0
C,224,1897,10,0,0.0
C,224,1904,1,0,0.0
C,224,1953,5,0,0.0
C,224,1960,41,0,0.0
C,224,1988,3,0,0.0
C,224,2023,13,0,0.0
C,224,2037,1,0,0.0
C,224,2051,7,0,0.0
C,224,2079,6,0,0.0
C,224,2086,4,0,0.0
C,224,2114,21,0,0.0
C,224,2142,2,0,0.0
C,231,231,257,0,0.0
C,231,238,10836,0,0.0
C,231,245,19792,89,0.004496766370250606
C,231,252,7984,0,0.0
C,231,259,40189,5,0.00012441215257906393
C,231,266,20351,13,0.0006387892486855683
C,231,273,5953,0,0.0
C,231,280,6098,0,0.0
C,231,287,18019,3,0.00016649092624451968
C,231,294,25470,10,0.00039261876717707107
C,231,301,2986,0,0.0
C,231,308,10250,4,0.0003902439024390244
C,231,315,8470,0,0.0
C,231,322,57184,20,0.0003497481813094572
C,231,329,4744,0,0.0
C,231,336,5940,9,0.0015151515151515152
C,231,343,4211,0,0.0
C,231,350,25680,1,0.000038940809968847354
C,231,357,14918,17,0.0011395629440943825
C,231,364,2176,0,0.0
C,231,371,1780,0,0.0
C,231,378,5655,0,0.0
C,231,385,11001,1,0.0000909008271975275
C,231,392,10,0,0.0
C,231,399,4556,0,0.0
C,231,406,4175,0,0.0
C,231,413,20349,6,0.0002948547840188707
C,231,420,1360,0,0.0
C,231,427,57,0,0.0
C,231,434,1214,0,0.0
C,231,441,3771,0,0.0
C,231,448,2381,0,0.0
C,231,469,492,0,0.0
C,231,476,2459,0,0.0
C,231,483,89,0,0.0
C,231,490,904,0,0.0
C,231,497,1135,0,0.0
C,231,504,5594,1,0.0001787629603146228
C,231,511,1357,0,0.0
C,231,518,10,0,0.0
C,231,525,4,0,0.0
C,231,532,1057,0,0.0
C,231,539,349,0,0.0
C,231,560,354,0,0.0
C,231,567,1954,0,0.0
C,231,581,3650,0,0.0
C,231,588,1574,0,0.0
C,231,595,8193,0,0.0
C,231,602,977,0,0.0
C,231,623,2276,0,0.0
C,231,630,684,0,0.0
C,231,651,265,0,0.0
C,231,658,1240,0,0.0
C,231,665,4,0,0.0
C,231,672,323,0,0.0
C,231,679,918,0,0.0
C,231,686,3368,1,0.0002969121140142518
C,231,693,745,0,0.0
C,231,714,778,0,0.0
C,231,721,236,0,0.0
C,231,749,196,0,0.0
C,231,763,95,0,0.0
C,231,770,435,0,0.0
C,231,777,1669,0,0.0
C,231,784,296,0,0.0
C,231,805,128,0,0.0
C,231,812,206,0,0.0
C,231,840,147,0,0.0
C,231,847,9,0,0.0
C,231,854,73,0,0.0
C,231,861,158,0,0.0
C,231,868,593,0,0.0
C,231,875,277,0,0.0
C,231,896,121,0,0.0
C,231,903,100,0,0.0
C,231,924,15,0,0.0
C,231,931,850,0,0.0
C,231,945,387,0,0.0
C,231,952,216,0,0.0
C,231,959,1110,0,0.0
C,231,966,319,0,0.0
C,231,987,427,0,0.0
C,231,994,78,0,0.0
C,231,1022,215,0,0.0
C,231,1036,37,0,0.0
C,231,1043,75,0,0.0
C,231,1050,362,0,0.0
C,231,1057,136,0,0.0
C,231,1085,38,0,0.0
C,231,1113,35,0,0.0
C,231,1127,10,0,0.0
C,231,1134,68,0,0.0
C,231,1141,19,0,0.0
C,231,1148,16,0,0.0
C,231,1176,47,0,0.0
C,231,1204,10,0,0.0
C,231,1225,26,0,0.0
C,231,1232,13,0,0.0
C,231,1239,6,0,0.0
C,231,1260,13,0,0.0
C,231,1267,18,0,0.0
C,231,1295,17,0,0.0
C,231,1309,4,0,0.0
C,231,1316,26,0,0.0
C,231,1323,31,0,0.0
C,231,1330,15,0,0.0
C,231,1351,16,0,0.0
C,231,1358,6,0,0.0
C,231,1386,11,0,0.0
C,231,1400,3,0,0.0
C,231,1407,5,0,0.0
C,231,1414,13,0,0.0
C,231,1421,49,0,0.0
C,231,1449,13,0,0.0
C,231,1477,10,0,0.0
C,231,1498,3,0,0.0
C,231,1505,3,0,0.0
C,231,1512,35,0,0.0
C,231,1540,7,0,0.0
C,231,1568,9,0,0.0
C,231,1575,9,0,0.0
C,231,1589,25,0,0.0
C,231,1596,4,0,0.0
C,231,1603,29,0,0.0
C,231,1631,23,0,0.0
C,231,1659,6,0,0.0
C,231,1666,5,0,0.0
C,231,1680,32,0,0.0
C,231,1687,5,0,0.0
C,231,1694,60,0,0.0
C,231,1722,46,0,0.0
C,231,1750,1,0,0.0
C,231,1757,3,0,0.0
C,231,1771,5,0,0.0
C,231,1778,7,0,0.0
C,231,1785,29,0,0.0
C,231,1813,15,0,0.0
C,231,1820,4,0,0.0
C,231,1841,6,0,0.0
C,231,1862,2,0,0.0
C,231,1869,16,0,0.0
C,231,1876,3,0,0.0
C,231,1904,2,0,0.0
C,231,1911,1,0,0.0
C,231,1932,4,0,0.0
C,231,1939,1,0,0.0
C,231,1960,3,0,0.0
C,231,1967,23,0,0.0
C,231,1995,2,0,0.0
C,231,2044,4,0,0.0
C,231,2051,2,0,0.0
C,231,2058,4,0,0.0
C,231,2086,19,2,0.10526315789473684
C,231,2121,4,0,0.0
C,231,2142,2,0,0.0
C,231,2149,3,0,0.0
C,238,238,421,0,0.0
C,238,245,10492,0,0.0
C,238,252,16471,0,0.0
C,238,259,11513,0,0.0
C,238,266,41984,0,0.0
C,238,273,17651,0,0.0
C,238,280,6705,0,0.0
C,238,287,5800,0,0.0
C,238,294,17919,0,0.0
C,238,301,24419,0,0.0
C,238,308,3029,0,0.0
C,238,315,9240,0,0.0
C,238,322,9422,0,0.0
C,238,329,52553,3,0.000057085228245770936
C,238,336,5554,0,0.0
C,238,343,5677,0,0.0
C,238,350,6448,0,0.0
C,238,357,26458,0,0.0
C,238,364,14214,0,0.0
C,238,371,917,0,0.0
C,238,378,1903,0,0.0
C,238,385,4162,0,0.0
C,238,392,9462,0,0.0
C,238,399,23,0,0.0
C,238,406,5099,0,0.0
C,238,413,3730,0,0.0
C,238,420,18601,0,0.0
C,238,427,1007,0,0.0
C,238,441,460,0,0.0
C,238,448,4581,0,0.0
C,238,455,1844,0,0.0
C,238,476,1141,0,0.0
C,238,483,1578,0,0.0
C,238,490,60,0,0.0
C,238,497,1437,0,0.0
C,238,504,1242,0,0.0
C,238,511,4630,0,0.0
C,238,518,903,0,0.0
C,238,525,23,0,0.0
C,238,532,4,0,0.0
C,238,539,1498,0,0.0
C,238,546,660,0,0.0
C,238,567,790,0,0.0
C,238,574,2218,0,0.0
C,238,588,1875,0,0.0
C,238,595,2151,0,0.0
C,238,602,7354,0,0.0
C,238,609,731,0,0.0
C,238,630,2243,5,0.002229157378510923
C,238,637,461,0,0.0
C,238,658,884,0,0.0
C,238,665,677,0,0.0
C,238,672,6,0,0.0
C,238,679,798,0,0.0
C,238,686,476,0,0.0
C,238,693,3219,0,0.0
C,238,700,581,0,0.0
C,238,714,25,0,0.0
C,238,721,441,0,0.0
C,238,728,509,0,0.0
C,238,756,214,0,0.0
C,238,770,52,0,0.0
C,238,777,210,0,0.0
C,238,784,1422,0,0.0
C,238,791,236,0,0.0
C,238,812,72,0,0.0
C,238,819,147,0,0.0
C,238,847,98,0,0.0
C,238,854,2,0,0.0
C,238,861,107,0,0.0
C,238,868,201,0,0.0
C,238,875,625,0,0.0
C,238,882,252,0,0.0
C,238,903,126,0,0.0
C,238,910,47,0,0.0
C,238,931,109,0,0.0
C,238,938,625,0,0.0
C,238,952,215,0,0.0
C,238,959,251,0,0.0
C,238,966,1257,0,0.0
C,238,973,208,0,0.0
C,238,994,976,1,0.0010245901639344263
C,238,1001,54,0,0.0
C,238,1029,124,0,0.0
C,238,1043,24,0,0.0
C,238,1050,51,0,0.0
C,238,1057,346,0,0.0
C,238,1064,156,0,0.0
C,238,1092,60,0,0.0
C,238,1120,5,0,0.0
C,238,1127,1,0,0.0
C,238,1141,15,0,0.0
C,238,1148,35,0,0.0
C,238,1155,18,0,0.0
C,238,1183,3,0,0.0
C,238,1211,6,0,0.0
C,238,1225,10,0,0.0
C,238,1232,18,0,0.0
C,238,1239,10,0,0.0
C,238,1246,44,0,0.0
C,238,1267,16,0,0.0
C,238,1274,8,0,0.0
C,238,1302,15,0,0.0
C,238,1316,2,0,0.0
C,238,1323,16,0,0.0
C,238,1330,26,0,0.0
C,238,1337,22,0,0.0
C,238,1358,3,0,0.0
C,238,1365,16,0,0.0
C,238,1393,13,0,0.0
C,238,1414,15,0,0.0
C,238,1421,7,0,0.0
C,238,1428,40,0,0.0
C,238,1456,10,0,0.0
C,238,1484,1,0,0.0
C,238,1505,2,0,0.0
C,238,1512,4,0,0.0
C,238,1519,4,0,0.0
C,238,1547,2,0,0.0
C,238,1575,6,0,0.0
C,238,1582,3,0,0.0
C,238,1596,8,0,0.0
C,238,1603,2,0,0.0
C,238,1610,19,0,0.0
C,238,1638,23,0,0.0
C,238,1666,15,0,0.0
C,238,1673,12,0,0.0
C,238,1680,8,0,0.0
C,238,1687,22,0,0.0
C,238,1694,28,0,0.0
C,238,1701,79,0,0.0
C,238,1729,17,0,0.0
C,238,1757,24,0,0.0
C,238,1771,1,0,0.0
C,238,1778,32,0,0.0
C,238,1785,7,0,0.0
C,238,1792,50,0,0.0
C,238,1820,6,0,0.0
C,238,1827,4,0,0.0
C,238,1848,15,0,0.0
C,238,1855,7,0,0.0
C,238,1869,2,0,0.0
C,238,1876,13,0,0.0
C,238,1883,2,0,0.0
C,238,1911,6,0,0.0
C,238,1918,5,0,0.0
C,238,1939,3,0,0.0
C,238,1946,10,0,0.0
C,238,1960,6,0,0.0
C,238,1967,8,0,0.0
C,238,1974,10,0,0.0
C,238,2002,8,0,0.0
C,238,2037,5,0,0.0
C,238,2051,4,0,0.0
C,238,2058,5,0,0.0
C,238,2065,18,0,0.0
C,238,2093,1,0,0.0
C,238,2100,1,0,0.0
C,238,2128,1,0,0.0
C,238,2142,1,0,0.0
C,238,2156,3,0,0.0
C,238,2191,1,0,0.0
C,245,245,189,0,0.0
C,245,252,6898,0,0.0
C,245,259,15928,2,0.00012556504269211453
C,245,266,11006,0,0.0
C,245,273,41962,28,0.0006672703874934465
C,245,280,14617,0,0.0
C,245,287,5156,2,0.0003878975950349108
C,245,294,6345,0,0.0
C,245,301,16360,1,0.00006112469437652811
C,245,308,26112,0,0.0
C,245,315,3778,0,0.0
C,245,322,11600,3,0.0002586206896551724
C,245,329,9668,0,0.0
C,245,336,50229,1,0.000019908817615321828
C,245,343,4546,0,0.0
C,245,350,6243,0,0.0
C,245,357,7313,10,0.0013674278681799535
C,245,364,24512,2,0.00008159268929503917
C,245,371,9440,0,0.0
C,245,378,139,0,0.0
C,245,385,832,0,0.0
C,245,392,2758,0,0.0
C,245,399,9260,1,0.00010799136069114471
C,245,413,4594,0,0.0
C,245,420,3801,0,0.0
C,245,427,16776,1,0.00005960896518836433
C,245,434,931,0,0.0
C,245,441,12,0,0.0
C,245,448,484,0,0.0
C,245,455,2873,0,0.0
C,245,462,1685,0,0.0
C,245,483,528,0,0.0
C,245,490,1865,0,0.0
C,245,497,6,0,0.0
C,245,504,849,0,0.0
C,245,511,1558,0,0.0
C,245,518,3980,0,0.0
C,245,525,1050,0,0.0
C,245,532,9,0,0.0
C,245,539,17,0,0.0
C,245,546,1564,0,0.0
C,245,553,664,0,0.0
C,245,574,995,0,0.0
C,245,581,4990,0,0.0
C,245,595,1860,0,0.0
C,245,602,1282,0,0.0
C,245,609,9014,0,0.0
C,245,616,646,0,0.0
C,245,637,1353,2,0.0014781966001478197
C,245,644,301,0,0.0
C,245,665,187,0,0.0
C,245,672,598,0,0.0
C,245,686,707,0,0.0
C,245,693,712,0,0.0
C,245,700,3012,0,0.0
C,245,707,576,0,0.0
C,245,721,2,0,0.0
C,245,728,17,0,0.0
C,245,735,330,0,0.0
C,245,763,383,0,0.0
C,245,777,52,0,0.0
C,245,784,152,0,0.0
C,245,791,1198,1,0.0008347245409015025
C,245,798,308,0,0.0
C,245,819,34,0,0.0
C,245,826,71,0,0.0
C,245,854,228,0,0.0
C,245,861,1,0,0.0
C,245,868,69,0,0.0
C,245,875,204,0,0.0
C,245,882,921,0,0.0
C,245,889,383,0,0.0
C,245,910,98,0,0.0
C,245,917,84,0,0.0
C,245,938,103,0,0.0
C,245,945,1089,0,0.0
C,245,959,194,0,0.0
C,245,966,324,0,0.0
C,245,973,2096,0,0.0
C,245,980,188,0,0.0
C,245,1001,925,0,0.0
C,245,1008,40,0,0.0
C,245,1036,27,0,0.0
C,245,1050,26,0,0.0
C,245,1057,76,0,0.0
C,245,1064,325,0,0.0
C,245,1071,144,0,0.0
C,245,1099,37,0,0.0
C,245,1127,16,0,0.0
C,245,1134,1,0,0.0
C,245,1141,3,0,0.0
C,245,1148,20,0,0.0
C,245,1155,22,0,0.0
C,245,1162,31,0,0.0
C,245,1190,10,0,0.0
C,245,1218,18,0,0.0
C,245,1232,5,0,0.0
C,245,1239,3,0,0.0
C,245,1246,12,0,0.0
C,245,1253,14,0,0.0
C,245,1274,11,0,0.0
C,245,1281,14,0,0.0
C,245,1309,53,0,0.0
C,245,1323,16,0,0.0
C,245,1330,13,0,0.0
C,245,1337,84,0,0.0
C,245,1344,15,0,0.0
C,245,1365,9,0,0.0
C,245,1372,16,0,0.0
C,245,1400,12,0,0.0
C,245,1421,25,0,0.0
C,245,1428,13,0,0.0
C,245,1435,12,0,0.0
C,245,1463,12,0,0.0
C,245,1491,3,0,0.0
C,245,1512,7,0,0.0
C,245,1519,14,0,0.0
C,245,1526,19,0,0.0
C,245,1554,5,0,0.0
C,245,1582,11,0,0.0
C,245,1589,1,0,0.0
C,245,1603,10,0,0.0
C,245,1610,1,0,0.0
C,245,1617,27,0,0.0
C,245,1638,2,0,0.0
C,245,1645,46,0,0.0
C,245,1673,17,0,0.0
C,245,1680,11,0,0.0
C,245,1694,29,0,0.0
C,245,1701,40,0,0.0
C,245,1708,55,0,0.0
C,245,1736,54,0,0.0
C,245,1764,15,0,0.0
C,245,1785,9,0,0.0
C,245,1792,18,0,0.0
C,245,1799,32,0,0.0
C,245,1827,10,0,0.0
C,245,1855,5,0,0.0
C,245,1862,3,0,0.0
C,245,1876,7,0,0.0
C,245,1883,1,0,0.0
C,245,1890,1,0,0.0
C,245,1918,5,0,0.0
C,245,1925,3,0,0.0
C,245,1946,4,0,0.0
C,245,1953,4,0,0.0
C,245,1960,1,0,0.0
C,245,1967,1,0,0.0
C,245,1974,5,0,0.0
C,245,1981,16,0,0.0
C,245,2009,1,0,0.0
C,245,2044,8,0,0.0
C,245,2065,3,0,0.0
C,245,2072,21,0,0.0
C,245,2100,5,0,0.0
C,245,2107,3,0,0.0
C,245,2163,1,0,0.0
C,252,252,222,0,0.0
C,252,259,8378,1,0.00011936022917164001
C,252,266,20213,2,0.00009894622272794736
C,252,273,6670,0,0.0
C,252,280,41018,37,0.0009020430055097762
C,252,287,13409,0,0.0
C,252,294,4839,0,0.0
C,252,301,4989,0,0.0
C,252,308,15106,24,0.0015887726731100226
C,252,315,21588,0,0.0
C,252,322,2282,0,0.0
C,252,329,8705,0,0.0
C,252,336,6554,0,0.0
C,252,343,47740,2,0.000041893590280687055
C,252,350,4777,0,0.0
C,252,357,5979,2,0.0003345040976751965
C,252,364,4787,0,0.0
C,252,371,16375,0,0.0
C,252,378,5474,0,0.0
C,252,385,177,0,0.0
C,252,392,240,0,0.0
C,252,399,2045,0,0.0
C,252,406,5427,0,0.0
C,252,413,22,0,0.0
C,252,420,2778,0,0.0
C,252,427,2943,0,0.0
C,252,434,15276,1,0.00006546216286986122
C,252,441,1083,0,0.0
C,252,448,5,0,0.0
C,252,455,201,0,0.0
C,252,462,2770,0,0.0
C,252,469,1050,0,0.0
C,252,490,320,0,0.0
C,252,497,1544,0,0.0
C,252,504,87,0,0.0
C,252,511,691,0,0.0
C,252,518,858,0,0.0
C,252,525,3569,0,0.0
C,252,532,403,0,0.0
C,252,539,6,0,0.0
C,252,546,34,0,0.0
C,252,553,1885,0,0.0
C,252,560,327,0,0.0
C,252,581,2312,0,0.0
C,252,588,2127,0,0.0
C,252,602,2170,0,0.0
C,252,609,977,0,0.0
C,252,616,9110,0,0.0
C,252,623,518,0,0.0
C,252,644,2365,0,0.0
C,252,651,274,0,0.0
C,252,672,64,0,0.0
C,252,679,547,0,0.0
C,252,693,885,0,0.0
C,252,700,458,0,0.0
C,252,707,2764,0,0.0
C,252,714,355,0,0.0
C,252,735,13,0,0.0
C,252,742,175,0,0.0
C,252,770,297,0,0.0
C,252,784,25,0,0.0
C,252,791,146,0,0.0
C,252,798,1521,0,0.0
C,252,805,402,0,0.0
C,252,826,6,0,0.0
C,252,833,107,0,0.0
C,252,861,122,0,0.0
C,252,868,4,0,0.0
C,252,875,80,0,0.0
C,252,882,116,0,0.0
C,252,889,1055,0,0.0
C,252,896,126,0,0.0
C,252,917,96,0,0.0
C,252,924,60,0,0.0
C,252,945,94,0,0.0
C,252,952,573,0,0.0
C,252,966,280,0,0.0
C,252,973,285,0,0.0
C,252,980,2095,0,0.0
C,252,987,170,0,0.0
C,252,1008,674,0,0.0
C,252,1015,28,0,0.0
C,252,1043,80,0,0.0
C,252,1057,17,0,0.0
C,252,1064,113,0,0.0
C,252,1071,234,0,0.0
C,252,1078,68,0,0.0
C,252,1106,13,0,0.0
C,252,1134,32,0,0.0
C,252,1155,4,0,0.0
C,252,1162,23,0,0.0
C,252,1197,5,0,0.0
C,252,1225,20,0,0.0
C,252,1246,14,0,0.0
C,252,1253,31,0,0.0
C,252,1260,6,0,0.0
C,252,1281,9,0,0.0
C,252,1288,12,0,0.0
C,252,1316,24,0,0.0
C,252,1330,3,0,0.0
C,252,1337,46,0,0.0
C,252,1344,90,0,0.0
C,252,1351,7,0,0.0
C,252,1372,29,0,0.0
C,252,1379,9,0,0.0
C,252,1407,11,0,0.0
C,252,1428,19,0,0.0
C,252,1435,9,0,0.0
C,252,1442,35,0,0.0
C,252,1470,6,0,0.0
C,252,1498,2,0,0.0
C,252,1505,2,0,0.0
C,252,1519,6,0,0.0
C,252,1526,4,0,0.0
C,252,1533,5,0,0.0
C,252,1561,9,0,0.0
C,252,1589,2,0,0.0
C,252,1610,4,0,0.0
C,252,1617,5,0,0.0
C,252,1624,9,0,0.0
C,252,1652,24,0,0.0
C,252,1680,41,0,0.0
C,252,1687,11,0,0.0
C,252,1694,5,0,0.0
C,252,1701,20,0,0.0
C,252,1708,2,0,0.0
C,252,1715,123,0,0.0
C,252,1743,22,0,0.0
C,252,1771,13,0,0.0
C,252,1778,3,0,0.0
C,252,1792,18,0,0.0
C,252,1799,2,0,0.0
C,252,1806,26,0,0.0
C,252,1834,12,0,0.0
C,252,1841,1,0,0.0
C,252,1862,1,0,0.0
C,252,1869,2,0,0.0
C,252,1890,2,0,0.0
C,252,1897,7,0,0.0
C,252,1960,4,0,0.0
C,252,1974,10,0,0.0
C,252,1981,3,0,0.0
C,252,1988,5,0,0.0
C,252,2016,12,0,0.0
C,252,2051,8,0,0.0
C,252,2065,11,0,0.0
C,252,2072,13,0,0.0
C,252,2079,50,0,0.0
C,252,2107,5,0,0.0
C,252,2114,7,0,0.0
C,252,2142,2,0,0.0
C,252,2170,6,0,0.0
C,259,259,265,0,0.0
C,259,266,9172,0,0.0
C,259,273,14012,2,0.00014273479874393378
C,259,280,6005,0,0.0
C,259,287,32605,20,0.0006134028523232633
C,259,294,16294,0,0.0
C,259,301,2432,1,0.00041118421052631577
C,259,308,4488,0,0.0
C,259,315,14173,0,0.0
C,259,322,23196,0,0.0
C,259,329,3628,0,0.0
C,259,336,8710,0,0.0
C,259,343,5915,0,0.0
C,259,350,47119,0,0.0
C,259,357,5532,0,0.0
C,259,364,5220,1,0.00019157088122605365
C,259,371,2585,0,0.0
C,259,378,10525,0,0.0
C,259,385,4332,0,0.0
C,259,399,9,0,0.0
C,259,406,4129,0,0.0
C,259,413,7076,0,0.0
C,259,420,1,0,0.0
C,259,427,2888,0,0.0
C,259,434,2684,0,0.0
C,259,441,13584,1,0.00007361601884570082
C,259,448,914,0,0.0
C,259,455,33,0,0.0
C,259,462,471,0,0.0
C,259,469,1773,0,0.0
C,259,476,1497,0,0.0
C,259,497,795,0,0.0
C,259,504,1793,0,0.0
C,259,511,19,0,0.0
C,259,518,691,0,0.0
C,259,525,687,0,0.0
C,259,532,3121,0,0.0
C,259,539,566,0,0.0
C,259,546,4,0,0.0
C,259,553,103,0,0.0
C,259,560,583,0,0.0
C,259,567,286,0,0.0
C,259,588,1850,0,0.0
C,259,595,3796,0,0.0
C,259,609,2121,0,0.0
C,259,616,1061,0,0.0
C,259,623,8233,2,0.00024292481476982875
C,259,630,737,0,0.0
C,259,651,1196,0,0.0
C,259,658,372,0,0.0
C,259,679,718,0,0.0
C,259,686,602,0,0.0
C,259,693,2,0,0.0
C,259,700,557,0,0.0
C,259,707,320,0,0.0
C,259,714,2027,0,0.0
C,259,721,253,0,0.0
C,259,742,33,0,0.0
C,259,749,202,0,0.0
C,259,777,259,0,0.0
C,259,791,68,0,0.0
C,259,798,139,0,0.0
C,259,805,939,0,0.0
C,259,812,254,0,0.0
C,259,840,84,0,0.0
C,259,868,158,0,0.0
C,259,882,178,0,0.0
C,259,889,317,0,0.0
C,259,896,609,0,0.0
C,259,903,245,0,0.0
C,259,924,58,0,0.0
C,259,931,13,0,0.0
C,259,952,51,0,0.0
C,259,959,629,0,0.0
C,259,973,389,0,0.0
C,259,980,104,0,0.0
C,259,987,1886,0,0.0
C,259,994,168,0,0.0
C,259,1015,157,0,0.0
C,259,1022,51,0,0.0
C,259,1050,57,0,0.0
C,259,1064,5,0,0.0
C,259,1071,32,0,0.0
C,259,1078,209,0,0.0
C,259,1085,38,0,0.0
C,259,1113,42,0,0.0
C,259,1141,9,0,0.0
C,259,1162,8,0,0.0
C,259,1169,47,0,0.0
C,259,1176,25,0,0.0
C,259,1204,13,0,0.0
C,259,1232,16,0,0.0
C,259,1246,1,0,0.0
C,259,1253,17,0,0.0
C,259,1260,8,0,0.0
C,259,1267,7,0,0.0
C,259,1288,1,0,0.0
C,259,1295,2,0,0.0
C,259,1323,24,0,0.0
C,259,1337,37,0,0.0
C,259,1344,15,0,0.0
C,259,1351,63,0,0.0
C,259,1358,10,0,0.0
C,259,1379,30,0,0.0
C,259,1386,6,0,0.0
C,259,1414,23,0,0.0
C,259,1435,2,0,0.0
C,259,1442,20,0,0.0
C,259,1449,3,0,0.0
C,259,1477,8,0,0.0
C,259,1505,3,0,0.0
C,259,1526,2,0,0.0
C,259,1533,16,0,0.0
C,259,1540,22,0,0.0
C,259,1568,4,0,0.0
C,259,1575,5,0,0.0
C,259,1596,2,0,0.0
C,259,1603,6,0,0.0
C,259,1617,4,0,0.0
C,259,1624,1,0,0.0
C,259,1631,72,0,0.0
C,259,1659,5,0,0.0
C,259,1687,18,0,0.0
C,259,1694,33,0,0.0
C,259,1701,1,0,0.0
C,259,1708,15,0,0.0
C,259,1715,3,0,0.0
C,259,1722,92,0,0.0
C,259,1750,9,0,0.0
C,259,1778,22,0,0.0
C,259,1799,15,0,0.0
C,259,1806,22,0,0.0
C,259,1813,11,0,0.0
C,259,1841,4,0,0.0
C,259,1869,4,0,0.0
C,259,1876,1,0,0.0
C,259,1890,1,0,0.0
C,259,1897,18,0,0.0
C,259,1904,3,0,0.0
C,259,1932,1,0,0.0
C,259,1939,1,0,0.0
C,259,1960,13,0,0.0
C,259,1967,14,0,0.0
C,259,1981,1,0,0.0
C,259,1988,4,0,0.0
C,259,1995,6,0,0.0
C,259,2023,4,0,0.0
C,259,2058,5,0,0.0
C,259,2072,5,0,0.0
C,259,2079,6,0,0.0
C,259,2086,68,2,0.029411764705882353
C,259,2114,9,0,0.0
C,259,2121,7,0,0.0
C,266,266,172,0,0.0
C,266,273,7145,0,0.0
C,266,280,15761,91,0.00577374532072838
C,266,287,7055,0,0.0
C,266,294,31587,90,0.002849273435274005
C,266,301,16505,0,0.0
C,266,308,2835,0,0.0
C,266,315,3522,0,0.0
C,266,322,13244,3,0.0002265176683781335
C,266,329,25366,0,0.0
C,266,336,2928,1,0.00034153005464480874
C,266,343,9377,1,0.00010664391596459421
C,266,350,8479,0,0.0
C,266,357,52227,12,0.00022976621287839623
C,266,364,5466,4,0.0007317965605561653
C,266,371,2734,0,0.0
C,266,378,2157,0,0.0
C,266,385,6309,0,0.0
C,266,392,3589,0,0.0
C,266,413,2049,1,0.0004880429477794046
C,266,420,7546,0,0.0
C,266,427,35,0,0.0
C,266,434,4587,0,0.0
C,266,441,2484,0,0.0
C,266,448,15373,3,0.00019514733623886033
C,266,455,1157,0,0.0
C,266,462,1,0,0.0
C,266,469,254,0,0.0
C,266,476,2332,0,0.0
C,266,483,1423,0,0.0
C,266,504,638,0,0.0
C,266,511,1438,0,0.0
C,266,518,9,0,0.0
C,266,525,555,0,0.0
C,266,532,486,0,0.0
C,266,539,4053,0,0.0
C,266,546,441,0,0.0
C,266,553,38,0,0.0
C,266,560,10,0,0.0
C,266,567,481,0,0.0
C,266,574,221,0,0.0
C,266,595,891,0,0.0
C,266,602,4207,0,0.0
C,266,616,3438,0,0.0
C,266,623,1907,0,0.0
C,266,630,9700,31,0.003195876288659794
C,266,637,665,0,0.0
C,266,658,1493,0,0.0
C,266,665,237,0,0.0
C,266,686,643,0,0.0
C,266,693,563,0,0.0
C,266,707,435,0,0.0
C,266,714,252,0,0.0
C,266,721,1448,0,0.0
C,266,728,262,0,0.0
C,266,749,14,0,0.0
C,266,756,137,0,0.0
C,266,784,257,0,0.0
C,266,798,141,0,0.0
C,266,805,108,0,0.0
C,266,812,1078,0,0.0
C,266,819,242,0,0.0
C,266,840,17,0,0.0
C,266,847,80,0,0.0
C,266,875,129,0,0.0
C,266,889,64,0,0.0
C,266,896,124,0,0.0
C,266,903,642,0,0.0
C,266,910,225,0,0.0
C,266,931,76,0,0.0
C,266,938,42,0,0.0
C,266,959,24,0,0.0
C,266,966,976,0,0.0
C,266,980,642,0,0.0
C,266,987,212,0,0.0
C,266,994,3302,12,0.0036341611144760752
C,266,1001,158,0,0.0
C,266,1022,188,0,0.0
C,266,1029,60,0,0.0
C,266,1057,136,0,0.0
C,266,1071,20,0,0.0
C,266,1078,44,0,0.0
C,266,1085,169,0,0.0
C,266,1092,27,0,0.0
C,266,1120,4,0,0.0
C,266,1148,13,0,0.0
C,266,1169,17,0,0.0
C,266,1176,85,0,0.0
C,266,1183,14,0,0.0
C,266,1211,4,0,0.0
C,266,1239,10,0,0.0
C,266,1253,4,0,0.0
C,266,1260,10,0,0.0
C,266,1267,24,0,0.0
C,266,1274,6,0,0.0
C,266,1302,4,0,0.0
C,266,1330,29,0,0.0
C,266,1344,28,0,0.0
C,266,1351,43,0,0.0
C,266,1358,8,0,0.0
C,266,1365,19,0,0.0
C,266,1393,14,0,0.0
C,266,1421,30,0,0.0
C,266,1442,21,0,0.0
C,266,1449,8,0,0.0
C,266,1456,4,0,0.0
C,266,1512,3,0,0.0
C,266,1533,2,0,0.0
C,266,1540,8,0,0.0
C,266,1547,12,0,0.0
C,266,1575,2,0,0.0
C,266,1582,1,0,0.0
C,266,1603,5,0,0.0
C,266,1624,4,0,0.0
C,266,1631,1,0,0.0
C,266,1638,42,0,0.0
C,266,1666,12,0,0.0
C,266,1694,29,0,0.0
C,266,1701,36,0,0.0
C,266,1715,27,0,0.0
C,266,1722,21,0,0.0
C,266,1729,32,0,0.0
C,266,1757,25,0,0.0
C,266,1785,9,0,0.0
C,266,1792,3,0,0.0
C,266,1806,24,0,0.0
C,266,1813,2,0,0.0
C,266,1820,10,0,0.0
C,266,1855,6,0,0.0
C,266,1876,4,0,0.0
C,266,1883,2,0,0.0
C,266,1897,4,0,0.0
C,266,1904,5,0,0.0
C,266,1911,10,0,0.0
C,266,1939,6,0,0.0
C,266,1946,1,0,0.0
C,266,1974,4,0,0.0
C,266,1981,1,0,0.0
C,266,1988,1,0,0.0
C,266,2002,10,0,0.0
C,266,2030,1,0,0.0
C,266,2065,20,0,0.0
C,266,2079,47,0,0.0
C,266,2086,47,2,0.0425531914893617
C,266,2093,7,0,0.0
C,266,2121,3,0,0.0
C,266,2156,1,0,0.0
C,266,2170,1,0,0.0
C,266,2184,1,0,0.0
C,273,273,235,0,0.0
C,273,280,8072,0,0.0
C,273,287,12567,79,0.006286305403039707
C,273,294,6015,0,0.0
C,273,301,24579,128,0.005207697628056471
C,273,308,18497,0,0.0
C,273,315,2921,0,0.0
C,273,322,3606,0,0.0
C,273,329,7954,0,0.0
C,273,336,24654,7,0.00028392958546280523
C,273,343,2255,0,0.0
C,273,350,7642,0,0.0
C,273,357,8050,0,0.0
C,273,364,51841,14,0.00027005651897147047
C,273,371,2831,0,0.0
C,273,378,286,0,0.0
C,273,385,1106,0,0.0
C,273,392,4676,0,0.0
C,273,399,3266,0,0.0
C,273,420,1185,0,0.0
C,273,427,6937,0,0.0
C,273,434,25,0,0.0
C,273,441,1842,0,0.0
C,273,448,1635,0,0.0
C,273,455,12340,6,0.00048622366288492705
C,273,462,1182,0,0.0
C,273,469,4,0,0.0
C,273,476,202,0,0.0
C,273,483,992,0,0.0
C,273,490,1620,0,0.0
C,273,511,235,0,0.0
C,273,518,930,0,0.0
C,273,525,81,0,0.0
C,273,532,671,0,0.0
C,273,539,1363,0,0.0
C,273,546,4833,0,0.0
C,273,553,976,0,0.0
C,273,567,8,0,0.0
C,273,574,1272,0,0.0
C,273,581,655,0,0.0
C,273,602,725,0,0.0
C,273,609,4964,2,0.00040290088638195
C,273,623,906,0,0.0
C,273,630,1004,0,0.0
C,273,637,7199,22,0.0030559799972218363
C,273,644,675,0,0.0
C,273,665,544,0,0.0
C,273,672,333,0,0.0
C,273,693,206,0,0.0
C,273,700,707,0,0.0
C,273,714,802,0,0.0
C,273,721,297,0,0.0
C,273,728,1899,0,0.0
C,273,735,336,0,0.0
C,273,756,7,0,0.0
C,273,763,408,0,0.0
C,273,791,183,0,0.0
C,273,805,27,0,0.0
C,273,812,121,0,0.0
C,273,819,945,0,0.0
C,273,826,131,0,0.0
C,273,847,20,0,0.0
C,273,854,143,0,0.0
C,273,882,102,0,0.0
C,273,889,3,0,0.0
C,273,896,118,0,0.0
C,273,903,174,0,0.0
C,273,910,611,0,0.0
C,273,917,314,0,0.0
C,273,938,87,0,0.0
C,273,945,47,0,0.0
C,273,966,81,0,0.0
C,273,973,1448,0,0.0
C,273,987,186,0,0.0
C,273,994,97,0,0.0
C,273,1001,3219,14,0.004349176762969867
C,273,1008,165,0,0.0
C,273,1029,19,0,0.0
C,273,1036,29,0,0.0
C,273,1064,87,0,0.0
C,273,1078,10,0,0.0
C,273,1085,62,0,0.0
C,273,1092,44,0,0.0
C,273,1099,12,0,0.0
C,273,1127,20,0,0.0
C,273,1155,22,0,0.0
C,273,1169,2,0,0.0
C,273,1176,12,0,0.0
C,273,1183,18,0,0.0
C,273,1190,34,0,0.0
C,273,1218,10,0,0.0
C,273,1246,14,0,0.0
C,273,1253,7,0,0.0
C,273,1260,2,0,0.0
C,273,1267,7,0,0.0
C,273,1274,20,0,0.0
C,273,1281,32,0,0.0
C,273,1302,3,0,0.0
C,273,1309,7,0,0.0
C,273,1337,72,0,0.0
C,273,1351,4,0,0.0
C,273,1358,11,0,0.0
C,273,1365,24,0,0.0
C,273,1372,43,0,0.0
C,273,1393,1,0,0.0
C,273,1400,14,0,0.0
C,273,1428,25,0,0.0
C,273,1442,1,0,0.0
C,273,1449,4,0,0.0
C,273,1456,8,0,0.0
C,273,1463,8,0,0.0
C,273,1491,8,0,0.0
C,273,1519,9,0,0.0
C,273,1540,1,0,0.0
C,273,1547,2,0,0.0
C,273,1554,8,0,0.0
C,273,1582,6,0,0.0
C,273,1589,1,0,0.0
C,273,1610,6,0,0.0
C,273,1631,4,0,0.0
C,273,1638,16,0,0.0
C,273,1645,66,0,0.0
C,273,1666,1,0,0.0
C,273,1673,5,0,0.0
C,273,1701,16,0,0.0
C,273,1708,3,0,0.0
C,273,1722,35,0,0.0
C,273,1729,14,0,0.0
C,273,1736,63,0,0.0
C,273,1764,25,0,0.0
C,273,1792,9,0,0.0
C,273,1799,7,0,0.0
C,273,1813,23,0,0.0
C,273,1820,4,0,0.0
C,273,1827,12,0,0.0
C,273,1855,4,0,0.0
C,273,1862,4,0,0.0
C,273,1890,2,0,0.0
C,273,1904,2,0,0.0
C,273,1911,3,0,0.0
C,273,1918,48,0,0.0
C,273,1953,9,0,0.0
C,273,1974,2,0,0.0
C,273,1981,4,0,0.0
C,273,1995,2,0,0.0
C,273,2002,4,0,0.0
C,273,2009,8,0,0.0
C,273,2037,2,0,0.0
C,273,2072,13,0,0.0
C,273,2086,5,0,0.0
C,273,2093,2,0,0.0
C,273,2100,8,0,0.0
C,273,2163,1,0,0.0
C,273,2191,5,0,0.0
C,280,280,167,0,0.0
C,280,287,7721,16,0.0020722704312912837
C,280,294,12550,6,0.00047808764940239046
C,280,301,5541,0,0.0
C,280,308,25183,101,0.00401064209982925
C,280,315,14752,0,0.0
C,280,322,2487,0,0.0
C,280,329,2611,0,0.0
C,280,336,6906,0,0.0
C,280,343,21991,12,0.0005456777772725206
C,280,350,2152,0,0.0
C,280,357,6740,1,0.0001483679525222552
C,280,364,7423,0,0.0
C,280,371,33362,29,0.0008692524428991068
C,280,378,1591,0,0.0
C,280,385,97,0,0.0
C,280,392,969,0,0.0
C,280,399,3900,0,0.0
C,280,406,2833,0,0.0
C,280,427,953,0,0.0
C,280,434,5648,1,0.00017705382436260624
C,280,441,6,0,0.0
C,280,448,2354,0,0.0
C,280,455,2191,0,0.0
C,280,462,9763,15,0.0015364129878111237
C,280,469,716,0,0.0
C,280,476,4,0,0.0
C,280,483,200,0,0.0
C,280,490,461,0,0.0
C,280,497,1217,0,0.0
C,280,518,344,0,0.0
C,280,525,660,0,0.0
C,280,532,34,0,0.0
C,280,539,415,0,0.0
C,280,546,786,0,0.0
C,280,553,3690,0,0.0
C,280,560,375,0,0.0
C,280,567,4,0,0.0
C,280,581,1952,0,0.0
C,280,588,332,0,0.0
C,280,609,649,0,0.0
C,280,616,5533,3,0.0005422013374299657
C,280,630,2124,15,0.007062146892655367
C,280,637,640,0,0.0
C,280,644,6923,7,0.0010111223458038423
C,280,651,821,0,0.0
C,280,672,190,0,0.0
C,280,679,252,0,0.0
C,280,700,91,0,0.0
C,280,707,422,0,0.0
C,280,721,131,0,0.0
C,280,728,176,0,0.0
C,280,735,1004,0,0.0
C,280,742,229,0,0.0
C,280,763,38,0,0.0
C,280,770,306,0,0.0
C,280,798,108,0,0.0
C,280,812,71,0,0.0
C,280,819,78,0,0.0
C,280,826,831,0,0.0
C,280,833,111,0,0.0
C,280,854,2,0,0.0
C,280,861,79,0,0.0
C,280,889,247,0,0.0
C,280,896,16,0,0.0
C,280,903,33,0,0.0
C,280,910,123,0,0.0
C,280,917,712,0,0.0
C,280,924,152,0,0.0
C,280,945,148,0,0.0
C,280,952,26,0,0.0
C,280,973,101,0,0.0
C,280,980,986,0,0.0
C,280,994,965,1,0.0010362694300518134
C,280,1001,190,0,0.0
C,280,1008,1931,4,0.0020714655618850335
C,280,1015,193,0,0.0
C,280,1036,18,0,0.0
C,280,1043,33,0,0.0
C,280,1071,16,0,0.0
C,280,1085,1,0,0.0
C,280,1092,11,0,0.0
C,280,1099,125,0,0.0
C,280,1106,22,0,0.0
C,280,1134,21,0,0.0
C,280,1162,2,0,0.0
C,280,1176,6,0,0.0
C,280,1183,5,0,0.0
C,280,1190,26,0,0.0
C,280,1225,18,0,0.0
C,280,1253,13,0,0.0
C,280,1267,12,0,0.0
C,280,1274,7,0,0.0
C,280,1281,24,0,0.0
C,280,1288,15,0,0.0
C,280,1309,10,0,0.0
C,280,1316,5,0,0.0
C,280,1344,40,0,0.0
C,280,1358,5,0,0.0
C,280,1365,24,0,0.0
C,280,1372,47,0,0.0
C,280,1379,34,0,0.0
C,280,1407,5,0,0.0
C,280,1435,8,0,0.0
C,280,1456,1,0,0.0
C,280,1463,41,0,0.0
C,280,1470,17,0,0.0
C,280,1498,3,0,0.0
C,280,1547,1,0,0.0
C,280,1554,4,0,0.0
C,280,1561,7,0,0.0
C,280,1589,1,0,0.0
C,280,1596,1,0,0.0
C,280,1617,4,0,0.0
C,280,1624,3,0,0.0
C,280,1638,18,0,0.0
C,280,1645,1,0,0.0
C,280,1652,15,0,0.0
C,280,1673,4,0,0.0
C,280,1680,20,0,0.0
C,280,1708,9,0,0.0
C,280,1715,34,0,0.0
C,280,1729,11,0,0.0
C,280,1736,6,0,0.0
C,280,1743,59,0,0.0
C,280,1771,4,0,0.0
C,280,1799,13,0,0.0
C,280,1806,2,0,0.0
C,280,1820,2,0,0.0
C,280,1827,45,0,0.0
C,280,1834,18,0,0.0
C,280,1869,1,0,0.0
C,280,1911,4,0,0.0
C,280,1918,10,0,0.0
C,280,1925,4,0,0.0
C,280,1960,7,0,0.0
C,280,1981,2,0,0.0
C,280,1988,3,0,0.0
C,280,2002,4,0,0.0
C,280,2009,6,0,0.0
C,280,2016,21,0,0.0
C,280,2044,5,0,0.0
C,280,2079,31,0,0.0
C,280,2093,4,0,0.0
C,280,2100,1,0,0.0
C,280,2107,10,0,0.0
C,280,2142,1,0,0.0
C,280,2191,1,0,0.0
C,287,287,49,0,0.0
C,287,294,5986,0,0.0
C,287,301,8782,59,0.006718287406057845
C,287,308,5789,57,0.00984626014855761
C,287,315,20703,59,0.00284982852726658
C,287,322,13661,0,0.0
C,287,329,2519,0,0.0
C,287,336,2780,0,0.0
C,287,343,7466,0,0.0
C,287,350,23001,4,0.00017390548237033172
C,287,357,2098,1,0.00047664442326024784
C,287,364,6371,16,0.0025113796892167633
C,287,371,6484,6,0.0009253547193090684
C,287,378,25928,0,0.0
C,287,385,1501,0,0.0
C,287,392,82,0,0.0
C,287,399,650,0,0.0
C,287,406,3078,0,0.0
C,287,413,2199,0,0.0
C,287,434,1339,0,0.0
C,287,441,3953,11,0.0027826966860612194
C,287,448,12,0,0.0
C,287,455,1501,0,0.0
C,287,462,2060,3,0.0014563106796116505
C,287,469,7755,0,0.0
C,287,476,1366,0,0.0
C,287,483,8,0,0.0
C,287,490,21,0,0.0
C,287,497,425,0,0.0
C,287,504,1514,0,0.0
C,287,525,104,0,0.0
C,287,532,566,0,0.0
C,287,539,21,0,0.0
C,287,546,703,0,0.0
C,287,553,922,0,0.0
C,287,560,2904,0,0.0
C,287,567,384,0,0.0
C,287,581,8,0,0.0
C,287,588,1071,0,0.0
C,287,595,659,0,0.0
C,287,616,342,0,0.0
C,287,623,4376,5,0.0011425959780621572
C,287,637,1299,11,0.008468052347959968
C,287,644,995,2,0.0020100502512562816
C,287,651,5118,0,0.0
C,287,658,636,0,0.0
C,287,679,573,0,0.0
C,287,686,280,0,0.0
C,287,707,54,0,0.0
C,287,714,189,0,0.0
C,287,728,192,0,0.0
C,287,735,184,0,0.0
C,287,742,762,0,0.0
C,287,749,90,0,0.0
C,287,770,60,0,0.0
C,287,777,155,0,0.0
C,287,805,189,0,0.0
C,287,819,16,0,0.0
C,287,826,76,0,0.0
C,287,833,997,0,0.0
C,287,840,192,0,0.0
C,287,861,4,0,0.0
C,287,868,141,0,0.0
C,287,896,101,0,0.0
C,287,903,1,0,0.0
C,287,910,68,0,0.0
C,287,917,162,0,0.0
C,287,924,714,0,0.0
C,287,931,112,0,0.0
C,287,952,54,0,0.0
C,287,959,39,0,0.0
C,287,980,170,0,0.0
C,287,987,1163,1,0.0008598452278589854
C,287,1001,495,0,0.0
C,287,1008,229,1,0.004366812227074236
C,287,1015,1040,0,0.0
C,287,1022,170,0,0.0
C,287,1043,20,0,0.0
C,287,1050,32,0,0.0
C,287,1078,23,0,0.0
C,287,1092,1,0,0.0
C,287,1099,16,0,0.0
C,287,1106,50,0,0.0
C,287,1113,25,0,0.0
C,287,1141,9,0,0.0
C,287,1169,11,0,0.0
C,287,1190,4,0,0.0
C,287,1197,33,0,0.0
C,287,1204,9,0,0.0
C,287,1232,20,0,0.0
C,287,1260,15,0,0.0
C,287,1274,12,0,0.0
C,287,1281,11,0,0.0
C,287,1288,9,0,0.0
C,287,1295,3,0,0.0
C,287,1316,15,0,0.0
C,287,1323,6,0,0.0
C,287,1351,46,0,0.0
C,287,1365,2,0,0.0
C,287,1372,8,0,0.0
C,287,1379,76,0,0.0
C,287,1386,17,0,0.0
C,287,1414,10,0,0.0
C,287,1442,6,0,0.0
C,287,1463,5,0,0.0
C,287,1470,14,0,0.0
C,287,1477,12,0,0.0
C,287,1505,3,0,0.0
C,287,1533,2,0,0.0
C,287,1561,10,0,0.0
C,287,1568,9,0,0.0
C,287,1575,1,0,0.0
C,287,1596,6,0,0.0
C,287,1603,3,0,0.0
C,287,1645,12,0,0.0
C,287,1652,3,0,0.0
C,287,1659,11,0,0.0
C,287,1680,4,0,0.0
C,287,1687,9,0,0.0
C,287,1715,8,0,0.0
C,287,1722,25,0,0.0
C,287,1736,15,0,0.0
C,287,1743,11,0,0.0
C,287,1750,39,0,0.0
C,287,1778,14,0,0.0
C,287,1806,3,0,0.0
C,287,1827,9,0,0.0
C,287,1834,11,0,0.0
C,287,1841,4,0,0.0
C,287,1869,3,0,0.0
C,287,1876,2,0,0.0
C,287,1897,4,0,0.0
C,287,1904,2,0,0.0
C,287,1918,3,0,0.0
C,287,1925,4,0,0.0
C,287,1932,8,0,0.0
C,287,1960,1,0,0.0
C,287,1967,10,0,0.0
C,287,2016,11,0,0.0
C,287,2023,9,0,0.0
C,287,2051,7,0,0.0
C,287,2086,52,2,0.038461538461538464
C,287,2100,5,0,0.0
C,287,2114,25,0,0.0
C,287,2149,1,0,0.0
C,294,294,95,0,0.0
C,294,301,4580,0,0.0
C,294,308,10515,34,0.003233475986685687
C,294,315,4577,0,0.0
C,294,322,22043,14,0.0006351222610352493
C,294,329,14705,0,0.0
C,294,336,2725,9,0.0033027522935779817
C,294,343,2604,0,0.0
C,294,350,11215,0,0.0
C,294,357,26305,7,0.0002661091047329405
C,294,364,2288,0,0.0
C,294,371,5470,20,0.003656307129798903
C,294,378,3716,0,0.0
C,294,385,18490,2,0.00010816657652785289
C,294,392,2162,0,0.0
C,294,399,79,0,0.0
C,294,406,151,0,0.0
C,294,413,3358,0,0.0
C,294,420,3051,0,0.0
C,294,441,1048,0,0.0
C,294,448,5912,4,0.0006765899864682003
C,294,455,12,0,0.0
C,294,462,1661,0,0.0
C,294,469,902,0,0.0
C,294,476,7717,0,0.0
C,294,483,1130,0,0.0
C,294,497,44,0,0.0
C,294,504,933,0,0.0
C,294,511,847,0,0.0
C,294,532,168,0,0.0
C,294,539,937,0,0.0
C,294,546,31,0,0.0
C,294,553,280,0,0.0
C,294,560,539,0,0.0
C,294,567,2662,0,0.0
C,294,574,289,0,0.0
C,294,588,2,0,0.0
C,294,595,1248,0,0.0
C,294,602,472,0,0.0
C,294,623,395,0,0.0
C,294,630,4321,53,0.012265679240916455
C,294,644,1784,3,0.0016816143497757848
C,294,651,992,0,0.0
C,294,658,6370,1,0.00015698587127158556
C,294,665,539,0,0.0
C,294,686,619,0,0.0
C,294,693,151,0,0.0
C,294,714,379,0,0.0
C,294,721,291,0,0.0
C,294,728,3,0,0.0
C,294,735,49,0,0.0
C,294,742,53,0,0.0
C,294,749,715,0,0.0
C,294,756,32,0,0.0
C,294,777,110,0,0.0
C,294,784,211,0,0.0
C,294,812,254,0,0.0
C,294,826,10,0,0.0
C,294,833,47,0,0.0
C,294,840,1017,0,0.0
C,294,847,206,0,0.0
C,294,868,2,0,0.0
C,294,875,66,0,0.0
C,294,903,127,0,0.0
C,294,910,15,0,0.0
C,294,917,78,0,0.0
C,294,924,141,0,0.0
C,294,931,571,0,0.0
C,294,938,160,0,0.0
C,294,959,87,0,0.0
C,294,966,45,0,0.0
C,294,987,89,0,0.0
C,294,994,1908,12,0.006289308176100629
C,294,1008,332,6,0.018072289156626505
C,294,1015,138,0,0.0
C,294,1022,731,0,0.0
C,294,1029,232,0,0.0
C,294,1050,22,0,0.0
C,294,1057,34,0,0.0
C,294,1085,27,0,0.0
C,294,1106,1,0,0.0
C,294,1113,57,0,0.0
C,294,1120,1,0,0.0
C,294,1148,50,0,0.0
C,294,1176,39,0,0.0
C,294,1197,6,0,0.0
C,294,1204,34,0,0.0
C,294,1211,1,0,0.0
C,294,1239,3,0,0.0
C,294,1267,9,0,0.0
C,294,1288,5,0,0.0
C,294,1295,10,0,0.0
C,294,1302,13,0,0.0
C,294,1323,11,0,0.0
C,294,1330,1,0,0.0
C,294,1358,10,0,0.0
C,294,1372,20,0,0.0
C,294,1379,57,0,0.0
C,294,1386,8,0,0.0
C,294,1393,19,0,0.0
C,294,1414,3,0,0.0
C,294,1421,20,0,0.0
C,294,1449,4,0,0.0
C,294,1477,6,0,0.0
C,294,1484,2,0,0.0
C,294,1512,8,0,0.0
C,294,1540,7,0,0.0
C,294,1561,5,0,0.0
C,294,1568,12,0,0.0
C,294,1575,6,0,0.0
C,294,1582,2,0,0.0
C,294,1603,5,0,0.0
C,294,1631,1,0,0.0
C,294,1638,5,0,0.0
C,294,1652,2,0,0.0
C,294,1659,8,0,0.0
C,294,1666,31,0,0.0
C,294,1687,2,0,0.0
C,294,1694,23,0,0.0
C,294,1722,18,0,0.0
C,294,1729,5,0,0.0
C,294,1736,1,0,0.0
C,294,1743,20,0,0.0
C,294,1750,6,0,0.0
C,294,1757,43,0,0.0
C,294,1785,14,0,0.0
C,294,1813,6,0,0.0
C,294,1820,1,0,0.0
C,294,1834,2,0,0.0
C,294,1841,3,0,0.0
C,294,1848,1,0,0.0
C,294,1876,12,0,0.0
C,294,1904,1,0,0.0
C,294,1932,2,0,0.0
C,294,1939,6,0,0.0
C,294,1974,2,0,0.0
C,294,2002,2,0,0.0
C,294,2016,1,0,0.0
C,294,2023,3,0,0.0
C,294,2030,5,0,0.0
C,294,2093,5,0,0.0
C,294,2107,11,0,0.0
C,294,2114,8,0,0.0
C,294,2121,12,0,0.0
C,294,2149,1,0,0.0
C,294,2184,1,0,0.0
C,301,301,60,0,0.0
C,301,308,2561,0,0.0
C,301,315,5219,0,0.0
C,301,322,2724,9,0.003303964757709251
C,301,329,15572,0,0.0
C,301,336,10209,0,0.0
C,301,343,1920,0,0.0
C,301,350,2468,2,0.0008103727714748784
C,301,357,10024,0,0.0
C,301,364,19487,11,0.0005644788833581362
C,301,371,988,0,0.0
C,301,378,2955,1,0.00033840947546531303
C,301,385,2705,0,0.0
C,301,392,12539,0,0.0
C,301,399,674,0,0.0
C,301,406,10,0,0.0
C,301,413,109,0,0.0
C,301,420,3140,0,0.0
C,301,427,1555,0,0.0
C,301,448,734,0,0.0
C,301,455,3466,4,0.001154068090017311
C,301,469,1031,0,0.0
C,301,476,1198,0,0.0
C,301,483,5744,0,0.0
C,301,490,645,0,0.0
C,301,504,47,0,0.0
C,301,511,529,0,0.0
C,301,518,681,0,0.0
C,301,539,175,0,0.0
C,301,546,598,0,0.0
C,301,553,49,0,0.0
C,301,560,435,0,0.0
C,301,567,259,0,0.0
C,301,574,2748,0,0.0
C,301,581,264,0,0.0
C,301,602,1255,0,0.0
C,301,609,146,0,0.0
C,301,630,660,0,0.0
C,301,637,2194,16,0.007292616226071103
C,301,651,742,0,0.0
C,301,658,600,0,0.0
C,301,665,3954,1,0.00025290844714213456
C,301,672,575,0,0.0
C,301,693,516,0,0.0
C,301,700,220,0,0.0
C,301,721,111,0,0.0
C,301,728,237,0,0.0
C,301,742,28,0,0.0
C,301,749,61,0,0.0
C,301,756,607,0,0.0
C,301,763,60,0,0.0
C,301,784,135,0,0.0
C,301,791,62,0,0.0
C,301,819,85,0,0.0
C,301,833,23,0,0.0
C,301,840,79,0,0.0
C,301,847,804,0,0.0
C,301,854,184,0,0.0
C,301,875,5,0,0.0
C,301,882,101,0,0.0
C,301,910,73,0,0.0
C,301,924,120,0,0.0
C,301,931,90,0,0.0
C,301,938,520,0,0.0
C,301,945,126,0,0.0
C,301,966,251,0,0.0
C,301,973,8,0,0.0
C,301,994,21,0,0.0
C,301,1001,1487,8,0.005379959650302623
C,301,1015,128,0,0.0
C,301,1022,101,0,0.0
C,301,1029,375,0,0.0
C,301,1036,129,0,0.0
C,301,1057,58,0,0.0
C,301,1064,41,0,0.0
C,301,1092,6,0,0.0
C,301,1106,1,0,0.0
C,301,1113,8,0,0.0
C,301,1120,1,0,0.0
C,301,1127,6,0,0.0
C,301,1155,12,0,0.0
C,301,1183,8,0,0.0
C,301,1204,6,0,0.0
C,301,1211,11,0,0.0
C,301,1218,10,0,0.0
C,301,1274,13,0,0.0
C,301,1288,1,0,0.0
C,301,1295,1,0,0.0
C,301,1302,7,0,0.0
C,301,1309,16,0,0.0
C,301,1330,9,0,0.0
C,301,1365,44,0,0.0
C,301,1386,9,0,0.0
C,301,1393,25,0,0.0
C,301,1400,28,0,0.0
C,301,1421,3,0,0.0
C,301,1428,21,0,0.0
C,301,1456,6,0,0.0
C,301,1477,2,0,0.0
C,301,1484,3,0,0.0
C,301,1491,4,0,0.0
C,301,1519,1,0,0.0
C,301,1547,1,0,0.0
C,301,1568,1,0,0.0
C,301,1575,4,0,0.0
C,301,1582,12,0,0.0
C,301,1610,2,0,0.0
C,301,1638,13,0,0.0
C,301,1645,1,0,0.0
C,301,1659,4,0,0.0
C,301,1666,5,0,0.0
C,301,1673,20,0,0.0
C,301,1694,1,0,0.0
C,301,1701,33,0,0.0
C,301,1729,23,0,0.0
C,301,1736,10,0,0.0
C,301,1743,4,0,0.0
C,301,1750,2,0,0.0
C,301,1757,6,0,0.0
C,301,1764,36,0,0.0
C,301,1792,23,0,0.0
C,301,1820,10,0,0.0
C,301,1827,3,0,0.0
C,301,1841,3,0,0.0
C,301,1848,4,0,0.0
C,301,1855,11,0,0.0
C,301,1883,1,0,0.0
C,301,1911,7,0,0.0
C,301,1918,7,0,0.0
C,301,1939,2,0,0.0
C,301,1946,14,0,0.0
C,301,1974,1,0,0.0
C,301,1981,2,0,0.0
C,301,2009,6,0,0.0
C,301,2030,3,0,0.0
C,301,2037,1,0,0.0
C,301,2065,10,0,0.0
C,301,2100,5,0,0.0
C,301,2114,1,0,0.0
C,301,2121,11,0,0.0
C,301,2128,8,0,0.0
C,301,2163,3,0,0.0
C,308,308,67,0,0.0
C,308,315,3248,0,0.0
C,308,322,6591,0,0.0
C,308,329,2534,24,0.009471191791633781
C,308,336,17130,0,0.0
C,308,343,11104,0,0.0
C,308,350,1419,0,0.0
C,308,357,3137,0,0.0
C,308,364,12853,0,0.0
C,308,371,14945,63,0.004215456674473068
C,308,378,226,0,0.0
C,308,385,3121,14,0.004485741749439282
C,308,392,1451,0,0.0
C,308,399,15747,8,0.0005080332761795898
C,308,406,344,0,0.0
C,308,413,29,0,0.0
C,308,420,16,0,0.0
C,308,427,2274,0,0.0
C,308,434,1206,0,0.0
C,308,455,1145,0,0.0
C,308,462,3585,33,0.009205020920502092
C,308,476,1599,0,0.0
C,308,483,503,0,0.0
C,308,490,5165,0,0.0
C,308,497,673,0,0.0
C,308,504,4,0,0.0
C,308,511,121,0,0.0
C,308,518,317,0,0.0
C,308,525,870,0,0.0
C,308,546,635,0,0.0
C,308,553,556,0,0.0
C,308,560,4,0,0.0
C,308,567,341,0,0.0
C,308,574,223,0,0.0
C,308,581,7685,1,0.00013012361743656474
C,308,588,301,0,0.0
C,308,609,1044,0,0.0
C,308,616,93,0,0.0
C,308,637,813,0,0.0
C,308,644,2918,16,0.0054832076764907475
C,308,658,1872,2,0.0010683760683760685
C,308,665,418,0,0.0
C,308,672,3296,0,0.0
C,308,679,503,0,0.0
C,308,700,449,0,0.0
C,308,707,281,0,0.0
C,308,728,8,0,0.0
C,308,735,78,0,0.0
C,308,749,26,0,0.0
C,308,756,12,0,0.0
C,308,763,1056,0,0.0
C,308,770,100,0,0.0
C,308,791,70,0,0.0
C,308,798,68,0,0.0
C,308,826,78,0,0.0
C,308,840,39,0,0.0
C,308,847,24,0,0.0
C,308,854,829,0,0.0
C,308,861,165,0,0.0
C,308,882,3,0,0.0
C,308,889,304,0,0.0
C,308,917,78,0,0.0
C,308,931,144,0,0.0
C,308,938,96,0,0.0
C,308,945,809,0,0.0
C,308,952,221,0,0.0
C,308,973,144,0,0.0
C,308,980,7,0,0.0
C,308,1001,32,0,0.0
C,308,1008,1057,1,0.000946073793755913
C,308,1022,167,0,0.0
C,308,1029,122,0,0.0
C,308,1036,474,0,0.0
C,308,1043,232,0,0.0
C,308,1064,15,0,0.0
C,308,1071,17,0,0.0
C,308,1099,17,0,0.0
C,308,1113,8,0,0.0
C,308,1127,47,0,0.0
C,308,1134,11,0,0.0
C,308,1162,4,0,0.0
C,308,1190,4,0,0.0
C,308,1218,19,0,0.0
C,308,1225,11,0,0.0
C,308,1253,20,0,0.0
C,308,1281,9,0,0.0
C,308,1295,1,0,0.0
C,308,1309,27,0,0.0
C,308,1316,18,0,0.0
C,308,1337,47,0,0.0
C,308,1372,35,0,0.0
C,308,1386,1,0,0.0
C,308,1393,17,0,0.0
C,308,1400,13,0,0.0
C,308,1407,16,0,0.0
C,308,1428,5,0,0.0
C,308,1435,11,0,0.0
C,308,1463,9,0,0.0
C,308,1491,13,0,0.0
C,308,1498,3,0,0.0
C,308,1554,3,0,0.0
C,308,1568,1,0,0.0
C,308,1575,2,0,0.0
C,308,1582,24,0,0.0
C,308,1589,25,0,0.0
C,308,1617,4,0,0.0
C,308,1624,5,0,0.0
C,308,1645,28,0,0.0
C,308,1666,8,0,0.0
C,308,1673,10,0,0.0
C,308,1680,67,0,0.0
C,308,1701,3,0,0.0
C,308,1708,11,0,0.0
C,308,1736,28,0,0.0
C,308,1743,2,0,0.0
C,308,1757,12,0,0.0
C,308,1764,1,0,0.0
C,308,1771,12,0,0.0
C,308,1799,6,0,0.0
C,308,1827,8,0,0.0
C,308,1834,1,0,0.0
C,308,1855,7,0,0.0
C,308,1862,7,0,0.0
C,308,1890,2,0,0.0
C,308,1918,2,0,0.0
C,308,1925,1,0,0.0
C,308,1953,15,0,0.0
C,308,1981,3,0,0.0
C,308,1988,6,0,0.0
C,308,2016,10,0,0.0
C,308,2044,5,0,0.0
C,308,2072,2,0,0.0
C,308,2107,8,0,0.0
C,308,2128,4,0,0.0
C,308,2170,4,0,0.0
C,315,315,365,3,0.00821917808219178
C,315,322,3405,0,0.0
C,315,329,5941,18,0.0030297929641474497
C,315,336,2143,0,0.0
C,315,343,18363,1,0.00005445733267984534
C,315,350,12750,0,0.0
C,315,357,1546,3,0.0019404915912031048
C,315,364,2003,0,0.0
C,315,371,5984,0,0.0
C,315,378,11239,1,0.00008897588753447816
C,315,385,42,0,0.0
C,315,392,1161,0,0.0
C,315,399,2166,0,0.0
C,315,406,16185,0,0.0
C,315,413,387,0,0.0
C,315,427,148,0,0.0
C,315,434,2139,0,0.0
C,315,441,1407,0,0.0
C,315,462,1003,0,0.0
C,315,469,2291,0,0.0
C,315,483,458,0,0.0
C,315,490,555,0,0.0
C,315,497,5721,0,0.0
C,315,504,1195,0,0.0
C,315,518,125,0,0.0
C,315,525,269,0,0.0
C,315,532,522,0,0.0
C,315,553,245,0,0.0
C,315,560,185,0,0.0
C,315,567,6,0,0.0
C,315,574,312,0,0.0
C,315,581,454,0,0.0
C,315,588,4177,0,0.0
C,315,595,368,0,0.0
C,315,616,1131,0,0.0
C,315,623,230,0,0.0
C,315,644,826,0,0.0
C,315,651,2264,0,0.0
C,315,665,513,0,0.0
C,315,672,336,0,0.0
C,315,679,4705,0,0.0
C,315,686,775,0,0.0
C,315,707,266,0,0.0
C,315,714,133,0,0.0
C,315,735,3,0,0.0
C,315,742,58,0,0.0
C,315,756,30,0,0.0
C,315,763,65,0,0.0
C,315,770,960,0,0.0
C,315,777,78,0,0.0
C,315,798,60,0,0.0
C,315,805,113,0,0.0
C,315,833,67,0,0.0
C,315,847,9,0,0.0
C,315,854,77,0,0.0
C,315,861,964,0,0.0
C,315,868,281,0,0.0
C,315,889,3,0,0.0
C,315,896,65,0,0.0
C,315,924,50,0,0.0
C,315,938,80,0,0.0
C,315,945,67,0,0.0
C,315,952,505,0,0.0
C,315,959,179,0,0.0
C,315,980,211,0,0.0
C,315,987,16,0,0.0
C,315,1008,71,0,0.0
C,315,1015,621,0,0.0
C,315,1029,16,0,0.0
C,315,1036,42,0,0.0
C,315,1043,505,0,0.0
C,315,1050,118,0,0.0
C,315,1071,9,0,0.0
C,315,1078,27,0,0.0
C,315,1106,12,0,0.0
C,315,1127,1,0,0.0
C,315,1134,64,0,0.0
C,315,1141,16,0,0.0
C,315,1169,9,0,0.0
C,315,1197,7,0,0.0
C,315,1211,1,0,0.0
C,315,1218,7,0,0.0
C,315,1225,42,0,0.0
C,315,1232,16,0,0.0
C,315,1260,9,0,0.0
C,315,1288,2,0,0.0
C,315,1302,1,0,0.0
C,315,1309,12,0,0.0
C,315,1316,25,0,0.0
C,315,1323,8,0,0.0
C,315,1344,6,0,0.0
C,315,1379,75,0,0.0
C,315,1393,1,0,0.0
C,315,1400,11,0,0.0
C,315,1407,10,0,0.0
C,315,1414,26,0,0.0
C,315,1442,11,0,0.0
C,315,1470,6,0,0.0
C,315,1491,2,0,0.0
C,315,1498,6,0,0.0
C,315,1505,2,0,0.0
C,315,1533,7,0,0.0
C,315,1561,1,0,0.0
C,315,1582,8,0,0.0
C,315,1589,6,0,0.0
C,315,1596,3,0,0.0
C,315,1624,2,0,0.0
C,315,1631,1,0,0.0
C,315,1652,7,0,0.0
C,315,1673,7,0,0.0
C,315,1680,5,0,0.0
C,315,1687,24,0,0.0
C,315,1708,1,0,0.0
C,315,1715,24,0,0.0
C,315,1743,33,0,0.0
C,315,1750,2,0,0.0
C,315,1757,1,0,0.0
C,315,1764,2,0,0.0
C,315,1771,10,0,0.0
C,315,1778,59,0,0.0
C,315,1806,13,0,0.0
C,315,1834,10,0,0.0
C,315,1841,1,0,0.0
C,315,1855,2,0,0.0
C,315,1862,2,0,0.0
C,315,1869,5,0,0.0
C,315,1897,3,0,0.0
C,315,1946,2,0,0.0
C,315,1953,3,0,0.0
C,315,1960,27,0,0.0
C,315,1967,6,0,0.0
C,315,1988,1,0,0.0
C,315,2037,1,0,0.0
C,315,2051,11,0,0.0
C,315,2079,10,0,0.0
C,315,2114,16,0,0.0
C,315,2128,1,0,0.0
C,315,2142,1,0,0.0
C,322,322,304,0,0.0
C,322,329,2952,0,0.0
C,322,336,6748,101,0.014967397747480736
C,322,343,2395,0,0.0
C,322,350,23270,0,0.0
C,322,357,14672,165,0.011245910577971646
C,322,364,1568,0,0.0
C,322,371,858,0,0.0
C,322,378,5247,0,0.0
C,322,385,8212,7,0.0008524111056989771
C,322,392,49,0,0.0
C,322,399,1203,0,0.0
C,322,406,1794,0,0.0
C,322,413,15796,147,0.009306153456571284
C,322,420,405,0,0.0
C,322,427,9,0,0.0
C,322,434,419,0,0.0
C,322,441,1420,0,0.0
C,322,448,1379,0,0.0
C,322,469,588,0,0.0
C,322,476,2767,0,0.0
C,322,490,342,0,0.0
C,322,497,313,0,0.0
C,322,504,6461,13,0.002012072434607646
C,322,511,1150,0,0.0
C,322,518,3,0,0.0
C,322,525,35,0,0.0
C,322,532,480,0,0.0
C,322,539,1038,0,0.0
C,322,560,87,0,0.0
C,322,567,196,0,0.0
C,322,581,614,0,0.0
C,322,588,405,0,0.0
C,322,595,4614,0,0.0
C,322,602,323,0,0.0
C,322,623,639,0,0.0
C,322,630,224,0,0.0
C,322,651,771,0,0.0
C,322,658,2244,0,0.0
C,322,672,270,0,0.0
C,322,679,356,0,0.0
C,322,686,4411,18,0.004080707322602585
C,322,693,918,0,0.0
C,322,714,546,0,0.0
C,322,721,133,0,0.0
C,322,742,12,0,0.0
C,322,749,77,0,0.0
C,322,763,64,0,0.0
C,322,770,76,0,0.0
C,322,777,803,0,0.0
C,322,784,97,0,0.0
C,322,805,60,0,0.0
C,322,812,133,0,0.0
C,322,840,63,0,0.0
C,322,854,69,0,0.0
C,322,861,39,0,0.0
C,322,868,401,0,0.0
C,322,875,197,0,0.0
C,322,896,22,0,0.0
C,322,903,111,0,0.0
C,322,931,28,0,0.0
C,322,938,3,0,0.0
C,322,945,36,0,0.0
C,322,952,29,0,0.0
C,322,959,344,0,0.0
C,322,966,153,0,0.0
C,322,987,41,0,0.0
C,322,994,15,0,0.0
C,322,1015,13,0,0.0
C,322,1022,504,0,0.0
C,322,1036,37,0,0.0
C,322,1043,50,0,0.0
C,322,1050,466,0,0.0
C,322,1057,189,2,0.010582010582010581
C,322,1078,4,0,0.0
C,322,1085,19,0,0.0
C,322,1113,17,0,0.0
C,322,1127,3,0,0.0
C,322,1134,21,0,0.0
C,322,1141,18,0,0.0
C,322,1148,13,0,0.0
C,322,1176,37,0,0.0
C,322,1204,6,0,0.0
C,322,1218,7,0,0.0
C,322,1225,7,0,0.0
C,322,1232,29,0,0.0
C,322,1239,12,0,0.0
C,322,1267,10,0,0.0
C,322,1295,6,0,0.0
C,322,1309,2,0,0.0
C,322,1316,4,0,0.0
C,322,1323,30,0,0.0
C,322,1330,5,0,0.0
C,322,1351,11,0,0.0
C,322,1358,5,0,0.0
C,322,1386,23,0,0.0
C,322,1400,1,0,0.0
C,322,1407,5,0,0.0
C,322,1414,21,0,0.0
C,322,1421,47,0,0.0
C,322,1449,3,0,0.0
C,322,1477,1,0,0.0
C,322,1498,1,0,0.0
C,322,1505,4,0,0.0
C,322,1512,14,0,0.0
C,322,1540,4,0,0.0
C,322,1568,1,0,0.0
C,322,1596,17,0,0.0
C,322,1603,22,0,0.0
C,322,1610,2,0,0.0
C,322,1631,1,0,0.0
C,322,1638,10,0,0.0
C,322,1659,9,0,0.0
C,322,1680,5,0,0.0
C,322,1687,5,0,0.0
C,322,1694,44,0,0.0
C,322,1722,13,0,0.0
C,322,1750,4,0,0.0
C,322,1757,2,0,0.0
C,322,1771,4,0,0.0
C,322,1778,11,0,0.0
C,322,1785,35,0,0.0
C,322,1813,6,0,0.0
C,322,1841,1,0,0.0
C,322,1869,9,0,0.0
C,322,1876,9,0,0.0
C,322,1904,2,0,0.0
C,322,1932,1,0,0.0
C,322,1960,3,0,0.0
C,322,1967,9,0,0.0
C,322,1974,2,0,0.0
C,322,2002,9,0,0.0
C,322,2044,1,0,0.0
C,322,2051,3,0,0.0
C,322,2058,3,0,0.0
C,322,2086,6,0,0.0
C,322,2121,6,0,0.0
C,322,2149,1,0,0.0
C,329,329,332,0,0.0
C,329,336,3833,0,0.0
C,329,343,5629,12,0.0021318173743116006
C,329,350,3079,0,0.0
C,329,357,22658,5,0.00022067261011563246
C,329,364,10851,1,0.0000921574048474795
C,329,371,363,0,0.0
C,329,378,787,0,0.0
C,329,385,3528,0,0.0
C,329,392,3916,0,0.0
C,329,399,39,0,0.0
C,329,406,2175,0,0.0
C,329,413,1505,0,0.0
C,329,420,12289,0,0.0
C,329,427,460,0,0.0
C,329,434,4,0,0.0
C,329,441,138,0,0.0
C,329,448,2133,0,0.0
C,329,455,993,0,0.0
C,329,476,984,0,0.0
C,329,483,1280,0,0.0
C,329,497,936,0,0.0
C,329,504,697,0,0.0
C,329,511,6292,0,0.0
C,329,518,755,0,0.0
C,329,532,13,0,0.0
C,329,539,299,0,0.0
C,329,546,538,0,0.0
C,329,567,201,0,0.0
C,329,574,135,0,0.0
C,329,581,2,0,0.0
C,329,588,160,0,0.0
C,329,595,379,0,0.0
C,329,602,3241,0,0.0
C,329,609,318,0,0.0
C,329,630,664,0,0.0
C,329,637,116,0,0.0
C,329,658,1398,0,0.0
C,329,665,1298,0,0.0
C,329,679,941,1,0.0010626992561105207
C,329,686,352,0,0.0
C,329,693,4421,0,0.0
C,329,700,563,0,0.0
C,329,721,407,0,0.0
C,329,728,94,0,0.0
C,329,749,26,0,0.0
C,329,756,25,0,0.0
C,329,770,29,0,0.0
C,329,777,64,0,0.0
C,329,784,805,0,0.0
C,329,791,64,0,0.0
C,329,812,91,0,0.0
C,329,819,48,0,0.0
C,329,847,35,0,0.0
C,329,861,70,0,0.0
C,329,868,111,0,0.0
C,329,875,726,0,0.0
C,329,882,132,0,0.0
C,329,903,9,0,0.0
C,329,910,66,0,0.0
C,329,938,57,0,0.0
C,329,952,14,0,0.0
C,329,959,55,0,0.0
C,329,966,606,0,0.0
C,329,973,63,0,0.0
C,329,994,77,0,0.0
C,329,1001,7,0,0.0
C,329,1022,19,0,0.0
C,329,1029,311,0,0.0
C,329,1043,89,1,0.011235955056179775
C,329,1050,57,0,0.0
C,329,1057,507,0,0.0
C,329,1064,205,0,0.0
C,329,1085,1,0,0.0
C,329,1092,11,0,0.0
C,329,1120,2,0,0.0
C,329,1148,41,0,0.0
C,329,1155,9,0,0.0
C,329,1183,2,0,0.0
C,329,1211,4,0,0.0
C,329,1225,6,0,0.0
C,329,1232,7,0,0.0
C,329,1239,15,0,0.0
C,329,1246,7,0,0.0
C,329,1274,7,0,0.0
C,329,1302,2,0,0.0
C,329,1316,1,0,0.0
C,329,1323,7,0,0.0
C,329,1330,21,0,0.0
C,329,1337,10,0,0.0
C,329,1358,3,0,0.0
C,329,1365,5,0,0.0
C,329,1393,30,0,0.0
C,329,1407,3,0,0.0
C,329,1414,12,0,0.0
C,329,1421,7,0,0.0
C,329,1428,37,0,0.0
C,329,1456,9,0,0.0
C,329,1512,8,0,0.0
C,329,1575,1,0,0.0
C,329,1582,1,0,0.0
C,329,1603,12,0,0.0
C,329,1610,6,0,0.0
C,329,1638,6,0,0.0
C,329,1666,3,0,0.0
C,329,1687,1,0,0.0
C,329,1694,5,0,0.0
C,329,1701,42,0,0.0
C,329,1729,17,0,0.0
C,329,1757,22,0,0.0
C,329,1778,20,0,0.0
C,329,1785,7,0,0.0
C,329,1792,51,0,0.0
C,329,1820,9,0,0.0
C,329,1848,3,0,0.0
C,329,1855,1,0,0.0
C,329,1876,4,0,0.0
C,329,1883,2,0,0.0
C,329,1911,2,0,0.0
C,329,1918,3,0,0.0
C,329,1946,6,0,0.0
C,329,1967,11,0,0.0
C,329,1974,5,0,0.0
C,329,2009,1,0,0.0
C,329,2065,15,0,0.0
C,329,2093,3,0,0.0
C,329,2128,6,0,0.0
C,329,2156,3,0,0.0
C,329,2191,1,0,0.0
C,336,336,308,0,0.0
C,336,343,3158,0,0.0
C,336,350,5180,0,0.0
C,336,357,4288,30,0.006996268656716418
C,336,364,22806,0,0.0
C,336,371,8877,0,0.0
C,336,378,26,0,0.0
C,336,385,381,1,0.0026246719160104987
C,336,392,2158,0,0.0
C,336,399,4103,0,0.0
C,336,406,19,0,0.0
C,336,413,1841,10,0.005431830526887561
C,336,420,1170,0,0.0
C,336,427,11691,0,0.0
C,336,434,270,0,0.0
C,336,441,5,0,0.0
C,336,448,118,0,0.0
C,336,455,1413,0,0.0
C,336,462,1048,0,0.0
C,336,483,600,0,0.0
C,336,490,1430,0,0.0
C,336,504,956,1,0.0010460251046025104
C,336,511,1300,0,0.0
C,336,518,5771,0,0.0
C,336,525,586,0,0.0
C,336,532,32,0,0.0
C,336,539,59,0,0.0
C,336,546,806,0,0.0
C,336,553,603,0,0.0
C,336,574,70,0,0.0
C,336,581,793,0,0.0
C,336,588,21,0,0.0
C,336,595,378,0,0.0
C,336,602,145,0,0.0
C,336,609,3877,0,0.0
C,336,616,262,0,0.0
C,336,637,256,0,0.0
C,336,644,88,0,0.0
C,336,665,888,0,0.0
C,336,672,1268,0,0.0
C,336,686,677,0,0.0
C,336,693,385,0,0.0
C,336,700,4490,0,0.0
C,336,707,590,0,0.0
C,336,728,178,0,0.0
C,336,735,131,0,0.0
C,336,756,9,0,0.0
C,336,763,104,0,0.0
C,336,777,23,0,0.0
C,336,784,59,0,0.0
C,336,791,966,0,0.0
C,336,798,70,0,0.0
C,336,819,52,0,0.0
C,336,826,25,0,0.0
C,336,854,83,0,0.0
C,336,868,15,0,0.0
C,336,875,211,0,0.0
C,336,882,864,0,0.0
C,336,889,275,0,0.0
C,336,910,24,0,0.0
C,336,917,99,0,0.0
C,336,945,81,0,0.0
C,336,952,3,0,0.0
C,336,959,36,0,0.0
C,336,966,39,0,0.0
C,336,973,696,0,0.0
C,336,980,80,0,0.0
C,336,1001,74,0,0.0
C,336,1008,10,0,0.0
C,336,1029,14,0,0.0
C,336,1036,218,0,0.0
C,336,1050,37,0,0.0
C,336,1057,73,0,0.0
C,336,1064,631,0,0.0
C,336,1071,227,2,0.00881057268722467
C,336,1092,2,0,0.0
C,336,1099,48,0,0.0
C,336,1127,6,0,0.0
C,336,1141,1,0,0.0
C,336,1148,6,0,0.0
C,336,1155,32,0,0.0
C,336,1162,8,0,0.0
C,336,1190,15,0,0.0
C,336,1218,6,0,0.0
C,336,1239,7,0,0.0
C,336,1246,20,0,0.0
C,336,1253,11,0,0.0
C,336,1281,19,0,0.0
C,336,1309,12,0,0.0
C,336,1337,44,0,0.0
C,336,1344,1,0,0.0
C,336,1365,4,0,0.0
C,336,1372,6,0,0.0
C,336,1400,29,0,0.0
C,336,1414,6,0,0.0
C,336,1421,16,0,0.0
C,336,1428,16,0,0.0
C,336,1435,10,0,0.0
C,336,1456,1,0,0.0
C,336,1463,13,0,0.0
C,336,1491,4,0,0.0
C,336,1512,2,0,0.0
C,336,1519,9,0,0.0
C,336,1526,6,0,0.0
C,336,1554,3,0,0.0
C,336,1582,3,0,0.0
C,336,1589,1,0,0.0
C,336,1603,1,0,0.0
C,336,1610,20,0,0.0
C,336,1617,24,0,0.0
C,336,1645,14,0,0.0
C,336,1652,1,0,0.0
C,336,1694,1,0,0.0
C,336,1701,5,0,0.0
C,336,1708,20,0,0.0
C,336,1736,9,0,0.0
C,336,1764,16,0,0.0
C,336,1771,2,0,0.0
C,336,1785,7,0,0.0
C,336,1792,9,0,0.0
C,336,1799,40,0,0.0
C,336,1827,37,0,0.0
C,336,1855,7,0,0.0
C,336,1890,1,0,0.0
C,336,1918,1,0,0.0
C,336,1925,1,0,0.0
C,336,1953,1,0,0.0
C,336,1967,1,0,0.0
C,336,1974,9,0,0.0
C,336,1981,13,0,0.0
C,336,2016,3,0,0.0
C,336,2072,18,0,0.0
C,336,2100,4,0,0.0
C,336,2163,1,0,0.0
C,343,343,151,0,0.0
C,343,350,2904,0,0.0
C,343,357,5641,19,0.0033681971281687645
C,343,364,2871,1,0.00034831069313827936
C,343,371,13829,0,0.0
C,343,378,7814,6,0.0007678525723061172
C,343,385,22,0,0.0
C,343,392,292,0,0.0
C,343,399,1412,0,0.0
C,343,406,4122,0,0.0
C,343,413,123,0,0.0
C,343,420,1276,0,0.0
C,343,427,1135,0,0.0
C,343,434,9818,0,0.0
C,343,441,143,0,0.0
C,343,448,15,0,0.0
C,343,455,46,0,0.0
C,343,462,934,0,0.0
C,343,469,760,0,0.0
C,343,490,281,0,0.0
C,343,497,1675,0,0.0
C,343,511,951,0,0.0
C,343,518,648,0,0.0
C,343,525,5886,0,0.0
C,343,532,353,0,0.0
C,343,539,1,0,0.0
C,343,546,28,0,0.0
C,343,553,452,0,0.0
C,343,560,584,0,0.0
C,343,581,797,0,0.0
C,343,588,517,0,0.0
C,343,595,25,0,0.0
C,343,602,212,0,0.0
C,343,609,126,0,0.0
C,343,616,4919,0,0.0
C,343,623,192,0,0.0
C,343,644,560,0,0.0
C,343,651,166,0,0.0
C,343,672,378,0,0.0
C,343,679,1407,0,0.0
C,343,693,699,0,0.0
C,343,700,364,0,0.0
C,343,707,4562,0,0.0
C,343,714,411,0,0.0
C,343,735,34,0,0.0
C,343,742,53,0,0.0
C,343,763,38,0,0.0
C,343,770,167,0,0.0
C,343,784,55,0,0.0
C,343,791,49,0,0.0
C,343,798,790,0,0.0
C,343,805,119,0,0.0
C,343,826,11,0,0.0
C,343,833,42,0,0.0
C,343,861,84,0,0.0
C,343,875,92,0,0.0
C,343,882,99,0,0.0
C,343,889,1177,1,0.0008496176720475786
C,343,896,76,0,0.0
C,343,917,1,0,0.0
C,343,924,55,0,0.0
C,343,952,93,0,0.0
C,343,959,8,0,0.0
C,343,966,26,0,0.0
C,343,973,58,0,0.0
C,343,980,890,0,0.0
C,343,987,57,0,0.0
C,343,1008,125,0,0.0
C,343,1015,23,0,0.0
C,343,1036,49,0,0.0
C,343,1043,300,0,0.0
C,343,1057,33,0,0.0
C,343,1064,88,0,0.0
C,343,1071,436,0,0.0
C,343,1078,148,0,0.0
C,343,1106,10,0,0.0
C,343,1134,33,0,0.0
C,343,1148,2,0,0.0
C,343,1155,2,0,0.0
C,343,1162,8,0,0.0
C,343,1197,6,0,0.0
C,343,1225,21,0,0.0
C,343,1239,1,0,0.0
C,343,1246,4,0,0.0
C,343,1253,30,0,0.0
C,343,1260,1,0,0.0
C,343,1288,4,0,0.0
C,343,1316,10,0,0.0
C,343,1323,1,0,0.0
C,343,1337,4,0,0.0
C,343,1344,52,0,0.0
C,343,1351,3,0,0.0
C,343,1372,16,0,0.0
C,343,1379,7,0,0.0
C,343,1407,15,0,0.0
C,343,1428,9,0,0.0
C,343,1435,12,0,0.0
C,343,1442,60,0,0.0
C,343,1470,5,0,0.0
C,343,1498,3,0,0.0
C,343,1519,1,0,0.0
C,343,1526,2,0,0.0
C,343,1533,11,0,0.0
C,343,1561,2,0,0.0
C,343,1589,1,0,0.0
C,343,1617,7,0,0.0
C,343,1624,17,0,0.0
C,343,1652,4,0,0.0
C,343,1659,3,0,0.0
C,343,1680,22,0,0.0
C,343,1687,2,0,0.0
C,343,1701,3,0,0.0
C,343,1708,1,0,0.0
C,343,1715,78,0,0.0
C,343,1743,12,0,0.0
C,343,1771,16,0,0.0
C,343,1778,15,0,0.0
C,343,1792,1,0,0.0
C,343,1799,4,0,0.0
C,343,1806,32,0,0.0
C,343,1834,3,0,0.0
C,343,1869,4,0,0.0
C,343,1897,8,0,0.0
C,343,1932,2,0,0.0
C,343,1953,1,0,0.0
C,343,1960,8,0,0.0
C,343,1981,11,0,0.0
C,343,1988,13,0,0.0
C,343,2023,5,0,0.0
C,343,2051,2,0,0.0
C,343,2058,1,0,0.0
C,343,2065,5,0,0.0
C,343,2072,2,0,0.0
C,343,2079,36,0,0.0
C,343,2107,3,0,0.0
C,343,2142,3,0,0.0
C,343,2170,9,0,0.0
C,350,350,123,0,0.0
C,350,357,3491,0,0.0
C,350,364,5911,19,0.0032143461343258333
C,350,371,1913,0,0.0
C,350,378,12790,0,0.0
C,350,385,6725,0,0.0
C,350,399,2,0,0.0
C,350,406,3240,0,0.0
C,350,413,5507,0,0.0
C,350,420,198,0,0.0
C,350,427,804,0,0.0
C,350,434,1596,0,0.0
C,350,441,8873,0,0.0
C,350,448,629,0,0.0
C,350,455,45,0,0.0
C,350,462,244,0,0.0
C,350,469,1616,0,0.0
C,350,476,1075,0,0.0
C,350,497,561,0,0.0
C,350,504,3293,0,0.0
C,350,518,424,0,0.0
C,350,525,301,0,0.0
C,350,532,4713,0,0.0
C,350,539,826,0,0.0
C,350,553,10,0,0.0
C,350,560,169,0,0.0
C,350,567,471,0,0.0
C,350,588,766,0,0.0
C,350,595,1264,0,0.0
C,350,602,55,0,0.0
C,350,609,258,0,0.0
C,350,616,453,0,0.0
C,350,623,3900,1,0.0002564102564102564
C,350,630,372,0,0.0
C,350,651,701,0,0.0
C,350,658,253,0,0.0
C,350,679,668,0,0.0
C,350,686,1659,0,0.0
C,350,700,353,0,0.0
C,350,707,321,0,0.0
C,350,714,3763,0,0.0
C,350,721,379,0,0.0
C,350,742,103,0,0.0
C,350,749,79,0,0.0
C,350,770,109,0,0.0
C,350,777,109,0,0.0
C,350,791,49,0,0.0
C,350,798,63,0,0.0
C,350,805,682,0,0.0
C,350,812,65,0,0.0
C,350,833,11,0,0.0
C,350,840,58,0,0.0
C,350,868,232,0,0.0
C,350,882,15,0,0.0
C,350,889,213,0,0.0
C,350,896,785,0,0.0
C,350,903,196,0,0.0
C,350,924,8,0,0.0
C,350,931,54,0,0.0
C,350,959,143,0,0.0
C,350,966,7,0,0.0
C,350,973,43,0,0.0
C,350,980,67,0,0.0
C,350,987,565,0,0.0
C,350,994,54,0,0.0
C,350,1015,80,0,0.0
C,350,1022,60,0,0.0
C,350,1043,58,0,0.0
C,350,1050,219,0,0.0
C,350,1064,14,0,0.0
C,350,1071,34,0,0.0
C,350,1078,491,0,0.0
C,350,1085,88,0,0.0
C,350,1106,2,0,0.0
C,350,1113,21,0,0.0
C,350,1141,8,0,0.0
C,350,1155,1,0,0.0
C,350,1162,8,0,0.0
C,350,1169,28,0,0.0
C,350,1176,21,0,0.0
C,350,1204,10,0,0.0
C,350,1232,22,0,0.0
C,350,1253,4,0,0.0
C,350,1260,25,0,0.0
C,350,1267,6,0,0.0
C,350,1295,9,0,0.0
C,350,1323,21,0,0.0
C,350,1344,4,0,0.0
C,350,1351,46,0,0.0
C,350,1358,8,0,0.0
C,350,1379,17,0,0.0
C,350,1386,34,0,0.0
C,350,1414,28,0,0.0
C,350,1428,5,0,0.0
C,350,1435,2,0,0.0
C,350,1442,20,0,0.0
C,350,1449,10,0,0.0
C,350,1470,1,0,0.0
C,350,1477,12,0,0.0
C,350,1505,7,0,0.0
C,350,1533,14,0,0.0
C,350,1540,20,0,0.0
C,350,1568,4,0,0.0
C,350,1596,11,0,0.0
C,350,1603,3,0,0.0
C,350,1624,5,0,0.0
C,350,1631,28,0,0.0
C,350,1659,7,0,0.0
C,350,1687,6,0,0.0
C,350,1694,18,1,0.05555555555555555
C,350,1708,1,0,0.0
C,350,1715,4,0,0.0
C,350,1722,48,0,0.0
C,350,1750,8,0,0.0
C,350,1778,32,0,0.0
C,350,1785,2,0,0.0
C,350,1799,10,0,0.0
C,350,1806,33,0,0.0
C,350,1813,27,0,0.0
C,350,1841,5,0,0.0
C,350,1869,6,0,0.0
C,350,1876,2,0,0.0
C,350,1897,9,0,0.0
C,350,1904,2,0,0.0
C,350,1932,3,0,0.0
C,350,1960,3,0,0.0
C,350,1967,9,0,0.0
C,350,1988,1,0,0.0
C,350,1995,5,0,0.0
C,350,2002,1,0,0.0
C,350,2058,1,0,0.0
C,350,2079,2,0,0.0
C,350,2086,39,0,0.0
C,350,2114,7,0,0.0
C,350,2149,5,0,0.0
C,357,357,44,0,0.0
C,357,364,3444,1,0.00029036004645760743
C,357,371,2133,0,0.0
C,357,378,1626,8,0.004920049200492005
C,357,385,9178,2,0.00021791239921551536
C,357,392,5527,6,0.001085579880586213
C,357,413,2372,47,0.01981450252951096
C,357,420,4491,0,0.0
C,357,427,20,0,0.0
C,357,434,901,0,0.0
C,357,441,930,0,0.0
C,357,448,9489,1,0.00010538518284329223
C,357,455,537,0,0.0
C,357,462,2,0,0.0
C,357,469,73,0,0.0
C,357,476,2263,0,0.0
C,357,483,900,0,0.0
C,357,504,1015,11,0.01083743842364532
C,357,511,2852,0,0.0
C,357,525,492,1,0.0020325203252032522
C,357,532,479,0,0.0
C,357,539,6205,0,0.0
C,357,546,577,0,0.0
C,357,553,27,0,0.0
C,357,560,6,0,0.0
C,357,567,288,0,0.0
C,357,574,695,0,0.0
C,357,595,463,0,0.0
C,357,602,1188,0,0.0
C,357,609,63,0,0.0
C,357,616,477,0,0.0
C,357,623,304,0,0.0
C,357,630,4206,54,0.012838801711840228
C,357,637,403,0,0.0
C,357,651,13,0,0.0
C,357,658,1408,1,0.0007102272727272727
C,357,665,153,0,0.0
C,357,686,777,8,0.010296010296010296
C,357,693,1785,0,0.0
C,357,707,463,4,0.008639308855291577
C,357,714,300,0,0.0
C,357,721,2865,0,0.0
C,357,728,349,0,0.0
C,357,749,110,0,0.0
C,357,756,8,0,0.0
C,357,777,53,0,0.0
C,357,784,133,0,0.0
C,357,798,32,0,0.0
C,357,805,55,0,0.0
C,357,812,929,0,0.0
C,357,819,105,0,0.0
C,357,840,108,0,0.0
C,357,847,130,0,0.0
C,357,875,200,0,0.0
C,357,889,20,0,0.0
C,357,896,85,0,0.0
C,357,903,816,0,0.0
C,357,910,238,0,0.0
C,357,931,64,0,0.0
C,357,938,125,0,0.0
C,357,966,227,0,0.0
C,357,973,7,0,0.0
C,357,980,116,0,0.0
C,357,987,44,0,0.0
C,357,994,996,2,0.002008032128514056
C,357,1001,88,0,0.0
C,357,1022,58,0,0.0
C,357,1029,66,0,0.0
C,357,1050,21,0,0.0
C,357,1057,280,0,0.0
C,357,1071,49,0,0.0
C,357,1078,93,0,0.0
C,357,1085,331,0,0.0
C,357,1092,83,0,0.0
C,357,1113,4,0,0.0
C,357,1120,2,0,0.0
C,357,1148,13,0,0.0
C,357,1169,5,0,0.0
C,357,1176,64,0,0.0
C,357,1183,14,0,0.0
C,357,1204,2,0,0.0
C,357,1211,7,0,0.0
C,357,1239,12,0,0.0
C,357,1253,2,0,0.0
C,357,1260,11,0,0.0
C,357,1267,50,0,0.0
C,357,1274,20,0,0.0
C,357,1302,4,0,0.0
C,357,1330,20,0,0.0
C,357,1337,1,0,0.0
C,357,1344,2,0,0.0
C,357,1351,11,0,0.0
C,357,1358,12,0,0.0
C,357,1365,23,0,0.0
C,357,1386,3,0,0.0
C,357,1393,8,0,0.0
C,357,1421,34,0,0.0
C,357,1435,1,0,0.0
C,357,1442,16,0,0.0
C,357,1449,7,0,0.0
C,357,1456,17,0,0.0
C,357,1512,8,0,0.0
C,357,1533,1,0,0.0
C,357,1540,10,0,0.0
C,357,1547,12,0,0.0
C,357,1575,4,0,0.0
C,357,1603,7,0,0.0
C,357,1624,1,0,0.0
C,357,1631,7,0,0.0
C,357,1638,45,0,0.0
C,357,1645,1,0,0.0
C,357,1666,12,0,0.0
C,357,1673,3,0,0.0
C,357,1694,16,0,0.0
C,357,1701,16,0,0.0
C,357,1715,9,0,0.0
C,357,1722,17,0,0.0
C,357,1729,15,0,0.0
C,357,1750,2,0,0.0
C,357,1757,19,0,0.0
C,357,1785,31,0,0.0
C,357,1792,1,0,0.0
C,357,1806,10,0,0.0
C,357,1813,2,0,0.0
C,357,1820,21,0,0.0
C,357,1848,7,0,0.0
C,357,1876,4,0,0.0
C,357,1883,1,0,0.0
C,357,1897,2,0,0.0
C,357,1904,3,0,0.0
C,357,1911,10,0,0.0
C,357,1939,1,0,0.0
C,357,1946,2,0,0.0
C,357,1967,1,0,0.0
C,357,1995,4,0,0.0
C,357,2002,17,0,0.0
C,357,2009,3,0,0.0
C,357,2037,4,0,0.0
C,357,2065,9,0,0.0
C,357,2079,8,0,0.0
C,357,2086,14,0,0.0
C,357,2093,7,0,0.0
C,357,2121,5,0,0.0
C,357,2156,2,0,0.0
C,357,2170,2,0,0.0
C,364,364,177,0,0.0
C,364,371,387,0,0.0
C,364,378,510,0,0.0
C,364,385,880,3,0.003409090909090909
C,364,392,7697,4,0.0005196829933740418
C,364,399,4422,12,0.0027137042062415195
C,364,413,2,0,0.0
C,364,420,2028,0,0.0
C,364,427,5333,0,0.0
C,364,434,42,0,0.0
C,364,441,767,0,0.0
C,364,448,723,0,0.0
C,364,455,8360,11,0.0013157894736842105
C,364,462,720,0,0.0
C,364,469,3,0,0.0
C,364,476,78,0,0.0
C,364,483,1607,0,0.0
C,364,490,851,0,0.0
C,364,511,521,0,0.0
C,364,518,1602,0,0.0
C,364,532,393,0,0.0
C,364,539,822,0,0.0
C,364,546,6544,1,0.0001528117359413203
C,364,553,479,0,0.0
C,364,567,6,0,0.0
C,364,574,462,0,0.0
C,364,581,1343,0,0.0
C,364,602,202,0,0.0
C,364,609,1456,0,0.0
C,364,616,21,0,0.0
C,364,623,159,0,0.0
C,364,630,267,0,0.0
C,364,637,2610,10,0.0038314176245210726
C,364,644,305,0,0.0
C,364,658,1,0,0.0
C,364,665,1076,0,0.0
C,364,672,192,0,0.0
C,364,693,787,0,0.0
C,364,700,1748,0,0.0
C,364,714,517,0,0.0
C,364,721,236,0,0.0
C,364,728,3649,0,0.0
C,364,735,500,0,0.0
C,364,756,119,0,0.0
C,364,763,77,0,0.0
C,364,784,189,0,0.0
C,364,791,164,0,0.0
C,364,805,25,0,0.0
C,364,812,22,0,0.0
C,364,819,667,0,0.0
C,364,826,9,0,0.0
C,364,847,87,0,0.0
C,364,854,154,0,0.0
C,364,882,191,0,0.0
C,364,896,31,0,0.0
C,364,903,64,0,0.0
C,364,910,614,0,0.0
C,364,917,216,0,0.0
C,364,938,28,0,0.0
C,364,945,122,0,0.0
C,364,973,191,0,0.0
C,364,980,6,0,0.0
C,364,987,9,0,0.0
C,364,994,28,0,0.0
C,364,1001,995,0,0.0
C,364,1008,28,0,0.0
C,364,1029,40,0,0.0
C,364,1036,24,0,0.0
C,364,1057,20,0,0.0
C,364,1064,294,0,0.0
C,364,1078,15,0,0.0
C,364,1085,41,0,0.0
C,364,1092,113,0,0.0
C,364,1099,20,0,0.0
C,364,1127,11,0,0.0
C,364,1155,28,0,0.0
C,364,1176,3,0,0.0
C,364,1183,18,0,0.0
C,364,1190,4,0,0.0
C,364,1211,1,0,0.0
C,364,1218,17,0,0.0
C,364,1246,15,0,0.0
C,364,1260,1,0,0.0
C,364,1267,9,0,0.0
C,364,1274,11,0,0.0
C,364,1281,23,0,0.0
C,364,1309,21,0,0.0
C,364,1337,51,0,0.0
C,364,1358,3,0,0.0
C,364,1365,12,0,0.0
C,364,1372,17,0,0.0
C,364,1393,17,0,0.0
C,364,1400,19,0,0.0
C,364,1428,29,0,0.0
C,364,1442,1,0,0.0
C,364,1449,5,0,0.0
C,364,1456,13,0,0.0
C,364,1463,36,0,0.0
C,364,1519,4,0,0.0
C,364,1540,5,0,0.0
C,364,1547,2,0,0.0
C,364,1554,2,0,0.0
C,364,1582,12,0,0.0
C,364,1610,8,0,0.0
C,364,1631,2,0,0.0
C,364,1638,30,0,0.0
C,364,1645,93,0,0.0
C,364,1673,8,0,0.0
C,364,1680,3,0,0.0
C,364,1701,12,0,0.0
C,364,1708,2,0,0.0
C,364,1722,1,0,0.0
C,364,1729,4,0,0.0
C,364,1736,23,0,0.0
C,364,1764,25,0,0.0
C,364,1792,28,0,0.0
C,364,1799,9,0,0.0
C,364,1806,1,0,0.0
C,364,1813,11,0,0.0
C,364,1820,9,0,0.0
C,364,1827,37,0,0.0
C,364,1855,10,0,0.0
C,364,1883,2,0,0.0
C,364,1890,3,0,0.0
C,364,1911,3,0,0.0
C,364,1918,14,0,0.0
C,364,1946,3,0,0.0
C,364,1953,8,0,0.0
C,364,1974,5,0,0.0
C,364,1981,1,0,0.0
C,364,1995,1,0,0.0
C,364,2002,4,0,0.0
C,364,2009,5,0,0.0
C,364,2044,2,0,0.0
C,364,2072,6,1,0.16666666666666666
C,364,2093,3,0,0.0
C,364,2100,7,0,0.0
C,364,2128,4,0,0.0
C,364,2191,8,0,0.0
C,371,371,132,1,0.007575757575757576
C,371,385,181,0,0.0
C,371,392,132,0,0.0
C,371,399,4543,0,0.0
C,371,406,1263,0,0.0
C,371,427,909,0,0.0
C,371,434,3005,1,0.00033277870216306157
C,371,448,282,1,0.0035460992907801418
C,371,455,227,0,0.0
C,371,462,5452,3,0.0005502567865003668
C,371,469,309,0,0.0
C,371,483,31,0,0.0
C,371,490,812,0,0.0
C,371,497,193,0,0.0
C,371,518,717,0,0.0
C,371,525,1118,0,0.0
C,371,539,115,0,0.0
C,371,546,98,0,0.0
C,371,553,5005,0,0.0
C,371,560,645,0,0.0
C,371,574,82,0,0.0
C,371,581,752,0,0.0
C,371,588,289,0,0.0
C,371,609,104,0,0.0
C,371,616,1057,0,0.0
C,371,630,208,1,0.004807692307692308
C,371,637,25,0,0.0
C,371,644,2937,0,0.0
C,371,651,270,0,0.0
C,371,665,4,0,0.0
C,371,672,251,0,0.0
C,371,679,75,0,0.0
C,371,700,341,0,0.0
C,371,707,1324,0,0.0
C,371,721,80,0,0.0
C,371,728,29,0,0.0
C,371,735,1977,0,0.0
C,371,742,412,0,0.0
C,371,763,177,0,0.0
C,371,770,40,0,0.0
C,371,791,77,0,0.0
C,371,798,81,0,0.0
C,371,812,7,0,0.0
C,371,819,17,0,0.0
C,371,826,516,0,0.0
C,371,833,32,0,0.0
C,371,854,55,0,0.0
C,371,861,38,0,0.0
C,371,889,181,0,0.0
C,371,903,7,0,0.0
C,371,910,10,0,0.0
C,371,917,848,0,0.0
C,371,924,136,0,0.0
C,371,945,17,0,0.0
C,371,952,41,0,0.0
C,371,980,107,0,0.0
C,371,994,9,0,0.0
C,371,1001,6,0,0.0
C,371,1008,773,1,0.00129366106080207
C,371,1015,66,0,0.0
C,371,1036,14,0,0.0
C,371,1043,11,0,0.0
C,371,1064,15,0,0.0
C,371,1071,137,0,0.0
C,371,1085,3,0,0.0
C,371,1092,8,0,0.0
C,371,1099,148,0,0.0
C,371,1106,17,0,0.0
C,371,1127,7,0,0.0
C,371,1134,8,0,0.0
C,371,1162,7,0,0.0
C,371,1190,21,0,0.0
C,371,1218,4,0,0.0
C,371,1225,14,0,0.0
C,371,1253,15,0,0.0
C,371,1267,2,0,0.0
C,371,1281,32,0,0.0
C,371,1288,5,0,0.0
C,371,1316,9,0,0.0
C,371,1344,19,0,0.0
C,371,1358,1,0,0.0
C,371,1365,1,0,0.0
C,371,1372,26,0,0.0
C,371,1379,22,0,0.0
C,371,1400,3,0,0.0
C,371,1407,1,0,0.0
C,371,1435,5,0,0.0
C,371,1456,1,0,0.0
C,371,1463,42,0,0.0
C,371,1470,12,0,0.0
C,371,1491,2,0,0.0
C,371,1498,1,0,0.0
C,371,1526,4,0,0.0
C,371,1561,4,0,0.0
C,371,1589,3,0,0.0
C,371,1617,5,0,0.0
C,371,1624,2,0,0.0
C,371,1638,4,0,0.0
C,371,1645,2,0,0.0
C,371,1652,18,0,0.0
C,371,1659,2,0,0.0
C,371,1680,17,0,0.0
C,371,1708,6,0,0.0
C,371,1715,28,0,0.0
C,371,1736,1,0,0.0
C,371,1743,30,0,0.0
C,371,1764,1,0,0.0
C,371,1799,13,0,0.0
C,371,1806,2,0,0.0
C,371,1820,6,0,0.0
C,371,1827,36,0,0.0
C,371,1834,22,0,0.0
C,371,1862,5,0,0.0
C,371,1890,4,0,0.0
C,371,1918,6,0,0.0
C,371,1925,3,0,0.0
C,371,1953,6,0,0.0
C,371,1960,3,0,0.0
C,371,1981,2,0,0.0
C,371,1988,3,0,0.0
C,371,2016,7,0,0.0
C,371,2079,10,0,0.0
C,371,2107,11,0,0.0
C,371,2170,2,0,0.0
C,371,2198,2,0,0.0
C,378,378,20,0,0.0
C,378,392,21,0,0.0
C,378,406,3375,0,0.0
C,378,413,1271,0,0.0
C,378,434,500,0,0.0
C,378,441,1504,0,0.0
C,378,455,5,0,0.0
C,378,462,177,0,0.0
C,378,469,4151,0,0.0
C,378,476,411,0,0.0
C,378,490,3,0,0.0
C,378,497,546,0,0.0
C,378,504,302,0,0.0
C,378,525,272,0,0.0
C,378,532,594,0,0.0
C,378,553,27,0,0.0
C,378,560,3942,0,0.0
C,378,567,264,0,0.0
C,378,581,14,0,0.0
C,378,588,595,0,0.0
C,378,595,351,0,0.0
C,378,616,18,0,0.0
C,378,623,460,0,0.0
C,378,637,4,0,0.0
C,378,644,7,0,0.0
C,378,651,1996,0,0.0
C,378,658,235,0,0.0
C,378,672,1,0,0.0
C,378,679,306,0,0.0
C,378,686,41,0,0.0
C,378,707,401,0,0.0
C,378,714,628,0,0.0
C,378,728,3,0,0.0
C,378,742,1497,0,0.0
C,378,749,184,0,0.0
C,378,770,144,0,0.0
C,378,777,32,0,0.0
C,378,798,42,0,0.0
C,378,805,50,0,0.0
C,378,833,426,0,0.0
C,378,840,35,0,0.0
C,378,861,15,0,0.0
C,378,868,22,0,0.0
C,378,896,51,0,0.0
C,378,924,991,0,0.0
C,378,931,74,0,0.0
C,378,952,5,0,0.0
C,378,959,58,0,0.0
C,378,987,25,0,0.0
C,378,1001,2,0,0.0
C,378,1015,309,0,0.0
C,378,1022,83,0,0.0
C,378,1043,20,0,0.0
C,378,1050,10,0,0.0
C,378,1071,42,0,0.0
C,378,1078,183,0,0.0
C,378,1106,39,0,0.0
C,378,1113,52,0,0.0
C,378,1134,4,0,0.0
C,378,1141,10,0,0.0
C,378,1169,14,0,0.0
C,378,1197,15,0,0.0
C,378,1204,5,0,0.0
C,378,1225,4,0,0.0
C,378,1232,2,0,0.0
C,378,1260,1,0,0.0
C,378,1288,23,0,0.0
C,378,1295,4,0,0.0
C,378,1323,6,0,0.0
C,378,1351,9,0,0.0
C,378,1379,37,0,0.0
C,378,1386,16,0,0.0
C,378,1407,2,0,0.0
C,378,1414,2,0,0.0
C,378,1442,18,0,0.0
C,378,1470,19,0,0.0
C,378,1477,21,0,0.0
C,378,1505,3,0,0.0
C,378,1533,4,0,0.0
C,378,1561,13,0,0.0
C,378,1568,5,0,0.0
C,378,1596,5,0,0.0
C,378,1624,4,0,0.0
C,378,1652,11,0,0.0
C,378,1659,3,0,0.0
C,378,1666,2,0,0.0
C,378,1687,11,0,0.0
C,378,1694,1,0,0.0
C,378,1715,1,0,0.0
C,378,1722,4,0,0.0
C,378,1743,2,0,0.0
C,378,1750,14,0,0.0
C,378,1771,2,0,0.0
C,378,1778,7,0,0.0
C,378,1806,30,0,0.0
C,378,1813,2,0,0.0
C,378,1834,14,0,0.0
C,378,1841,10,0,0.0
C,378,1869,8,0,0.0
C,378,1897,1,0,0.0
C,378,1925,3,0,0.0
C,378,1932,9,0,0.0
C,378,2023,22,0,0.0
C,378,2086,9,0,0.0
C,378,2114,5,0,0.0
C,378,2142,1,0,0.0
C,378,2177,1,0,0.0
C,385,385,157,0,0.0
C,385,413,2113,0,0.0
C,385,420,734,0,0.0
C,385,441,290,0,0.0
C,385,448,561,0,0.0
C,385,455,2,0,0.0
C,385,469,67,0,0.0
C,385,476,3615,0,0.0
C,385,483,183,0,0.0
C,385,497,27,0,0.0
C,385,504,383,0,0.0
C,385,511,123,0,0.0
C,385,532,128,0,0.0
C,385,539,431,0,0.0
C,385,560,3,0,0.0
C,385,567,3067,0,0.0
C,385,574,147,0,0.0
C,385,588,2,0,0.0
C,385,595,91,0,0.0
C,385,602,124,0,0.0
C,385,623,54,0,0.0
C,385,630,171,0,0.0
C,385,651,4,0,0.0
C,385,658,3017,0,0.0
C,385,665,201,0,0.0
C,385,686,231,0,0.0
C,385,693,28,0,0.0
C,385,714,260,0,0.0
C,385,721,412,0,0.0
C,385,749,1521,0,0.0
C,385,756,83,0,0.0
C,385,777,14,0,0.0
C,385,784,13,0,0.0
C,385,805,59,0,0.0
C,385,812,23,0,0.0
C,385,840,460,0,0.0
C,385,847,12,0,0.0
C,385,868,29,0,0.0
C,385,875,6,0,0.0
C,385,903,28,0,0.0
C,385,931,705,0,0.0
C,385,938,123,0,0.0
C,385,966,32,0,0.0
C,385,994,13,0,0.0
C,385,1001,1,0,0.0
C,385,1022,223,0,0.0
C,385,1029,93,0,0.0
C,385,1050,21,0,0.0
C,385,1078,5,0,0.0
C,385,1085,65,0,0.0
C,385,1113,26,0,0.0
C,385,1120,3,0,0.0
C,385,1176,10,0,0.0
C,385,1204,11,0,0.0
C,385,1239,2,0,0.0
C,385,1267,6,0,0.0
C,385,1295,12,0,0.0
C,385,1302,1,0,0.0
C,385,1330,6,0,0.0
C,385,1358,1,0,0.0
C,385,1386,8,0,0.0
C,385,1393,22,0,0.0
C,385,1414,3,0,0.0
C,385,1421,1,0,0.0
C,385,1449,5,0,0.0
C,385,1477,8,0,0.0
C,385,1484,3,0,0.0
C,385,1505,1,0,0.0
C,385,1512,1,0,0.0
C,385,1540,4,0,0.0
C,385,1568,6,0,0.0
C,385,1575,2,0,0.0
C,385,1603,2,0,0.0
C,385,1631,5,0,0.0
C,385,1638,1,0,0.0
C,385,1659,8,0,0.0
C,385,1666,7,0,0.0
C,385,1694,1,0,0.0
C,385,1722,4,0,0.0
C,385,1750,1,0,0.0
C,385,1757,14,0,0.0
C,385,1778,8,0,0.0
C,385,1785,7,0,0.0
C,385,1813,5,0,0.0
C,385,1820,3,0,0.0
C,385,1841,9,0,0.0
C,385,1876,1,0,0.0
C,385,1932,2,0,0.0
C,385,1939,11,0,0.0
C,385,1967,2,0,0.0
C,385,1995,3,0,0.0
C,385,2002,6,0,0.0
C,385,2093,2,0,0.0
C,385,2121,13,0,0.0
C,392,392,11,0,0.0
C,392,420,1260,0,0.0
C,392,427,546,0,0.0
C,392,448,321,0,0.0
C,392,455,457,0,0.0
C,392,476,61,0,0.0
C,392,483,2162,0,0.0
C,392,490,74,0,0.0
C,392,504,11,0,0.0
C,392,511,400,0,0.0
C,392,518,12,0,0.0
C,392,539,114,0,0.0
C,392,546,450,0,0.0
C,392,574,3240,0,0.0
C,392,581,382,0,0.0
C,392,602,31,0,0.0
C,392,609,22,0,0.0
C,392,630,112,0,0.0
C,392,637,38,0,0.0
C,392,658,3,0,0.0
C,392,665,1371,0,0.0
C,392,672,91,0,0.0
C,392,686,6,0,0.0
C,392,693,190,0,0.0
C,392,700,4,0,0.0
C,392,721,132,0,0.0
C,392,728,712,0,0.0
C,392,756,1282,0,0.0
C,392,763,168,0,0.0
C,392,784,12,0,0.0
C,392,791,27,0,0.0
C,392,812,29,0,0.0
C,392,819,5,0,0.0
C,392,847,371,0,0.0
C,392,854,1,0,0.0
C,392,875,19,0,0.0
C,392,882,5,0,0.0
C,392,910,4,0,0.0
C,392,938,406,0,0.0
C,392,945,114,0,0.0
C,392,966,1,0,0.0
C,392,973,4,0,0.0
C,392,1001,10,0,0.0
C,392,1029,69,0,0.0
C,392,1036,14,0,0.0
C,392,1057,34,0,0.0
C,392,1085,1,0,0.0
C,392,1092,24,0,0.0
C,392,1120,12,0,0.0
C,392,1127,17,0,0.0
C,392,1211,3,0,0.0
C,392,1218,1,0,0.0
C,392,1239,3,0,0.0
C,392,1246,3,0,0.0
C,392,1302,11,0,0.0
C,392,1309,5,0,0.0
C,392,1337,1,0,0.0
C,392,1365,8,0,0.0
C,392,1393,9,0,0.0
C,392,1400,3,0,0.0
C,392,1421,4,0,0.0
C,392,1456,20,0,0.0
C,392,1484,7,0,0.0
C,392,1491,6,0,0.0
C,392,1547,1,0,0.0
C,392,1575,1,0,0.0
C,392,1582,5,0,0.0
C,392,1638,2,0,0.0
C,392,1666,24,0,0.0
C,392,1673,3,0,0.0
C,392,1680,1,0,0.0
C,392,1729,4,0,0.0
C,392,1764,6,0,0.0
C,392,1785,1,0,0.0
C,392,1820,6,0,0.0
C,392,1827,5,0,0.0
C,392,1848,13,0,0.0
C,392,1855,27,0,0.0
C,392,1883,3,0,0.0
C,392,1946,4,0,0.0
C,392,1981,1,0,0.0
C,392,2037,5,0,0.0
C,392,2044,1,0,0.0
C,392,2128,3,0,0.0
C,399,399,39,0,0.0
C,399,427,1126,0,0.0
C,399,434,612,10,0.016339869281045753
C,399,455,25,0,0.0
C,399,462,236,0,0.0
C,399,483,11,0,0.0
C,399,490,1729,0,0.0
C,399,497,32,0,0.0
C,399,511,9,0,0.0
C,399,518,36,0,0.0
C,399,525,16,0,0.0
C,399,546,45,0,0.0
C,399,553,336,0,0.0
C,399,574,93,0,0.0
C,399,581,5605,2,0.0003568242640499554
C,399,588,331,0,0.0
C,399,609,15,0,0.0
C,399,637,10,0,0.0
C,399,644,4,0,0.0
C,399,665,7,0,0.0
C,399,672,588,0,0.0
C,399,679,96,0,0.0
C,399,700,22,0,0.0
C,399,728,50,0,0.0
C,399,735,356,0,0.0
C,399,763,1328,0,0.0
C,399,770,204,0,0.0
C,399,791,5,0,0.0
C,399,819,2,0,0.0
C,399,826,7,0,0.0
C,399,854,422,0,0.0
C,399,861,14,0,0.0
C,399,917,3,0,0.0
C,399,945,734,0,0.0
C,399,952,79,0,0.0
C,399,1036,31,0,0.0
C,399,1043,11,0,0.0
C,399,1064,4,0,0.0
C,399,1099,45,0,0.0
C,399,1127,36,0,0.0
C,399,1134,14,0,0.0
C,399,1218,13,0,0.0
C,399,1225,6,0,0.0
C,399,1309,42,0,0.0
C,399,1316,2,0,0.0
C,399,1400,11,0,0.0
C,399,1428,1,0,0.0
C,399,1463,37,0,0.0
C,399,1491,13,0,0.0
C,399,1498,5,0,0.0
C,399,1582,4,0,0.0
C,399,1589,7,0,0.0
C,399,1673,23,0,0.0
C,399,1680,36,0,0.0
C,399,1827,16,0,0.0
C,399,1834,3,0,0.0
C,399,1855,6,0,0.0
C,399,1862,6,0,0.0
C,399,1953,5,0,0.0
C,399,2044,11,0,0.0
C,399,2198,1,0,0.0
C,406,406,84,0,0.0
C,406,434,1120,0,0.0
C,406,441,471,0,0.0
C,406,469,41,0,0.0
C,406,490,3,0,0.0
C,406,497,2564,0,0.0
C,406,504,470,0,0.0
C,406,525,32,0,0.0
C,406,532,12,0,0.0
C,406,553,23,0,0.0
C,406,560,82,0,0.0
C,406,581,61,0,0.0
C,406,588,4461,0,0.0
C,406,595,368,0,0.0
C,406,679,1714,0,0.0
C,406,686,126,0,0.0
C,406,735,32,0,0.0
C,406,742,190,0,0.0
C,406,770,1492,0,0.0
C,406,777,136,0,0.0
C,406,861,250,0,0.0
C,406,952,295,0,0.0
C,406,959,82,0,0.0
C,406,1043,79,0,0.0
C,406,1050,44,0,0.0
C,406,1106,17,0,0.0
C,406,1134,40,0,0.0
C,406,1141,17,0,0.0
C,406,1225,6,0,0.0
C,406,1232,2,0,0.0
C,406,1316,15,0,0.0
C,406,1323,3,0,0.0
C,406,1407,5,0,0.0
C,406,1414,12,0,0.0
C,406,1470,3,0,0.0
C,406,1498,5,0,0.0
C,406,1505,1,0,0.0
C,406,1596,1,0,0.0
C,406,1680,2,0,0.0
C,406,1687,4,0,0.0
C,406,1694,3,0,0.0
C,406,1771,2,0,0.0
C,406,1778,33,0,0.0
C,406,1834,1,0,0.0
C,406,1869,10,0,0.0
C,406,1953,2,0,0.0
C,406,1960,21,0,0.0
C,406,2051,7,0,0.0
C,406,2058,1,0,0.0
C,406,2142,1,0,0.0
C,413,413,19,0,0.0
C,413,441,802,0,0.0
C,413,448,287,2,0.006968641114982578
C,413,476,2,0,0.0
C,413,497,11,0,0.0
C,413,504,1238,55,0.0444264943457189
C,413,511,350,0,0.0
C,413,532,13,0,0.0
C,413,539,3,0,0.0
C,413,560,19,0,0.0
C,413,567,163,0,0.0
C,413,588,198,0,0.0
C,413,595,3394,0,0.0
C,413,602,134,0,0.0
C,413,679,7,0,0.0
C,413,686,1014,48,0.047337278106508875
C,413,693,80,0,0.0
C,413,742,15,0,0.0
C,413,749,155,0,0.0
C,413,777,1052,0,0.0
C,413,784,76,0,0.0
C,413,868,54,0,0.0
C,413,875,10,0,0.0
C,413,959,400,0,0.0
C,413,966,58,0,0.0
C,413,1050,25,0,0.0
C,413,1057,35,0,0.0
C,413,1113,18,0,0.0
C,413,1141,12,0,0.0
C,413,1148,4,0,0.0
C,413,1232,5,0,0.0
C,413,1239,1,0,0.0
C,413,1323,23,0,0.0
C,413,1414,1,0,0.0
C,413,1421,5,0,0.0
C,413,1477,3,0,0.0
C,413,1505,1,0,0.0
C,413,1512,14,0,0.0
C,413,1596,4,0,0.0
C,413,1603,6,0,0.0
C,413,1687,14,0,0.0
C,413,1694,14,0,0.0
C,413,1778,3,0,0.0
C,413,1785,14,0,0.0
C,413,1869,8,0,0.0
C,413,1876,1,0,0.0
C,413,1967,2,0,0.0
C,413,2058,2,0,0.0
C,420,420,13,0,0.0
C,420,448,1029,0,0.0
C,420,455,305,0,0.0
C,420,504,6,0,0.0
C,420,511,1092,0,0.0
C,420,518,39,0,0.0
C,420,539,9,0,0.0
C,420,546,9,0,0.0
C,420,567,4,0,0.0
C,420,574,110,0,0.0
C,420,595,2,0,0.0
C,420,602,2569,0,0.0
C,420,609,83,0,0.0
C,420,686,22,0,0.0
C,420,693,851,0,0.0
C,420,700,26,0,0.0
C,420,749,13,0,0.0
C,420,756,182,0,0.0
C,420,784,1304,0,0.0
C,420,791,74,0,0.0
C,420,875,111,0,0.0
C,420,882,3,0,0.0
C,420,966,366,0,0.0
C,420,973,26,0,0.0
C,420,1057,31,0,0.0
C,420,1064,24,0,0.0
C,420,1120,1,0,0.0
C,420,1148,26,0,0.0
C,420,1155,13,0,0.0
C,420,1239,10,0,0.0
C,420,1330,11,0,0.0
C,420,1337,5,0,0.0
C,420,1421,2,0,0.0
C,420,1428,4,0,0.0
C,420,1484,3,0,0.0
C,420,1512,8,0,0.0
C,420,1519,1,0,0.0
C,420,1603,2,0,0.0
C,420,1610,1,0,0.0
C,420,1694,9,0,0.0
C,420,1701,17,0,0.0
C,420,1785,2,0,0.0
C,420,1792,7,0,0.0
C,420,1848,5,0,0.0
C,420,1855,1,0,0.0
C,420,1876,3,0,0.0
C,420,1883,7,0,0.0
C,420,1967,1,0,0.0
C,420,1974,1,0,0.0
C,420,2065,6,0,0.0
C,427,427,11,0,0.0
C,427,455,806,0,0.0
C,427,462,417,0,0.0
C,427,511,85,0,0.0
C,427,518,750,0,0.0
C,427,525,68,0,0.0
C,427,546,27,0,0.0
C,427,553,2,0,0.0
C,427,574,141,0,0.0
C,427,581,196,0,0.0
C,427,602,19,0,0.0
C,427,609,3091,0,0.0
C,427,616,191,0,0.0
C,427,693,2,0,0.0
C,427,700,618,0,0.0
C,427,707,52,0,0.0
C,427,756,56,0,0.0
C,427,763,317,0,0.0
C,427,791,1098,0,0.0
C,427,798,75,0,0.0
C,427,882,114,0,0.0
C,427,973,582,0,0.0
C,427,980,27,0,0.0
C,427,1064,63,0,0.0
C,427,1071,3,0,0.0
C,427,1127,14,0,0.0
C,427,1155,40,0,0.0
C,427,1162,10,0,0.0
C,427,1337,26,0,0.0
C,427,1344,7,0,0.0
C,427,1428,6,0,0.0
C,427,1491,2,0,0.0
C,427,1519,8,0,0.0
C,427,1526,6,0,0.0
C,427,1610,7,0,0.0
C,427,1701,1,0,0.0
C,427,1708,12,0,0.0
C,427,1792,2,0,0.0
C,427,1799,5,0,0.0
C,427,1855,11,0,0.0
C,427,1862,1,0,0.0
C,427,1890,5,0,0.0
C,427,1974,1,0,0.0
C,427,2072,6,0,0.0
C,427,2079,1,0,0.0
C,434,434,3,0,0.0
C,434,462,356,0,0.0
C,434,469,175,0,0.0
C,434,518,67,0,0.0
C,434,525,656,0,0.0
C,434,532,41,0,0.0
C,434,553,69,0,0.0
C,434,560,3,0,0.0
C,434,581,25,0,0.0
C,434,588,309,0,0.0
C,434,616,2988,0,0.0
C,434,623,383,0,0.0
C,434,700,7,0,0.0
C,434,707,346,0,0.0
C,434,714,37,0,0.0
C,434,763,5,0,0.0
C,434,770,285,0,0.0
C,434,798,989,0,0.0
C,434,805,99,0,0.0
C,434,889,211,0,0.0
C,434,896,1,0,0.0
C,434,980,645,2,0.0031007751937984496
C,434,987,19,0,0.0
C,434,1071,9,0,0.0
C,434,1078,22,0,0.0
C,434,1134,20,0,0.0
C,434,1162,19,0,0.0
C,434,1253,3,0,0.0
C,434,1344,34,0,0.0
C,434,1351,3,0,0.0
C,434,1435,5,0,0.0
C,434,1442,1,0,0.0
C,434,1498,2,0,0.0
C,434,1533,6,0,0.0
C,434,1617,3,0,0.0
C,434,1624,2,0,0.0
C,434,1708,1,0,0.0
C,434,1715,30,0,0.0
C,434,1722,1,0,0.0
C,434,1799,1,0,0.0
C,434,1806,3,0,0.0
C,434,1869,2,0,0.0
C,434,1897,4,0,0.0
C,434,1988,1,0,0.0
C,434,2079,34,0,0.0
C,434,2086,12,0,0.0
C,441,441,52,0,0.0
C,441,469,407,0,0.0
C,441,476,176,0,0.0
C,441,532,375,0,0.0
C,441,539,5,0,0.0
C,441,560,2,0,0.0
C,441,588,111,0,0.0
C,441,595,220,0,0.0
C,441,623,2562,6,0.00234192037470726
C,441,630,266,0,0.0
C,441,714,201,0,0.0
C,441,721,10,0,0.0
C,441,770,76,0,0.0
C,441,777,109,0,0.0
C,441,805,705,0,0.0
C,441,812,106,0,0.0
C,441,896,27,0,0.0
C,441,903,18,0,0.0
C,441,987,507,0,0.0
C,441,994,11,0,0.0
C,441,1078,9,0,0.0
C,441,1085,3,0,0.0
C,441,1141,10,0,0.0
C,441,1169,36,0,0.0
C,441,1176,8,0,0.0
C,441,1260,2,0,0.0
C,441,1267,2,0,0.0
C,441,1351,11,0,0.0
C,441,1358,4,0,0.0
C,441,1505,2,0,0.0
C,441,1533,15,0,0.0
C,441,1540,15,0,0.0
C,441,1624,1,0,0.0
C,441,1631,1,0,0.0
C,441,1715,1,0,0.0
C,441,1722,6,0,0.0
C,441,1806,1,0,0.0
C,441,1813,2,0,0.0
C,441,1869,10,0,0.0
C,441,1897,9,0,0.0
C,441,1904,1,0,0.0
C,441,2086,15,0,0.0
C,441,2093,1,0,0.0
C,448,448,5,0,0.0
C,448,476,351,0,0.0
C,448,483,116,0,0.0
C,448,539,582,0,0.0
C,448,546,24,0,0.0
C,448,595,7,0,0.0
C,448,602,196,0,0.0
C,448,630,3393,88,0.025935750073681107
C,448,637,120,0,0.0
C,448,714,6,0,0.0
C,448,721,214,0,0.0
C,448,728,13,0,0.0
C,448,777,25,0,0.0
C,448,784,160,0,0.0
C,448,812,726,0,0.0
C,448,819,142,0,0.0
C,448,903,32,0,0.0
C,448,910,9,0,0.0
C,448,994,1236,9,0.007281553398058253
C,448,1001,21,0,0.0
C,448,1085,8,0,0.0
C,448,1092,2,0,0.0
C,448,1148,14,0,0.0
C,448,1176,45,0,0.0
C,448,1183,44,0,0.0
C,448,1267,7,0,0.0
C,448,1358,2,0,0.0
C,448,1365,1,0,0.0
C,448,1512,5,0,0.0
C,448,1540,11,0,0.0
C,448,1547,12,0,0.0
C,448,1638,7,0,0.0
C,448,1722,10,0,0.0
C,448,1820,1,0,0.0
C,448,1876,2,0,0.0
C,448,1904,4,0,0.0
C,448,1911,8,0,0.0
C,448,1995,2,0,0.0
C,448,2002,5,0,0.0
C,448,2093,1,0,0.0
C,455,455,6,0,0.0
C,455,483,422,0,0.0
C,455,490,37,0,0.0
C,455,539,5,0,0.0
C,455,546,493,0,0.0
C,455,553,1,0,0.0
C,455,602,15,0,0.0
C,455,609,60,0,0.0
C,455,630,52,0,0.0
C,455,637,2517,3,0.0011918951132300357
C,455,644,108,0,0.0
C,455,728,102,0,0.0
C,455,735,6,0,0.0
C,455,784,42,0,0.0
C,455,791,85,0,0.0
C,455,819,673,0,0.0
C,455,826,55,0,0.0
C,455,910,31,0,0.0
C,455,917,8,0,0.0
C,455,1001,586,0,0.0
C,455,1008,52,0,0.0
C,455,1092,4,0,0.0
C,455,1155,4,0,0.0
C,455,1183,12,0,0.0
C,455,1190,17,0,0.0
C,455,1274,4,0,0.0
C,455,1281,3,0,0.0
C,455,1365,11,0,0.0
C,455,1372,2,0,0.0
C,455,1456,2,0,0.0
C,455,1547,2,0,0.0
C,455,1554,6,0,0.0
C,455,1638,3,0,0.0
C,455,1645,22,0,0.0
C,455,1729,14,0,0.0
C,455,1736,1,0,0.0
C,455,1827,1,0,0.0
C,455,1918,12,0,0.0
C,462,462,3,0,0.0
C,462,490,43,0,0.0
C,462,497,66,0,0.0
C,462,546,11,0,0.0
C,462,553,224,0,0.0
C,462,609,5,0,0.0
C,462,616,24,0,0.0
C,462,644,2578,0,0.0
C,462,651,234,0,0.0
C,462,735,41,0,0.0
C,462,791,35,0,0.0
C,462,798,75,0,0.0
C,462,826,518,0,0.0
C,462,833,65,0,0.0
C,462,917,2,0,0.0
C,462,924,12,0,0.0
C,462,1008,431,8,0.018561484918793503
C,462,1015,34,0,0.0
C,462,1099,3,0,0.0
C,462,1162,13,0,0.0
C,462,1190,15,0,0.0
C,462,1281,2,0,0.0
C,462,1372,21,0,0.0
C,462,1463,6,0,0.0
C,462,1526,6,0,0.0
C,462,1561,1,0,0.0
C,462,1652,7,0,0.0
C,462,1736,17,0,0.0
C,462,1743,13,0,0.0
C,462,1925,5,0,0.0
C,462,2107,6,0,0.0
C,462,2114,4,0,0.0
C,469,469,28,0,0.0
C,469,497,47,0,0.0
C,469,504,100,0,0.0
C,469,560,178,0,0.0
C,469,616,2,0,0.0
C,469,623,38,0,0.0
C,469,644,5,0,0.0
C,469,651,1268,0,0.0
C,469,658,111,0,0.0
C,469,742,13,0,0.0
C,469,798,18,0,0.0
C,469,805,45,0,0.0
C,469,833,435,0,0.0
C,469,840,50,0,0.0
C,469,931,12,0,0.0
C,469,1015,206,0,0.0
C,469,1022,33,0,0.0
C,469,1106,2,0,0.0
C,469,1169,7,0,0.0
C,469,1197,9,0,0.0
C,469,1204,9,0,0.0
C,469,1379,22,0,0.0
C,469,1386,4,0,0.0
C,469,1561,1,0,0.0
C,469,1568,5,0,0.0
C,469,1743,4,0,0.0
C,469,1750,26,0,0.0
C,469,1757,2,0,0.0
C,469,1841,1,0,0.0
C,469,1897,1,0,0.0
C,469,1932,2,0,0.0
C,469,2114,3,0,0.0
C,476,476,31,0,0.0
C,476,504,34,0,0.0
C,476,511,143,12,0.08391608391608392
C,476,567,243,0,0.0
C,476,623,11,0,0.0
C,476,630,161,0,0.0
C,476,651,20,0,0.0
C,476,658,2752,0,0.0
C,476,665,231,0,0.0
C,476,749,2,0,0.0
C,476,805,30,0,0.0
C,476,812,80,0,0.0
C,476,840,935,1,0.0010695187165775401
C,476,847,111,0,0.0
C,476,931,3,0,0.0
C,476,938,10,0,0.0
C,476,1022,178,0,0.0
C,476,1029,54,0,0.0
C,476,1176,20,0,0.0
C,476,1204,4,0,0.0
C,476,1386,2,0,0.0
C,476,1393,2,0,0.0
C,476,1540,8,0,0.0
C,476,1568,3,0,0.0
C,476,1575,8,0,0.0
C,476,1666,1,0,0.0
C,476,1757,6,0,0.0
C,476,1904,1,0,0.0
C,476,1911,1,0,0.0
C,476,1939,13,0,0.0
C,476,2121,4,0,0.0
C,483,483,4,0,0.0
C,483,511,154,0,0.0
C,483,518,50,0,0.0
C,483,574,95,0,0.0
C,483,630,138,0,0.0
C,483,637,36,0,0.0
C,483,658,13,0,0.0
C,483,665,1441,0,0.0
C,483,672,42,0,0.0
C,483,812,15,0,0.0
C,483,819,60,0,0.0
C,483,847,523,0,0.0
C,483,854,144,0,0.0
C,483,938,4,0,0.0
C,483,945,2,0,0.0
C,483,1029,57,0,0.0
C,483,1036,20,0,0.0
C,483,1183,3,0,0.0
C,483,1211,5,0,0.0
C,483,1218,1,0,0.0
C,483,1302,1,0,0.0
C,483,1309,2,0,0.0
C,483,1393,7,0,0.0
C,483,1400,3,0,0.0
C,483,1575,5,0,0.0
C,483,1582,18,0,0.0
C,483,1673,3,0,0.0
C,483,1757,1,0,0.0
C,483,1764,6,0,0.0
C,483,1771,1,0,0.0
C,483,1911,1,0,0.0
C,483,1918,6,0,0.0
C,483,1946,10,0,0.0
C,483,2037,1,0,0.0
C,490,490,6,0,0.0
C,490,518,34,0,0.0
C,490,525,130,0,0.0
C,490,581,163,0,0.0
C,490,637,5,0,0.0
C,490,665,6,0,0.0
C,490,672,882,0,0.0
C,490,679,78,0,0.0
C,490,819,8,0,0.0
C,490,826,1,0,0.0
C,490,854,651,0,0.0
C,490,861,184,0,0.0
C,490,945,3,0,0.0
C,490,952,1,0,0.0
C,490,1036,56,0,0.0
C,490,1043,17,0,0.0
C,490,1218,12,0,0.0
C,490,1225,16,0,0.0
C,490,1309,2,0,0.0
C,490,1400,2,0,0.0
C,490,1582,6,0,0.0
C,490,1589,32,0,0.0
C,490,1680,1,0,0.0
C,490,1771,2,0,0.0
C,490,1946,3,0,0.0
C,490,1953,4,0,0.0
C,497,497,9,0,0.0
C,497,525,20,0,0.0
C,497,532,30,0,0.0
C,497,588,27,0,0.0
C,497,644,2,0,0.0
C,497,672,2,0,0.0
C,497,679,1327,0,0.0
C,497,686,75,0,0.0
C,497,826,7,0,0.0
C,497,833,8,0,0.0
C,497,861,773,0,0.0
C,497,868,70,0,0.0
C,497,1043,64,0,0.0
C,497,1050,10,0,0.0
C,497,1225,22,0,0.0
C,497,1232,7,0,0.0
C,497,1407,8,0,0.0
C,497,1414,8,0,0.0
C,497,1589,1,0,0.0
C,497,1596,10,0,0.0
C,497,1771,1,0,0.0
C,497,1778,5,0,0.0
C,497,1953,1,0,0.0
C,497,1960,11,0,0.0
C,504,504,1,0,0.0
C,504,532,176,0,0.0
C,504,539,14,0,0.0
C,504,651,6,0,0.0
C,504,658,1,0,0.0
C,504,679,49,0,0.0
C,504,686,1431,18,0.012578616352201259
C,504,693,52,0,0.0
C,504,833,13,0,0.0
C,504,840,1,0,0.0
C,504,868,371,0,0.0
C,504,875,62,0,0.0
C,504,1050,71,0,0.0
C,504,1057,26,0,0.0
C,504,1204,1,0,0.0
C,504,1232,5,0,0.0
C,504,1239,9,0,0.0
C,504,1414,16,0,0.0
C,504,1421,17,0,0.0
C,504,1596,10,0,0.0
C,504,1603,9,0,0.0
C,504,1778,33,0,0.0
C,504,1785,3,0,0.0
C,504,1967,10,0,0.0
C,504,2149,1,0,0.0
C,511,511,3,0,0.0
C,511,539,43,0,0.0
C,511,546,32,0,0.0
C,511,658,25,0,0.0
C,511,665,3,0,0.0
C,511,686,28,0,0.0
C,511,693,1587,0,0.0
C,511,700,122,0,0.0
C,511,840,17,0,0.0
C,511,847,17,0,0.0
C,511,875,505,0,0.0
C,511,882,94,0,0.0
C,511,1057,110,0,0.0
C,511,1064,58,0,0.0
C,511,1239,11,0,0.0
C,511,1246,4,0,0.0
C,511,1421,6,0,0.0
C,511,1428,4,0,0.0
C,511,1610,9,0,0.0
C,511,1785,19,0,0.0
C,511,1792,2,0,0.0
C,511,1799,4,0,0.0
C,511,1974,4,0,0.0
C,518,518,9,0,0.0
C,518,546,116,0,0.0
C,518,553,45,0,0.0
C,518,665,3,0,0.0
C,518,672,2,0,0.0
C,518,693,14,0,0.0
C,518,700,1117,0,0.0
C,518,707,90,0,0.0
C,518,847,11,0,0.0
C,518,854,5,0,0.0
C,518,882,531,0,0.0
C,518,889,55,0,0.0
C,518,1064,93,0,0.0
C,518,1071,27,0,0.0
C,518,1253,7,0,0.0
C,518,1428,17,0,0.0
C,518,1435,2,0,0.0
C,518,1610,17,0,0.0
C,518,1617,9,0,0.0
C,518,1792,28,0,0.0
C,518,1799,3,0,0.0
C,518,1974,13,0,0.0
C,518,1981,7,0,0.0
C,525,525,2,0,0.0
C,525,553,162,0,0.0
C,525,560,10,0,0.0
C,525,672,37,0,0.0
C,525,700,7,0,0.0
C,525,707,1486,0,0.0
C,525,714,25,0,0.0
C,525,854,36,0,0.0
C,525,889,998,0,0.0
C,525,896,70,0,0.0
C,525,1071,78,0,0.0
C,525,1078,1,0,0.0
C,525,1253,15,0,0.0
C,525,1260,1,0,0.0
C,525,1435,1,0,0.0
C,525,1442,1,0,0.0
C,525,1617,1,0,0.0
C,525,1624,9,0,0.0
C,525,1799,6,0,0.0
C,525,1806,3,0,0.0
C,525,1981,3,0,0.0
C,525,1988,7,0,0.0
C,525,2170,2,0,0.0
C,532,560,13,0,0.0
C,532,567,13,0,0.0
C,532,679,8,0,0.0
C,532,686,2,0,0.0
C,532,707,2,0,0.0
C,532,714,922,0,0.0
C,532,721,29,0,0.0
C,532,861,6,0,0.0
C,532,868,1,0,0.0
C,532,896,512,0,0.0
C,532,903,107,0,0.0
C,532,1078,89,0,0.0
C,532,1085,12,0,0.0
C,532,1260,10,0,0.0
C,532,1267,2,0,0.0
C,532,1442,10,0,0.0
C,532,1624,1,0,0.0
C,532,1631,19,0,0.0
C,532,1806,10,0,0.0
C,532,1813,1,0,0.0
C,532,1995,4,0,0.0
C,539,539,2,0,0.0
C,539,567,12,0,0.0
C,539,574,18,0,0.0
C,539,686,2,0,0.0
C,539,693,1,0,0.0
C,539,714,17,0,0.0
C,539,721,556,0,0.0
C,539,728,31,0,0.0
C,539,868,13,0,0.0
C,539,875,2,0,0.0
C,539,903,592,0,0.0
C,539,910,128,0,0.0
C,539,1085,41,0,0.0
C,539,1092,5,0,0.0
C,539,1267,20,0,0.0
C,539,1449,1,0,0.0
C,539,1638,31,0,0.0
C,539,1813,1,0,0.0
C,539,1820,3,0,0.0
C,539,1827,1,0,0.0
C,539,2002,3,0,0.0
C,539,2184,1,0,0.0
C,546,546,2,0,0.0
C,546,574,3,0,0.0
C,546,581,5,0,0.0
C,546,693,2,0,0.0
C,546,700,5,0,0.0
C,546,721,5,0,0.0
C,546,728,548,0,0.0
C,546,735,22,0,0.0
C,546,875,4,0,0.0
C,546,882,9,0,0.0
C,546,910,405,0,0.0
C,546,917,154,0,0.0
C,546,1092,10,0,0.0
C,546,1099,3,0,0.0
C,546,1274,8,0,0.0
C,546,1281,22,0,0.0
C,546,1456,5,0,0.0
C,546,1463,6,0,0.0
C,546,1638,8,0,0.0
C,546,1645,35,0,0.0
C,546,1827,2,0,0.0
C,546,1981,2,0,0.0
C,546,2009,4,0,0.0
C,553,581,1,0,0.0
C,553,588,3,0,0.0
C,553,700,2,0,0.0
C,553,707,4,0,0.0
C,553,735,206,0,0.0
C,553,742,28,0,0.0
C,553,882,2,0,0.0
C,553,889,3,0,0.0
C,553,917,427,0,0.0
C,553,924,55,0,0.0
C,553,1099,17,0,0.0
C,553,1106,2,0,0.0
C,553,1281,6,0,0.0
C,553,1288,4,0,0.0
C,553,1463,10,0,0.0
C,553,1645,4,0,0.0
C,553,1652,23,0,0.0
C,553,1827,6,0,0.0
C,553,1834,1,0,0.0
C,553,2016,8,0,0.0
C,560,560,1,0,0.0
C,560,588,4,0,0.0
C,560,742,155,0,0.0
C,560,749,3,0,0.0
C,560,889,3,0,0.0
C,560,924,786,0,0.0
C,560,931,70,0,0.0
C,560,1106,7,0,0.0
C,560,1113,10,0,0.0
C,560,1288,3,0,0.0
C,560,1295,1,0,0.0
C,560,1652,3,0,0.0
C,560,1659,7,0,0.0
C,560,2023,3,0,0.0
C,567,567,6,0,0.0
C,567,595,1,0,0.0
C,567,714,3,0,0.0
C,567,721,1,0,0.0
C,567,749,437,0,0.0
C,567,756,1,0,0.0
C,567,896,2,0,0.0
C,567,903,2,0,0.0
C,567,931,372,0,0.0
C,567,938,147,0,0.0
C,567,1113,16,0,0.0
C,567,1295,1,0,0.0
C,567,1302,1,0,0.0
C,567,1477,4,0,0.0
C,567,1659,3,0,0.0
C,567,1666,11,0,0.0
C,567,1841,2,0,0.0
C,567,2030,3,0,0.0
C,574,756,248,0,0.0
C,574,763,101,0,0.0
C,574,903,1,0,0.0
C,574,910,1,0,0.0
C,574,938,430,0,0.0
C,574,945,92,0,0.0
C,574,1120,1,0,0.0
C,574,1127,7,0,0.0
C,574,1302,8,0,0.0
C,574,1309,3,0,0.0
C,574,1484,1,0,0.0
C,574,1491,5,0,0.0
C,574,1666,1,0,0.0
C,574,1673,25,0,0.0
C,574,1855,3,0,0.0
C,581,581,2,0,0.0
C,581,728,2,0,0.0
C,581,763,373,0,0.0
C,581,770,14,0,0.0
C,581,910,2,0,0.0
C,581,945,599,0,0.0
C,581,952,271,0,0.0
C,581,1127,18,0,0.0
C,581,1134,1,0,0.0
C,581,1309,18,0,0.0
C,581,1316,7,0,0.0
C,581,1491,4,0,0.0
C,581,1498,1,0,0.0
C,581,1673,2,0,0.0
C,581,1680,93,0,0.0
C,581,1855,3,0,0.0
C,581,1862,2,0,0.0
C,581,2044,3,0,0.0
C,588,588,8,0,0.0
C,588,770,349,0,0.0
C,588,777,19,0,0.0
C,588,924,1,0,0.0
C,588,952,367,0,0.0
C,588,959,144,0,0.0
C,588,1134,4,0,0.0
C,588,1141,9,0,0.0
C,588,1316,10,0,0.0
C,588,1323,2,0,0.0
C,588,1505,1,0,0.0
C,588,1680,1,0,0.0
C,588,1687,12,0,0.0
C,588,1869,2,0,0.0
C,588,1876,1,0,0.0
C,588,2051,5,0,0.0
C,595,777,279,0,0.0
C,595,784,3,0,0.0
C,595,959,501,0,0.0
C,595,966,70,0,0.0
C,595,1141,11,0,0.0
C,595,1323,13,0,0.0
C,595,1505,4,0,0.0
C,595,1687,5,0,0.0
C,595,1694,22,0,0.0
C,595,1869,2,0,0.0
C,595,1876,6,0,0.0
C,595,2058,2,0,0.0
C,602,784,332,0,0.0
C,602,791,3,0,0.0
C,602,966,334,0,0.0
C,602,973,59,0,0.0
C,602,1148,4,0,0.0
C,602,1330,20,0,0.0
C,602,1337,6,0,0.0
C,602,1512,5,0,0.0
C,602,1519,1,0,0.0
C,602,1694,4,0,0.0
C,602,1701,14,0,0.0
C,602,2065,12,0,0.0
C,609,791,309,0,0.0
C,609,973,792,0,0.0
C,609,980,80,0,0.0
C,609,1337,89,0,0.0
C,609,1344,1,0,0.0
C,609,1701,3,0,0.0
C,609,1708,9,0,0.0
C,609,1890,1,0,0.0
C,609,2072,3,0,0.0
C,616,798,151,0,0.0
C,616,805,1,0,0.0
C,616,980,904,0,0.0
C,616,987,21,0,0.0
C,616,1344,24,0,0.0
C,616,1351,2,0,0.0
C,616,1526,1,0,0.0
C,616,1715,48,0,0.0
C,616,2079,31,0,0.0
C,623,805,125,0,0.0
C,623,812,1,0,0.0
C,623,987,660,3,0.004545454545454545
C,623,994,13,0,0.0
C,623,1169,5,0,0.0
C,623,1176,1,0,0.0
C,623,1351,16,0,0.0
C,623,1358,4,0,0.0
C,623,1533,2,0,0.0
C,623,1722,15,0,0.0
C,623,1897,4,0,0.0
C,623,1911,1,0,0.0
C,623,2086,26,0,0.0
C,630,812,218,0,0.0
C,630,819,44,0,0.0
C,630,994,1673,36,0.021518230723251645
C,630,1001,27,0,0.0
C,630,1176,53,0,0.0
C,630,1183,2,0,0.0
C,630,1358,2,0,0.0
C,630,1540,23,0,0.0
C,630,1722,6,0,0.0
C,630,1729,7,0,0.0
C,630,1904,3,0,0.0
C,630,1918,6,0,0.0
C,637,819,197,0,0.0
C,637,826,4,0,0.0
C,637,1001,1018,14,0.0137524557956778
C,637,1008,27,0,0.0
C,637,1183,2,0,0.0
C,637,1365,3,0,0.0
C,637,1372,1,0,0.0
C,637,1729,3,0,0.0
C,637,1736,4,0,0.0
C,637,1918,1,0,0.0
C,644,826,86,0,0.0
C,644,1008,626,0,0.0
C,644,1015,39,0,0.0
C,644,1190,1,0,0.0
C,644,1372,13,0,0.0
C,644,1736,2,0,0.0
C,644,1743,19,0,0.0
C,644,2107,7,0,0.0
C,651,833,50,0,0.0
C,651,1015,318,0,0.0
C,651,1022,28,0,0.0
C,651,1204,1,0,0.0
C,651,1379,16,0,0.0
C,651,1386,3,0,0.0
C,651,1743,4,0,0.0
C,651,1750,11,0,0.0
C,651,2114,4,0,0.0
C,658,840,260,0,0.0
C,658,847,2,0,0.0
C,658,1022,249,0,0.0
C,658,1029,55,0,0.0
C,658,1204,2,0,0.0
C,658,1386,3,0,0.0
C,658,1393,7,0,0.0
C,658,1575,6,0,0.0
C,658,1750,1,0,0.0
C,658,1757,25,0,0.0
C,658,1939,1,0,0.0
C,658,2121,6,0,0.0
C,665,847,167,0,0.0
C,665,1029,114,0,0.0
C,665,1036,25,0,0.0
C,665,1211,2,0,0.0
C,665,1393,23,0,0.0
C,665,1400,3,0,0.0
C,665,1757,1,0,0.0
C,665,1764,14,0,0.0
C,665,2128,4,0,0.0
C,672,854,184,0,0.0
C,672,861,4,0,0.0
C,672,1036,129,0,0.0
C,672,1043,41,0,0.0
C,672,1218,2,0,0.0
C,672,1400,4,0,0.0
C,672,1407,1,0,0.0
C,672,1582,3,0,0.0
C,672,1771,3,0,0.0
C,672,1946,1,0,0.0
C,672,1953,9,0,0.0
C,679,861,232,0,0.0
C,679,868,39,0,0.0
C,679,1043,201,0,0.0
C,679,1050,33,0,0.0
C,679,1225,5,0,0.0
C,679,1414,5,0,0.0
C,679,1589,2,0,0.0
C,679,1778,3,0,0.0
C,679,1953,2,0,0.0
C,679,1960,1,0,0.0
C,679,1967,2,0,0.0
C,679,2142,1,0,0.0
C,686,868,91,0,0.0
C,686,875,9,0,0.0
C,686,1050,133,0,0.0
C,686,1057,25,0,0.0
C,686,1232,5,0,0.0
C,686,1239,1,0,0.0
C,686,1421,24,0,0.0
C,686,1596,1,0,0.0
C,686,1778,7,0,0.0
C,686,1785,7,0,0.0
C,686,1960,1,0,0.0
C,686,1967,3,0,0.0
C,686,2149,1,0,0.0
C,693,875,413,0,0.0
C,693,882,12,0,0.0
C,693,1057,187,0,0.0
C,693,1064,51,0,0.0
C,693,1239,5,0,0.0
C,693,1421,2,0,0.0
C,693,1428,14,0,0.0
C,693,1603,3,0,0.0
C,693,1792,19,0,0.0
C,693,1967,1,0,0.0
C,693,2156,2,0,0.0
C,700,882,158,0,0.0
C,700,889,2,0,0.0
C,700,1064,283,0,0.0
C,700,1071,43,0,0.0
C,700,1246,5,0,0.0
C,700,1428,3,0,0.0
C,700,1610,1,0,0.0
C,700,1799,8,0,0.0
C,700,1981,1,0,0.0
C,707,889,547,0,0.0
C,707,896,1,0,0.0
C,707,1071,178,0,0.0
C,707,1078,54,0,0.0
C,707,1253,2,0,0.0
C,707,1435,1,0,0.0
C,707,1442,4,0,0.0
C,707,1617,1,0,0.0
C,707,1624,2,0,0.0
C,707,1806,3,0,0.0
C,707,1981,1,0,0.0
C,707,1995,1,0,0.0
C,714,896,219,0,0.0
C,714,903,3,0,0.0
C,714,1078,205,0,0.0
C,714,1085,49,0,0.0
C,714,1260,2,0,0.0
C,714,1442,1,0,0.0
C,714,1449,2,0,0.0
C,714,1813,15,0,0.0
C,721,903,46,0,0.0
C,721,910,1,0,0.0
C,721,1085,184,0,0.0
C,721,1092,58,0,0.0
C,721,1267,3,0,0.0
C,721,1449,2,0,0.0
C,721,1638,2,0,0.0
C,721,1813,1,0,0.0
C,721,1820,4,0,0.0
C,721,2002,1,0,0.0
C,728,910,37,0,0.0
C,728,1092,24,0,0.0
C,728,1456,3,0,0.0
C,728,1463,12,0,0.0
C,728,1638,2,0,0.0
C,728,1827,7,0,0.0
C,728,2191,1,0,0.0
C,735,917,1,0,0.0
C,735,1099,49,0,0.0
C,735,1106,4,0,0.0
C,735,1463,21,0,0.0
C,735,1470,1,0,0.0
C,735,1645,1,0,0.0
C,735,1827,11,0,0.0
C,735,1834,5,0,0.0
C,742,1106,9,0,0.0
C,742,1113,6,0,0.0
C,742,1470,1,0,0.0
C,742,1477,3,0,0.0
C,742,1834,2,0,0.0
C,742,1841,3,0,0.0
C,749,1113,8,0,0.0
C,749,1477,2,0,0.0
C,756,1120,4,0,0.0
C,756,1127,5,0,0.0
C,756,1855,22,0,0.0
C,763,1127,6,0,0.0
C,763,1134,2,0,0.0
C,763,1491,3,0,0.0
C,763,1498,1,0,0.0
C,763,1862,5,0,0.0
C,770,1498,1,0,0.0
C,770,1505,1,0,0.0
C,770,1869,2,0,0.0
C,777,1141,2,0,0.0
C,777,1869,1,0,0.0
C,784,1148,2,0,0.0
C,784,1883,1,0,0.0
C,791,1519,3,0,0.0
C,791,1890,2,0,0.0
C,798,1162,2,0,0.0
C,798,1890,1,0,0.0
C,798,1897,1,0,0.0
C,805,1533,5,0,0.0
C,805,1904,1,0,0.0
C,812,1176,24,0,0.0
C,812,1540,14,0,0.0
C,819,1183,1,0,0.0
C,819,1547,1,0,0.0
C,819,1918,1,0,0.0
C,826,1190,4,0,0.0
C,826,1554,2,0,0.0
C,833,1561,3,0,0.0
C,840,1204,2,0,0.0
C,840,1575,1,0,0.0
C,840,1939,2,0,0.0
C,847,1211,2,0,0.0
C,847,1575,1,0,0.0
C,847,1946,3,0,0.0
C,854,1218,2,0,0.0
C,854,1589,1,0,0.0
C,861,1225,8,0,0.0
C,861,1589,1,0,0.0
C,861,1960,1,0,0.0
C,868,1232,1,0,0.0
C,868,1596,1,0,0.0
C,868,1603,1,0,0.0
C,875,1239,2,0,0.0
C,875,1603,4,0,0.0
C,882,1246,3,0,0.0
C,882,1617,2,0,0.0
C,889,1253,2,0,0.0
C,889,1617,2,0,0.0
C,889,1988,4,0,0.0
C,896,1260,2,0,0.0
C,896,1995,2,0,0.0
C,903,1267,3,0,0.0
C,903,1631,6,0,0.0
C,903,2002,4,0,0.0
C,910,1638,4,0,0.0
C,910,2009,2,0,0.0
C,917,1281,3,0,0.0
C,917,1645,1,0,0.0
C,917,1652,1,0,0.0
C,917,2016,2,0,0.0
C,924,1288,6,0,0.0
C,924,1652,2,0,0.0
C,924,2023,5,0,0.0
C,931,1295,2,0,0.0
C,938,1302,14,0,0.0
C,938,1666,1,0,0.0
C,945,1309,2,0,0.0
C,945,1673,4,0,0.0
C,945,1680,1,0,0.0
C,945,2044,1,0,0.0
C,952,1316,3,0,0.0
C,959,1323,2,0,0.0
C,959,1687,1,0,0.0
C,959,1694,6,2,0.3333333333333333
C,959,2058,1,0,0.0
C,966,1701,1,0,0.0
C,966,2065,6,0,0.0
C,973,1337,14,0,0.0
C,973,1701,1,0,0.0
C,973,2072,4,3,0.75
C,980,1344,9,0,0.0
C,980,1715,27,0,0.0
C,980,2079,19,0,0.0
C,987,1722,3,0,0.0
C,994,1358,5,0,0.0
C,994,1729,1,0,0.0
C,1001,1365,5,0,0.0
C,1001,1736,3,0,0.0
C,1001,2100,1,0,0.0
C,1008,1372,5,0,0.0
C,1008,2107,2,0,0.0
C,1015,1379,12,0,0.0
C,1029,1757,1,0,0.0
C,1050,1414,1,0,0.0
C,1078,1442,2,0,0.0
C,1078,1813,2,0,0.0
C,1085,1820,7,0,0.0
C,1092,1827,1,0,0.0
C,1099,1463,5,0,0.0
C,1099,1827,6,0,0.0
C,1134,1498,1,0,0.0
C,1169,1904,1,0,0.0
C,1204,1575,2,0,0.0
C,1204,1939,1,0,0.0
C,1211,1582,1,0,0.0
C,1218,1589,2,0,0.0
C,1225,1596,4,0,0.0
C,1246,1617,1,0,0.0
C,1295,1666,1,0,0.0
C,1309,2044,1,0,0.0
C,1337,2072,1,1,1.0
C,1344,1715,1,0,0.0
C,1351,2086,1,0,0.0
C,1365,2100,1,0,0.0
C,1379,2114,1,0,0.0
C,1393,1764,2,0,0.0
C,1575,1939,1,0,0.0
C,1596,1960,1,0,0.0
C,1680,2044,1,0,0.0
C,1757,2128,1,0,0.0
P,0,0,17214147,1113278,0.06467227217241725
P,0,7,68201539,3190621,0.046782243432952446
P,0,14,55458489,1591152,0.02869086462128458
P,0,21,43140463,798220,0.018502814863159908
P,0,28,33047794,582557,0.017627712155310577
P,0,35,21741357,250489,0.011521313963981181
P,0,42,17183801,185974,0.010822634642940756
P,0,49,13176707,73754,0.005597301359133204
P,0,56,10390504,53837,0.00518136560074468
P,0,63,9566050,76678,0.008015638638727583
P,0,70,8192960,28532,0.0034825020505409522
P,0,77,7058923,16048,0.0022734346301836695
P,0,84,5981169,7041,0.0011771946253316032
P,0,91,6219083,41049,0.006600490779750005
P,0,98,4654719,7999,0.0017184710827871672
P,0,105,3874033,5775,0.001490694581073522
P,0,112,3194850,1543,0.0004829647714290186
P,0,119,2859102,4218,0.0014752883947477214
P,0,126,2810043,3961,0.001409586970733188
P,0,133,2422545,2306,0.0009518915025314288
P,0,140,2147399,766,0.0003567106066455279
P,0,147,1871127,1167,0.0006236882905329248
P,0,154,1915732,2070,0.0010805269213021447
P,0,161,1742846,607,0.0003482809152386384
P,0,168,1561203,656,0.0004201887903110614
P,0,175,1186607,371,0.0003126561700714727
P,0,182,989578,558,0.0005638767232092872
P,0,189,803303,411,0.0005116375763566176
P,0,196,767728,221,0.00028786236792197235
P,0,203,614960,81,0.00013171588395993235
P,0,210,652272,255,0.00039094120244315253
P,0,217,661274,222,0.00033571560351684776
P,0,224,665411,205,0.00030808026918701374
P,0,231,565266,79,0.00013975721164902896
P,0,238,550189,128,0.0002326473266459344
P,0,245,620065,377,0.0006080007741123914
P,0,252,655118,63,0.0000961658815663743
P,0,259,521849,79,0.0001513847875534877
P,0,266,549773,94,0.0001709796588773912
P,0,273,622069,240,0.00038580929125225656
P,0,280,576600,138,0.00023933402705515088
P,0,287,453117,69,0.00015227855057303082
P,0,294,381934,62,0.000162331711761718
P,0,301,366035,140,0.00038247708552460833
P,0,308,393252,97,0.0002466611740054723
P,0,315,416487,57,0.0001368590136066672
P,0,322,361430,24,0.00006640289959328224
P,0,329,288610,69,0.0002390769550604622
P,0,336,339547,147,0.00043292975641074727
P,0,343,389868,37,0.00009490391619727703
P,0,350,335966,31,0.00009227124173279438
P,0,357,314707,71,0.00022560667541554526
P,0,364,396642,132,0.00033279380398444945
P,0,371,279627,70,0.00025033347995722874
P,0,378,197597,9,0.000045547250211288635
P,0,385,157091,24,0.0001527776893647631
P,0,392,148846,55,0.00036950942584953577
P,0,399,145974,39,0.0002671708660446381
P,0,406,147447,8,0.00005425678379349868
P,0,413,93811,8,0.00008527784588161304
P,0,420,84401,30,0.0003554460255210246
P,0,427,101796,92,0.0009037683209556367
P,0,434,121304,10,0.00008243751236562685
P,0,441,97964,11,0.00011228614593115838
P,0,448,82040,21,0.0002559726962457338
P,0,455,101926,61,0.0005984734022722368
P,0,462,72177,12,0.0001662579492081965
P,0,469,50993,2,0.00003922106955856686
P,0,476,58547,17,0.0002903650058927016
P,0,483,41402,40,0.0009661369015989566
P,0,490,47148,23,0.00048782557054381944
P,0,497,50543,5,0.00009892566725362562
P,0,504,49728,5,0.00010054697554697554
P,0,511,36356,9,0.0002475519859170426
P,0,518,28095,48,0.0017084890549919915
P,0,525,21507,7,0.0003254754266052913
P,0,532,19330,6,0.00031039834454216247
P,0,539,30708,32,0.0010420737267161652
P,0,546,56492,38,0.0006726616158040077
P,0,553,28569,12,0.00042003570303475793
P,0,560,19737,3,0.0001519987840097279
P,0,567,28232,3,0.00010626239727968263
P,0,574,31818,35,0.0011000062857502043
P,0,581,38642,14,0.00036230008798716424
P,0,588,35198,1,0.000028410705153701913
P,0,595,33261,3,0.00009019572472264814
P,0,602,28831,1,0.00003468488779438799
P,0,609,33296,42,0.0012614127823161942
P,0,616,73593,0,0.0
P,0,623,41914,3,0.00007157513002815288
P,0,630,62606,6,0.00009583745966840239
P,0,637,63223,24,0.0003796086867121143
P,0,644,42314,30,0.000708985205842038
P,0,651,40673,2,0.00004917266983010843
P,0,658,40315,6,0.00014882797966017612
P,0,665,19009,21,0.0011047398600662844
P,0,672,16175,41,0.0025347758887171563
P,0,679,19897,6,0.0003015529979393878
P,0,686,18916,2,0.00010573059843518714
P,0,693,15410,3,0.00019467878001297857
P,0,700,19973,23,0.001151554598708256
P,0,707,13223,2,0.0001512516070483249
P,0,714,12227,0,0.0
P,0,721,12607,13,0.0010311731577694932
P,0,728,22133,17,0.0007680838566845886
P,0,735,12010,8,0.0006661115736885929
P,0,742,10007,1,0.000099930048965724
P,0,749,6409,1,0.00015603058199407084
P,0,756,7346,3,0.00040838551592703513
P,0,763,8320,10,0.001201923076923077
P,0,770,9486,0,0.0
P,0,777,7578,4,0.0005278437582475588
P,0,784,8017,2,0.00024946987651241115
P,0,791,9051,38,0.004198431112584245
P,0,798,7653,3,0.0003920031360250882
P,0,805,9455,1,0.00010576414595452142
P,0,812,9265,15,0.0016189962223421479
P,0,819,6494,9,0.0013858946720049275
P,0,826,5883,6,0.0010198878123406426
P,0,833,4615,0,0.0
P,0,840,7070,13,0.0018387553041018388
P,0,847,6766,0,0.0
P,0,854,6556,5,0.000762660158633313
P,0,861,8038,0,0.0
P,0,868,4439,1,0.00022527596305474206
P,0,875,3429,1,0.00029163021289005544
P,0,882,5409,7,0.001294139397300795
P,0,889,3528,1,0.0002834467120181406
P,0,896,3462,0,0.0
P,0,903,7111,5,0.0007031359864997891
P,0,910,5688,7,0.0012306610407876231
P,0,917,7922,2,0.00025246149962130775
P,0,924,3812,1,0.00026232948583420777
P,0,931,3548,0,0.0
P,0,938,3782,0,0.0
P,0,945,7844,21,0.0026772055073941868
P,0,952,6281,0,0.0
P,0,959,4930,0,0.0
P,0,966,5668,0,0.0
P,0,973,7388,5,0.0006767731456415809
P,0,980,17930,10,0.0005577244841048522
P,0,987,11553,1,0.00008655760408551892
P,0,994,11220,5,0.000445632798573975
P,0,1001,22611,7,0.0003095838308787758
P,0,1008,12580,10,0.000794912559618442
P,0,1015,5368,1,0.00018628912071535022
P,0,1022,4005,1,0.00024968789013732833
P,0,1029,1924,0,0.0
P,0,1036,2335,6,0.002569593147751606
P,0,1043,2406,1,0.00041562759767248546
P,0,1050,2141,0,0.0
P,0,1057,2684,0,0.0
P,0,1064,2791,2,0.0007165890361877463
P,0,1071,1997,4,0.00200300450676014
P,0,1078,1756,0,0.0
P,0,1085,1172,0,0.0
P,0,1092,873,1,0.001145475372279496
P,0,1099,1383,0,0.0
P,0,1106,343,0,0.0
P,0,1113,502,1,0.00199203187250996
P,0,1120,150,0,0.0
P,0,1127,922,0,0.0
P,0,1134,762,0,0.0
P,0,1141,365,0,0.0
P,0,1148,269,0,0.0
P,0,1155,258,0,0.0
P,0,1162,278,0,0.0
P,0,1169,615,0,0.0
P,0,1176,1171,0,0.0
P,0,1183,353,0,0.0
P,0,1190,254,0,0.0
P,0,1197,247,0,0.0
P,0,1204,205,0,0.0
P,0,1211,646,0,0.0
P,0,1218,1073,0,0.0
P,0,1225,919,0,0.0
P,0,1232,480,0,0.0
P,0,1239,547,0,0.0
P,0,1246,360,0,0.0
P,0,1253,203,0,0.0
P,0,1260,20,1,0.05
P,0,1267,208,0,0.0
P,0,1274,372,0,0.0
P,0,1281,464,0,0.0
P,0,1288,151,0,0.0
P,0,1295,282,0,0.0
P,0,1302,52,0,0.0
P,0,1309,219,0,0.0
P,0,1316,466,0,0.0
P,0,1323,408,0,0.0
P,0,1330,325,0,0.0
P,0,1337,1081,0,0.0
P,0,1344,1407,0,0.0
P,0,1351,734,0,0.0
P,0,1358,118,0,0.0
P,0,1365,462,0,0.0
P,0,1372,651,0,0.0
P,0,1379,559,0,0.0
P,0,1386,247,0,0.0
P,0,1393,126,0,0.0
P,0,1400,346,0,0.0
P,0,1407,252,0,0.0
P,0,1414,358,0,0.0
P,0,1421,161,0,0.0
P,0,1428,314,0,0.0
P,0,1435,107,0,0.0
P,0,1442,583,0,0.0
P,0,1449,220,0,0.0
P,0,1456,296,0,0.0
P,0,1463,1382,0,0.0
P,0,1470,176,0,0.0
P,0,1477,280,0,0.0
P,0,1484,136,0,0.0
P,0,1491,669,0,0.0
P,0,1498,211,0,0.0
P,0,1505,407,0,0.0
P,0,1512,237,0,0.0
P,0,1519,158,0,0.0
P,0,1526,189,0,0.0
P,0,1533,371,0,0.0
P,0,1540,653,0,0.0
P,0,1547,404,0,0.0
P,0,1554,284,0,0.0
P,0,1561,197,0,0.0
P,0,1568,50,1,0.02
P,0,1575,99,0,0.0
P,0,1582,591,0,0.0
P,0,1589,123,0,0.0
P,0,1596,239,0,0.0
P,0,1603,295,0,0.0
P,0,1610,206,0,0.0
P,0,1617,113,0,0.0
P,0,1624,537,0,0.0
P,0,1631,712,0,0.0
P,0,1638,458,0,0.0
P,0,1645,634,0,0.0
P,0,1652,251,0,0.0
P,0,1659,310,0,0.0
P,0,1666,327,0,0.0
P,0,1673,385,0,0.0
P,0,1680,229,0,0.0
P,0,1687,427,0,0.0
P,0,1694,553,0,0.0
P,0,1701,517,0,0.0
P,0,1708,529,0,0.0
P,0,1715,2559,0,0.0
P,0,1722,735,0,0.0
P,0,1729,727,0,0.0
P,0,1736,1021,0,0.0
P,0,1743,792,0,0.0
P,0,1750,741,0,0.0
P,0,1757,457,0,0.0
P,0,1764,467,0,0.0
P,0,1771,220,0,0.0
P,0,1778,398,0,0.0
P,0,1785,279,0,0.0
P,0,1792,357,0,0.0
P,0,1799,435,0,0.0
P,0,1806,264,0,0.0
P,0,1813,445,0,0.0
P,0,1820,106,0,0.0
P,0,1827,925,0,0.0
P,0,1834,388,0,0.0
P,0,1841,327,0,0.0
P,0,1848,208,0,0.0
P,0,1855,329,0,0.0
P,0,1862,413,0,0.0
P,0,1869,510,0,0.0
P,0,1876,192,0,0.0
P,0,1883,175,0,0.0
P,0,1890,342,0,0.0
P,0,1897,431,0,0.0
P,0,1904,184,0,0.0
P,0,1911,171,0,0.0
P,0,1918,552,0,0.0
P,0,1925,59,0,0.0
P,0,1932,141,0,0.0
P,0,1939,190,0,0.0
P,0,1946,146,0,0.0
P,0,1953,194,0,0.0
P,0,1960,478,0,0.0
P,0,1967,54,0,0.0
P,0,1974,198,0,0.0
P,0,1981,635,0,0.0
P,0,1988,70,0,0.0
P,0,1995,115,0,0.0
P,0,2002,78,0,0.0
P,0,2009,178,0,0.0
P,0,2016,195,0,0.0
P,0,2030,33,0,0.0
P,0,2037,48,0,0.0
P,0,2044,2,0,0.0
P,0,2051,33,0,0.0
P,0,2058,62,0,0.0
P,0,2065,118,0,0.0
P,0,2072,155,0,0.0
P,0,2079,525,0,0.0
P,0,2086,378,0,0.0
P,0,2093,46,0,0.0
P,0,2100,114,0,0.0
P,0,2107,113,0,0.0
P,0,2114,80,0,0.0
P,0,2149,1,0,0.0
P,0,2170,16,0,0.0
P,0,2191,3,0,0.0
P,0,2198,35,0,0.0
P,7,7,54038156,1938375,0.03587048751256427
P,7,14,117959191,3728893,0.03161172070093292
P,7,21,93601369,2520778,0.026930994994314665
P,7,28,70938114,1775192,0.02502451643978017
P,7,35,48972240,1103229,0.022527640148786332
P,7,42,38900309,698474,0.017955487191631307
P,7,49,29493513,339328,0.011505174036066846
P,7,56,22883282,182299,0.007966470893467118
P,7,63,19751972,203075,0.010281251917530057
P,7,70,19327394,146872,0.0075991621012124035
P,7,77,14975458,80271,0.005360169952731996
P,7,84,13536865,45018,0.003325585355250274
P,7,91,11327840,68042,0.006006617325103462
P,7,98,11836556,47233,0.00399043437973005
P,7,105,8092307,18699,0.002310713125441237
P,7,112,7078963,5395,0.0007621172762168697
P,7,119,5710826,12708,0.002225247275963232
P,7,126,6129709,10076,0.0016437974461756667
P,7,133,5379733,6534,0.0012145584176761189
P,7,140,4722866,3234,0.000684753706753484
P,7,147,4085174,4344,0.001063357399219715
P,7,154,3772369,4184,0.0011091173742547454
P,7,161,4136985,2695,0.0006514406022743617
P,7,168,3232569,2059,0.0006369546945478967
P,7,175,2692720,640,0.00023767788704358417
P,7,182,1760201,2427,0.0013788198052381519
P,7,189,1983217,2429,0.0012247777222563138
P,7,196,1603726,492,0.00030678557309665115
P,7,203,1336836,121,0.00009051222438653656
P,7,210,1295798,2156,0.001663839579934527
P,7,217,1461676,634,0.00043374865565282594
P,7,224,1448823,400,0.0002760861747777334
P,7,231,1195084,107,0.0000895334553889099
P,7,238,1146438,648,0.0005652289962475075
P,7,245,1179516,282,0.00023908111462667738
P,7,252,1479837,455,0.00030746629527441196
P,7,259,1022437,564,0.0005516232295975205
P,7,266,1070588,73,0.00006818682817292927
P,7,273,1021694,535,0.0005236401505734593
P,7,280,1306409,461,0.00035287570737801104
P,7,287,884602,83,0.00009382750660749128
P,7,294,799740,104,0.0001300422637357141
P,7,301,710058,102,0.00014365023702289108
P,7,308,826195,173,0.00020939366614419115
P,7,315,887727,209,0.00023543274002029905
P,7,322,724207,37,0.00005109036504756237
P,7,329,615455,55,0.00008936477890341293
P,7,336,647959,123,0.0001898268254627222
P,7,343,863475,271,0.0003138481137265121
P,7,350,679583,84,0.0001236052108425314
P,7,357,666455,71,0.00010653382448927535
P,7,364,662677,157,0.0002369178347822544
P,7,371,677291,144,0.0002126117134289397
P,7,378,430275,38,0.00008831561210853524
P,7,385,318645,15,0.00004707433036765052
P,7,392,285414,11,0.000038540506071881545
P,7,399,290267,109,0.0003755163349605708
P,7,406,330164,57,0.00017264147514568518
P,7,413,190565,10,0.000052475533282606986
P,7,420,177189,4,0.000022574764799169248
P,7,427,178832,32,0.00017893889236825623
P,7,434,264577,169,0.0006387554473744883
P,7,441,162618,25,0.00015373451893394336
P,7,448,155559,9,0.00005785586176306096
P,7,455,157804,27,0.00017109832450381486
P,7,462,160410,108,0.000673274733495418
P,7,469,106992,29,0.00027104830267683566
P,7,476,109158,11,0.00010077135894758058
P,7,483,84846,8,0.00009428847559107088
P,7,490,101115,39,0.0003856994511200119
P,7,497,122743,97,0.0007902690988488141
P,7,504,93287,1,0.00001071960723359096
P,7,511,78112,3,0.00003840639082343302
P,7,518,59391,25,0.00042093919954201817
P,7,525,67476,45,0.0006669037880135159
P,7,532,44467,3,0.00006746576112622844
P,7,539,55640,12,0.00021567217828900073
P,7,546,77738,9,0.00011577349558774344
P,7,553,68878,41,0.0005952553790760475
P,7,560,50939,11,0.0002159445611417578
P,7,567,51522,1,0.000019409184426070417
P,7,574,53529,0,0.0
P,7,581,76361,17,0.00022262673354199133
P,7,588,78311,28,0.0003575487479409023
P,7,595,64236,0,0.0
P,7,602,65428,0,0.0
P,7,609,63035,1,0.000015864202427222973
P,7,616,128770,29,0.00022520773472082007
P,7,623,69040,5,0.00007242178447276941
P,7,630,109061,3,0.00002750754165100265
P,7,637,82196,23,0.00027981896929290965
P,7,644,98339,38,0.00038641840978655465
P,7,651,72252,20,0.00027680894646514977
P,7,658,65394,8,0.0001223353824509894
P,7,665,35671,0,0.0
P,7,672,40866,14,0.00034258307639602604
P,7,679,46815,20,0.0004272134999465983
P,7,686,33919,3,0.00008844600371473216
P,7,693,36979,3,0.000081127126206766
P,7,700,37201,4,0.0001075239912905567
P,7,707,40854,53,0.001297302589709698
P,7,714,28953,0,0.0
P,7,721,26488,4,0.00015101177891875566
P,7,728,35032,4,0.00011418131993605846
P,7,735,28047,8,0.00028523549755767106
P,7,742,22064,20,0.0009064539521392314
P,7,749,13715,0,0.0
P,7,756,13694,0,0.0
P,7,763,16603,15,0.0009034511835210505
P,7,770,22445,27,0.0012029405212742258
P,7,777,15202,0,0.0
P,7,784,15721,2,0.00012721837033267605
P,7,791,15945,3,0.00018814675446848542
P,7,798,22992,35,0.001522268615170494
P,7,805,15958,1,0.00006266449429753102
P,7,812,16801,2,0.0001190405333015892
P,7,819,11332,3,0.0002647370278856336
P,7,826,15836,21,0.0013260924475877746
P,7,833,10610,8,0.0007540056550424129
P,7,840,15243,17,0.001115266023748606
P,7,847,13918,1,0.00007184940364994971
P,7,854,13404,0,0.0
P,7,861,23711,22,0.0009278393994348615
P,7,868,8032,2,0.000249003984063745
P,7,875,7787,0,0.0
P,7,882,9461,3,0.00031709121657330094
P,7,889,10597,16,0.0015098612814947628
P,7,896,7544,1,0.0001325556733828208
P,7,903,9695,0,0.0
P,7,910,9174,3,0.0003270111183780249
P,7,917,14378,6,0.0004173042147725692
P,7,924,9020,13,0.0014412416851441242
P,7,931,8701,1,0.00011492931846914148
P,7,938,8556,0,0.0
P,7,945,13239,0,0.0
P,7,952,15909,11,0.000691432522471557
P,7,959,10013,0,0.0
P,7,966,12890,0,0.0
P,7,973,13978,2,0.00014308198597796538
P,7,980,29379,13,0.000442492937131965
P,7,987,15439,1,0.00006477103439341926
P,7,994,19254,0,0.0
P,7,1001,24637,4,0.00016235742988188496
P,7,1008,30997,9,0.0002903506790979772
P,7,1015,11048,5,0.00045257060101375814
P,7,1022,7659,0,0.0
P,7,1029,3628,1,0.0002756339581036384
P,7,1036,5040,7,0.001388888888888889
P,7,1043,6579,15,0.002279981760145919
P,7,1050,4087,0,0.0
P,7,1057,5222,0,0.0
P,7,1064,4749,1,0.0002105706464518846
P,7,1071,5003,16,0.0031980811513092145
P,7,1078,3230,1,0.00030959752321981426
P,7,1085,1988,0,0.0
P,7,1092,1900,0,0.0
P,7,1099,1631,0,0.0
P,7,1106,879,0,0.0
P,7,1113,1096,0,0.0
P,7,1120,438,0,0.0
P,7,1127,1319,0,0.0
P,7,1134,1967,0,0.0
P,7,1141,669,0,0.0
P,7,1148,582,0,0.0
P,7,1155,534,0,0.0
P,7,1162,807,0,0.0
P,7,1169,981,0,0.0
P,7,1176,2079,0,0.0
P,7,1183,535,0,0.0
P,7,1190,475,0,0.0
P,7,1197,450,0,0.0
P,7,1204,709,0,0.0
P,7,1211,959,0,0.0
P,7,1218,1644,0,0.0
P,7,1225,1985,0,0.0
P,7,1232,727,0,0.0
P,7,1239,854,0,0.0
P,7,1246,534,0,0.0
P,7,1253,481,0,0.0
P,7,1260,102,0,0.0
P,7,1267,430,0,0.0
P,7,1274,609,0,0.0
P,7,1281,777,0,0.0
P,7,1288,339,0,0.0
P,7,1295,567,0,0.0
P,7,1302,206,0,0.0
P,7,1309,292,0,0.0
P,7,1316,1134,0,0.0
P,7,1323,785,0,0.0
P,7,1330,695,0,0.0
P,7,1337,2204,0,0.0
P,7,1344,2157,0,0.0
P,7,1351,1255,0,0.0
P,7,1358,476,0,0.0
P,7,1365,684,0,0.0
P,7,1372,1021,0,0.0
P,7,1379,949,0,0.0
P,7,1386,382,0,0.0
P,7,1393,256,0,0.0
P,7,1400,572,0,0.0
P,7,1407,522,0,0.0
P,7,1414,876,0,0.0
P,7,1421,518,0,0.0
P,7,1428,754,0,0.0
P,7,1435,296,0,0.0
P,7,1442,759,0,0.0
P,7,1449,717,0,0.0
P,7,1456,594,0,0.0
P,7,1463,1415,0,0.0
P,7,1470,619,0,0.0
P,7,1477,515,0,0.0
P,7,1484,377,0,0.0
P,7,1491,971,0,0.0
P,7,1498,674,0,0.0
P,7,1505,457,0,0.0
P,7,1512,554,0,0.0
P,7,1519,301,0,0.0
P,7,1526,334,0,0.0
P,7,1533,653,2,0.0030627871362940277
P,7,1540,1214,0,0.0
P,7,1547,660,0,0.0
P,7,1554,346,0,0.0
P,7,1561,385,0,0.0
P,7,1568,177,0,0.0
P,7,1575,314,0,0.0
P,7,1582,1081,0,0.0
P,7,1589,606,0,0.0
P,7,1596,541,0,0.0
P,7,1603,513,0,0.0
P,7,1610,473,0,0.0
P,7,1617,180,0,0.0
P,7,1624,723,0,0.0
P,7,1631,760,0,0.0
P,7,1638,737,0,0.0
P,7,1645,746,0,0.0
P,7,1652,622,0,0.0
P,7,1659,844,0,0.0
P,7,1666,651,0,0.0
P,7,1673,506,0,0.0
P,7,1680,726,0,0.0
P,7,1687,977,0,0.0
P,7,1694,923,0,0.0
P,7,1701,1256,0,0.0
P,7,1708,759,0,0.0
P,7,1715,3949,1,0.0002532286654849329
P,7,1722,2286,0,0.0
P,7,1729,1447,0,0.0
P,7,1736,1128,0,0.0
P,7,1743,1384,0,0.0
P,7,1750,1275,0,0.0
P,7,1757,634,0,0.0
P,7,1764,765,0,0.0
P,7,1771,675,1,0.0014814814814814814
P,7,1778,754,0,0.0
P,7,1785,506,0,0.0
P,7,1792,931,0,0.0
P,7,1799,1062,0,0.0
P,7,1806,530,0,0.0
P,7,1813,1077,0,0.0
P,7,1820,286,0,0.0
P,7,1827,853,0,0.0
P,7,1834,1112,0,0.0
P,7,1841,552,0,0.0
P,7,1848,617,0,0.0
P,7,1855,685,0,0.0
P,7,1862,772,0,0.0
P,7,1869,1460,1,0.0006849315068493151
P,7,1876,350,0,0.0
P,7,1883,297,0,0.0
P,7,1890,547,0,0.0
P,7,1897,941,0,0.0
P,7,1904,382,0,0.0
P,7,1911,316,0,0.0
P,7,1918,727,0,0.0
P,7,1925,214,0,0.0
P,7,1932,339,0,0.0
P,7,1939,251,0,0.0
P,7,1946,450,0,0.0
P,7,1953,337,0,0.0
P,7,1960,1256,0,0.0
P,7,1967,214,0,0.0
P,7,1974,442,0,0.0
P,7,1981,951,0,0.0
P,7,1988,311,0,0.0
P,7,1995,181,0,0.0
P,7,2002,124,0,0.0
P,7,2009,340,0,0.0
P,7,2016,520,0,0.0
P,7,2023,4,0,0.0
P,7,2030,39,0,0.0
P,7,2037,141,0,0.0
P,7,2044,16,0,0.0
P,7,2051,181,0,0.0
P,7,2058,73,0,0.0
P,7,2065,219,0,0.0
P,7,2072,341,0,0.0
P,7,2079,701,0,0.0
P,7,2086,932,0,0.0
P,7,2093,140,0,0.0
P,7,2100,130,0,0.0
P,7,2107,284,0,0.0
P,7,2114,131,0,0.0
P,7,2121,29,0,0.0
P,7,2128,12,0,0.0
P,7,2142,1,0,0.0
P,7,2149,59,0,0.0
P,7,2156,7,0,0.0
P,7,2163,2,0,0.0
P,7,2170,13,0,0.0
P,7,2177,5,0,0.0
P,7,2184,12,0,0.0
P,7,2191,50,0,0.0
P,7,2198,32,0,0.0
P,14,14,42801663,648448,0.01515006554768678
P,14,21,89357390,1718435,0.019231033941344976
P,14,28,71239530,1796049,0.025211410013513565
P,14,35,45938331,1043735,0.02272035089825096
P,14,42,41034537,945848,0.023050046842249004
P,14,49,30898544,477450,0.015452184413608615
P,14,56,23670378,281186,0.011879235726611549
P,14,63,19295478,225278,0.011675170731712373
P,14,70,17106341,127076,0.007428590368916415
P,14,77,18030890,192411,0.010671187057322184
P,14,84,13059293,75364,0.005770909650315679
P,14,91,11862941,67641,0.0057018744340041816
P,14,98,9139924,39686,0.004342049233669777
P,14,105,10382594,57974,0.005583768372335468
P,14,112,6638326,17102,0.002576251904471097
P,14,119,5978483,8664,0.0014491970621978852
P,14,126,5230262,11141,0.0021301036162241966
P,14,133,5563674,11155,0.0020049700970977092
P,14,140,4981672,8918,0.0017901620178927878
P,14,147,4160283,3546,0.000852345862048327
P,14,154,3688620,3787,0.0010266712212155223
P,14,161,3485986,3641,0.0010444677632096056
P,14,168,3972257,5906,0.0014868121574208315
P,14,175,2472684,1158,0.00046831701907724564
P,14,182,1810889,634,0.0003501042857955402
P,14,189,1551651,914,0.0005890499861115676
P,14,196,2041395,2173,0.0010644681700503823
P,14,203,1378187,262,0.00019010482612301523
P,14,210,1287494,453,0.0003518462998662518
P,14,217,1309024,493,0.00037661647150854377
P,14,224,1468537,551,0.00037520334863881536
P,14,231,1360429,361,0.00026535747179749915
P,14,238,1086868,129,0.00011868966608640607
P,14,245,1178113,378,0.00032085207446144807
P,14,252,1134490,229,0.00020185281492124215
P,14,259,1379268,1510,0.0010947836098568226
P,14,266,898192,14,0.00001558686784117427
P,14,273,993208,95,0.00009564965243936819
P,14,280,932672,206,0.00022087078844438345
P,14,287,1168894,421,0.00036016952777582914
P,14,294,802253,59,0.00007354288485053966
P,14,301,684338,54,0.00007890837568569917
P,14,308,743118,18,0.000024222263489782242
P,14,315,840713,209,0.0002485985110257603
P,14,322,843712,102,0.00012089433361146931
P,14,329,565007,68,0.00012035249120807353
P,14,336,635256,25,0.00003935421310463813
P,14,343,692953,95,0.00013709443497610948
P,14,350,903716,271,0.0002998729689415701
P,14,357,596300,6,0.000010062049304041589
P,14,364,647265,66,0.00010196750944358184
P,14,371,518665,37,0.00007133699015742339
P,14,378,575715,127,0.00022059525980736998
P,14,385,336534,23,0.0000683437631858891
P,14,392,261061,3,0.00001149156710500611
P,14,399,268930,3,0.00001115531922805191
P,14,406,284770,72,0.00025283562172981707
P,14,413,250969,41,0.0001633667903207169
P,14,420,157592,1,6.345499771562008e-6
P,14,427,178503,1,5.602146742631776e-6
P,14,434,186825,25,0.00013381506757660912
P,14,441,233042,68,0.0002917928957012041
P,14,448,129623,0,0.0
P,14,455,140961,0,0.0
P,14,462,121919,21,0.00017224550726301888
P,14,469,142243,94,0.0006608409552666915
P,14,476,113665,17,0.00014956231029780495
P,14,483,78641,0,0.0
P,14,490,89637,0,0.0
P,14,497,108853,31,0.0002847877412657437
P,14,504,129516,30,0.0002316316130825535
P,14,511,70736,4,0.000056548292241574305
P,14,518,62469,0,0.0
P,14,525,55938,11,0.0001966462869605635
P,14,532,72696,53,0.0007290634973038406
P,14,539,54337,16,0.00029445865616430794
P,14,546,73109,3,0.00004103461954068582
P,14,553,61418,1,0.000016281871763977987
P,14,560,71306,26,0.0003646256976972485
P,14,567,53805,5,0.00009292816652727442
P,14,574,52411,0,0.0
P,14,581,71495,1,0.000013986992097349464
P,14,588,71140,29,0.00040764689344953615
P,14,595,90522,26,0.00028722299551490246
P,14,602,52071,0,0.0
P,14,609,59910,1,0.00001669170422300117
P,14,616,79543,8,0.00010057453201413072
P,14,623,88457,23,0.0002600133398148253
P,14,630,77788,0,0.0
P,14,637,73130,8,0.00010939422945439628
P,14,644,65215,4,0.0000613355823046845
P,14,651,97779,23,0.00023522433242311743
P,14,658,70269,11,0.00015654129132334317
P,14,665,31759,0,0.0
P,14,672,37047,3,0.00008097821685966476
P,14,679,52138,24,0.0004603168514327362
P,14,686,40014,16,0.000399860048982856
P,14,693,33753,0,0.0
P,14,700,37894,1,0.000026389402016150313
P,14,707,36305,1,0.000027544415369783778
P,14,714,40760,16,0.0003925417075564279
P,14,721,26082,0,0.0
P,14,728,30560,2,0.00006544502617801048
P,14,735,21358,1,0.000046820863376720664
P,14,742,29853,11,0.00036847218035038356
P,14,749,19255,14,0.0007270838743183588
P,14,756,13526,1,0.0000739316871211001
P,14,763,15343,0,0.0
P,14,770,21762,7,0.00032166161198419265
P,14,777,21227,10,0.00047109812974042493
P,14,784,14682,0,0.0
P,14,791,17123,0,0.0
P,14,798,16258,2,0.00012301636117603641
P,14,805,25568,17,0.0006648936170212766
P,14,812,13592,4,0.0002942907592701589
P,14,819,10432,0,0.0
P,14,826,12925,2,0.00015473887814313345
P,14,833,13716,18,0.0013123359580052493
P,14,840,15096,4,0.00026497085320614734
P,14,847,12568,0,0.0
P,14,854,13033,1,0.00007672830507174097
P,14,861,16547,1,0.00006043391551338611
P,14,868,13701,11,0.00080286110502883
P,14,875,7512,0,0.0
P,14,882,9798,0,0.0
P,14,889,9129,0,0.0
P,14,896,10940,6,0.0005484460694698354
P,14,903,11952,8,0.0006693440428380187
P,14,910,7363,0,0.0
P,14,917,14275,0,0.0
P,14,924,10439,5,0.00047897308171280774
P,14,931,10441,7,0.0006704338664878843
P,14,938,8319,2,0.00024041351123933166
P,14,945,13071,0,0.0
P,14,952,9171,0,0.0
P,14,959,17177,17,0.0009896955230831927
P,14,966,10094,0,0.0
P,14,973,13756,1,0.00007269555103227682
P,14,980,18748,6,0.0003200341369746106
P,14,987,17991,12,0.0006670001667500417
P,14,994,15457,6,0.00038817364300963963
P,14,1001,19092,0,0.0
P,14,1008,20619,1,0.000048498957272418644
P,14,1015,14827,1,0.00006744452687664396
P,14,1022,9555,3,0.0003139717425431711
P,14,1029,3645,0,0.0
P,14,1036,4548,2,0.00043975373790677223
P,14,1043,6352,7,0.001102015113350126
P,14,1050,5490,9,0.001639344262295082
P,14,1057,5133,1,0.0001948178453146308
P,14,1064,4846,1,0.0002063557573256294
P,14,1071,3903,0,0.0
P,14,1078,4725,3,0.0006349206349206349
P,14,1085,2083,1,0.00048007681228996637
P,14,1092,1699,0,0.0
P,14,1099,1703,0,0.0
P,14,1106,643,0,0.0
P,14,1113,1596,0,0.0
P,14,1120,433,0,0.0
P,14,1127,1149,0,0.0
P,14,1134,1092,0,0.0
P,14,1141,1150,0,0.0
P,14,1148,563,0,0.0
P,14,1155,605,0,0.0
P,14,1162,522,0,0.0
P,14,1169,1519,0,0.0
P,14,1176,1650,0,0.0
P,14,1183,404,0,0.0
P,14,1190,542,0,0.0
P,14,1197,495,0,0.0
P,14,1204,1095,0,0.0
P,14,1211,699,0,0.0
P,14,1218,1609,0,0.0
P,14,1225,1220,0,0.0
P,14,1232,896,0,0.0
P,14,1239,672,0,0.0
P,14,1246,532,0,0.0
P,14,1253,395,0,0.0
P,14,1260,183,0,0.0
P,14,1267,514,0,0.0
P,14,1274,402,0,0.0
P,14,1281,654,0,0.0
P,14,1288,599,0,0.0
P,14,1295,685,0,0.0
P,14,1302,159,0,0.0
P,14,1309,408,0,0.0
P,14,1316,642,0,0.0
P,14,1323,961,0,0.0
P,14,1330,615,0,0.0
P,14,1337,1790,0,0.0
P,14,1344,1177,2,0.0016992353440951572
P,14,1351,902,0,0.0
P,14,1358,359,0,0.0
P,14,1365,484,0,0.0
P,14,1372,799,0,0.0
P,14,1379,856,0,0.0
P,14,1386,689,0,0.0
P,14,1393,255,0,0.0
P,14,1400,498,0,0.0
P,14,1407,398,0,0.0
P,14,1414,844,0,0.0
P,14,1421,413,0,0.0
P,14,1428,589,0,0.0
P,14,1435,253,0,0.0
P,14,1442,1068,0,0.0
P,14,1449,556,0,0.0
P,14,1456,550,0,0.0
P,14,1463,1372,0,0.0
P,14,1470,395,0,0.0
P,14,1477,734,0,0.0
P,14,1484,333,0,0.0
P,14,1491,1025,0,0.0
P,14,1498,517,0,0.0
P,14,1505,572,0,0.0
P,14,1512,526,0,0.0
P,14,1519,267,0,0.0
P,14,1526,229,0,0.0
P,14,1533,1052,0,0.0
P,14,1540,1010,0,0.0
P,14,1547,395,0,0.0
P,14,1554,364,0,0.0
P,14,1561,363,0,0.0
P,14,1568,301,0,0.0
P,14,1575,350,0,0.0
P,14,1582,1045,0,0.0
P,14,1589,439,0,0.0
P,14,1596,762,0,0.0
P,14,1603,500,0,0.0
P,14,1610,393,0,0.0
P,14,1617,248,0,0.0
P,14,1624,401,0,0.0
P,14,1631,1083,0,0.0
P,14,1638,628,0,0.0
P,14,1645,703,0,0.0
P,14,1652,666,0,0.0
P,14,1659,1448,0,0.0
P,14,1666,601,0,0.0
P,14,1673,553,0,0.0
P,14,1680,624,0,0.0
P,14,1687,1206,0,0.0
P,14,1694,971,0,0.0
P,14,1701,936,0,0.0
P,14,1708,827,0,0.0
P,14,1715,1902,2,0.0010515247108307045
P,14,1722,1714,0,0.0
P,14,1729,987,0,0.0
P,14,1736,1084,0,0.0
P,14,1743,832,0,0.0
P,14,1750,1451,0,0.0
P,14,1757,635,0,0.0
P,14,1764,582,0,0.0
P,14,1771,692,0,0.0
P,14,1778,1139,0,0.0
P,14,1785,459,0,0.0
P,14,1792,767,0,0.0
P,14,1799,946,0,0.0
P,14,1806,705,0,0.0
P,14,1813,942,0,0.0
P,14,1820,262,0,0.0
P,14,1827,779,0,0.0
P,14,1834,600,0,0.0
P,14,1841,912,0,0.0
P,14,1848,563,0,0.0
P,14,1855,750,0,0.0
P,14,1862,711,0,0.0
P,14,1869,1347,0,0.0
P,14,1876,428,0,0.0
P,14,1883,232,0,0.0
P,14,1890,566,0,0.0
P,14,1897,748,0,0.0
P,14,1904,511,0,0.0
P,14,1911,221,0,0.0
P,14,1918,650,0,0.0
P,14,1925,170,0,0.0
P,14,1932,492,0,0.0
P,14,1939,279,0,0.0
P,14,1946,416,0,0.0
P,14,1953,238,0,0.0
P,14,1960,699,0,0.0
P,14,1967,447,0,0.0
P,14,1974,347,0,0.0
P,14,1981,702,0,0.0
P,14,1988,244,0,0.0
P,14,1995,290,0,0.0
P,14,2002,263,0,0.0
P,14,2009,231,0,0.0
P,14,2016,389,0,0.0
P,14,2023,45,0,0.0
P,14,2030,36,0,0.0
P,14,2037,101,0,0.0
P,14,2044,62,0,0.0
P,14,2051,104,0,0.0
P,14,2058,77,0,0.0
P,14,2065,177,0,0.0
P,14,2072,289,0,0.0
P,14,2079,442,0,0.0
P,14,2086,316,0,0.0
P,14,2093,178,0,0.0
P,14,2100,98,0,0.0
P,14,2107,143,0,0.0
P,14,2114,253,0,0.0
P,14,2121,66,0,0.0
P,14,2128,14,0,0.0
P,14,2135,4,0,0.0
P,14,2142,3,0,0.0
P,14,2149,110,0,0.0
P,14,2156,23,0,0.0
P,14,2163,10,0,0.0
P,14,2170,26,0,0.0
P,14,2177,20,0,0.0
P,14,2184,16,0,0.0
P,14,2191,61,0,0.0
P,14,2198,24,0,0.0
P,21,21,29682478,208451,0.007022695342349786
P,21,28,63181258,865203,0.013693981845059178
P,21,35,43795890,805266,0.01838679382928398
P,21,42,34578015,537457,0.01554331560096784
P,21,49,31848506,507780,0.015943605015569646
P,21,56,23259515,273533,0.011760047447249008
P,21,63,18145033,198534,0.010941506692217093
P,21,70,15346467,116162,0.007569299174852427
P,21,77,14217449,105815,0.007442615057033086
P,21,84,16366688,119757,0.007317118771983678
P,21,91,10094880,52831,0.005233445073145991
P,21,98,8939589,31594,0.003534166951075715
P,21,105,6819033,31025,0.0045497653406282096
P,21,112,9104062,33354,0.003663639373281948
P,21,119,5081002,7391,0.001454634341808958
P,21,126,5068918,6461,0.0012746309962007672
P,21,133,4310791,9631,0.0022341607375537345
P,21,140,5051312,8245,0.0016322492057509019
P,21,147,4287106,2861,0.0006673499558909903
P,21,154,3580035,2479,0.000692451330783079
P,21,161,3199231,3250,0.0010158691260493537
P,21,168,2965236,2101,0.0007085439405160332
P,21,175,3372157,1673,0.000496121621858057
P,21,182,1433828,1101,0.0007678745288835202
P,21,189,1482035,789,0.0005323760909830065
P,21,196,1334409,792,0.0005935211767906242
P,21,203,1881916,1192,0.0006333970272849585
P,21,210,1206296,503,0.0004169789172806674
P,21,217,1136756,253,0.00022256315339439598
P,21,224,1173670,741,0.0006313529356633466
P,21,231,1340886,580,0.00043254982153590984
P,21,238,1275923,145,0.00011364322141696638
P,21,245,995440,87,0.00008739853733022582
P,21,252,1084035,416,0.00038375144713962187
P,21,259,916448,205,0.00022368972380320542
P,21,266,1362491,211,0.00015486340827205463
P,21,273,764725,102,0.00013338128085259407
P,21,280,875407,85,0.00009709769284458544
P,21,287,745987,84,0.00011260249843495933
P,21,294,1085577,182,0.0001676527781999803
P,21,301,659028,53,0.00008042146919402514
P,21,308,633436,45,0.0000710411154402339
P,21,315,693667,102,0.00014704461939230208
P,21,322,822163,145,0.00017636405432985917
P,21,329,720605,106,0.00014709861852193643
P,21,336,515272,61,0.00011838407675945908
P,21,343,651840,25,0.00003835297005400098
P,21,350,633540,49,0.00007734318275089182
P,21,357,885136,141,0.00015929755427414544
P,21,364,495035,60,0.00012120355126405204
P,21,371,468066,30,0.00006409352527207701
P,21,378,378884,18,0.00004750794438403311
P,21,385,468528,56,0.00011952327288870676
P,21,392,256424,42,0.00016379122079056562
P,21,399,211436,1,4.729563555875064e-6
P,21,406,234594,15,0.0000639402542264508
P,21,413,213153,30,0.00014074397263937172
P,21,420,224890,37,0.00016452487882965004
P,21,427,128105,0,0.0
P,21,434,179971,3,0.00001666935228453473
P,21,441,142259,4,0.00002811772893103424
P,21,448,215205,62,0.00028809739550660996
P,21,455,105902,0,0.0
P,21,462,102231,0,0.0
P,21,469,93016,4,0.00004300335426163241
P,21,476,170710,56,0.0003280417081600375
P,21,483,81757,13,0.0001590077913817777
P,21,490,71262,0,0.0
P,21,497,95218,1,0.000010502215967569158
P,21,504,112091,32,0.00028548233132008816
P,21,511,95801,22,0.00022964269684032525
P,21,518,46870,0,0.0
P,21,525,56247,0,0.0
P,21,532,44867,14,0.0003120333429915082
P,21,539,96219,13,0.00013510845051393176
P,21,546,52590,1,0.00001901502186727515
P,21,553,45217,0,0.0
P,21,560,48594,6,0.00012347203358439315
P,21,567,77395,26,0.0003359390141482008
P,21,574,50956,3,0.000058874322945286126
P,21,581,54770,3,0.00005477451159393829
P,21,588,54626,1,0.000018306301028814117
P,21,595,66113,4,0.00006050247303858545
P,21,602,88615,29,0.00032725836483665294
P,21,609,41415,0,0.0
P,21,616,77901,2,0.00002567361137854456
P,21,623,50806,2,0.0000393654292800063
P,21,630,126875,27,0.000212807881773399
P,21,637,55198,8,0.00014493278741983405
P,21,644,59098,4,0.0000676841855900369
P,21,651,59110,5,0.0000845880561664693
P,21,658,108377,13,0.00011995165025789605
P,21,665,38585,9,0.00023325126344434364
P,21,672,29067,1,0.00003440327519179826
P,21,679,42218,1,0.000023686579184234213
P,21,686,49066,17,0.0003464720988056903
P,21,693,43143,14,0.0003245022367475604
P,21,700,29310,1,0.0000341180484476288
P,21,707,36524,0,0.0
P,21,714,30586,2,0.0000653893938403191
P,21,721,40995,33,0.0008049762166117819
P,21,728,28185,4,0.00014191946070604933
P,21,735,18447,3,0.0001626280696048138
P,21,742,18125,2,0.00011034482758620689
P,21,749,20821,14,0.0006723980596513136
P,21,756,13641,3,0.00021992522542335605
P,21,763,12908,0,0.0
P,21,770,18006,0,0.0
P,21,777,18428,14,0.000759713479487736
P,21,784,23003,23,0.000999869582228405
P,21,791,13511,0,0.0
P,21,798,16792,0,0.0
P,21,805,15056,0,0.0
P,21,812,23240,9,0.000387263339070568
P,21,819,8457,1,0.00011824524062906468
P,21,826,10911,0,0.0
P,21,833,9880,0,0.0
P,21,840,21492,8,0.0003722315280104225
P,21,847,14091,0,0.0
P,21,854,9859,0,0.0
P,21,861,15959,0,0.0
P,21,868,8283,0,0.0
P,21,875,12187,7,0.0005743825387708214
P,21,882,7653,0,0.0
P,21,889,9261,0,0.0
P,21,896,6136,1,0.00016297262059973924
P,21,903,16529,10,0.0006049972775122512
P,21,910,7806,1,0.00012810658467845247
P,21,917,8244,0,0.0
P,21,924,8799,0,0.0
P,21,931,14321,2,0.00013965505202150687
P,21,938,10126,1,0.00009875567845151097
P,21,945,10091,1,0.00009909820632246556
P,21,952,9062,0,0.0
P,21,959,8393,0,0.0
P,21,966,19025,6,0.00031537450722733245
P,21,973,9035,0,0.0
P,21,980,17122,1,0.000058404392010279176
P,21,987,10138,0,0.0
P,21,994,20106,8,0.00039789117676315526
P,21,1001,16415,2,0.00012183978068839476
P,21,1008,15563,0,0.0
P,21,1015,10073,0,0.0
P,21,1022,12556,2,0.00015928639694170118
P,21,1029,6361,3,0.00047162395849709165
P,21,1036,4067,1,0.00024588148512417015
P,21,1043,5261,0,0.0
P,21,1050,5255,0,0.0
P,21,1057,7449,4,0.0005369848301785474
P,21,1064,3956,1,0.0002527805864509606
P,21,1071,3764,0,0.0
P,21,1078,3074,1,0.00032530904359141186
P,21,1085,3517,2,0.0005686664771111743
P,21,1092,1555,1,0.0006430868167202572
P,21,1099,1474,0,0.0
P,21,1106,703,0,0.0
P,21,1113,821,0,0.0
P,21,1120,675,0,0.0
P,21,1127,793,0,0.0
P,21,1134,1026,0,0.0
P,21,1141,552,0,0.0
P,21,1148,1100,0,0.0
P,21,1155,365,0,0.0
P,21,1162,545,0,0.0
P,21,1169,772,0,0.0
P,21,1176,2890,0,0.0
P,21,1183,343,0,0.0
P,21,1190,342,0,0.0
P,21,1197,383,0,0.0
P,21,1204,1156,0,0.0
P,21,1211,837,0,0.0
P,21,1218,1119,0,0.0
P,21,1225,1305,0,0.0
P,21,1232,501,0,0.0
P,21,1239,987,0,0.0
P,21,1246,388,0,0.0
P,21,1253,408,0,0.0
P,21,1260,123,0,0.0
P,21,1267,866,0,0.0
P,21,1274,505,0,0.0
P,21,1281,382,0,0.0
P,21,1288,459,0,0.0
P,21,1295,654,0,0.0
P,21,1302,264,0,0.0
P,21,1309,301,0,0.0
P,21,1316,597,0,0.0
P,21,1323,359,0,0.0
P,21,1330,1290,0,0.0
P,21,1337,1004,0,0.0
P,21,1344,1031,0,0.0
P,21,1351,795,0,0.0
P,21,1358,392,0,0.0
P,21,1365,558,0,0.0
P,21,1372,663,0,0.0
P,21,1379,765,0,0.0
P,21,1386,442,0,0.0
P,21,1393,463,0,0.0
P,21,1400,366,0,0.0
P,21,1407,335,0,0.0
P,21,1414,823,0,0.0
P,21,1421,553,0,0.0
P,21,1428,476,0,0.0
P,21,1435,252,0,0.0
P,21,1442,782,0,0.0
P,21,1449,842,0,0.0
P,21,1456,460,0,0.0
P,21,1463,1079,0,0.0
P,21,1470,425,0,0.0
P,21,1477,343,0,0.0
P,21,1484,545,0,0.0
P,21,1491,683,0,0.0
P,21,1498,684,0,0.0
P,21,1505,429,0,0.0
P,21,1512,839,0,0.0
P,21,1519,189,0,0.0
P,21,1526,173,0,0.0
P,21,1533,514,0,0.0
P,21,1540,1718,0,0.0
P,21,1547,366,0,0.0
P,21,1554,239,0,0.0
P,21,1561,308,0,0.0
P,21,1568,373,0,0.0
P,21,1575,682,0,0.0
P,21,1582,812,0,0.0
P,21,1589,516,0,0.0
P,21,1596,464,0,0.0
P,21,1603,560,0,0.0
P,21,1610,381,0,0.0
P,21,1617,201,0,0.0
P,21,1624,494,0,0.0
P,21,1631,460,0,0.0
P,21,1638,1043,0,0.0
P,21,1645,484,0,0.0
P,21,1652,452,0,0.0
P,21,1659,696,0,0.0
P,21,1666,1319,0,0.0
P,21,1673,418,0,0.0
P,21,1680,554,0,0.0
P,21,1687,788,0,0.0
P,21,1694,1106,0,0.0
P,21,1701,1123,0,0.0
P,21,1708,535,0,0.0
P,21,1715,1868,1,0.0005353319057815846
P,21,1722,1415,0,0.0
P,21,1729,1089,0,0.0
P,21,1736,616,0,0.0
P,21,1743,783,0,0.0
P,21,1750,942,0,0.0
P,21,1757,1234,0,0.0
P,21,1764,515,0,0.0
P,21,1771,483,0,0.0
P,21,1778,743,0,0.0
P,21,1785,818,0,0.0
P,21,1792,619,0,0.0
P,21,1799,751,0,0.0
P,21,1806,551,0,0.0
P,21,1813,1289,0,0.0
P,21,1820,487,1,0.002053388090349076
P,21,1827,618,0,0.0
P,21,1834,635,0,0.0
P,21,1841,491,0,0.0
P,21,1848,1023,0,0.0
P,21,1855,552,0,0.0
P,21,1862,640,0,0.0
P,21,1869,1454,0,0.0
P,21,1876,690,0,0.0
P,21,1883,452,0,0.0
P,21,1890,369,0,0.0
P,21,1897,776,0,0.0
P,21,1904,371,0,0.0
P,21,1911,277,0,0.0
P,21,1918,408,0,0.0
P,21,1925,109,0,0.0
P,21,1932,377,0,0.0
P,21,1939,460,0,0.0
P,21,1946,463,0,0.0
P,21,1953,203,0,0.0
P,21,1960,846,0,0.0
P,21,1967,349,0,0.0
P,21,1974,580,0,0.0
P,21,1981,486,0,0.0
P,21,1988,318,0,0.0
P,21,1995,212,0,0.0
P,21,2002,783,0,0.0
P,21,2009,262,0,0.0
P,21,2016,223,0,0.0
P,21,2023,70,0,0.0
P,21,2030,119,0,0.0
P,21,2037,75,0,0.0
P,21,2044,65,0,0.0
P,21,2051,99,0,0.0
P,21,2058,26,0,0.0
P,21,2065,414,0,0.0
P,21,2072,162,0,0.0
P,21,2079,355,0,0.0
P,21,2086,443,0,0.0
P,21,2093,271,0,0.0
P,21,2100,92,0,0.0
P,21,2107,250,0,0.0
P,21,2114,221,0,0.0
P,21,2121,144,0,0.0
P,21,2128,39,0,0.0
P,21,2135,13,0,0.0
P,21,2142,15,0,0.0
P,21,2149,101,0,0.0
P,21,2156,59,0,0.0
P,21,2163,9,0,0.0
P,21,2170,25,0,0.0
P,21,2177,32,0,0.0
P,21,2184,104,0,0.0
P,21,2191,42,0,0.0
P,21,2198,31,0,0.0
P,28,28,21193315,149727,0.007064822091305678
P,28,35,38780332,404764,0.010437352625036835
P,28,42,34681607,482034,0.013898836925290111
P,28,49,25360913,223525,0.008813759977805216
P,28,56,26109257,350196,0.013412714118980866
P,28,63,18937945,252637,0.013340254182806
P,28,70,14376761,108428,0.007541893476562628
P,28,77,12894280,76805,0.005956517153342412
P,28,84,12270532,68582,0.005589162719269221
P,28,91,14535455,108240,0.007446619318074323
P,28,98,7408708,27421,0.0037011851459120807
P,28,105,6851282,29379,0.004288102577006756
P,28,112,5347416,18695,0.003496081097861098
P,28,119,8026943,24931,0.0031059146676387264
P,28,126,4168895,7414,0.001778408906916581
P,28,133,4232981,7096,0.0016763599931112377
P,28,140,3674090,4250,0.0011567490181242158
P,28,147,4422781,10678,0.0024143180501137182
P,28,154,3689964,3789,0.001026839286236939
P,28,161,3073791,1662,0.0005407003924469816
P,28,168,2766451,1831,0.0006618588220069685
P,28,175,2266257,2368,0.0010448947317095987
P,28,182,2534829,3145,0.0012407148568996172
P,28,189,1149275,1249,0.0010867720954514802
P,28,196,1311419,727,0.0005543613444673289
P,28,203,1147791,1227,0.0010690099504178025
P,28,210,1937085,3386,0.001747987310830449
P,28,217,1088302,358,0.00032895280905483954
P,28,224,1036508,496,0.00047852983286187853
P,28,231,1046501,652,0.0006230285494232686
P,28,238,1309287,1506,0.0011502443696454635
P,28,245,1310388,352,0.0002686227285353651
P,28,252,816118,191,0.0002340347841856202
P,28,259,903156,646,0.000715269565833588
P,28,266,834027,376,0.0004508247334918414
P,28,273,1405598,857,0.0006097049085158061
P,28,280,647636,167,0.00025786089717063287
P,28,287,711951,110,0.0001545050150923308
P,28,294,653843,23,0.000035176640263794216
P,28,301,1054818,431,0.0004086012942517098
P,28,308,620325,59,0.00009511143352275017
P,28,315,544023,82,0.00015072892138751485
P,28,322,641249,136,0.00021208610071906544
P,28,329,662045,315,0.00047579847291347264
P,28,336,735559,186,0.0002528689065051206
P,28,343,483500,26,0.00005377456049638056
P,28,350,617586,236,0.0003821330146732601
P,28,357,588793,74,0.00012568084199370577
P,28,364,935254,885,0.0009462670034022843
P,28,371,334324,3,8.973331259496776e-6
P,28,378,327578,105,0.0003205343460183529
P,28,385,291859,9,0.00003083680818477416
P,28,392,448333,326,0.0007271380870915146
P,28,399,219618,7,0.00003187352584942946
P,28,406,169940,1,5.8844297987525005e-6
P,28,413,172900,18,0.00010410641989589358
P,28,420,190758,31,0.00016250956709548223
P,28,427,226186,50,0.0002210570061807539
P,28,434,114105,4,0.00003505543140090268
P,28,441,142089,1,7.037842479009634e-6
P,28,448,128527,11,0.00008558512997269056
P,28,455,216226,70,0.00032373535097536836
P,28,462,70626,1,0.00001415909155268598
P,28,469,75857,0,0.0
P,28,476,107059,4,0.000037362575775974
P,28,483,134474,46,0.0003420735606883115
P,28,490,78599,13,0.00016539650631687425
P,28,497,69668,2,0.000028707584543836483
P,28,504,96293,0,0.0
P,28,511,92751,31,0.0003342282023913489
P,28,518,80890,16,0.00019779948077636297
P,28,525,40050,0,0.0
P,28,532,47667,0,0.0
P,28,539,50011,0,0.0
P,28,546,115904,25,0.00021569574820541138
P,28,553,35226,0,0.0
P,28,560,36953,1,0.00002706140232186832
P,28,567,45442,0,0.0
P,28,574,90163,32,0.00035491276909597065
P,28,581,61149,2,0.00003270699439075046
P,28,588,38180,0,0.0
P,28,595,54270,1,0.000018426386585590565
P,28,602,48314,12,0.00024837521215382706
P,28,609,85009,19,0.00022350574645037583
P,28,616,40591,1,0.000024636003054864378
P,28,623,46975,0,0.0
P,28,630,56846,0,0.0
P,28,637,94091,34,0.0003613523078721663
P,28,644,35005,3,0.00008570204256534781
P,28,651,50249,4,0.0000796035742004816
P,28,658,59117,0,0.0
P,28,665,51010,12,0.00023524799059008037
P,28,672,35998,13,0.00036113117395410855
P,28,679,29447,0,0.0
P,28,686,32859,0,0.0
P,28,693,53860,16,0.00029706646862235426
P,28,700,39005,15,0.0003845660812716318
P,28,707,27064,0,0.0
P,28,714,29924,0,0.0
P,28,721,25374,0,0.0
P,28,728,52245,19,0.00036367116470475643
P,28,735,15394,0,0.0
P,28,742,18044,0,0.0
P,28,749,13945,1,0.00007171029042667623
P,28,756,24558,10,0.0004071992833292613
P,28,763,15091,4,0.0002650586442250348
P,28,770,13464,0,0.0
P,28,777,13851,0,0.0
P,28,784,18211,5,0.0002745593322717039
P,28,791,25158,11,0.0004372366642817394
P,28,798,11460,0,0.0
P,28,805,15309,0,0.0
P,28,812,11073,0,0.0
P,28,819,18382,21,0.0011424219345011425
P,28,826,8841,1,0.00011310937676733401
P,28,833,7898,0,0.0
P,28,840,14048,0,0.0
P,28,847,18182,10,0.0005499945000549994
P,28,854,12639,1,0.00007912018355882586
P,28,861,11408,0,0.0
P,28,868,8641,0,0.0
P,28,875,9481,1,0.00010547410610695074
P,28,882,16651,9,0.0005405080775929374
P,28,889,6763,0,0.0
P,28,896,6375,0,0.0
P,28,903,8152,0,0.0
P,28,910,11781,2,0.0001697648756472286
P,28,917,10300,3,0.0002912621359223301
P,28,924,5051,0,0.0
P,28,931,10196,0,0.0
P,28,938,13973,4,0.0002862663708580835
P,28,945,12160,7,0.000575657894736842
P,28,952,5872,0,0.0
P,28,959,8034,0,0.0
P,28,966,7883,0,0.0
P,28,973,22746,8,0.0003517101908027785
P,28,980,9043,0,0.0
P,28,987,8735,0,0.0
P,28,994,9213,1,0.00010854227721697601
P,28,1001,24060,12,0.0004987531172069825
P,28,1008,10683,6,0.0005616399887672002
P,28,1015,7577,1,0.00013197835554968986
P,28,1022,8222,1,0.00012162490878131841
P,28,1029,5796,2,0.0003450655624568668
P,28,1036,6784,4,0.0005896226415094339
P,28,1043,3690,0,0.0
P,28,1050,3487,0,0.0
P,28,1057,5812,0,0.0
P,28,1064,6398,5,0.0007814942169427947
P,28,1071,2795,0,0.0
P,28,1078,2963,0,0.0
P,28,1085,1903,0,0.0
P,28,1092,3457,5,0.0014463407578825572
P,28,1099,1274,0,0.0
P,28,1106,604,0,0.0
P,28,1113,867,0,0.0
P,28,1120,399,0,0.0
P,28,1127,1182,0,0.0
P,28,1134,604,0,0.0
P,28,1141,786,0,0.0
P,28,1148,461,0,0.0
P,28,1155,1130,0,0.0
P,28,1162,304,0,0.0
P,28,1169,804,0,0.0
P,28,1176,1361,0,0.0
P,28,1183,839,0,0.0
P,28,1190,285,0,0.0
P,28,1197,230,0,0.0
P,28,1204,924,0,0.0
P,28,1211,813,0,0.0
P,28,1218,1778,0,0.0
P,28,1225,730,0,0.0
P,28,1232,488,0,0.0
P,28,1239,457,0,0.0
P,28,1246,865,0,0.0
P,28,1253,271,0,0.0
P,28,1260,161,0,0.0
P,28,1267,436,0,0.0
P,28,1274,799,0,0.0
P,28,1281,508,0,0.0
P,28,1288,319,0,0.0
P,28,1295,594,0,0.0
P,28,1302,368,0,0.0
P,28,1309,366,0,0.0
P,28,1316,373,0,0.0
P,28,1323,444,0,0.0
P,28,1330,387,0,0.0
P,28,1337,2699,0,0.0
P,28,1344,475,0,0.0
P,28,1351,518,1,0.0019305019305019305
P,28,1358,292,0,0.0
P,28,1365,638,0,0.0
P,28,1372,447,0,0.0
P,28,1379,334,0,0.0
P,28,1386,441,0,0.0
P,28,1393,326,0,0.0
P,28,1400,617,0,0.0
P,28,1407,195,0,0.0
P,28,1414,595,0,0.0
P,28,1421,530,0,0.0
P,28,1428,903,0,0.0
P,28,1435,166,0,0.0
P,28,1442,492,0,0.0
P,28,1449,499,0,0.0
P,28,1456,960,0,0.0
P,28,1463,746,0,0.0
P,28,1470,281,0,0.0
P,28,1477,370,0,0.0
P,28,1484,249,0,0.0
P,28,1491,934,0,0.0
P,28,1498,301,0,0.0
P,28,1505,229,0,0.0
P,28,1512,242,0,0.0
P,28,1519,481,0,0.0
P,28,1526,85,0,0.0
P,28,1533,631,0,0.0
P,28,1540,835,0,0.0
P,28,1547,677,0,0.0
P,28,1554,172,0,0.0
P,28,1561,124,0,0.0
P,28,1568,339,0,0.0
P,28,1575,674,0,0.0
P,28,1582,1276,0,0.0
P,28,1589,267,0,0.0
P,28,1596,418,0,0.0
P,28,1603,314,0,0.0
P,28,1610,526,0,0.0
P,28,1617,205,0,0.0
P,28,1624,294,0,0.0
P,28,1631,489,0,0.0
P,28,1638,697,0,0.0
P,28,1645,961,0,0.0
P,28,1652,269,0,0.0
P,28,1659,728,0,0.0
P,28,1666,540,0,0.0
P,28,1673,944,0,0.0
P,28,1680,276,0,0.0
P,28,1687,511,0,0.0
P,28,1694,583,0,0.0
P,28,1701,1431,0,0.0
P,28,1708,585,0,0.0
P,28,1715,905,0,0.0
P,28,1722,1187,0,0.0
P,28,1729,948,0,0.0
P,28,1736,886,0,0.0
P,28,1743,433,0,0.0
P,28,1750,768,0,0.0
P,28,1757,576,0,0.0
P,28,1764,1069,0,0.0
P,28,1771,385,0,0.0
P,28,1778,626,0,0.0
P,28,1785,522,0,0.0
P,28,1792,1523,0,0.0
P,28,1799,527,0,0.0
P,28,1806,401,0,0.0
P,28,1813,840,0,0.0
P,28,1820,414,0,0.0
P,28,1827,776,0,0.0
P,28,1834,475,0,0.0
P,28,1841,490,0,0.0
P,28,1848,403,0,0.0
P,28,1855,1288,0,0.0
P,28,1862,498,0,0.0
P,28,1869,1067,0,0.0
P,28,1876,281,0,0.0
P,28,1883,243,0,0.0
P,28,1890,802,0,0.0
P,28,1897,371,0,0.0
P,28,1904,389,0,0.0
P,28,1911,255,0,0.0
P,28,1918,851,0,0.0
P,28,1925,88,0,0.0
P,28,1932,237,0,0.0
P,28,1939,305,0,0.0
P,28,1946,1302,0,0.0
P,28,1953,121,0,0.0
P,28,1960,469,0,0.0
P,28,1967,373,0,0.0
P,28,1974,586,0,0.0
P,28,1981,781,0,0.0
P,28,1988,197,0,0.0
P,28,1995,236,0,0.0
P,28,2002,247,0,0.0
P,28,2009,562,0,0.0
P,28,2016,261,0,0.0
P,28,2023,23,0,0.0
P,28,2030,103,0,0.0
P,28,2037,165,0,0.0
P,28,2044,53,0,0.0
P,28,2051,73,0,0.0
P,28,2058,47,0,0.0
P,28,2065,122,0,0.0
P,28,2072,568,0,0.0
P,28,2079,211,0,0.0
P,28,2086,198,1,0.005050505050505051
P,28,2093,162,0,0.0
P,28,2100,223,0,0.0
P,28,2107,105,0,0.0
P,28,2114,127,0,0.0
P,28,2121,118,0,0.0
P,28,2128,85,0,0.0
P,28,2135,10,0,0.0
P,28,2142,10,0,0.0
P,28,2149,101,0,0.0
P,28,2156,110,0,0.0
P,28,2163,51,0,0.0
P,28,2170,33,0,0.0
P,28,2177,14,0,0.0
P,28,2184,24,0,0.0
P,28,2191,140,0,0.0
P,28,2198,24,0,0.0
P,35,35,9797022,45185,0.004612115804169879
P,35,42,22381237,146105,0.006528012727804098
P,35,49,19977362,125040,0.006259084657924304
P,35,56,14159660,65402,0.004618896216434575
P,35,63,17706000,170938,0.009654241500056478
P,35,70,11836758,73726,0.006228563598242019
P,35,77,9256203,45555,0.0049215644903207074
P,35,84,8385420,23802,0.002838498250534857
P,35,91,7786437,41259,0.005298829233447853
P,35,98,9576690,30209,0.0031544301841241597
P,35,105,4190584,13695,0.00326804092221991
P,35,112,4308017,7050,0.0016364837928912537
P,35,119,3101924,3518,0.0011341348143926156
P,35,126,6078195,10375,0.0017069212159201868
P,35,133,2469527,3143,0.0012727133576591794
P,35,140,3012416,1872,0.0006214281161698782
P,35,147,2275202,1064,0.0004676507844138674
P,35,154,3227319,2456,0.0007610031732221079
P,35,161,2600684,594,0.00022840145131050138
P,35,168,2035245,358,0.00017590019874757094
P,35,175,1646695,1311,0.000796140147386128
P,35,182,1149132,973,0.000846726050619076
P,35,189,1846011,606,0.0003282754003090989
P,35,196,729868,300,0.00041103322792614556
P,35,203,879729,253,0.00028758856420556787
P,35,210,778370,351,0.0004509423538933926
P,35,217,1583862,319,0.00020140643566169276
P,35,224,748270,220,0.00029401151990591633
P,35,231,668013,233,0.000348795607271116
P,35,238,706051,295,0.000417816843259198
P,35,245,1045453,365,0.00034913095088923173
P,35,252,971323,115,0.0001183952197157897
P,35,259,476471,42,0.000088148071970802
P,35,266,651406,199,0.00030549304120625233
P,35,273,651608,136,0.00020871444181164134
P,35,280,1076622,178,0.0001653319363713541
P,35,287,376642,17,0.00004513569915197986
P,35,294,493012,84,0.00017038124832661274
P,35,301,425743,69,0.0001620696053722551
P,35,308,890386,132,0.0001482503094163655
P,35,315,414259,83,0.0002003577472064578
P,35,322,360514,6,0.000016642904297752654
P,35,329,400366,87,0.00021730116942997158
P,35,336,540500,154,0.0002849213691026827
P,35,343,605709,61,0.00010070842599334003
P,35,350,298709,40,0.00013390959093967708
P,35,357,424494,96,0.00022615160638312908
P,35,364,445035,62,0.00013931488534609638
P,35,371,606644,66,0.00010879527366956568
P,35,378,152660,3,0.00001965151316651382
P,35,385,182640,2,0.000010950503723171266
P,35,392,189437,19,0.00010029719642941981
P,35,399,344855,66,0.00019138478490959967
P,35,406,116031,0,0.0
P,35,413,85534,0,0.0
P,35,420,119603,0,0.0
P,35,427,138624,27,0.00019477146814404433
P,35,434,184749,32,0.0001732079740621059
P,35,441,57512,1,0.000017387675615523716
P,35,448,100462,0,0.0
P,35,455,85914,7,0.00008147682566287217
P,35,462,157900,47,0.00029765674477517413
P,35,469,34116,0,0.0
P,35,476,70774,14,0.00019781275609687173
P,35,483,63304,3,0.00004739037027675976
P,35,490,122878,33,0.0002685590585784274
P,35,497,59773,3,0.0000501898850651632
P,35,504,41620,0,0.0
P,35,511,55225,0,0.0
P,35,518,56850,15,0.0002638522427440633
P,35,525,64655,7,0.00010826695537854767
P,35,532,19678,0,0.0
P,35,539,40558,0,0.0
P,35,546,37669,6,0.00015928216836125195
P,35,553,77944,13,0.0001667864107564405
P,35,560,17739,0,0.0
P,35,567,29226,0,0.0
P,35,574,36459,0,0.0
P,35,581,90760,21,0.00023137946231820185
P,35,588,35959,8,0.00022247559720793125
P,35,595,24353,0,0.0
P,35,602,34825,0,0.0
P,35,609,39575,5,0.00012634238787113077
P,35,616,94652,28,0.00029582047922917633
P,35,623,20063,1,0.00004984299456711359
P,35,630,52575,0,0.0
P,35,637,30361,9,0.00029643292381673856
P,35,644,86946,15,0.00017252087502587813
P,35,651,26756,1,0.00003737479443863059
P,35,658,45838,3,0.00006544788167022995
P,35,665,25226,2,0.00007928327915642591
P,35,672,44219,9,0.00020353241819127523
P,35,679,30550,14,0.00045826513911620295
P,35,686,16479,0,0.0
P,35,693,29671,3,0.0001011088268005797
P,35,700,39036,8,0.00020493903063838507
P,35,707,29177,6,0.00020564142989340918
P,35,714,12598,0,0.0
P,35,721,18422,1,0.00005428292259255238
P,35,728,20895,0,0.0
P,35,735,26538,47,0.001771045293541337
P,35,742,8281,0,0.0
P,35,749,7874,1,0.000127000254000508
P,35,756,8842,0,0.0
P,35,763,18978,4,0.00021077036568658446
P,35,770,12979,0,0.0
P,35,777,6561,0,0.0
P,35,784,10755,0,0.0
P,35,791,15327,4,0.00026097736021400144
P,35,798,19231,4,0.00020799750402995164
P,35,805,6776,0,0.0
P,35,812,9731,0,0.0
P,35,819,6353,0,0.0
P,35,826,17697,3,0.00016952025767079165
P,35,833,3665,0,0.0
P,35,840,9921,2,0.00020159258139300473
P,35,847,9820,0,0.0
P,35,854,18475,8,0.00043301759133964815
P,35,861,11245,2,0.0001778568252556692
P,35,868,3576,0,0.0
P,35,875,5695,0,0.0
P,35,882,6690,3,0.0004484304932735426
P,35,889,12479,7,0.0005609423832037823
P,35,896,2945,0,0.0
P,35,903,6821,0,0.0
P,35,910,4423,0,0.0
P,35,917,15225,4,0.0002627257799671593
P,35,924,4875,0,0.0
P,35,931,6402,0,0.0
P,35,938,6825,0,0.0
P,35,945,16109,7,0.00043453969830529516
P,35,952,7611,4,0.0005255551175929575
P,35,959,3672,0,0.0
P,35,966,6240,0,0.0
P,35,973,6385,0,0.0
P,35,980,22868,17,0.0007433968864789225
P,35,987,3281,0,0.0
P,35,994,8818,2,0.00022680880018144704
P,35,1001,8210,0,0.0
P,35,1008,26398,6,0.00022728994620804606
P,35,1015,3602,2,0.000555247084952804
P,35,1022,4642,0,0.0
P,35,1029,3610,0,0.0
P,35,1036,4585,3,0.0006543075245365322
P,35,1043,6086,8,0.0013144922773578706
P,35,1050,1467,0,0.0
P,35,1057,3712,0,0.0
P,35,1064,5383,2,0.000371540033438603
P,35,1071,4259,7,0.001643578304766377
P,35,1078,1388,0,0.0
P,35,1085,1373,0,0.0
P,35,1092,1198,0,0.0
P,35,1099,2410,0,0.0
P,35,1106,307,0,0.0
P,35,1113,430,0,0.0
P,35,1120,318,0,0.0
P,35,1127,509,0,0.0
P,35,1134,1151,0,0.0
P,35,1141,221,0,0.0
P,35,1148,436,0,0.0
P,35,1155,258,0,0.0
P,35,1162,809,0,0.0
P,35,1169,248,0,0.0
P,35,1176,1187,0,0.0
P,35,1183,365,0,0.0
P,35,1190,741,0,0.0
P,35,1197,84,0,0.0
P,35,1204,342,0,0.0
P,35,1211,428,0,0.0
P,35,1218,1234,0,0.0
P,35,1225,814,0,0.0
P,35,1232,154,0,0.0
P,35,1239,357,0,0.0
P,35,1246,203,0,0.0
P,35,1253,659,0,0.0
P,35,1260,70,0,0.0
P,35,1267,352,0,0.0
P,35,1274,368,0,0.0
P,35,1281,682,0,0.0
P,35,1288,172,0,0.0
P,35,1295,155,0,0.0
P,35,1302,151,0,0.0
P,35,1309,434,0,0.0
P,35,1316,633,0,0.0
P,35,1323,175,0,0.0
P,35,1330,450,0,0.0
P,35,1337,501,0,0.0
P,35,1344,1685,3,0.0017804154302670622
P,35,1351,214,0,0.0
P,35,1358,172,0,0.0
P,35,1365,281,0,0.0
P,35,1372,763,0,0.0
P,35,1379,361,0,0.0
P,35,1386,236,0,0.0
P,35,1393,337,0,0.0
P,35,1400,361,0,0.0
P,35,1407,407,0,0.0
P,35,1414,247,0,0.0
P,35,1421,272,0,0.0
P,35,1428,545,0,0.0
P,35,1435,213,0,0.0
P,35,1442,197,0,0.0
P,35,1449,262,0,0.0
P,35,1456,345,0,0.0
P,35,1463,1507,0,0.0
P,35,1470,157,0,0.0
P,35,1477,171,0,0.0
P,35,1484,217,0,0.0
P,35,1491,628,0,0.0
P,35,1498,426,0,0.0
P,35,1505,89,0,0.0
P,35,1512,322,0,0.0
P,35,1519,103,0,0.0
P,35,1526,312,0,0.0
P,35,1533,196,0,0.0
P,35,1540,629,0,0.0
P,35,1547,338,0,0.0
P,35,1554,432,0,0.0
P,35,1561,64,0,0.0
P,35,1568,108,0,0.0
P,35,1575,384,0,0.0
P,35,1582,868,0,0.0
P,35,1589,850,0,0.0
P,35,1596,128,0,0.0
P,35,1603,211,0,0.0
P,35,1610,207,0,0.0
P,35,1617,340,0,0.0
P,35,1624,414,0,0.0
P,35,1631,216,0,0.0
P,35,1638,647,0,0.0
P,35,1645,403,0,0.0
P,35,1652,703,0,0.0
P,35,1659,195,0,0.0
P,35,1666,472,0,0.0
P,35,1673,294,0,0.0
P,35,1680,869,0,0.0
P,35,1687,219,0,0.0
P,35,1694,373,0,0.0
P,35,1701,620,0,0.0
P,35,1708,1076,0,0.0
P,35,1715,2297,0,0.0
P,35,1722,527,0,0.0
P,35,1729,575,0,0.0
P,35,1736,523,0,0.0
P,35,1743,711,0,0.0
P,35,1750,597,0,0.0
P,35,1757,368,0,0.0
P,35,1764,331,0,0.0
P,35,1771,924,0,0.0
P,35,1778,234,0,0.0
P,35,1785,209,0,0.0
P,35,1792,680,0,0.0
P,35,1799,940,0,0.0
P,35,1806,168,0,0.0
P,35,1813,603,0,0.0
P,35,1820,303,0,0.0
P,35,1827,677,0,0.0
P,35,1834,562,0,0.0
P,35,1841,217,0,0.0
P,35,1848,401,0,0.0
P,35,1855,296,0,0.0
P,35,1862,1240,0,0.0
P,35,1869,478,0,0.0
P,35,1876,312,0,0.0
P,35,1883,182,0,0.0
P,35,1890,280,0,0.0
P,35,1897,636,0,0.0
P,35,1904,136,0,0.0
P,35,1911,174,0,0.0
P,35,1918,343,0,0.0
P,35,1925,183,0,0.0
P,35,1932,67,0,0.0
P,35,1939,213,0,0.0
P,35,1946,363,0,0.0
P,35,1953,369,0,0.0
P,35,1960,246,0,0.0
P,35,1967,144,0,0.0
P,35,1974,268,0,0.0
P,35,1981,297,0,0.0
P,35,1988,512,0,0.0
P,35,1995,95,0,0.0
P,35,2002,317,0,0.0
P,35,2009,166,0,0.0
P,35,2016,459,0,0.0
P,35,2023,21,0,0.0
P,35,2030,22,0,0.0
P,35,2037,66,0,0.0
P,35,2044,223,0,0.0
P,35,2051,31,0,0.0
P,35,2058,25,0,0.0
P,35,2065,168,0,0.0
P,35,2072,60,0,0.0
P,35,2079,620,0,0.0
P,35,2086,87,0,0.0
P,35,2093,106,0,0.0
P,35,2100,75,0,0.0
P,35,2107,376,0,0.0
P,35,2114,118,0,0.0
P,35,2121,37,0,0.0
P,35,2128,48,0,0.0
P,35,2135,30,0,0.0
P,35,2142,37,0,0.0
P,35,2149,29,0,0.0
P,35,2156,46,0,0.0
P,35,2163,19,0,0.0
P,35,2170,94,0,0.0
P,35,2177,7,0,0.0
P,35,2184,45,0,0.0
P,35,2191,58,0,0.0
P,35,2198,52,0,0.0
P,42,42,7179512,16753,0.0023334455043741136
P,42,49,14320091,43026,0.003004589845134364
P,42,56,14918349,53852,0.0036097828251638302
P,42,63,10333577,35303,0.0034163387953658254
P,42,70,14226897,49405,0.0034726476195055043
P,42,77,9595623,35377,0.0036867851102528725
P,42,84,7481317,20923,0.00279670009972843
P,42,91,6699989,15492,0.002312242602189347
P,42,98,5715418,10398,0.0018192895077840327
P,42,105,7371260,24158,0.0032773230085494202
P,42,112,3160685,5842,0.0018483335099828044
P,42,119,3314711,2740,0.0008266180671557792
P,42,126,2410243,1975,0.0008194194527273806
P,42,133,5292810,6841,0.0012925081383990734
P,42,140,1970955,1461,0.0007412650212714141
P,42,147,2428334,983,0.0004048042814538692
P,42,154,1868490,493,0.00026384941851441537
P,42,161,2764219,1961,0.0007094228062248324
P,42,168,2142659,384,0.0001792165715589835
P,42,175,1398042,362,0.00025893356565825633
P,42,182,1083954,487,0.00044928105805227896
P,42,189,922020,528,0.000572655690765927
P,42,196,1640507,1050,0.0006400460345490754
P,42,203,520810,198,0.0003801770319310305
P,42,210,756948,585,0.000772840406474421
P,42,217,681749,50,0.00007334077497730103
P,42,224,1436537,667,0.00046431104802730454
P,42,231,616134,138,0.0002239772517017402
P,42,238,590272,210,0.00035576818822508944
P,42,245,652263,140,0.00021463734720503845
P,42,252,895585,429,0.000479016508762429
P,42,259,765121,55,0.0000718840549403297
P,42,266,404075,40,0.00009899152385077027
P,42,273,598742,48,0.00008016808575312907
P,42,280,534923,54,0.00010094910856328855
P,42,287,887553,171,0.0001926645507366884
P,42,294,279366,9,0.00003221580292519491
P,42,301,392936,51,0.00012979212899810657
P,42,308,384715,13,0.00003379124806675071
P,42,315,837946,203,0.00024225904771906542
P,42,322,355915,22,0.00006181251141424217
P,42,329,265600,35,0.00013177710843373494
P,42,336,366444,8,0.000021831439455960528
P,42,343,519816,72,0.00013851054988688304
P,42,350,526530,27,0.00005127912939433651
P,42,357,233475,70,0.00029981796766249063
P,42,364,401550,114,0.00028389988793425477
P,42,371,314417,15,0.000047707344068545914
P,42,378,448741,40,0.0000891382779821768
P,42,385,99441,1,0.000010056214237588117
P,42,392,150700,16,0.00010617120106171201
P,42,399,161369,0,0.0
P,42,406,318507,33,0.00010360839793159962
P,42,413,95889,4,0.000041714899519235784
P,42,420,65687,0,0.0
P,42,427,103130,1,9.696499563657519e-6
P,42,434,133125,12,0.00009014084507042254
P,42,441,148029,7,0.00004728803139925285
P,42,448,45529,1,0.000021964022930439938
P,42,455,85484,1,0.000011698095550044453
P,42,462,58983,3,0.00005086211281216622
P,42,469,114411,17,0.0001485871113791506
P,42,476,37380,0,0.0
P,42,483,45161,4,0.00008857199796284405
P,42,490,53662,0,0.0
P,42,497,126164,18,0.00014267144351796075
P,42,504,63408,3,0.000047312641937925814
P,42,511,28499,1,0.00003508895048949086
P,42,518,42979,0,0.0
P,42,525,45462,11,0.00024196031850776473
P,42,532,47218,10,0.00021178364183150494
P,42,539,19202,1,0.00005207790855119258
P,42,546,41886,0,0.0
P,42,553,29145,0,0.0
P,42,560,69326,10,0.0001442460260219831
P,42,567,13926,4,0.0002872325147206664
P,42,574,27574,0,0.0
P,42,581,46295,1,0.000021600604816934874
P,42,588,72329,29,0.00040094567877338276
P,42,595,36582,1,0.00002733584823137062
P,42,602,18970,0,0.0
P,42,609,33965,0,0.0
P,42,616,40443,4,0.00009890463120935638
P,42,623,65540,1,0.000015257857796765334
P,42,630,22895,0,0.0
P,42,637,37343,6,0.00016067268296601772
P,42,644,25289,0,0.0
P,42,651,69624,11,0.00015799149718487878
P,42,658,28896,1,0.00003460686600221484
P,42,665,17628,3,0.00017018379850238256
P,42,672,23968,1,0.00004172229639519359
P,42,679,50214,9,0.0001792328832596487
P,42,686,22897,3,0.00013102153120496136
P,42,693,14008,0,0.0
P,42,700,22687,0,0.0
P,42,707,38566,7,0.00018150702691489912
P,42,714,20817,3,0.00014411298457991066
P,42,721,9761,1,0.00010244851961889151
P,42,728,22020,0,0.0
P,42,735,12769,0,0.0
P,42,742,24417,10,0.0004095507228570258
P,42,749,5420,0,0.0
P,42,756,8141,0,0.0
P,42,763,7951,0,0.0
P,42,770,23649,7,0.0002959956023510508
P,42,777,9881,2,0.00020240866309078029
P,42,784,6046,0,0.0
P,42,791,10873,0,0.0
P,42,798,13947,2,0.00014340001434000142
P,42,805,16522,3,0.00018157608037767825
P,42,812,5036,0,0.0
P,42,819,6665,0,0.0
P,42,826,6683,0,0.0
P,42,833,12593,3,0.0002382275867545462
P,42,840,3960,0,0.0
P,42,847,6409,2,0.0003120611639881417
P,42,854,9033,0,0.0
P,42,861,22137,5,0.0002258661968649772
P,42,868,6259,3,0.0004793097938967886
P,42,875,3520,1,0.0002840909090909091
P,42,882,5724,0,0.0
P,42,889,7348,2,0.00027218290691344586
P,42,896,7654,5,0.0006532532009406846
P,42,903,2928,0,0.0
P,42,910,4139,0,0.0
P,42,917,5104,0,0.0
P,42,924,10289,0,0.0
P,42,931,4010,0,0.0
P,42,938,3901,0,0.0
P,42,945,8765,0,0.0
P,42,952,11858,5,0.00042165626581210997
P,42,959,6666,8,0.0012001200120012002
P,42,966,3739,0,0.0
P,42,973,8269,0,0.0
P,42,980,7365,2,0.00027155465037338765
P,42,987,15868,7,0.0004411394000504159
P,42,994,2972,2,0.0006729475100942127
P,42,1001,8313,0,0.0
P,42,1008,7533,1,0.00013274923669188903
P,42,1015,13274,6,0.00045201145095675755
P,42,1022,4013,1,0.00024919013207077
P,42,1029,2214,0,0.0
P,42,1036,3713,0,0.0
P,42,1043,4757,1,0.00021021652301870928
P,42,1050,3982,6,0.0015067805123053742
P,42,1057,1425,0,0.0
P,42,1064,2788,0,0.0
P,42,1071,3659,0,0.0
P,42,1078,3555,4,0.0011251758087201125
P,42,1085,722,0,0.0
P,42,1092,1368,0,0.0
P,42,1099,838,0,0.0
P,42,1106,1033,0,0.0
P,42,1113,233,0,0.0
P,42,1120,169,0,0.0
P,42,1127,490,0,0.0
P,42,1134,694,0,0.0
P,42,1141,788,0,0.0
P,42,1148,86,0,0.0
P,42,1155,277,0,0.0
P,42,1162,149,0,0.0
P,42,1169,1013,0,0.0
P,42,1176,381,0,0.0
P,42,1183,208,0,0.0
P,42,1190,293,0,0.0
P,42,1197,353,1,0.0028328611898017
P,42,1204,171,0,0.0
P,42,1211,331,0,0.0
P,42,1218,821,0,0.0
P,42,1225,1279,0,0.0
P,42,1232,359,0,0.0
P,42,1239,139,0,0.0
P,42,1246,319,0,0.0
P,42,1253,155,0,0.0
P,42,1260,277,0,0.0
P,42,1267,113,0,0.0
P,42,1274,225,0,0.0
P,42,1281,257,0,0.0
P,42,1288,598,0,0.0
P,42,1295,257,0,0.0
P,42,1302,69,0,0.0
P,42,1309,258,0,0.0
P,42,1316,759,0,0.0
P,42,1323,214,0,0.0
P,42,1330,170,0,0.0
P,42,1337,859,0,0.0
P,42,1344,321,0,0.0
P,42,1351,1159,0,0.0
P,42,1358,75,0,0.0
P,42,1365,162,0,0.0
P,42,1372,368,0,0.0
P,42,1379,569,0,0.0
P,42,1386,271,0,0.0
P,42,1393,63,0,0.0
P,42,1400,303,0,0.0
P,42,1407,147,0,0.0
P,42,1414,523,0,0.0
P,42,1421,103,0,0.0
P,42,1428,257,0,0.0
P,42,1435,195,0,0.0
P,42,1442,527,0,0.0
P,42,1449,136,0,0.0
P,42,1456,345,1,0.002898550724637681
P,42,1463,636,0,0.0
P,42,1470,587,0,0.0
P,42,1477,98,0,0.0
P,42,1484,98,0,0.0
P,42,1491,409,0,0.0
P,42,1498,591,0,0.0
P,42,1505,357,0,0.0
P,42,1512,31,0,0.0
P,42,1519,154,0,0.0
P,42,1526,56,0,0.0
P,42,1533,814,0,0.0
P,42,1540,221,0,0.0
P,42,1547,133,0,0.0
P,42,1554,212,0,0.0
P,42,1561,360,0,0.0
P,42,1568,51,0,0.0
P,42,1575,226,0,0.0
P,42,1582,688,0,0.0
P,42,1589,273,0,0.0
P,42,1596,615,0,0.0
P,42,1603,65,0,0.0
P,42,1610,214,0,0.0
P,42,1617,142,0,0.0
P,42,1624,431,0,0.0
P,42,1631,137,0,0.0
P,42,1638,245,0,0.0
P,42,1645,376,0,0.0
P,42,1652,330,0,0.0
P,42,1659,867,0,0.0
P,42,1666,168,0,0.0
P,42,1673,355,0,0.0
P,42,1680,256,0,0.0
P,42,1687,991,0,0.0
P,42,1694,157,0,0.0
P,42,1701,499,0,0.0
P,42,1708,380,0,0.0
P,42,1715,1000,0,0.0
P,42,1722,1275,0,0.0
P,42,1729,307,0,0.0
P,42,1736,447,0,0.0
P,42,1743,469,0,0.0
P,42,1750,691,0,0.0
P,42,1757,301,0,0.0
P,42,1764,329,0,0.0
P,42,1771,432,0,0.0
P,42,1778,1028,0,0.0
P,42,1785,83,0,0.0
P,42,1792,280,0,0.0
P,42,1799,453,0,0.0
P,42,1806,604,0,0.0
P,42,1813,230,0,0.0
P,42,1820,159,0,0.0
P,42,1827,378,0,0.0
P,42,1834,671,0,0.0
P,42,1841,428,0,0.0
P,42,1848,139,0,0.0
P,42,1855,521,0,0.0
P,42,1862,300,0,0.0
P,42,1869,2279,0,0.0
P,42,1876,67,0,0.0
P,42,1883,99,0,0.0
P,42,1890,247,0,0.0
P,42,1897,298,0,0.0
P,42,1904,380,0,0.0
P,42,1911,63,0,0.0
P,42,1918,405,0,0.0
P,42,1925,87,0,0.0
P,42,1932,308,0,0.0
P,42,1939,64,0,0.0
P,42,1946,284,0,0.0
P,42,1953,109,0,0.0
P,42,1960,1221,0,0.0
P,42,1967,81,0,0.0
P,42,1974,255,0,0.0
P,42,1981,322,0,0.0
P,42,1988,86,0,0.0
P,42,1995,149,0,0.0
P,42,2002,73,0,0.0
P,42,2009,162,0,0.0
P,42,2016,83,0,0.0
P,42,2023,103,0,0.0
P,42,2030,21,0,0.0
P,42,2037,42,0,0.0
P,42,2044,83,0,0.0
P,42,2051,188,0,0.0
P,42,2058,18,0,0.0
P,42,2065,56,0,0.0
P,42,2072,156,0,0.0
P,42,2079,86,0,0.0
P,42,2086,782,0,0.0
P,42,2093,31,0,0.0
P,42,2100,81,0,0.0
P,42,2107,117,0,0.0
P,42,2114,249,0,0.0
P,42,2121,21,0,0.0
P,42,2128,12,0,0.0
P,42,2135,19,0,0.0
P,42,2142,8,0,0.0
P,42,2149,109,0,0.0
P,42,2156,18,0,0.0
P,42,2163,11,0,0.0
P,42,2170,21,0,0.0
P,42,2177,22,0,0.0
P,42,2184,10,0,0.0
P,42,2191,39,0,0.0
P,42,2198,29,0,0.0
P,49,49,5967306,9944,0.001666413621155007
P,49,56,8265037,18803,0.0022750049394818198
P,49,63,10182078,17994,0.001767222761404892
P,49,70,6703235,10885,0.0016238428161924803
P,49,77,11771673,31135,0.0026449086718599813
P,49,84,7521118,22806,0.003032261958926851
P,49,91,5518887,12729,0.0023064433100369692
P,49,98,4315332,6342,0.001469643587098281
P,49,105,3972767,5566,0.0014010386211927353
P,49,112,5895601,9722,0.0016490261128594013
P,49,119,2161494,1598,0.0007393034632527317
P,49,126,2519546,879,0.00034887237621380996
P,49,133,1573946,1213,0.0007706744704074981
P,49,140,4635408,2074,0.000447425555636095
P,49,147,1464181,684,0.00046715535852466327
P,49,154,1972992,470,0.0002382168807577527
P,49,161,1298766,472,0.00036342189432122493
P,49,168,2362036,824,0.0003488515839724712
P,49,175,1596895,451,0.00028242307728435493
P,49,182,626047,134,0.0002140414377834252
P,49,189,768988,123,0.00015995048037160527
P,49,196,728778,296,0.0004061593516818565
P,49,203,1452240,527,0.00036288767696799425
P,49,210,362673,75,0.00020679785922856126
P,49,217,590628,138,0.00023364960685913976
P,49,224,491640,318,0.0006468147424945082
P,49,231,1317900,268,0.00020335382047196297
P,49,238,459594,108,0.0002349900129244507
P,49,245,472640,31,0.0000655890318212593
P,49,252,493192,72,0.00014598776946909116
P,49,259,759498,180,0.00023699864910770008
P,49,266,654416,96,0.00014669567981222953
P,49,273,295431,24,0.00008123724321415153
P,49,280,452106,12,0.00002654244800997996
P,49,287,393386,35,0.00008897113776290971
P,49,294,831131,225,0.0002707154467827575
P,49,301,174428,14,0.00008026234320177953
P,49,308,323866,41,0.00012659556730252634
P,49,315,304277,85,0.00027935072318972516
P,49,322,812979,214,0.000263229431510531
P,49,329,235588,24,0.00010187276092160891
P,49,336,213028,67,0.0003145126462249094
P,49,343,306387,12,0.00003916615261091365
P,49,350,484951,67,0.0001381582881569478
P,49,357,477003,48,0.00010062829793523311
P,49,364,150999,19,0.00012582864787184022
P,49,371,243673,7,0.000028727023511016814
P,49,378,213761,95,0.0004444215736266204
P,49,385,356283,26,0.00007297569628637908
P,49,392,58947,1,0.0000169643917417341
P,49,399,105568,1,9.472567444680206e-6
P,49,406,107836,0,0.0
P,49,413,223346,36,0.0001611848880212764
P,49,420,76302,7,0.00009174071452910801
P,49,427,38949,0,0.0
P,49,434,82799,3,0.00003623232164639669
P,49,441,106818,11,0.00010297889868748713
P,49,448,125648,10,0.0000795874188208328
P,49,455,26238,1,0.00003811266102599284
P,49,462,58830,1,0.000016998130205677375
P,49,469,42210,3,0.00007107320540156361
P,49,476,139925,93,0.0006646417723780597
P,49,483,20127,1,0.00004968450340338848
P,49,490,40924,1,0.0000244355390479914
P,49,497,47392,3,0.00006330182309250507
P,49,504,119314,13,0.00010895619960775768
P,49,511,39622,1,0.000025238503861491092
P,49,518,17138,0,0.0
P,49,525,33100,0,0.0
P,49,532,39559,5,0.00012639348820748755
P,49,539,58690,8,0.00013630942238882263
P,49,546,14435,0,0.0
P,49,553,26166,0,0.0
P,49,560,17371,0,0.0
P,49,567,64816,5,0.00007714144655640582
P,49,574,8425,0,0.0
P,49,581,25336,0,0.0
P,49,588,26270,0,0.0
P,49,595,77342,22,0.00028445088050477104
P,49,602,24432,4,0.00016371971185330714
P,49,609,12494,0,0.0
P,49,616,31084,3,0.00009651267533136018
P,49,623,33739,2,0.00005927857968523074
P,49,630,67741,0,0.0
P,49,637,10801,0,0.0
P,49,644,29230,0,0.0
P,49,651,19058,0,0.0
P,49,658,84794,5,0.00005896643630445551
P,49,665,13093,0,0.0
P,49,672,15028,0,0.0
P,49,679,22349,0,0.0
P,49,686,42440,8,0.00018850141376060322
P,49,693,20945,1,0.000047744091668656006
P,49,700,8698,1,0.00011496895838123707
P,49,707,19770,0,0.0
P,49,714,28187,1,0.00003547734771348494
P,49,721,21205,2,0.00009431737797689224
P,49,728,8740,0,0.0
P,49,735,10698,0,0.0
P,49,742,11676,0,0.0
P,49,749,18701,9,0.000481257686754719
P,49,756,3351,0,0.0
P,49,763,6256,0,0.0
P,49,770,8641,0,0.0
P,49,777,20199,1,0.0000495074013565028
P,49,784,8333,1,0.00012000480019200768
P,49,791,4713,0,0.0
P,49,798,8096,0,0.0
P,49,805,12692,3,0.0002363693665300977
P,49,812,11922,0,0.0
P,49,819,2156,0,0.0
P,49,826,6304,0,0.0
P,49,833,3219,0,0.0
P,49,840,19184,2,0.0001042535446205171
P,49,847,2590,0,0.0
P,49,854,4486,0,0.0
P,49,861,9239,0,0.0
P,49,868,11392,4,0.00035112359550561797
P,49,875,4164,0,0.0
P,49,882,2269,0,0.0
P,49,889,5002,0,0.0
P,49,896,5318,1,0.000188040616773223
P,49,903,11625,3,0.00025806451612903227
P,49,910,1687,0,0.0
P,49,917,4656,0,0.0
P,49,924,2944,0,0.0
P,49,931,13497,2,0.0001481810772764318
P,49,938,3552,0,0.0
P,49,945,4752,1,0.00021043771043771043
P,49,952,4765,0,0.0
P,49,959,12750,7,0.0005490196078431372
P,49,966,5021,0,0.0
P,49,973,2488,0,0.0
P,49,980,7524,0,0.0
P,49,987,2631,0,0.0
P,49,994,18777,12,0.0006390797251957181
P,49,1001,2137,0,0.0
P,49,1008,7804,0,0.0
P,49,1015,3813,0,0.0
P,49,1022,11645,5,0.00042936882782310007
P,49,1029,2756,1,0.000362844702467344
P,49,1036,1811,0,0.0
P,49,1043,3470,1,0.00028818443804034583
P,49,1050,3202,0,0.0
P,49,1057,6323,1,0.00015815277558121145
P,49,1064,1096,0,0.0
P,49,1071,1900,0,0.0
P,49,1078,2589,5,0.0019312475859405175
P,49,1085,2716,0,0.0
P,49,1092,391,0,0.0
P,49,1099,1113,0,0.0
P,49,1106,360,0,0.0
P,49,1113,1124,0,0.0
P,49,1120,57,0,0.0
P,49,1127,154,0,0.0
P,49,1134,691,0,0.0
P,49,1141,385,0,0.0
P,49,1148,727,0,0.0
P,49,1155,21,0,0.0
P,49,1162,237,0,0.0
P,49,1169,144,0,0.0
P,49,1176,1942,0,0.0
P,49,1183,15,0,0.0
P,49,1190,198,0,0.0
P,49,1197,81,0,0.0
P,49,1204,1251,1,0.0007993605115907274
P,49,1211,36,0,0.0
P,49,1218,273,0,0.0
P,49,1225,692,0,0.0
P,49,1232,318,0,0.0
P,49,1239,281,0,0.0
P,49,1246,43,0,0.0
P,49,1253,206,0,0.0
P,49,1260,76,0,0.0
P,49,1267,760,0,0.0
P,49,1274,57,0,0.0
P,49,1281,208,0,0.0
P,49,1288,131,0,0.0
P,49,1295,531,0,0.0
P,49,1302,64,0,0.0
P,49,1309,53,0,0.0
P,49,1316,335,0,0.0
P,49,1323,610,0,0.0
P,49,1330,311,0,0.0
P,49,1337,221,0,0.0
P,49,1344,406,1,0.0024630541871921183
P,49,1351,93,0,0.0
P,49,1358,490,0,0.0
P,49,1365,33,0,0.0
P,49,1372,252,0,0.0
P,49,1379,297,0,0.0
P,49,1386,216,0,0.0
P,49,1393,168,0,0.0
P,49,1400,62,0,0.0
P,49,1407,187,0,0.0
P,49,1414,547,0,0.0
P,49,1421,483,0,0.0
P,49,1428,15,0,0.0
P,49,1435,118,0,0.0
P,49,1442,260,0,0.0
P,49,1449,588,0,0.0
P,49,1456,51,0,0.0
P,49,1463,477,0,0.0
P,49,1470,140,0,0.0
P,49,1477,529,0,0.0
P,49,1484,19,0,0.0
P,49,1491,163,0,0.0
P,49,1498,394,0,0.0
P,49,1505,90,0,0.0
P,49,1512,482,0,0.0
P,49,1519,11,0,0.0
P,49,1526,72,0,0.0
P,49,1533,51,0,0.0
P,49,1540,1184,0,0.0
P,49,1547,40,0,0.0
P,49,1554,105,0,0.0
P,49,1561,112,0,0.0
P,49,1568,396,0,0.0
P,49,1575,157,0,0.0
P,49,1582,142,0,0.0
P,49,1589,387,0,0.0
P,49,1596,148,0,0.0
P,49,1603,529,0,0.0
P,49,1610,26,0,0.0
P,49,1617,109,0,0.0
P,49,1624,179,0,0.0
P,49,1631,669,0,0.0
P,49,1638,166,0,0.0
P,49,1645,135,0,0.0
P,49,1652,390,0,0.0
P,49,1659,320,0,0.0
P,49,1666,761,1,0.001314060446780552
P,49,1673,56,0,0.0
P,49,1680,359,0,0.0
P,49,1687,289,0,0.0
P,49,1694,1064,0,0.0
P,49,1701,108,0,0.0
P,49,1708,364,0,0.0
P,49,1715,696,0,0.0
P,49,1722,1508,0,0.0
P,49,1729,311,0,0.0
P,49,1736,156,0,0.0
P,49,1743,317,0,0.0
P,49,1750,321,0,0.0
P,49,1757,666,0,0.0
P,49,1764,198,0,0.0
P,49,1771,111,0,0.0
P,49,1778,155,0,0.0
P,49,1785,765,0,0.0
P,49,1792,4,0,0.0
P,49,1799,187,0,0.0
P,49,1806,204,0,0.0
P,49,1813,824,0,0.0
P,49,1820,18,0,0.0
P,49,1827,336,0,0.0
P,49,1834,260,0,0.0
P,49,1841,346,0,0.0
P,49,1848,204,0,0.0
P,49,1855,144,0,0.0
P,49,1862,354,0,0.0
P,49,1869,969,0,0.0
P,49,1876,581,0,0.0
P,49,1883,9,0,0.0
P,49,1890,99,0,0.0
P,49,1897,184,0,0.0
P,49,1904,169,0,0.0
P,49,1911,114,0,0.0
P,49,1918,110,0,0.0
P,49,1925,63,0,0.0
P,49,1932,200,0,0.0
P,49,1939,335,0,0.0
P,49,1946,47,0,0.0
P,49,1953,131,0,0.0
P,49,1960,204,0,0.0
P,49,1967,587,0,0.0
P,49,1974,13,0,0.0
P,49,1981,192,0,0.0
P,49,1988,199,0,0.0
P,49,1995,120,0,0.0
P,49,2002,483,0,0.0
P,49,2009,27,0,0.0
P,49,2016,147,0,0.0
P,49,2023,22,0,0.0
P,49,2030,126,0,0.0
P,49,2037,15,0,0.0
P,49,2044,44,0,0.0
P,49,2051,49,0,0.0
P,49,2058,126,0,0.0
P,49,2065,22,0,0.0
P,49,2072,33,0,0.0
P,49,2079,134,0,0.0
P,49,2086,44,0,0.0
P,49,2093,193,0,0.0
P,49,2100,4,0,0.0
P,49,2107,122,0,0.0
P,49,2114,107,0,0.0
P,49,2121,130,0,0.0
P,49,2128,41,0,0.0
P,49,2135,3,0,0.0
P,49,2142,13,0,0.0
P,49,2149,69,0,0.0
P,49,2156,37,0,0.0
P,49,2170,49,0,0.0
P,49,2177,20,0,0.0
P,49,2184,65,0,0.0
P,49,2191,9,0,0.0
P,49,2198,10,0,0.0
P,56,56,4846283,6000,0.0012380622427538796
P,56,63,4257212,7346,0.0017255424442099666
P,56,70,7108287,9760,0.0013730452920654441
P,56,77,5268633,9285,0.0017623167147911042
P,56,84,9765982,27669,0.002833202027200132
P,56,91,5594203,13363,0.002388722754608655
P,56,98,3484448,4765,0.0013675049821377733
P,56,105,3183509,7606,0.0023891875286044424
P,56,112,2837769,4031,0.0014204820758842599
P,56,119,4743625,2661,0.0005609633982450131
P,56,126,1477028,828,0.0005605851750948526
P,56,133,1984388,1337,0.0006737593656079355
P,56,140,1139463,806,0.0007073507432887246
P,56,147,3888844,1594,0.000409890445592572
P,56,154,1061134,564,0.0005315068596426088
P,56,161,1564590,462,0.0002952850267482216
P,56,168,1091867,626,0.0005733299019019715
P,56,175,1752020,721,0.00041152498259152293
P,56,182,1061151,153,0.00014418306160009274
P,56,189,439325,66,0.00015023046719399077
P,56,196,671684,398,0.0005925405398967371
P,56,203,553734,376,0.0006790263917332149
P,56,210,1283990,475,0.0003699405758611827
P,56,217,236893,60,0.0002532789065105343
P,56,224,487412,171,0.00035083256054426235
P,56,231,412948,201,0.00048674409368734076
P,56,238,1196061,347,0.00029011898222582294
P,56,245,393373,54,0.00013727429182989174
P,56,252,357010,37,0.0001036385535419176
P,56,259,409900,107,0.0002610392778726519
P,56,266,646956,355,0.0005487235607985705
P,56,273,552471,104,0.0001882451748598569
P,56,280,204243,22,0.0001077148298840107
P,56,287,375607,79,0.00021032621862744836
P,56,294,301734,72,0.00023862077193819722
P,56,301,701423,68,0.0000969457802210649
P,56,308,110370,31,0.00028087342574975084
P,56,315,257860,88,0.00034127045683704336
P,56,322,247366,41,0.00016574630304892345
P,56,329,649378,417,0.00064215295251764
P,56,336,195763,21,0.0001072725693823654
P,56,343,175848,29,0.00016491515399663347
P,56,350,287096,161,0.0005607880290913144
P,56,357,407460,66,0.0001619790899720218
P,56,364,409471,190,0.00046401332450893957
P,56,371,63369,5,0.00007890293361107166
P,56,378,181220,80,0.0004414523783246882
P,56,385,130230,3,0.0000230361667818475
P,56,392,276890,28,0.00010112318971432699
P,56,399,25137,1,0.000039781994669212715
P,56,406,84392,4,0.000047397857616835716
P,56,413,80441,17,0.00021133501572581146
P,56,420,194747,17,0.00008729274391903341
P,56,427,57997,1,0.000017242271151956135
P,56,434,30690,1,0.00003258390355164549
P,56,441,70751,0,0.0
P,56,448,91279,9,0.00009859880147679093
P,56,455,108505,14,0.00012902631215151375
P,56,462,11797,0,0.0
P,56,469,40870,0,0.0
P,56,476,40324,10,0.0002479912707072711
P,56,483,99555,11,0.00011049168801165185
P,56,490,9806,1,0.00010197838058331633
P,56,497,36786,1,0.00002718425487957375
P,56,504,48846,1,0.00002047250542521394
P,56,511,82771,12,0.0001449783136605816
P,56,518,27894,0,0.0
P,56,525,9409,2,0.0002125624402168137
P,56,532,21034,3,0.00014262622420842445
P,56,539,36341,5,0.00013758564706529814
P,56,546,47869,4,0.00008356138628339844
P,56,553,5696,0,0.0
P,56,560,22804,0,0.0
P,56,567,13856,0,0.0
P,56,574,74932,3,0.00004003629957828431
P,56,581,7080,0,0.0
P,56,588,17106,0,0.0
P,56,595,31252,0,0.0
P,56,602,65659,11,0.00016753224995811694
P,56,609,19813,2,0.00010094382476152021
P,56,616,8025,2,0.00024922118380062304
P,56,623,26290,1,0.00003803727653100038
P,56,630,54133,2,0.00003694604030812998
P,56,637,56463,59,0.0010449320794148381
P,56,644,3627,0,0.0
P,56,651,21391,0,0.0
P,56,658,15510,0,0.0
P,56,665,41458,5,0.00012060398475565633
P,56,672,7459,2,0.0002681324574339724
P,56,679,15239,2,0.00013124220749393005
P,56,686,16385,1,0.000061031431187061336
P,56,693,45020,12,0.0002665482007996446
P,56,700,20836,0,0.0
P,56,707,6733,0,0.0
P,56,714,11176,0,0.0
P,56,721,20580,6,0.0002915451895043732
P,56,728,22020,4,0.00018165304268846503
P,56,735,2816,0,0.0
P,56,742,9669,0,0.0
P,56,749,6055,0,0.0
P,56,756,13208,3,0.0002271350696547547
P,56,763,2056,0,0.0
P,56,770,6579,0,0.0
P,56,777,6453,0,0.0
P,56,784,18890,10,0.0005293806246691371
P,56,791,5355,1,0.00018674136321195143
P,56,798,3822,1,0.00026164311878597594
P,56,805,7202,0,0.0
P,56,812,8561,0,0.0
P,56,819,10048,0,0.0
P,56,826,1674,0,0.0
P,56,833,4271,0,0.0
P,56,840,2899,1,0.00034494653328734045
P,56,847,17565,5,0.0002846569883290635
P,56,854,1259,0,0.0
P,56,861,6347,0,0.0
P,56,868,5342,0,0.0
P,56,875,11912,4,0.000335795836131632
P,56,882,4045,1,0.00024721878862793575
P,56,889,1823,0,0.0
P,56,896,2795,0,0.0
P,56,903,6322,0,0.0
P,56,910,8321,0,0.0
P,56,917,1055,0,0.0
P,56,924,3260,0,0.0
P,56,931,2449,0,0.0
P,56,938,11262,2,0.0001775883502042266
P,56,945,4495,0,0.0
P,56,952,1999,0,0.0
P,56,959,4932,0,0.0
P,56,966,14503,1,0.00006895125146521409
P,56,973,3530,0,0.0
P,56,980,1692,0,0.0
P,56,987,4950,1,0.00020202020202020202
P,56,994,1873,0,0.0
P,56,1001,22376,23,0.0010278870218090811
P,56,1008,884,1,0.0011312217194570137
P,56,1015,3222,0,0.0
P,56,1022,2525,0,0.0
P,56,1029,5360,2,0.00037313432835820896
P,56,1036,2188,1,0.0004570383912248629
P,56,1043,1380,0,0.0
P,56,1050,1950,2,0.0010256410256410256
P,56,1057,2370,1,0.0004219409282700422
P,56,1064,4879,3,0.0006148800983808157
P,56,1071,667,0,0.0
P,56,1078,1071,0,0.0
P,56,1085,1217,0,0.0
P,56,1092,1776,0,0.0
P,56,1099,43,0,0.0
P,56,1106,322,0,0.0
P,56,1113,231,0,0.0
P,56,1120,597,0,0.0
P,56,1127,24,0,0.0
P,56,1134,104,0,0.0
P,56,1141,480,1,0.0020833333333333333
P,56,1148,245,0,0.0
P,56,1155,473,0,0.0
P,56,1162,9,0,0.0
P,56,1169,319,0,0.0
P,56,1176,93,0,0.0
P,56,1183,633,0,0.0
P,56,1190,4,0,0.0
P,56,1197,114,0,0.0
P,56,1204,195,0,0.0
P,56,1211,839,0,0.0
P,56,1225,231,0,0.0
P,56,1232,288,0,0.0
P,56,1239,571,0,0.0
P,56,1246,280,0,0.0
P,56,1253,19,0,0.0
P,56,1260,91,0,0.0
P,56,1267,54,0,0.0
P,56,1274,573,0,0.0
P,56,1281,8,0,0.0
P,56,1288,224,0,0.0
P,56,1295,198,0,0.0
P,56,1302,316,0,0.0
P,56,1309,63,0,0.0
P,56,1316,58,0,0.0
P,56,1323,300,0,0.0
P,56,1330,732,0,0.0
P,56,1337,289,0,0.0
P,56,1344,57,0,0.0
P,56,1351,338,0,0.0
P,56,1358,110,0,0.0
P,56,1365,520,0,0.0
P,56,1372,32,0,0.0
P,56,1379,142,0,0.0
P,56,1386,191,0,0.0
P,56,1393,329,0,0.0
P,56,1400,245,0,0.0
P,56,1407,87,0,0.0
P,56,1414,279,0,0.0
P,56,1421,266,0,0.0
P,56,1428,781,0,0.0
P,56,1435,7,0,0.0
P,56,1442,85,0,0.0
P,56,1449,206,0,0.0
P,56,1456,388,0,0.0
P,56,1463,8,0,0.0
P,56,1470,176,0,0.0
P,56,1477,129,0,0.0
P,56,1484,328,0,0.0
P,56,1491,51,0,0.0
P,56,1498,139,0,0.0
P,56,1505,182,0,0.0
P,56,1512,59,0,0.0
P,56,1519,217,0,0.0
P,56,1526,2,0,0.0
P,56,1533,280,0,0.0
P,56,1540,42,0,0.0
P,56,1547,477,0,0.0
P,56,1561,60,0,0.0
P,56,1568,104,0,0.0
P,56,1575,667,0,0.0
P,56,1582,65,0,0.0
P,56,1589,66,0,0.0
P,56,1596,284,0,0.0
P,56,1603,58,0,0.0
P,56,1610,509,0,0.0
P,56,1617,1,0,0.0
P,56,1624,128,0,0.0
P,56,1631,173,0,0.0
P,56,1638,898,0,0.0
P,56,1645,119,0,0.0
P,56,1652,123,0,0.0
P,56,1659,411,0,0.0
P,56,1666,238,0,0.0
P,56,1673,535,0,0.0
P,56,1680,44,0,0.0
P,56,1687,459,0,0.0
P,56,1694,265,0,0.0
P,56,1701,1370,0,0.0
P,56,1708,44,0,0.0
P,56,1715,273,0,0.0
P,56,1722,755,0,0.0
P,56,1729,920,0,0.0
P,56,1736,204,0,0.0
P,56,1743,52,0,0.0
P,56,1750,272,0,0.0
P,56,1757,161,0,0.0
P,56,1764,371,0,0.0
P,56,1771,124,0,0.0
P,56,1778,391,0,0.0
P,56,1785,135,0,0.0
P,56,1792,1300,0,0.0
P,56,1799,56,0,0.0
P,56,1806,120,0,0.0
P,56,1813,180,0,0.0
P,56,1820,522,0,0.0
P,56,1827,6,0,0.0
P,56,1834,170,0,0.0
P,56,1841,231,0,0.0
P,56,1848,423,0,0.0
P,56,1855,169,0,0.0
P,56,1862,73,0,0.0
P,56,1869,390,0,0.0
P,56,1876,26,0,0.0
P,56,1883,398,0,0.0
P,56,1897,73,0,0.0
P,56,1904,129,0,0.0
P,56,1911,148,0,0.0
P,56,1918,451,0,0.0
P,56,1925,3,0,0.0
P,56,1932,132,0,0.0
P,56,1939,136,0,0.0
P,56,1946,504,0,0.0
P,56,1953,12,0,0.0
P,56,1960,399,0,0.0
P,56,1967,160,0,0.0
P,56,1974,745,0,0.0
P,56,1988,36,0,0.0
P,56,1995,93,0,0.0
P,56,2002,54,0,0.0
P,56,2009,370,0,0.0
P,56,2016,9,0,0.0
P,56,2023,20,0,0.0
P,56,2030,36,0,0.0
P,56,2037,108,0,0.0
P,56,2044,22,0,0.0
P,56,2051,20,0,0.0
P,56,2058,49,0,0.0
P,56,2065,304,0,0.0
P,56,2072,2,0,0.0
P,56,2079,23,0,0.0
P,56,2086,299,0,0.0
P,56,2100,172,0,0.0
P,56,2114,44,0,0.0
P,56,2121,23,0,0.0
P,56,2128,62,0,0.0
P,56,2135,22,0,0.0
P,56,2149,56,0,0.0
P,56,2156,73,0,0.0
P,56,2163,37,0,0.0
P,56,2177,1,0,0.0
P,56,2191,119,0,0.0
P,56,2198,2,0,0.0
P,63,63,3934998,3991,0.0010142317734341923
P,63,70,2377414,4026,0.0016934366500744086
P,63,77,5100745,6966,0.0013656828561318004
P,63,84,3696181,4153,0.0011235921617474903
P,63,91,7647500,20934,0.002737365152010461
P,63,98,4126974,9088,0.002202097711301307
P,63,105,2338765,4017,0.0017175731636141296
P,63,112,2243551,2924,0.0013032910774036339
P,63,119,2099838,3900,0.0018572861335017273
P,63,126,3830612,3154,0.0008233671277592196
P,63,133,1122637,1005,0.0008952136799339412
P,63,140,1619635,560,0.0003457569143665085
P,63,147,795588,1164,0.0014630688245674897
P,63,154,3327221,1183,0.00035555197565776363
P,63,161,842254,202,0.0002398326395600377
P,63,168,1238320,318,0.00025679953485367274
P,63,175,779216,456,0.0005852035892486807
P,63,182,1169352,1348,0.0011527752122543083
P,63,189,832991,329,0.00039496225049250234
P,63,196,353044,46,0.00013029537394772324
P,63,203,537873,360,0.000669302976724989
P,63,210,470479,1082,0.0022997838373232386
P,63,217,1181663,627,0.0005306081344681182
P,63,224,203372,112,0.0005507149460102669
P,63,231,368043,201,0.0005461318378559028
P,63,238,324398,334,0.0010295994426599425
P,63,245,1140815,200,0.00017531326288662053
P,63,252,338513,18,0.00005317373335735998
P,63,259,229770,42,0.00018279148713931323
P,63,266,323294,209,0.0006464703953676839
P,63,273,696079,290,0.0004166193779729025
P,63,280,492731,149,0.00030239623648603396
P,63,287,139289,24,0.00017230362770929506
P,63,294,290077,62,0.00021373635276150814
P,63,301,256939,57,0.00022184253850135636
P,63,308,664675,192,0.0002888629781472148
P,63,315,70570,156,0.0022105710641915828
P,63,322,213038,24,0.0001126559580919836
P,63,329,192006,86,0.00044790266970823827
P,63,336,633719,218,0.00034400104778300794
P,63,343,169015,20,0.00011833269236458303
P,63,350,115572,44,0.0003807150520887412
P,63,357,233892,99,0.00042327227951362165
P,63,364,427874,331,0.0007735922257487018
P,63,371,342191,25,0.00007305861346441023
P,63,378,17037,0,0.0
P,63,385,108231,0,0.0
P,63,392,103826,89,0.0008572033979927957
P,63,399,241432,45,0.00018638788561582556
P,63,406,8677,11,0.001267719257807998
P,63,413,49625,0,0.0
P,63,420,64976,4,0.00006156119182467373
P,63,427,176737,22,0.00012447874525424785
P,63,434,37762,0,0.0
P,63,441,14843,0,0.0
P,63,448,52682,1,0.00001898181542082685
P,63,455,73793,7,0.00009485994606534496
P,63,462,86702,12,0.00013840511176212774
P,63,469,4493,0,0.0
P,63,476,43399,17,0.00039171409479481093
P,63,483,24009,3,0.00012495314257153568
P,63,490,89703,19,0.00021181008438959678
P,63,497,3511,0,0.0
P,63,504,26351,0,0.0
P,63,511,32361,1,0.000030901393652853744
P,63,518,71165,12,0.00016862221597695496
P,63,525,24703,0,0.0
P,63,532,4633,4,0.0008633714655730628
P,63,539,22192,1,0.00004506128334534967
P,63,546,46118,4,0.00008673403009670844
P,63,553,40288,0,0.0
P,63,560,1262,0,0.0
P,63,567,16112,0,0.0
P,63,574,8639,0,0.0
P,63,581,77446,1,0.000012912222710017303
P,63,588,2088,0,0.0
P,63,595,10774,1,0.00009281603861147207
P,63,602,22041,0,0.0
P,63,609,61267,10,0.00016322000424372012
P,63,616,12092,1,0.00008269930532583527
P,63,623,3652,0,0.0
P,63,630,22586,0,0.0
P,63,637,31763,0,0.0
P,63,644,49222,1,0.000020316118808662795
P,63,651,1840,0,0.0
P,63,658,25709,0,0.0
P,63,665,7052,0,0.0
P,63,672,38382,4,0.00010421551769058413
P,63,679,3297,5,0.001516530178950561
P,63,686,10605,0,0.0
P,63,693,19787,3,0.0001516146965179158
P,63,700,34375,3,0.00008727272727272727
P,63,707,17523,1,0.00005706785367802317
P,63,714,2735,0,0.0
P,63,721,7863,5,0.0006358896095637797
P,63,728,23955,3,0.00012523481527864746
P,63,735,12668,0,0.0
P,63,742,808,0,0.0
P,63,749,5211,0,0.0
P,63,756,3948,0,0.0
P,63,763,13343,5,0.00037472832196657423
P,63,770,806,0,0.0
P,63,777,3579,0,0.0
P,63,784,4852,0,0.0
P,63,791,20635,1,0.0000484613520717228
P,63,798,5547,0,0.0
P,63,805,1663,0,0.0
P,63,812,4892,0,0.0
P,63,819,5306,1,0.00018846588767433095
P,63,826,9704,2,0.00020610057708161583
P,63,833,431,0,0.0
P,63,840,5091,3,0.0005892751915144372
P,63,847,1991,0,0.0
P,63,854,16526,0,0.0
P,63,861,702,0,0.0
P,63,868,1550,0,0.0
P,63,875,3147,0,0.0
P,63,882,12472,2,0.00016035920461834508
P,63,889,3131,1,0.00031938677738741617
P,63,896,687,0,0.0
P,63,903,3327,0,0.0
P,63,910,3233,1,0.0003093102381688834
P,63,917,9089,2,0.00022004620970403785
P,63,924,343,0,0.0
P,63,931,3984,0,0.0
P,63,938,1923,0,0.0
P,63,945,12304,3,0.00024382314694408323
P,63,952,2563,1,0.0003901677721420211
P,63,959,1531,0,0.0
P,63,966,3866,0,0.0
P,63,973,15126,0,0.0
P,63,980,3694,2,0.0005414185165132648
P,63,987,125,0,0.0
P,63,994,4963,4,0.0008059641345960105
P,63,1001,1316,0,0.0
P,63,1008,21137,0,0.0
P,63,1015,146,0,0.0
P,63,1022,2656,0,0.0
P,63,1029,1666,1,0.0006002400960384153
P,63,1036,4881,3,0.0006146281499692685
P,63,1043,1089,0,0.0
P,63,1050,250,0,0.0
P,63,1057,2997,0,0.0
P,63,1064,3304,2,0.0006053268765133172
P,63,1071,3563,0,0.0
P,63,1078,289,0,0.0
P,63,1085,671,0,0.0
P,63,1092,1180,0,0.0
P,63,1099,1987,0,0.0
P,63,1113,269,0,0.0
P,63,1120,21,0,0.0
P,63,1127,691,0,0.0
P,63,1134,44,0,0.0
P,63,1141,48,0,0.0
P,63,1148,353,0,0.0
P,63,1155,330,0,0.0
P,63,1162,446,0,0.0
P,63,1176,763,0,0.0
P,63,1183,131,0,0.0
P,63,1190,571,0,0.0
P,63,1197,9,0,0.0
P,63,1204,278,0,0.0
P,63,1211,30,0,0.0
P,63,1218,1555,0,0.0
P,63,1232,26,0,0.0
P,63,1239,189,0,0.0
P,63,1246,444,0,0.0
P,63,1253,208,0,0.0
P,63,1267,258,0,0.0
P,63,1274,21,0,0.0
P,63,1281,716,0,0.0
P,63,1295,107,0,0.0
P,63,1302,37,0,0.0
P,63,1309,378,0,0.0
P,63,1316,192,0,0.0
P,63,1323,8,0,0.0
P,63,1330,379,0,0.0
P,63,1337,1726,0,0.0
P,63,1344,173,0,0.0
P,63,1351,2,0,0.0
P,63,1358,110,0,0.0
P,63,1365,31,0,0.0
P,63,1372,806,0,0.0
P,63,1379,33,0,0.0
P,63,1386,58,0,0.0
P,63,1393,170,0,0.0
P,63,1400,336,0,0.0
P,63,1407,96,0,0.0
P,63,1414,164,0,0.0
P,63,1421,197,0,0.0
P,63,1428,246,0,0.0
P,63,1435,201,0,0.0
P,63,1442,7,0,0.0
P,63,1449,96,0,0.0
P,63,1456,252,0,0.0
P,63,1463,1109,0,0.0
P,63,1477,81,0,0.0
P,63,1484,16,0,0.0
P,63,1491,669,0,0.0
P,63,1498,30,0,0.0
P,63,1505,9,0,0.0
P,63,1512,194,0,0.0
P,63,1519,86,0,0.0
P,63,1526,191,0,0.0
P,63,1540,428,0,0.0
P,63,1547,128,0,0.0
P,63,1554,386,0,0.0
P,63,1561,3,0,0.0
P,63,1568,78,0,0.0
P,63,1575,163,0,0.0
P,63,1582,1087,0,0.0
P,63,1589,167,0,0.0
P,63,1596,5,0,0.0
P,63,1603,195,0,0.0
P,63,1610,53,0,0.0
P,63,1617,427,0,0.0
P,63,1631,92,0,0.0
P,63,1638,183,0,0.0
P,63,1645,625,0,0.0
P,63,1652,110,1,0.00909090909090909
P,63,1666,252,0,0.0
P,63,1673,182,0,0.0
P,63,1680,593,0,0.0
P,63,1687,10,0,0.0
P,63,1694,336,0,0.0
P,63,1701,526,0,0.0
P,63,1708,960,0,0.0
P,63,1715,7,0,0.0
P,63,1722,94,0,0.0
P,63,1729,249,0,0.0
P,63,1736,668,0,0.0
P,63,1743,402,0,0.0
P,63,1750,7,0,0.0
P,63,1757,255,0,0.0
P,63,1764,235,0,0.0
P,63,1771,318,0,0.0
P,63,1778,134,0,0.0
P,63,1785,275,0,0.0
P,63,1792,230,0,0.0
P,63,1799,813,0,0.0
P,63,1806,18,0,0.0
P,63,1813,125,0,0.0
P,63,1820,132,0,0.0
P,63,1827,944,0,0.0
P,63,1841,57,0,0.0
P,63,1848,113,0,0.0
P,63,1855,590,0,0.0
P,63,1862,774,0,0.0
P,63,1869,131,0,0.0
P,63,1876,247,0,0.0
P,63,1883,53,0,0.0
P,63,1890,628,0,0.0
P,63,1904,34,0,0.0
P,63,1911,97,0,0.0
P,63,1918,194,0,0.0
P,63,1925,134,0,0.0
P,63,1932,13,0,0.0
P,63,1939,154,0,0.0
P,63,1946,191,0,0.0
P,63,1953,153,0,0.0
P,63,1967,154,0,0.0
P,63,1974,102,0,0.0
P,63,1981,690,0,0.0
P,63,1995,28,0,0.0
P,63,2002,180,0,0.0
P,63,2016,327,0,0.0
P,63,2030,25,0,0.0
P,63,2037,9,0,0.0
P,63,2044,229,0,0.0
P,63,2058,1,0,0.0
P,63,2065,139,0,0.0
P,63,2072,350,0,0.0
P,63,2093,88,0,0.0
P,63,2107,369,0,0.0
P,63,2121,43,0,0.0
P,63,2128,34,0,0.0
P,63,2135,24,0,0.0
P,63,2149,14,0,0.0
P,63,2156,63,0,0.0
P,63,2163,13,0,0.0
P,63,2170,141,0,0.0
P,63,2184,22,0,0.0
P,63,2191,13,0,0.0
P,63,2198,29,0,0.0
P,70,70,3166093,4514,0.001425731966812093
P,70,77,1705999,2174,0.0012743266555255894
P,70,84,3988364,2866,0.0007185903794137145
P,70,91,2595030,2529,0.0009745552074542491
P,70,98,5515920,7948,0.0014409201003640372
P,70,105,2913953,3719,0.0012762731588326923
P,70,112,1793840,1674,0.0009331935958613924
P,70,119,1568205,1167,0.0007441629123743388
P,70,126,1569450,962,0.0006129535824651948
P,70,133,3016891,3834,0.0012708447206080697
P,70,140,914743,1127,0.0012320400374750066
P,70,147,1186480,417,0.0003514597801901423
P,70,154,540110,125,0.00023143433744977874
P,70,161,2797521,837,0.00029919346449946223
P,70,168,669559,140,0.00020909285066737958
P,70,175,796709,157,0.00019706065828301175
P,70,182,480175,420,0.0008746811058468267
P,70,189,951982,411,0.00043173085205392537
P,70,196,640474,201,0.00031383006960469903
P,70,203,226508,26,0.00011478623271584226
P,70,210,421126,292,0.0006933791786781153
P,70,217,355750,47,0.00013211524947294448
P,70,224,998515,1264,0.0012658798315498515
P,70,231,166830,389,0.0023317149193790086
P,70,238,307738,106,0.00034444884934587214
P,70,245,251864,82,0.00032557253120731825
P,70,252,990984,415,0.000418775681544808
P,70,259,245137,44,0.00017949146803624097
P,70,266,216847,5,0.000023057731949254543
P,70,273,278855,103,0.0003693675924763766
P,70,280,557045,206,0.000369808543295425
P,70,287,356175,36,0.00010107391029690461
P,70,294,107760,63,0.0005846325167037862
P,70,301,207747,34,0.00016366060641068224
P,70,308,186338,50,0.0002683295946076485
P,70,315,596361,465,0.0007797290567290617
P,70,322,71465,222,0.0031064157279787306
P,70,329,130316,104,0.0007980601000644587
P,70,336,152921,18,0.0001177078360722203
P,70,343,623504,148,0.00023736816443839975
P,70,350,152099,30,0.00019723995555526335
P,70,357,95877,87,0.0009074126224224788
P,70,364,202737,69,0.00034034241406354044
P,70,371,248486,14,0.000056341202321257534
P,70,378,228489,35,0.00015318024062427514
P,70,385,6203,2,0.00032242463324197966
P,70,392,82895,11,0.00013269799143494782
P,70,399,75356,13,0.00017251446467434576
P,70,406,194599,45,0.00023124476487546185
P,70,413,2427,3,0.0012360939431396785
P,70,420,32554,1,0.0000307181913128955
P,70,427,57295,0,0.0
P,70,434,183040,11,0.00006009615384615385
P,70,441,36122,0,0.0
P,70,448,9520,0,0.0
P,70,455,43482,2,0.000045996044340186746
P,70,462,45715,2,0.000043749316416930984
P,70,469,57530,0,0.0
P,70,476,2700,27,0.01
P,70,483,25505,0,0.0
P,70,490,25248,0,0.0
P,70,497,92952,237,0.002549703072553576
P,70,504,1552,0,0.0
P,70,511,13952,0,0.0
P,70,518,23473,2,0.00008520427725471819
P,70,525,59655,5,0.00008381527114240215
P,70,532,17931,2,0.00011153867603591545
P,70,539,3013,0,0.0
P,70,546,19134,0,0.0
P,70,553,24805,2,0.00008062890546260835
P,70,560,30181,1,0.000033133428315827836
P,70,567,215,0,0.0
P,70,574,15099,0,0.0
P,70,581,8166,0,0.0
P,70,588,55370,9,0.0001625428932635001
P,70,595,422,0,0.0
P,70,602,9280,8,0.0008620689655172414
P,70,609,19547,0,0.0
P,70,616,85485,7,0.00008188571094344037
P,70,623,12656,0,0.0
P,70,630,6448,0,0.0
P,70,637,18654,6,0.000321646831778707
P,70,644,22594,1,0.000044259537930424005
P,70,651,39446,0,0.0
P,70,658,1080,0,0.0
P,70,665,8539,0,0.0
P,70,672,5100,0,0.0
P,70,679,39918,3,0.00007515406583496167
P,70,686,2782,2,0.0007189072609633358
P,70,693,4194,0,0.0
P,70,700,11459,0,0.0
P,70,707,32343,7,0.00021643013944284699
P,70,714,11346,0,0.0
P,70,721,1039,0,0.0
P,70,728,9981,0,0.0
P,70,735,11119,5,0.00044968072668405434
P,70,742,7618,0,0.0
P,70,749,147,0,0.0
P,70,756,3845,0,0.0
P,70,763,3662,0,0.0
P,70,770,14911,2,0.0001341291663872309
P,70,777,63,0,0.0
P,70,784,3463,0,0.0
P,70,791,5073,0,0.0
P,70,798,18158,2,0.00011014428901861439
P,70,805,4965,0,0.0
P,70,812,636,0,0.0
P,70,819,3181,0,0.0
P,70,826,2954,0,0.0
P,70,833,5466,1,0.00018294914013904133
P,70,840,496,3,0.006048387096774193
P,70,847,3928,0,0.0
P,70,854,1038,0,0.0
P,70,861,18905,4,0.0002115842369743454
P,70,868,307,0,0.0
P,70,875,1824,0,0.0
P,70,882,3783,0,0.0
P,70,889,11462,0,0.0
P,70,896,2606,0,0.0
P,70,903,454,0,0.0
P,70,910,2142,0,0.0
P,70,917,4804,0,0.0
P,70,924,6653,0,0.0
P,70,931,11,0,0.0
P,70,938,1820,0,0.0
P,70,945,1351,0,0.0
P,70,952,7742,1,0.0001291655902867476
P,70,959,1739,1,0.0005750431282346176
P,70,966,1320,0,0.0
P,70,973,4696,0,0.0
P,70,980,19430,5,0.0002573340195573855
P,70,987,1741,0,0.0
P,70,994,14,0,0.0
P,70,1001,5130,0,0.0
P,70,1008,959,0,0.0
P,70,1015,9941,5,0.0005029675082989639
P,70,1022,88,0,0.0
P,70,1029,695,0,0.0
P,70,1036,904,0,0.0
P,70,1043,5110,0,0.0
P,70,1050,652,0,0.0
P,70,1057,286,0,0.0
P,70,1064,2203,0,0.0
P,70,1071,2361,0,0.0
P,70,1078,2901,2,0.0006894174422612892
P,70,1085,76,0,0.0
P,70,1092,652,0,0.0
P,70,1099,294,0,0.0
P,70,1106,789,0,0.0
P,70,1120,173,0,0.0
P,70,1127,114,0,0.0
P,70,1134,1161,0,0.0
P,70,1141,3,0,0.0
P,70,1148,13,0,0.0
P,70,1155,247,0,0.0
P,70,1162,215,0,0.0
P,70,1169,469,0,0.0
P,70,1183,103,0,0.0
P,70,1190,79,0,0.0
P,70,1197,294,0,0.0
P,70,1204,9,0,0.0
P,70,1211,277,0,0.0
P,70,1218,178,0,0.0
P,70,1225,1293,0,0.0
P,70,1239,91,0,0.0
P,70,1246,205,0,0.0
P,70,1253,365,0,0.0
P,70,1260,104,0,0.0
P,70,1274,189,0,0.0
P,70,1281,29,0,0.0
P,70,1288,468,0,0.0
P,70,1302,86,0,0.0
P,70,1309,56,0,0.0
P,70,1316,522,0,0.0
P,70,1323,42,0,0.0
P,70,1330,60,0,0.0
P,70,1337,712,0,0.0
P,70,1344,1300,1,0.0007692307692307692
P,70,1351,179,0,0.0
P,70,1358,3,0,0.0
P,70,1365,145,0,0.0
P,70,1372,60,0,0.0
P,70,1379,531,0,0.0
P,70,1386,1,0,0.0
P,70,1393,47,0,0.0
P,70,1400,153,0,0.0
P,70,1407,171,0,0.0
P,70,1414,94,0,0.0
P,70,1421,85,0,0.0
P,70,1428,242,0,0.0
P,70,1435,109,0,0.0
P,70,1442,595,0,0.0
P,70,1456,187,0,0.0
P,70,1463,204,0,0.0
P,70,1470,332,0,0.0
P,70,1484,97,0,0.0
P,70,1491,55,0,0.0
P,70,1498,634,0,0.0
P,70,1512,4,0,0.0
P,70,1519,116,0,0.0
P,70,1526,101,0,0.0
P,70,1533,524,0,0.0
P,70,1547,71,0,0.0
P,70,1554,11,0,0.0
P,70,1561,246,0,0.0
P,70,1568,1,0,0.0
P,70,1575,174,0,0.0
P,70,1582,172,0,0.0
P,70,1589,704,0,0.0
P,70,1596,94,0,0.0
P,70,1603,6,0,0.0
P,70,1610,187,0,0.0
P,70,1617,104,0,0.0
P,70,1624,602,0,0.0
P,70,1638,134,0,0.0
P,70,1645,115,0,0.0
P,70,1652,681,0,0.0
P,70,1659,183,0,0.0
P,70,1666,29,0,0.0
P,70,1673,185,0,0.0
P,70,1680,128,0,0.0
P,70,1687,415,0,0.0
P,70,1701,310,0,0.0
P,70,1708,116,0,0.0
P,70,1715,2362,0,0.0
P,70,1722,9,0,0.0
P,70,1729,137,0,0.0
P,70,1736,156,0,0.0
P,70,1743,379,0,0.0
P,70,1750,320,0,0.0
P,70,1764,118,0,0.0
P,70,1771,259,0,0.0
P,70,1778,284,0,0.0
P,70,1785,72,0,0.0
P,70,1792,292,0,0.0
P,70,1799,132,0,0.0
P,70,1806,527,0,0.0
P,70,1820,54,0,0.0
P,70,1827,167,0,0.0
P,70,1834,676,0,0.0
P,70,1848,144,0,0.0
P,70,1855,139,0,0.0
P,70,1862,106,0,0.0
P,70,1869,1286,0,0.0
P,70,1876,1,0,0.0
P,70,1883,85,0,0.0
P,70,1890,58,0,0.0
P,70,1897,747,0,0.0
P,70,1911,33,0,0.0
P,70,1918,159,0,0.0
P,70,1925,35,0,0.0
P,70,1932,187,0,0.0
P,70,1939,18,0,0.0
P,70,1946,319,0,0.0
P,70,1953,207,0,0.0
P,70,1960,794,0,0.0
P,70,1974,132,0,0.0
P,70,1981,134,0,0.0
P,70,1988,551,0,0.0
P,70,2009,124,0,0.0
P,70,2023,97,0,0.0
P,70,2037,31,0,0.0
P,70,2044,19,0,0.0
P,70,2051,95,0,0.0
P,70,2065,14,0,0.0
P,70,2072,114,0,0.0
P,70,2079,561,0,0.0
P,70,2100,77,0,0.0
P,70,2114,207,0,0.0
P,70,2128,2,0,0.0
P,70,2135,7,0,0.0
P,70,2142,49,0,0.0
P,70,2149,6,0,0.0
P,70,2163,6,0,0.0
P,70,2170,5,0,0.0
P,70,2177,44,0,0.0
P,70,2191,28,0,0.0
P,77,77,2683408,2993,0.0011153726902506068
P,77,84,1474504,1096,0.0007433007980988861
P,77,91,3524417,2007,0.0005694558844767801
P,77,98,2169857,1691,0.0007793140285281472
P,77,105,4192264,3894,0.0009288537172277318
P,77,112,2410213,2290,0.0009501234953093357
P,77,119,1517901,594,0.00039132986933930475
P,77,126,1452848,1433,0.0009863385570961312
P,77,133,1353972,1371,0.001012576330972871
P,77,140,2635221,1731,0.0006568709038065498
P,77,147,874274,291,0.00033284759697760656
P,77,154,1119620,185,0.00016523463317911433
P,77,161,484437,155,0.000319959045242209
P,77,168,2527081,1199,0.0004744604545718954
P,77,175,473789,188,0.0003968011076660708
P,77,182,447333,260,0.0005812224897335989
P,77,189,420884,69,0.00016394065823362256
P,77,196,865636,307,0.00035465253293532153
P,77,203,585751,489,0.0008348257194609997
P,77,210,200325,21,0.00010482965181579933
P,77,217,404349,174,0.0004303213313251671
P,77,224,344508,170,0.000493457336259245
P,77,231,887642,527,0.0005937078236496245
P,77,238,156728,55,0.00035092644581695675
P,77,245,304374,56,0.00018398417736074699
P,77,252,262934,69,0.000262423269717876
P,77,259,866286,407,0.00046982174478174646
P,77,266,239176,91,0.0003804729571528916
P,77,273,200145,7,0.00003497464338354693
P,77,280,250623,7,0.000027930397449555708
P,77,287,450809,111,0.00024622401061203303
P,77,294,361843,138,0.00038138087513092694
P,77,301,68938,35,0.0005077025733267573
P,77,308,217335,76,0.00034969056985759313
P,77,315,176816,105,0.0005938376617500679
P,77,322,521933,534,0.0010231198257247577
P,77,329,58688,12,0.0002044711014176663
P,77,336,156652,63,0.00040216530909276615
P,77,343,154853,23,0.00014852795877380484
P,77,350,584784,414,0.0007079537059837478
P,77,357,146230,38,0.00025986459686794776
P,77,364,79825,15,0.00018791105543376137
P,77,371,164811,16,0.00009708089872641996
P,77,378,195444,62,0.00031722641779742533
P,77,385,169216,9,0.00005318645990922844
P,77,392,4092,0,0.0
P,77,399,75109,6,0.00007988390206233608
P,77,406,54461,8,0.0001468941077101045
P,77,413,147894,22,0.00014875518952763467
P,77,420,3045,0,0.0
P,77,427,32429,0,0.0
P,77,434,54701,4,0.0000731248057622347
P,77,441,147748,6,0.00004060968676394943
P,77,448,34820,0,0.0
P,77,455,6835,0,0.0
P,77,462,31097,0,0.0
P,77,469,35880,3,0.00008361204013377926
P,77,476,55446,7,0.00012624896295494715
P,77,483,1208,0,0.0
P,77,490,27321,0,0.0
P,77,497,24576,35,0.0014241536458333333
P,77,504,98362,43,0.00043716069213720743
P,77,511,2204,0,0.0
P,77,518,13698,0,0.0
P,77,525,20778,0,0.0
P,77,532,44760,9,0.00020107238605898123
P,77,539,18315,3,0.0001638001638001638
P,77,546,5183,0,0.0
P,77,553,15501,0,0.0
P,77,560,20319,1,0.000049215020424233474
P,77,567,25269,1,0.00003957418180379121
P,77,574,243,0,0.0
P,77,581,18787,0,0.0
P,77,588,6148,0,0.0
P,77,595,57696,5,0.00008666112035496395
P,77,602,333,1,0.003003003003003003
P,77,609,5992,0,0.0
P,77,616,23609,0,0.0
P,77,623,63322,8,0.00012633839739742902
P,77,630,14223,2,0.00014061730999085988
P,77,637,1329,0,0.0
P,77,644,13739,0,0.0
P,77,651,17492,0,0.0
P,77,658,34382,5,0.00014542493165028213
P,77,665,395,0,0.0
P,77,672,8149,0,0.0
P,77,679,6408,0,0.0
P,77,686,31400,1,0.00003184713375796178
P,77,693,9196,13,0.0014136581122227054
P,77,700,5362,0,0.0
P,77,707,12162,1,0.000082223318533136
P,77,714,23320,29,0.0012435677530017153
P,77,721,10618,0,0.0
P,77,728,566,0,0.0
P,77,735,4618,0,0.0
P,77,742,12359,4,0.0003236507808075087
P,77,749,7081,0,0.0
P,77,756,104,0,0.0
P,77,763,3264,0,0.0
P,77,770,3532,0,0.0
P,77,777,12030,2,0.00016625103906899418
P,77,784,21,0,0.0
P,77,791,3791,0,0.0
P,77,798,5653,0,0.0
P,77,805,15205,2,0.00013153567905294311
P,77,812,5316,0,0.0
P,77,819,297,0,0.0
P,77,826,3131,0,0.0
P,77,833,2928,0,0.0
P,77,840,5543,0,0.0
P,77,847,239,0,0.0
P,77,854,3597,0,0.0
P,77,861,1156,0,0.0
P,77,868,9048,0,0.0
P,77,875,82,1,0.012195121951219513
P,77,882,1503,0,0.0
P,77,889,3186,0,0.0
P,77,896,6954,1,0.0001438021282714984
P,77,903,3326,0,0.0
P,77,910,162,0,0.0
P,77,917,2650,0,0.0
P,77,924,2044,2,0.0009784735812133072
P,77,931,4889,0,0.0
P,77,938,1,0,0.0
P,77,945,3072,0,0.0
P,77,952,1547,0,0.0
P,77,959,7531,0,0.0
P,77,966,1200,0,0.0
P,77,973,965,0,0.0
P,77,980,4979,1,0.0002008435428800964
P,77,987,11974,1,0.00008351428094204109
P,77,994,2433,2,0.0008220304151253596
P,77,1001,1,0,0.0
P,77,1008,4030,0,0.0
P,77,1015,900,0,0.0
P,77,1022,8988,2,0.00022251891410769915
P,77,1029,33,0,0.0
P,77,1036,750,0,0.0
P,77,1043,1035,0,0.0
P,77,1050,3028,0,0.0
P,77,1057,1697,0,0.0
P,77,1064,622,8,0.012861736334405145
P,77,1071,1362,0,0.0
P,77,1078,1410,0,0.0
P,77,1085,1892,0,0.0
P,77,1099,745,0,0.0
P,77,1106,254,0,0.0
P,77,1113,847,0,0.0
P,77,1127,121,0,0.0
P,77,1134,122,0,0.0
P,77,1141,760,2,0.002631578947368421
P,77,1155,67,0,0.0
P,77,1162,231,0,0.0
P,77,1169,277,0,0.0
P,77,1176,625,0,0.0
P,77,1190,131,0,0.0
P,77,1197,2,0,0.0
P,77,1204,563,0,0.0
P,77,1211,2,0,0.0
P,77,1218,329,0,0.0
P,77,1225,109,0,0.0
P,77,1232,430,0,0.0
P,77,1246,90,0,0.0
P,77,1253,161,0,0.0
P,77,1260,177,0,0.0
P,77,1267,175,0,0.0
P,77,1281,203,0,0.0
P,77,1288,35,0,0.0
P,77,1295,480,0,0.0
P,77,1309,80,0,0.0
P,77,1316,150,0,0.0
P,77,1323,417,0,0.0
P,77,1330,119,0,0.0
P,77,1337,28,0,0.0
P,77,1344,452,0,0.0
P,77,1351,874,0,0.0
P,77,1358,280,0,0.0
P,77,1372,174,0,0.0
P,77,1379,98,0,0.0
P,77,1386,402,0,0.0
P,77,1400,45,0,0.0
P,77,1407,105,0,0.0
P,77,1414,573,0,0.0
P,77,1421,153,0,0.0
P,77,1428,265,0,0.0
P,77,1435,109,0,0.0
P,77,1442,118,0,0.0
P,77,1449,478,1,0.0020920502092050207
P,77,1463,248,0,0.0
P,77,1470,102,0,0.0
P,77,1477,430,0,0.0
P,77,1491,196,0,0.0
P,77,1498,55,0,0.0
P,77,1505,283,0,0.0
P,77,1519,7,0,0.0
P,77,1526,99,0,0.0
P,77,1533,103,0,0.0
P,77,1540,492,0,0.0
P,77,1554,125,0,0.0
P,77,1561,7,0,0.0
P,77,1568,277,0,0.0
P,77,1575,13,0,0.0
P,77,1582,203,0,0.0
P,77,1589,177,0,0.0
P,77,1596,362,0,0.0
P,77,1603,119,0,0.0
P,77,1610,2,0,0.0
P,77,1617,176,0,0.0
P,77,1624,103,0,0.0
P,77,1631,518,0,0.0
P,77,1645,108,0,0.0
P,77,1652,231,0,0.0
P,77,1659,474,0,0.0
P,77,1666,203,0,0.0
P,77,1673,35,0,0.0
P,77,1680,228,0,0.0
P,77,1687,276,0,0.0
P,77,1694,440,0,0.0
P,77,1708,254,0,0.0
P,77,1715,350,0,0.0
P,77,1722,2124,0,0.0
P,77,1736,86,0,0.0
P,77,1743,200,0,0.0
P,77,1750,433,0,0.0
P,77,1757,370,0,0.0
P,77,1764,12,0,0.0
P,77,1771,190,0,0.0
P,77,1778,341,0,0.0
P,77,1785,181,0,0.0
P,77,1792,308,0,0.0
P,77,1799,176,0,0.0
P,77,1806,92,0,0.0
P,77,1813,716,0,0.0
P,77,1827,212,0,0.0
P,77,1834,120,0,0.0
P,77,1841,507,0,0.0
P,77,1855,58,0,0.0
P,77,1862,370,0,0.0
P,77,1869,352,0,0.0
P,77,1876,82,0,0.0
P,77,1890,183,0,0.0
P,77,1897,141,0,0.0
P,77,1904,454,0,0.0
P,77,1918,31,0,0.0
P,77,1925,47,0,0.0
P,77,1932,95,0,0.0
P,77,1939,64,0,0.0
P,77,1946,20,0,0.0
P,77,1953,110,0,0.0
P,77,1960,141,0,0.0
P,77,1967,334,0,0.0
P,77,1981,107,0,0.0
P,77,1988,135,0,0.0
P,77,1995,265,0,0.0
P,77,2016,115,0,0.0
P,77,2030,83,0,0.0
P,77,2044,63,0,0.0
P,77,2051,5,0,0.0
P,77,2058,89,0,0.0
P,77,2072,8,0,0.0
P,77,2079,113,0,0.0
P,77,2086,737,0,0.0
P,77,2107,139,0,0.0
P,77,2121,148,0,0.0
P,77,2142,8,0,0.0
P,77,2149,125,0,0.0
P,77,2156,14,0,0.0
P,77,2170,69,0,0.0
P,77,2177,16,0,0.0
P,77,2184,70,0,0.0
P,77,2198,9,0,0.0
P,84,84,2509751,1382,0.0005506522360186329
P,84,91,1013927,525,0.0005177887559952541
P,84,98,2503043,1020,0.0004075039861480606
P,84,105,1740118,984,0.0005654788928107174
P,84,112,3624284,2202,0.000607568281072896
P,84,119,2035718,2174,0.0010679278760614191
P,84,126,1268210,631,0.0004975516673106189
P,84,133,1256197,1882,0.0014981726592246279
P,84,140,1250269,1249,0.000998985018424035
P,84,147,2397397,2600,0.0010845095743425056
P,84,154,796227,368,0.0004621797552707959
P,84,161,999832,316,0.0003160530969202826
P,84,168,454771,475,0.0010444817281664838
P,84,175,2190578,877,0.00040035095760114454
P,84,182,362970,75,0.00020662864699561948
P,84,189,381683,299,0.0007833725892953052
P,84,196,386170,139,0.00035994510189812776
P,84,203,807169,1057,0.0013095151077407582
P,84,210,542520,647,0.0011925827619258275
P,84,217,172193,35,0.00020326029513394853
P,84,224,366168,342,0.0009339975093399751
P,84,231,328597,197,0.0005995185592077834
P,84,238,861319,1730,0.002008547355857702
P,84,245,138675,56,0.0004038218857039841
P,84,252,297049,282,0.0009493383246535084
P,84,259,239315,169,0.000706182228443683
P,84,266,829250,578,0.0006970153753391619
P,84,273,175892,149,0.0008471107270370455
P,84,280,189817,45,0.00023707044153052677
P,84,287,231173,50,0.0002162882343526277
P,84,294,413430,90,0.00021769102387344895
P,84,301,323096,482,0.0014918166736821255
P,84,308,68990,24,0.0003478765038411364
P,84,315,200894,444,0.0022101207602018974
P,84,322,193128,145,0.0007507973986164617
P,84,329,464059,1164,0.0025083017461141797
P,84,336,44101,47,0.0010657354708510011
P,84,343,169408,42,0.00024792217604835664
P,84,350,162878,210,0.0012893085622367661
P,84,357,574842,506,0.0008802418751587392
P,84,364,123702,28,0.000226350422790254
P,84,371,50103,8,0.00015967107758018483
P,84,378,132641,77,0.0005805143206097662
P,84,385,153919,6,0.00003898154223974948
P,84,392,141369,26,0.0001839158514242868
P,84,399,3483,3,0.0008613264427217916
P,84,406,69165,19,0.00027470541458830334
P,84,413,47577,4,0.00008407423755175821
P,84,420,138568,67,0.0004835171179493101
P,84,427,3990,0,0.0
P,84,434,38906,3,0.00007710892921400298
P,84,441,45627,7,0.00015341793236460868
P,84,448,142006,9,0.00006337760376322128
P,84,455,35023,2,0.00005710533078262856
P,84,462,5836,0,0.0
P,84,469,21570,0,0.0
P,84,476,62921,0,0.0
P,84,483,46014,7,0.00015212761333507194
P,84,490,1342,0,0.0
P,84,497,27272,0,0.0
P,84,504,18565,0,0.0
P,84,511,65402,38,0.0005810219870951959
P,84,518,1759,0,0.0
P,84,525,10487,0,0.0
P,84,532,14018,14,0.000998715936652875
P,84,539,61365,4,0.0000651837366577039
P,84,546,16848,0,0.0
P,84,553,1385,0,0.0
P,84,560,13738,0,0.0
P,84,567,21882,0,0.0
P,84,574,26427,4,0.00015136035115601468
P,84,581,393,0,0.0
P,84,588,13237,0,0.0
P,84,595,6755,0,0.0
P,84,602,47158,8,0.00016964247847661053
P,84,609,126,0,0.0
P,84,616,9511,0,0.0
P,84,623,19131,0,0.0
P,84,630,85802,4,0.00004661895993100394
P,84,637,10993,0,0.0
P,84,644,4617,0,0.0
P,84,651,16693,0,0.0
P,84,658,39064,0,0.0
P,84,665,19555,0,0.0
P,84,672,328,0,0.0
P,84,679,9353,4,0.0004276702662247407
P,84,686,6102,0,0.0
P,84,693,30871,5,0.0001619643030676039
P,84,700,2571,0,0.0
P,84,707,5599,1,0.0001786033220217896
P,84,714,9269,4,0.00043154601359369945
P,84,721,20119,14,0.0006958596351707341
P,84,728,15745,0,0.0
P,84,735,390,0,0.0
P,84,742,4741,0,0.0
P,84,749,6595,3,0.0004548900682335102
P,84,756,3199,0,0.0
P,84,763,238,0,0.0
P,84,770,4255,0,0.0
P,84,777,3094,0,0.0
P,84,784,12656,1,0.00007901390644753477
P,84,791,32,0,0.0
P,84,798,2391,0,0.0
P,84,805,4454,0,0.0
P,84,812,10957,0,0.0
P,84,819,3893,1,0.00025687130747495504
P,84,826,93,0,0.0
P,84,833,1932,0,0.0
P,84,840,6821,2,0.00029321213898255387
P,84,847,7129,0,0.0
P,84,854,43,0,0.0
P,84,861,4226,0,0.0
P,84,868,1159,0,0.0
P,84,875,9440,0,0.0
P,84,882,174,0,0.0
P,84,889,1587,0,0.0
P,84,896,1848,0,0.0
P,84,903,11117,0,0.0
P,84,910,2290,0,0.0
P,84,917,236,0,0.0
P,84,924,1982,0,0.0
P,84,931,4953,0,0.0
P,84,938,6271,0,0.0
P,84,945,1,0,0.0
P,84,952,1420,0,0.0
P,84,959,828,0,0.0
P,84,966,8910,1,0.0001122334455667789
P,84,973,831,0,0.0
P,84,980,1974,0,0.0
P,84,987,4055,0,0.0
P,84,994,14857,12,0.0008077000740391734
P,84,1001,2720,1,0.0003676470588235294
P,84,1008,8,0,0.0
P,84,1015,2630,0,0.0
P,84,1022,706,0,0.0
P,84,1029,4676,1,0.000213857998289136
P,84,1043,978,3,0.003067484662576687
P,84,1050,501,0,0.0
P,84,1057,3333,2,0.0006000600060006001
P,84,1064,796,1,0.001256281407035176
P,84,1071,362,0,0.0
P,84,1078,1114,0,0.0
P,84,1085,874,0,0.0
P,84,1092,1551,0,0.0
P,84,1106,179,0,0.0
P,84,1113,196,0,0.0
P,84,1120,384,0,0.0
P,84,1134,257,0,0.0
P,84,1141,73,0,0.0
P,84,1148,633,0,0.0
P,84,1162,78,0,0.0
P,84,1169,364,0,0.0
P,84,1176,1646,0,0.0
P,84,1183,419,0,0.0
P,84,1197,93,0,0.0
P,84,1204,443,0,0.0
P,84,1211,328,0,0.0
P,84,1218,7,0,0.0
P,84,1225,389,0,0.0
P,84,1232,74,0,0.0
P,84,1239,574,0,0.0
P,84,1253,84,0,0.0
P,84,1260,81,0,0.0
P,84,1267,825,0,0.0
P,84,1274,223,0,0.0
P,84,1288,131,0,0.0
P,84,1295,42,0,0.0
P,84,1302,301,0,0.0
P,84,1316,122,0,0.0
P,84,1323,61,0,0.0
P,84,1330,647,0,0.0
P,84,1337,122,0,0.0
P,84,1344,65,0,0.0
P,84,1351,405,0,0.0
P,84,1358,228,0,0.0
P,84,1365,253,0,0.0
P,84,1379,155,0,0.0
P,84,1386,88,0,0.0
P,84,1393,410,0,0.0
P,84,1407,24,0,0.0
P,84,1414,126,0,0.0
P,84,1421,240,0,0.0
P,84,1428,124,0,0.0
P,84,1435,9,0,0.0
P,84,1442,151,0,0.0
P,84,1449,76,0,0.0
P,84,1456,309,0,0.0
P,84,1470,111,0,0.0
P,84,1477,84,0,0.0
P,84,1484,232,0,0.0
P,84,1498,249,0,0.0
P,84,1505,69,0,0.0
P,84,1512,439,0,0.0
P,84,1526,36,0,0.0
P,84,1533,330,0,0.0
P,84,1540,640,0,0.0
P,84,1547,470,0,0.0
P,84,1561,94,0,0.0
P,84,1568,22,0,0.0
P,84,1575,681,0,0.0
P,84,1582,4,0,0.0
P,84,1589,96,0,0.0
P,84,1596,121,0,0.0
P,84,1603,305,0,0.0
P,84,1610,61,0,0.0
P,84,1624,181,0,0.0
P,84,1631,103,0,0.0
P,84,1638,783,0,0.0
P,84,1652,55,0,0.0
P,84,1659,130,0,0.0
P,84,1666,525,0,0.0
P,84,1673,189,0,0.0
P,84,1680,15,0,0.0
P,84,1687,249,0,0.0
P,84,1694,259,0,0.0
P,84,1701,671,0,0.0
P,84,1715,668,0,0.0
P,84,1722,571,0,0.0
P,84,1729,930,2,0.002150537634408602
P,84,1743,113,0,0.0
P,84,1750,172,0,0.0
P,84,1757,297,0,0.0
P,84,1764,189,0,0.0
P,84,1771,24,0,0.0
P,84,1778,226,0,0.0
P,84,1785,279,0,0.0
P,84,1792,121,0,0.0
P,84,1799,133,0,0.0
P,84,1806,159,0,0.0
P,84,1813,93,0,0.0
P,84,1820,548,0,0.0
P,84,1834,112,0,0.0
P,84,1841,139,0,0.0
P,84,1848,513,0,0.0
P,84,1862,15,0,0.0
P,84,1869,794,0,0.0
P,84,1876,414,0,0.0
P,84,1883,254,0,0.0
P,84,1897,122,0,0.0
P,84,1904,95,0,0.0
P,84,1911,300,0,0.0
P,84,1925,8,0,0.0
P,84,1932,86,0,0.0
P,84,1939,372,0,0.0
P,84,1946,423,0,0.0
P,84,1953,4,0,0.0
P,84,1960,358,0,0.0
P,84,1967,127,0,0.0
P,84,1974,299,0,0.0
P,84,1988,83,0,0.0
P,84,1995,36,0,0.0
P,84,2002,504,0,0.0
P,84,2023,31,0,0.0
P,84,2037,111,0,0.0
P,84,2051,39,0,0.0
P,84,2058,36,0,0.0
P,84,2065,254,0,0.0
P,84,2079,76,0,0.0
P,84,2086,353,0,0.0
P,84,2093,180,0,0.0
P,84,2114,131,0,0.0
P,84,2128,131,0,0.0
P,84,2142,10,0,0.0
P,84,2149,43,0,0.0
P,84,2156,126,0,0.0
P,84,2177,5,0,0.0
P,84,2191,169,0,0.0
P,91,91,1866573,2410,0.0012911362159422643
P,91,98,764366,884,0.0011565140260032497
P,91,105,1884996,352,0.00018673779679108073
P,91,112,1289334,313,0.00024276099133351017
P,91,119,2930550,1605,0.0005476787633720633
P,91,126,1609269,2288,0.001421763546057247
P,91,133,1073592,677,0.0006305933725288564
P,91,140,1064289,532,0.0004998642286070795
P,91,147,1022894,1265,0.0012366872813800844
P,91,154,2005154,2844,0.0014183449251279454
P,91,161,688835,234,0.0003397039929736439
P,91,168,909423,175,0.00019242970542860692
P,91,175,352009,228,0.0006477107119420242
P,91,182,1491056,2385,0.0015995375089869193
P,91,189,260776,228,0.0008743135871399208
P,91,196,337066,94,0.0002788771338550907
P,91,203,323023,221,0.0006841618089114398
P,91,210,718414,811,0.0011288755508662136
P,91,217,486325,444,0.0009129697218937953
P,91,224,170790,19,0.00011124773113179928
P,91,231,326259,118,0.0003616758464900585
P,91,238,285945,224,0.0007833674307996294
P,91,245,778918,370,0.0004750179094590188
P,91,252,97032,44,0.000453458652815566
P,91,259,255308,67,0.0002624281260281699
P,91,266,186458,165,0.0008849177830932435
P,91,273,821257,752,0.0009156695163633308
P,91,280,174772,85,0.00048634792758565443
P,91,287,144875,25,0.0001725625539257981
P,91,294,201357,47,0.00023341627060395219
P,91,301,352861,108,0.00030606952879462453
P,91,308,294220,818,0.002780232479097274
P,91,315,63229,72,0.0011387179933258474
P,91,322,183242,208,0.0011351109461804607
P,91,329,125668,39,0.00031034153483782664
P,91,336,421660,1116,0.0026466821609827823
P,91,343,41056,6,0.00014614185502727982
P,91,350,162920,45,0.00027620918242082
P,91,357,128959,61,0.000473018556285331
P,91,364,547857,705,0.001286832147804993
P,91,371,96463,18,0.00018660004354001015
P,91,378,17296,17,0.000982886216466235
P,91,385,84966,4,0.00004707765459124826
P,91,392,130508,121,0.0009271462285836883
P,91,399,120223,139,0.0011561847566605391
P,91,406,2087,0,0.0
P,91,413,44680,4,0.00008952551477170994
P,91,420,37352,2,0.000053544656243306916
P,91,427,115832,137,0.0011827474273085159
P,91,434,3232,0,0.0
P,91,441,35074,2,0.00005702229571762559
P,91,448,34202,1,0.000029238056254020234
P,91,455,116104,36,0.00031006683662922896
P,91,462,21100,0,0.0
P,91,469,6124,0,0.0
P,91,476,28814,0,0.0
P,91,483,36489,14,0.0003836772726027022
P,91,490,40641,18,0.0004429024876356389
P,91,497,732,0,0.0
P,91,504,24608,0,0.0
P,91,511,12548,0,0.0
P,91,518,50208,0,0.0
P,91,525,389,0,0.0
P,91,532,11940,4,0.00033500837520938025
P,91,539,18487,0,0.0
P,91,546,60444,7,0.00011580967507114023
P,91,553,18093,1,0.000055269993920300666
P,91,560,1107,0,0.0
P,91,567,9485,0,0.0
P,91,574,24209,0,0.0
P,91,581,38009,1,0.000026309558262516772
P,91,588,126,0,0.0
P,91,595,13890,1,0.00007199424046076313
P,91,602,4849,0,0.0
P,91,609,41665,2,0.00004800192007680307
P,91,616,203,0,0.0
P,91,623,11229,0,0.0
P,91,630,16458,1,0.00006076072426783327
P,91,637,60265,45,0.0007467020658757156
P,91,644,8389,0,0.0
P,91,651,2104,0,0.0
P,91,658,16336,1,0.00006121449559255632
P,91,665,12717,0,0.0
P,91,672,18034,11,0.0006099589663968061
P,91,679,546,0,0.0
P,91,686,8349,0,0.0
P,91,693,3941,0,0.0
P,91,700,26177,3,0.00011460442373075601
P,91,707,3338,0,0.0
P,91,714,6096,1,0.00016404199475065617
P,91,721,6558,6,0.0009149130832570906
P,91,728,22041,6,0.00027221995372260786
P,91,735,10285,0,0.0
P,91,742,444,0,0.0
P,91,749,2733,0,0.0
P,91,756,7542,0,0.0
P,91,763,4547,0,0.0
P,91,770,195,0,0.0
P,91,777,2531,0,0.0
P,91,784,2943,0,0.0
P,91,791,9980,0,0.0
P,91,798,8,0,0.0
P,91,805,2714,0,0.0
P,91,812,3075,0,0.0
P,91,819,8869,1,0.00011275228323373548
P,91,826,3384,0,0.0
P,91,833,125,0,0.0
P,91,840,2749,0,0.0
P,91,847,3808,0,0.0
P,91,854,6658,0,0.0
P,91,861,9,0,0.0
P,91,868,1812,0,0.0
P,91,875,544,0,0.0
P,91,882,8957,0,0.0
P,91,889,88,0,0.0
P,91,896,1360,0,0.0
P,91,903,2845,0,0.0
P,91,910,6558,0,0.0
P,91,917,3839,1,0.00026048450117218026
P,91,924,54,0,0.0
P,91,931,2171,0,0.0
P,91,938,2134,0,0.0
P,91,945,7497,0,0.0
P,91,952,10,0,0.0
P,91,959,1996,0,0.0
P,91,966,722,0,0.0
P,91,973,8783,0,0.0
P,91,980,785,2,0.0025477707006369425
P,91,987,900,0,0.0
P,91,994,2868,2,0.000697350069735007
P,91,1001,16918,5,0.0002955432084170706
P,91,1008,1583,1,0.0006317119393556538
P,91,1022,2463,0,0.0
P,91,1029,311,0,0.0
P,91,1036,4172,0,0.0
P,91,1050,555,0,0.0
P,91,1057,1143,0,0.0
P,91,1064,3255,0,0.0
P,91,1071,523,0,0.0
P,91,1078,239,0,0.0
P,91,1085,707,0,0.0
P,91,1092,869,0,0.0
P,91,1099,1701,0,0.0
P,91,1113,229,0,0.0
P,91,1120,158,0,0.0
P,91,1127,383,0,0.0
P,91,1141,191,0,0.0
P,91,1148,46,0,0.0
P,91,1155,566,0,0.0
P,91,1169,22,0,0.0
P,91,1176,761,0,0.0
P,91,1183,164,0,0.0
P,91,1190,448,0,0.0
P,91,1204,284,0,0.0
P,91,1211,394,0,0.0
P,91,1218,656,0,0.0
P,91,1232,107,0,0.0
P,91,1239,32,0,0.0
P,91,1246,491,0,0.0
P,91,1260,12,0,0.0
P,91,1267,146,0,0.0
P,91,1274,419,0,0.0
P,91,1281,238,0,0.0
P,91,1295,141,0,0.0
P,91,1309,392,0,0.0
P,91,1323,111,0,0.0
P,91,1330,102,0,0.0
P,91,1337,1002,0,0.0
P,91,1344,19,0,0.0
P,91,1351,52,0,0.0
P,91,1358,110,0,0.0
P,91,1365,232,0,0.0
P,91,1372,238,0,0.0
P,91,1386,101,0,0.0
P,91,1393,13,0,0.0
P,91,1400,424,0,0.0
P,91,1414,147,0,0.0
P,91,1421,159,0,0.0
P,91,1428,249,0,0.0
P,91,1435,111,0,0.0
P,91,1442,3,0,0.0
P,91,1449,248,0,0.0
P,91,1456,197,0,0.0
P,91,1463,1086,0,0.0
P,91,1477,44,0,0.0
P,91,1484,29,0,0.0
P,91,1491,316,0,0.0
P,91,1505,31,0,0.0
P,91,1512,8,0,0.0
P,91,1519,248,0,0.0
P,91,1533,8,0,0.0
P,91,1540,424,0,0.0
P,91,1547,29,0,0.0
P,91,1554,210,0,0.0
P,91,1568,105,0,0.0
P,91,1575,67,0,0.0
P,91,1582,597,0,0.0
P,91,1596,44,0,0.0
P,91,1603,113,0,0.0
P,91,1610,327,0,0.0
P,91,1617,91,0,0.0
P,91,1624,6,0,0.0
P,91,1631,185,0,0.0
P,91,1638,93,0,0.0
P,91,1645,595,0,0.0
P,91,1659,69,0,0.0
P,91,1666,155,0,0.0
P,91,1673,334,0,0.0
P,91,1680,259,0,0.0
P,91,1687,42,0,0.0
P,91,1694,187,0,0.0
P,91,1701,240,0,0.0
P,91,1708,355,0,0.0
P,91,1722,447,0,0.0
P,91,1729,92,0,0.0
P,91,1736,602,0,0.0
P,91,1750,137,0,0.0
P,91,1757,228,0,0.0
P,91,1764,400,0,0.0
P,91,1771,320,0,0.0
P,91,1778,14,0,0.0
P,91,1785,154,0,0.0
P,91,1792,396,0,0.0
P,91,1799,245,0,0.0
P,91,1806,73,0,0.0
P,91,1813,323,0,0.0
P,91,1820,38,0,0.0
P,91,1827,883,0,0.0
P,91,1841,49,0,0.0
P,91,1848,64,0,0.0
P,91,1855,545,0,0.0
P,91,1869,50,0,0.0
P,91,1876,52,0,0.0
P,91,1883,93,0,0.0
P,91,1890,356,0,0.0
P,91,1904,150,0,0.0
P,91,1911,35,0,0.0
P,91,1918,611,0,0.0
P,91,1932,37,0,0.0
P,91,1939,69,0,0.0
P,91,1946,243,0,0.0
P,91,1953,63,0,0.0
P,91,1960,16,0,0.0
P,91,1967,190,0,0.0
P,91,1974,219,0,0.0
P,91,1981,311,0,0.0
P,91,1995,85,0,0.0
P,91,2002,151,0,0.0
P,91,2009,389,0,0.0
P,91,2030,34,0,0.0
P,91,2044,153,0,0.0
P,91,2058,6,0,0.0
P,91,2065,25,0,0.0
P,91,2072,195,0,0.0
P,91,2086,6,0,0.0
P,91,2093,79,0,0.0
P,91,2100,215,1,0.004651162790697674
P,91,2121,75,0,0.0
P,91,2135,72,0,0.0
P,91,2149,15,0,0.0
P,91,2156,17,0,0.0
P,91,2163,38,0,0.0
P,91,2184,33,0,0.0
P,91,2191,15,0,0.0
P,91,2198,36,0,0.0
P,98,98,1362922,1049,0.0007696698710564508
P,98,105,629125,79,0.0001255712298827737
P,98,112,1349440,180,0.0001333886649276737
P,98,119,845441,268,0.00031699432603812686
P,98,126,2353272,751,0.0003191301303036793
P,98,133,1267348,1267,0.0009997254108579491
P,98,140,882057,202,0.00022901014333540803
P,98,147,757100,290,0.00038304054946506407
P,98,154,810904,246,0.0003033651332340203
P,98,161,1610905,1533,0.0009516389855391845
P,98,168,577658,214,0.0003704614148856244
P,98,175,572461,46,0.0000803548189308966
P,98,182,222740,104,0.0004669120948190716
P,98,189,1216091,115,0.0000945652915776862
P,98,196,213939,24,0.00011218150968266656
P,98,203,240177,75,0.0003122697010954421
P,98,210,232508,123,0.0005290140554303508
P,98,217,635269,151,0.00023769458292471378
P,98,224,417986,471,0.0011268319991578665
P,98,231,131334,14,0.00010659844366272253
P,98,238,248205,54,0.00021756209584819
P,98,245,240804,18,0.00007474958887726118
P,98,252,668081,86,0.0001287269058691985
P,98,259,75301,5,0.00006640018060849126
P,98,266,191830,20,0.00010425897930459261
P,98,273,156076,46,0.00029472820933391426
P,98,280,680261,116,0.00017052278463707313
P,98,287,124301,28,0.0002252596519738377
P,98,294,112673,19,0.00016862957407719683
P,98,301,128858,18,0.00013968864952117836
P,98,308,308943,14,0.00004531580259141654
P,98,315,257857,491,0.0019041561795879111
P,98,322,45895,21,0.0004575661836801395
P,98,329,112536,129,0.001146299850714438
P,98,336,120186,7,0.00005824305659561014
P,98,343,384444,192,0.0004994225426850204
P,98,350,36272,54,0.0014887516541685047
P,98,357,119219,69,0.0005787668073042049
P,98,364,105225,32,0.0003041102399619862
P,98,371,368033,18,0.00004890865764754791
P,98,378,62922,14,0.00022249769555958171
P,98,385,11621,0,0.0
P,98,392,57076,6,0.00010512299390286635
P,98,399,101490,1,9.853187506158243e-6
P,98,406,85101,54,0.0006345401346635175
P,98,413,1401,0,0.0
P,98,420,27602,2,0.00007245851749873198
P,98,427,32290,0,0.0
P,98,434,102296,51,0.0004985532181121451
P,98,441,900,1,0.0011111111111111111
P,98,448,26710,0,0.0
P,98,455,30755,2,0.00006503007641033979
P,98,462,86250,4,0.0000463768115942029
P,98,469,12371,0,0.0
P,98,476,3554,22,0.0061902082160945416
P,98,483,15155,0,0.0
P,98,490,33592,3,0.00008930697785186949
P,98,497,44268,43,0.0009713562844492636
P,98,504,220,0,0.0
P,98,511,11916,2,0.00016784155756965425
P,98,518,11192,0,0.0
P,98,525,44591,0,0.0
P,98,532,304,0,0.0
P,98,539,7986,0,0.0
P,98,546,12589,0,0.0
P,98,553,39420,0,0.0
P,98,560,10133,0,0.0
P,98,567,2077,0,0.0
P,98,574,9362,0,0.0
P,98,581,18819,1,0.00005313778627982358
P,98,588,21993,0,0.0
P,98,595,74,0,0.0
P,98,602,7787,0,0.0
P,98,609,3274,0,0.0
P,98,616,46970,2,0.00004258037044922291
P,98,623,48,0,0.0
P,98,630,12584,1,0.00007946598855689765
P,98,637,12277,8,0.0006516249898183595
P,98,644,54934,0,0.0
P,98,651,5639,0,0.0
P,98,658,1520,0,0.0
P,98,665,5512,0,0.0
P,98,672,10307,0,0.0
P,98,679,18571,22,0.001184642722524366
P,98,686,490,0,0.0
P,98,693,7749,4,0.0005161956381468576
P,98,700,2537,0,0.0
P,98,707,22257,0,0.0
P,98,714,2127,4,0.0018805829807240243
P,98,721,3077,0,0.0
P,98,728,8559,0,0.0
P,98,735,8519,9,0.0010564620260593966
P,98,742,6707,0,0.0
P,98,749,194,0,0.0
P,98,756,1639,0,0.0
P,98,763,5820,0,0.0
P,98,770,3990,1,0.0002506265664160401
P,98,777,91,0,0.0
P,98,784,2045,0,0.0
P,98,791,2725,0,0.0
P,98,798,10284,0,0.0
P,98,805,5,0,0.0
P,98,812,2687,0,0.0
P,98,819,2562,0,0.0
P,98,826,7799,0,0.0
P,98,833,1645,0,0.0
P,98,840,517,4,0.007736943907156673
P,98,847,1689,0,0.0
P,98,854,4332,0,0.0
P,98,861,8547,0,0.0
P,98,868,18,0,0.0
P,98,875,1496,0,0.0
P,98,882,531,0,0.0
P,98,889,6733,0,0.0
P,98,896,74,0,0.0
P,98,903,1204,0,0.0
P,98,910,1541,0,0.0
P,98,917,8274,4,0.00048344210780759005
P,98,924,1984,0,0.0
P,98,931,887,0,0.0
P,98,938,1543,0,0.0
P,98,945,3166,0,0.0
P,98,952,4744,1,0.00021079258010118043
P,98,959,1,0,0.0
P,98,966,1323,0,0.0
P,98,973,570,0,0.0
P,98,980,10768,5,0.0004643387815750371
P,98,987,179,0,0.0
P,98,994,1624,0,0.0
P,98,1001,3019,0,0.0
P,98,1008,16797,0,0.0
P,98,1015,1186,0,0.0
P,98,1029,838,0,0.0
P,98,1036,345,0,0.0
P,98,1043,3473,0,0.0
P,98,1057,457,0,0.0
P,98,1064,847,5,0.0059031877213695395
P,98,1071,2308,0,0.0
P,98,1078,503,0,0.0
P,98,1085,123,0,0.0
P,98,1092,600,1,0.0016666666666666668
P,98,1099,318,0,0.0
P,98,1106,587,0,0.0
P,98,1120,108,0,0.0
P,98,1127,165,0,0.0
P,98,1134,493,0,0.0
P,98,1148,96,0,0.0
P,98,1155,25,0,0.0
P,98,1162,451,0,0.0
P,98,1176,50,0,0.0
P,98,1183,251,0,0.0
P,98,1190,174,0,0.0
P,98,1197,81,0,0.0
P,98,1211,176,0,0.0
P,98,1218,465,0,0.0
P,98,1225,525,0,0.0
P,98,1239,136,0,0.0
P,98,1246,87,0,0.0
P,98,1253,432,0,0.0
P,98,1267,183,0,0.0
P,98,1274,164,0,0.0
P,98,1281,462,0,0.0
P,98,1288,181,0,0.0
P,98,1302,61,0,0.0
P,98,1309,4,0,0.0
P,98,1316,541,0,0.0
P,98,1330,109,0,0.0
P,98,1337,55,0,0.0
P,98,1344,849,0,0.0
P,98,1351,52,0,0.0
P,98,1358,1,0,0.0
P,98,1365,160,0,0.0
P,98,1372,503,0,0.0
P,98,1379,170,0,0.0
P,98,1393,91,0,0.0
P,98,1400,14,0,0.0
P,98,1407,238,0,0.0
P,98,1421,23,0,0.0
P,98,1428,202,0,0.0
P,98,1435,139,0,0.0
P,98,1442,58,0,0.0
P,98,1456,132,0,0.0
P,98,1463,140,0,0.0
P,98,1470,323,0,0.0
P,98,1484,56,0,0.0
P,98,1491,218,0,0.0
P,98,1498,165,0,0.0
P,98,1512,71,0,0.0
P,98,1519,8,0,0.0
P,98,1526,165,0,0.0
P,98,1540,6,0,0.0
P,98,1547,189,0,0.0
P,98,1554,103,0,0.0
P,98,1561,61,0,0.0
P,98,1575,76,0,0.0
P,98,1582,22,0,0.0
P,98,1589,560,0,0.0
P,98,1603,38,0,0.0
P,98,1610,70,0,0.0
P,98,1617,292,0,0.0
P,98,1624,222,0,0.0
P,98,1631,6,0,0.0
P,98,1638,213,0,0.0
P,98,1645,60,0,0.0
P,98,1652,669,0,0.0
P,98,1666,43,0,0.0
P,98,1673,65,0,0.0
P,98,1680,306,0,0.0
P,98,1687,89,0,0.0
P,98,1694,13,0,0.0
P,98,1701,193,0,0.0
P,98,1708,179,0,0.0
P,98,1715,1245,0,0.0
P,98,1729,264,1,0.003787878787878788
P,98,1736,61,0,0.0
P,98,1743,611,0,0.0
P,98,1757,18,0,0.0
P,98,1764,93,0,0.0
P,98,1771,234,0,0.0
P,98,1778,151,0,0.0
P,98,1792,227,0,0.0
P,98,1799,288,0,0.0
P,98,1806,76,0,0.0
P,98,1813,15,0,0.0
P,98,1820,156,0,0.0
P,98,1827,90,0,0.0
P,98,1834,572,0,0.0
P,98,1848,91,0,0.0
P,98,1855,57,0,0.0
P,98,1862,714,0,0.0
P,98,1876,86,0,0.0
P,98,1883,53,0,0.0
P,98,1890,97,0,0.0
P,98,1897,337,0,0.0
P,98,1911,89,0,0.0
P,98,1918,80,0,0.0
P,98,1925,164,0,0.0
P,98,1939,6,0,0.0
P,98,1946,94,0,0.0
P,98,1953,181,0,0.0
P,98,1960,519,0,0.0
P,98,1967,3,0,0.0
P,98,1974,67,0,0.0
P,98,1981,138,0,0.0
P,98,1988,455,0,0.0
P,98,2002,71,0,0.0
P,98,2009,65,0,0.0
P,98,2016,330,0,0.0
P,98,2037,34,0,0.0
P,98,2051,94,0,0.0
P,98,2065,27,0,0.0
P,98,2072,8,0,0.0
P,98,2079,367,0,0.0
P,98,2100,57,0,0.0
P,98,2107,346,0,0.0
P,98,2128,27,0,0.0
P,98,2142,43,0,0.0
P,98,2156,21,0,0.0
P,98,2163,11,0,0.0
P,98,2170,181,0,0.0
P,98,2191,33,0,0.0
P,98,2198,1,0,0.0
P,105,105,934326,203,0.00021726891898545046
P,105,112,508597,46,0.00009044489055185146
P,105,119,1038598,70,0.00006739855073859184
P,105,126,711096,30,0.0000421883965034257
P,105,133,1721626,2058,0.001195381575324722
P,105,140,1011301,1317,0.0013022829009365165
P,105,147,722927,44,0.000060863683331788685
P,105,154,592022,188,0.000317555766508677
P,105,161,638562,940,0.0014720575292610585
P,105,168,1277172,1356,0.0010617207392582988
P,105,175,334152,205,0.000613493260552084
P,105,182,318461,26,0.00008164265012042291
P,105,189,175563,67,0.00038162938660196054
P,105,196,983293,69,0.00007017236978194698
P,105,203,175364,5,0.00002851212335485048
P,105,210,185450,2,0.000010784578053383662
P,105,217,218591,43,0.00019671441184678236
P,105,224,469833,845,0.0017985113859605435
P,105,231,342874,330,0.000962452679409929
P,105,238,114575,12,0.00010473488981016802
P,105,245,208579,18,0.00008629823711878952
P,105,252,200560,76,0.0003789389708815317
P,105,259,490366,167,0.0003405619476064817
P,105,266,64043,39,0.0006089658510688131
P,105,273,166960,4,0.000023957834211787255
P,105,280,124783,261,0.002091631071540194
P,105,287,506534,43,0.0000848906489988826
P,105,294,127403,25,0.0001962277183425822
P,105,301,76575,19,0.0002481227554684949
P,105,308,119458,7,0.00005859800097105259
P,105,315,248954,54,0.00021690754115218073
P,105,322,211943,222,0.0010474514374147765
P,105,329,37044,16,0.00043191879926573806
P,105,336,103631,43,0.0004149337553434783
P,105,343,103005,60,0.000582495995340032
P,105,350,327916,290,0.0008843728271874504
P,105,357,25178,83,0.0032965287155453174
P,105,364,97872,60,0.0006130456105934281
P,105,371,85145,0,0.0
P,105,378,258651,47,0.00018171203668263414
P,105,385,51436,1,0.000019441636208103275
P,105,392,6724,0,0.0
P,105,399,42413,0,0.0
P,105,406,76561,30,0.0003918444116456159
P,105,413,59397,7,0.0001178510699193562
P,105,420,2528,0,0.0
P,105,427,23811,13,0.0005459661500986938
P,105,434,30350,0,0.0
P,105,441,72462,11,0.00015180370401037785
P,105,448,539,1,0.0018552875695732839
P,105,455,17987,0,0.0
P,105,462,23796,0,0.0
P,105,469,61101,2,0.00003273268849936989
P,105,476,12188,0,0.0
P,105,483,2814,0,0.0
P,105,490,12508,0,0.0
P,105,497,30859,4,0.00012962182831588838
P,105,504,34761,10,0.0002876787204050516
P,105,511,545,0,0.0
P,105,518,11270,0,0.0
P,105,525,7267,0,0.0
P,105,532,26504,12,0.00045276184726833685
P,105,539,64,0,0.0
P,105,546,12066,0,0.0
P,105,553,12469,0,0.0
P,105,560,30460,2,0.00006565988181221274
P,105,567,11469,0,0.0
P,105,574,1700,0,0.0
P,105,581,10948,0,0.0
P,105,588,15626,0,0.0
P,105,595,21922,0,0.0
P,105,602,59,0,0.0
P,105,609,6465,0,0.0
P,105,616,2284,0,0.0
P,105,623,34032,8,0.00023507287259050304
P,105,630,54,0,0.0
P,105,637,5791,0,0.0
P,105,644,9536,0,0.0
P,105,651,36726,1,0.00002722866633992267
P,105,658,7123,0,0.0
P,105,665,409,0,0.0
P,105,672,5563,0,0.0
P,105,679,9629,0,0.0
P,105,686,10195,7,0.0006866110838646396
P,105,693,28,0,0.0
P,105,700,4398,0,0.0
P,105,707,2360,0,0.0
P,105,714,12658,13,0.001027018486332754
P,105,721,759,1,0.0013175230566534915
P,105,728,1727,0,0.0
P,105,735,4151,0,0.0
P,105,742,8984,1,0.00011130899376669635
P,105,749,5897,0,0.0
P,105,756,102,0,0.0
P,105,763,1477,0,0.0
P,105,770,5931,0,0.0
P,105,777,2669,0,0.0
P,105,784,24,0,0.0
P,105,791,1877,0,0.0
P,105,798,1803,0,0.0
P,105,805,7246,1,0.0001380071763731714
P,105,819,1113,0,0.0
P,105,826,2219,1,0.0004506534474988734
P,105,833,5552,0,0.0
P,105,840,1853,0,0.0
P,105,847,181,0,0.0
P,105,854,1750,0,0.0
P,105,861,2692,0,0.0
P,105,868,3392,0,0.0
P,105,875,6,0,0.0
P,105,882,1450,0,0.0
P,105,889,421,0,0.0
P,105,896,4034,0,0.0
P,105,903,84,0,0.0
P,105,910,621,0,0.0
P,105,917,2404,0,0.0
P,105,924,5074,1,0.00019708316909735908
P,105,931,921,0,0.0
P,105,938,193,0,0.0
P,105,945,1720,0,0.0
P,105,952,1311,0,0.0
P,105,959,3859,0,0.0
P,105,973,1434,0,0.0
P,105,980,636,0,0.0
P,105,987,5699,0,0.0
P,105,994,528,0,0.0
P,105,1001,1102,0,0.0
P,105,1008,2723,0,0.0
P,105,1015,7950,1,0.00012578616352201257
P,105,1022,1058,0,0.0
P,105,1036,762,0,0.0
P,105,1043,472,0,0.0
P,105,1050,1877,0,0.0
P,105,1064,262,0,0.0
P,105,1071,291,0,0.0
P,105,1078,1268,0,0.0
P,105,1085,186,0,0.0
P,105,1092,45,0,0.0
P,105,1099,559,0,0.0
P,105,1106,260,0,0.0
P,105,1113,726,0,0.0
P,105,1127,45,0,0.0
P,105,1134,436,0,0.0
P,105,1141,265,0,0.0
P,105,1155,69,0,0.0
P,105,1162,18,0,0.0
P,105,1169,475,0,0.0
P,105,1183,6,0,0.0
P,105,1190,229,0,0.0
P,105,1197,182,0,0.0
P,105,1204,318,0,0.0
P,105,1218,164,0,0.0
P,105,1225,367,0,0.0
P,105,1232,182,0,0.0
P,105,1246,78,0,0.0
P,105,1253,57,0,0.0
P,105,1260,199,0,0.0
P,105,1274,64,0,0.0
P,105,1281,135,0,0.0
P,105,1288,358,0,0.0
P,105,1295,180,0,0.0
P,105,1309,100,0,0.0
P,105,1316,18,0,0.0
P,105,1323,318,0,0.0
P,105,1337,134,0,0.0
P,105,1344,58,0,0.0
P,105,1351,518,0,0.0
P,105,1358,97,0,0.0
P,105,1365,7,0,0.0
P,105,1372,166,0,0.0
P,105,1379,308,0,0.0
P,105,1386,212,0,0.0
P,105,1400,105,0,0.0
P,105,1407,25,0,0.0
P,105,1414,440,0,0.0
P,105,1428,3,0,0.0
P,105,1435,37,0,0.0
P,105,1442,363,0,0.0
P,105,1449,111,0,0.0
P,105,1456,15,0,0.0
P,105,1463,354,0,0.0
P,105,1470,129,0,0.0
P,105,1477,240,0,0.0
P,105,1491,70,0,0.0
P,105,1498,432,0,0.0
P,105,1505,109,0,0.0
P,105,1519,33,0,0.0
P,105,1526,9,0,0.0
P,105,1533,394,0,0.0
P,105,1547,1,0,0.0
P,105,1554,125,0,0.0
P,105,1561,157,0,0.0
P,105,1568,120,0,0.0
P,105,1582,157,0,0.0
P,105,1589,40,0,0.0
P,105,1596,273,0,0.0
P,105,1610,35,0,0.0
P,105,1617,66,0,0.0
P,105,1624,216,0,0.0
P,105,1631,64,0,0.0
P,105,1638,3,0,0.0
P,105,1645,227,0,0.0
P,105,1652,67,0,0.0
P,105,1659,505,0,0.0
P,105,1673,86,0,0.0
P,105,1680,145,0,0.0
P,105,1687,332,0,0.0
P,105,1694,175,0,0.0
P,105,1701,19,0,0.0
P,105,1708,136,0,0.0
P,105,1715,130,0,0.0
P,105,1722,971,0,0.0
P,105,1736,210,0,0.0
P,105,1743,151,0,0.0
P,105,1750,462,0,0.0
P,105,1764,49,0,0.0
P,105,1771,69,0,0.0
P,105,1778,389,0,0.0
P,105,1785,105,0,0.0
P,105,1792,9,0,0.0
P,105,1799,100,0,0.0
P,105,1806,255,0,0.0
P,105,1813,217,0,0.0
P,105,1820,4,0,0.0
P,105,1827,188,0,0.0
P,105,1834,44,0,0.0
P,105,1841,520,0,0.0
P,105,1855,16,0,0.0
P,105,1862,161,0,0.0
P,105,1869,1369,0,0.0
P,105,1883,8,0,0.0
P,105,1890,75,0,0.0
P,105,1897,102,0,0.0
P,105,1904,246,0,0.0
P,105,1918,133,0,0.0
P,105,1925,22,0,0.0
P,105,1932,331,0,0.0
P,105,1946,15,0,0.0
P,105,1953,36,0,0.0
P,105,1960,222,0,0.0
P,105,1967,160,0,0.0
P,105,1974,63,0,0.0
P,105,1981,90,0,0.0
P,105,1988,18,0,0.0
P,105,1995,95,0,0.0
P,105,2009,44,0,0.0
P,105,2016,82,0,0.0
P,105,2023,113,0,0.0
P,105,2044,55,0,0.0
P,105,2058,69,0,0.0
P,105,2072,22,0,0.0
P,105,2079,35,0,0.0
P,105,2086,489,0,0.0
P,105,2100,5,0,0.0
P,105,2107,31,0,0.0
P,105,2114,224,0,0.0
P,105,2135,6,0,0.0
P,105,2149,99,0,0.0
P,105,2163,1,0,0.0
P,105,2170,17,0,0.0
P,105,2177,27,0,0.0
P,105,2198,8,0,0.0
P,112,112,723298,662,0.0009152520814380794
P,112,119,401488,27,0.00006724983063005618
P,112,126,805990,782,0.0009702353627216219
P,112,133,593025,93,0.00015682306816744657
P,112,140,1465608,884,0.0006031626464921043
P,112,147,850319,81,0.0000952583677419886
P,112,154,650151,40,0.00006152416900073982
P,112,161,487904,74,0.0001516691808224569
P,112,168,585318,299,0.0005108334272993484
P,112,175,1015661,702,0.0006911755004868751
P,112,182,142693,30,0.00021024156756112774
P,112,189,245180,14,0.000057100905457215105
P,112,196,159264,0,0.0
P,112,203,858685,450,0.0005240571338733063
P,112,210,156110,11,0.00007046313496893217
P,112,217,146246,127,0.0008683998194822422
P,112,224,183398,128,0.0006979356372479525
P,112,231,407358,439,0.001077676147270951
P,112,238,289411,241,0.0008327257775274609
P,112,245,107116,5,0.00004667836737742261
P,112,252,186177,9,0.000048341094764659434
P,112,259,183263,6,0.000032739832917719346
P,112,266,432252,76,0.0001758233622979188
P,112,273,55534,3,0.000054020960132531424
P,112,280,136910,12,0.00008764882039295887
P,112,287,123610,14,0.00011325944502871936
P,112,294,442098,273,0.0006175101448095218
P,112,301,109553,14,0.00012779202760307797
P,112,308,69801,16,0.00022922307703328033
P,112,315,118377,21,0.00017739932588256165
P,112,322,226252,11,0.000048618354754875095
P,112,329,180823,162,0.0008959037290610154
P,112,336,34794,40,0.0011496234983043054
P,112,343,94871,24,0.0002529750924940182
P,112,350,102849,23,0.00022362881505896994
P,112,357,300748,173,0.0005752324204982244
P,112,364,18276,1,0.00005471656817684395
P,112,371,61944,2,0.00003228722717293039
P,112,378,62764,0,0.0
P,112,385,176607,18,0.00010192121490088162
P,112,392,38603,0,0.0
P,112,399,6560,0,0.0
P,112,406,33073,0,0.0
P,112,413,51693,9,0.00017410481109627997
P,112,420,54608,3,0.000054937005566949895
P,112,427,690,0,0.0
P,112,434,21566,0,0.0
P,112,441,26444,8,0.0003025260928755105
P,112,448,66436,2,0.000030104160394966584
P,112,455,332,0,0.0
P,112,462,13563,0,0.0
P,112,469,19224,0,0.0
P,112,476,78110,34,0.0004352835744462937
P,112,483,9924,0,0.0
P,112,490,2206,0,0.0
P,112,497,13496,11,0.0008150563129816242
P,112,504,27810,0,0.0
P,112,511,21860,28,0.0012808783165599268
P,112,518,370,0,0.0
P,112,525,8413,0,0.0
P,112,532,5459,0,0.0
P,112,539,28513,3,0.00010521516501245046
P,112,546,296,0,0.0
P,112,553,4232,0,0.0
P,112,560,9718,0,0.0
P,112,567,24500,0,0.0
P,112,574,7511,0,0.0
P,112,581,2062,0,0.0
P,112,588,6725,0,0.0
P,112,595,12060,5,0.00041459369817578774
P,112,602,20125,0,0.0
P,112,609,73,0,0.0
P,112,616,8567,0,0.0
P,112,623,4142,0,0.0
P,112,630,36880,0,0.0
P,112,637,42,0,0.0
P,112,644,7502,0,0.0
P,112,651,10925,0,0.0
P,112,658,45091,0,0.0
P,112,665,6183,0,0.0
P,112,672,269,0,0.0
P,112,679,6016,0,0.0
P,112,686,10648,0,0.0
P,112,693,10933,20,0.001829324064758072
P,112,700,22,0,0.0
P,112,707,3822,0,0.0
P,112,714,2787,0,0.0
P,112,721,10028,0,0.0
P,112,728,1633,0,0.0
P,112,735,1009,0,0.0
P,112,742,3075,0,0.0
P,112,749,4769,0,0.0
P,112,756,2603,0,0.0
P,112,763,82,0,0.0
P,112,770,1552,0,0.0
P,112,777,3568,3,0.0008408071748878924
P,112,784,2194,0,0.0
P,112,791,18,0,0.0
P,112,798,1650,0,0.0
P,112,805,2255,0,0.0
P,112,812,5491,0,0.0
P,112,826,1056,0,0.0
P,112,833,1585,0,0.0
P,112,840,8162,0,0.0
P,112,847,2361,0,0.0
P,112,854,94,0,0.0
P,112,861,2466,0,0.0
P,112,868,1684,1,0.0005938242280285036
P,112,875,1706,0,0.0
P,112,889,1591,0,0.0
P,112,896,390,0,0.0
P,112,903,5117,0,0.0
P,112,910,52,0,0.0
P,112,917,485,0,0.0
P,112,924,1543,0,0.0
P,112,931,6482,0,0.0
P,112,938,1285,0,0.0
P,112,945,92,0,0.0
P,112,952,1355,0,0.0
P,112,959,1274,0,0.0
P,112,966,3685,0,0.0
P,112,980,1888,0,0.0
P,112,987,717,0,0.0
P,112,994,6103,7,0.0011469768966082255
P,112,1001,237,0,0.0
P,112,1008,2687,0,0.0
P,112,1015,2111,0,0.0
P,112,1022,7777,0,0.0
P,112,1029,894,0,0.0
P,112,1043,763,0,0.0
P,112,1050,413,0,0.0
P,112,1057,2772,0,0.0
P,112,1071,310,0,0.0
P,112,1078,475,0,0.0
P,112,1085,650,0,0.0
P,112,1092,189,0,0.0
P,112,1099,12,0,0.0
P,112,1106,110,0,0.0
P,112,1113,147,0,0.0
P,112,1120,369,0,0.0
P,112,1134,96,0,0.0
P,112,1141,183,1,0.00546448087431694
P,112,1148,288,0,0.0
P,112,1162,68,0,0.0
P,112,1169,39,0,0.0
P,112,1176,1085,0,0.0
P,112,1190,26,0,0.0
P,112,1197,72,0,0.0
P,112,1204,476,0,0.0
P,112,1211,202,0,0.0
P,112,1225,214,0,0.0
P,112,1232,105,0,0.0
P,112,1239,211,0,0.0
P,112,1253,105,0,0.0
P,112,1260,8,0,0.0
P,112,1267,473,0,0.0
P,112,1281,31,0,0.0
P,112,1288,144,0,0.0
P,112,1295,249,0,0.0
P,112,1302,56,0,0.0
P,112,1316,155,0,0.0
P,112,1323,3,0,0.0
P,112,1330,573,0,0.0
P,112,1344,122,0,0.0
P,112,1351,102,0,0.0
P,112,1358,153,0,0.0
P,112,1365,55,0,0.0
P,112,1372,43,0,0.0
P,112,1379,161,0,0.0
P,112,1386,177,0,0.0
P,112,1393,67,0,0.0
P,112,1407,21,0,0.0
P,112,1414,14,0,0.0
P,112,1421,276,0,0.0
P,112,1435,19,0,0.0
P,112,1442,63,0,0.0
P,112,1449,156,0,0.0
P,112,1456,29,0,0.0
P,112,1463,24,0,0.0
P,112,1470,115,0,0.0
P,112,1477,23,0,0.0
P,112,1484,150,0,0.0
P,112,1498,95,0,0.0
P,112,1505,54,1,0.018518518518518517
P,112,1512,197,0,0.0
P,112,1526,4,0,0.0
P,112,1533,14,0,0.0
P,112,1540,587,0,0.0
P,112,1554,3,0,0.0
P,112,1561,94,0,0.0
P,112,1568,193,0,0.0
P,112,1575,278,0,0.0
P,112,1589,98,0,0.0
P,112,1596,30,0,0.0
P,112,1603,271,0,0.0
P,112,1617,16,0,0.0
P,112,1624,89,0,0.0
P,112,1631,247,0,0.0
P,112,1638,54,0,0.0
P,112,1652,279,0,0.0
P,112,1659,48,0,0.0
P,112,1666,442,0,0.0
P,112,1680,55,0,0.0
P,112,1687,72,0,0.0
P,112,1694,295,0,0.0
P,112,1701,236,0,0.0
P,112,1708,13,0,0.0
P,112,1715,305,0,0.0
P,112,1722,242,0,0.0
P,112,1729,239,1,0.0041841004184100415
P,112,1743,114,0,0.0
P,112,1750,170,0,0.0
P,112,1757,478,0,0.0
P,112,1771,35,0,0.0
P,112,1778,66,0,0.0
P,112,1785,268,0,0.0
P,112,1792,23,0,0.0
P,112,1799,17,0,0.0
P,112,1806,75,0,0.0
P,112,1813,200,0,0.0
P,112,1820,168,0,0.0
P,112,1827,37,0,0.0
P,112,1834,99,0,0.0
P,112,1841,101,0,0.0
P,112,1848,483,0,0.0
P,112,1862,14,0,0.0
P,112,1869,213,0,0.0
P,112,1876,278,0,0.0
P,112,1890,11,0,0.0
P,112,1897,50,0,0.0
P,112,1904,95,0,0.0
P,112,1911,58,0,0.0
P,112,1925,30,0,0.0
P,112,1932,69,0,0.0
P,112,1939,339,0,0.0
P,112,1953,23,0,0.0
P,112,1960,157,0,0.0
P,112,1967,185,0,0.0
P,112,1974,80,0,0.0
P,112,1981,3,0,0.0
P,112,1988,100,0,0.0
P,112,1995,78,0,0.0
P,112,2002,236,0,0.0
P,112,2016,13,0,0.0
P,112,2023,31,0,0.0
P,112,2030,105,0,0.0
P,112,2051,30,0,0.0
P,112,2065,229,0,0.0
P,112,2079,58,0,0.0
P,112,2086,144,0,0.0
P,112,2093,130,0,0.0
P,112,2107,63,0,0.0
P,112,2114,78,0,0.0
P,112,2121,155,0,0.0
P,112,2142,6,0,0.0
P,112,2156,61,0,0.0
P,112,2170,15,0,0.0
P,112,2177,12,0,0.0
P,112,2184,69,0,0.0
P,119,119,575121,116,0.00020169668643641947
P,119,126,298636,25,0.00008371395277193641
P,119,133,668076,26,0.00003891772792317042
P,119,140,489400,19,0.000038823048630976705
P,119,147,1185744,41,0.00003457744673386498
P,119,154,685512,16,0.000023340218697849198
P,119,161,515128,23,0.00004464909692348309
P,119,168,444689,16,0.00003598020189390788
P,119,175,450690,70,0.0001553174022055071
P,119,182,662642,128,0.00019316614401139682
P,119,189,114013,8,0.00007016743704665258
P,119,196,215133,9,0.00004183458604677107
P,119,203,138894,0,0.0
P,119,210,736412,59,0.00008011819470622423
P,119,217,126682,37,0.0002920699073270078
P,119,224,136772,3,0.00002193431404088556
P,119,231,158660,25,0.00015756964578343628
P,119,238,358278,187,0.0005219410625268646
P,119,245,242227,55,0.00022705974148216342
P,119,252,69013,2,0.000028980047237477
P,119,259,155070,12,0.00007738440704198104
P,119,266,159335,2,0.00001255216995638121
P,119,273,359819,48,0.00013340040409205739
P,119,280,47189,0,0.0
P,119,287,111183,1,8.994180765045016e-6
P,119,294,115996,12,0.00010345184316700576
P,119,301,357303,101,0.00028267324931500717
P,119,308,80739,1,0.000012385588129652336
P,119,315,49584,19,0.000383188125201678
P,119,322,100353,3,0.000029894472512032524
P,119,329,153783,197,0.001281025861115988
P,119,336,147033,3,0.000020403582869151823
P,119,343,28972,7,0.00024161259146762392
P,119,350,97610,35,0.0003585698186661203
P,119,357,90025,14,0.00015551235767842267
P,119,364,248202,166,0.000668810082110539
P,119,371,3849,0,0.0
P,119,378,42367,2,0.000047206552269455
P,119,385,46699,0,0.0
P,119,392,138081,16,0.00011587401597612995
P,119,399,32250,0,0.0
P,119,406,5733,0,0.0
P,119,413,22571,2,0.00008860927739134288
P,119,420,38589,0,0.0
P,119,427,40275,0,0.0
P,119,434,1416,0,0.0
P,119,441,17988,3,0.0001667778519012675
P,119,448,20697,2,0.00009663236217809344
P,119,455,51781,1,0.000019312102894884223
P,119,462,86,0,0.0
P,119,469,12496,0,0.0
P,119,476,20054,0,0.0
P,119,483,51289,1,0.000019497358107976368
P,119,490,10352,0,0.0
P,119,497,2066,0,0.0
P,119,504,12340,0,0.0
P,119,511,17813,0,0.0
P,119,518,13390,1,0.00007468259895444362
P,119,532,5766,0,0.0
P,119,539,5070,0,0.0
P,119,546,22430,1,0.00004458314757021846
P,119,553,40,0,0.0
P,119,560,3430,0,0.0
P,119,567,6920,0,0.0
P,119,574,30193,0,0.0
P,119,581,10256,0,0.0
P,119,588,1337,0,0.0
P,119,595,7809,0,0.0
P,119,602,8782,0,0.0
P,119,609,11514,0,0.0
P,119,616,36,0,0.0
P,119,623,6741,0,0.0
P,119,630,4720,1,0.000211864406779661
P,119,637,24463,8,0.00032702448595838614
P,119,651,5124,0,0.0
P,119,658,11933,0,0.0
P,119,665,17402,2,0.00011492931846914148
P,119,672,5372,0,0.0
P,119,679,871,0,0.0
P,119,686,4789,3,0.0006264355815410315
P,119,693,10692,12,0.001122334455667789
P,119,700,7149,3,0.000419639110365086
P,119,714,2826,5,0.0017692852087756545
P,119,721,1821,0,0.0
P,119,728,9012,0,0.0
P,119,735,289,0,0.0
P,119,742,1217,0,0.0
P,119,749,2141,0,0.0
P,119,756,5220,0,0.0
P,119,763,3055,0,0.0
P,119,770,58,0,0.0
P,119,777,846,0,0.0
P,119,784,3833,1,0.00026089225150013044
P,119,791,570,0,0.0
P,119,798,53,0,0.0
P,119,805,1709,0,0.0
P,119,812,2155,0,0.0
P,119,819,4045,2,0.0004944375772558715
P,119,833,720,0,0.0
P,119,840,1642,0,0.0
P,119,847,6316,0,0.0
P,119,854,2225,0,0.0
P,119,861,8,0,0.0
P,119,868,1171,0,0.0
P,119,875,2742,0,0.0
P,119,882,1685,0,0.0
P,119,896,740,0,0.0
P,119,903,336,0,0.0
P,119,910,2814,0,0.0
P,119,924,535,0,0.0
P,119,931,1544,0,0.0
P,119,938,5434,0,0.0
P,119,945,1623,0,0.0
P,119,952,50,0,0.0
P,119,959,1186,0,0.0
P,119,966,1470,0,0.0
P,119,973,2684,0,0.0
P,119,987,1030,0,0.0
P,119,994,349,0,0.0
P,119,1001,5012,1,0.00019952114924181964
P,119,1008,218,0,0.0
P,119,1015,570,0,0.0
P,119,1022,1920,0,0.0
P,119,1029,2567,1,0.00038955979742890534
P,119,1036,1327,0,0.0
P,119,1050,411,0,0.0
P,119,1057,154,0,0.0
P,119,1064,1738,11,0.006329113924050633
P,119,1078,76,0,0.0
P,119,1085,340,0,0.0
P,119,1092,760,0,0.0
P,119,1099,19,0,0.0
P,119,1106,76,0,0.0
P,119,1113,232,0,0.0
P,119,1120,106,0,0.0
P,119,1127,335,0,0.0
P,119,1141,50,0,0.0
P,119,1148,114,0,0.0
P,119,1155,165,0,0.0
P,119,1169,74,0,0.0
P,119,1176,71,0,0.0
P,119,1183,306,0,0.0
P,119,1197,17,0,0.0
P,119,1204,281,0,0.0
P,119,1211,329,0,0.0
P,119,1218,447,0,0.0
P,119,1232,93,0,0.0
P,119,1239,208,0,0.0
P,119,1246,206,0,0.0
P,119,1260,52,0,0.0
P,119,1267,12,0,0.0
P,119,1274,292,0,0.0
P,119,1288,37,0,0.0
P,119,1295,128,0,0.0
P,119,1302,152,0,0.0
P,119,1309,62,0,0.0
P,119,1323,106,0,0.0
P,119,1330,3,0,0.0
P,119,1337,861,0,0.0
P,119,1351,87,0,0.0
P,119,1358,31,0,0.0
P,119,1365,184,0,0.0
P,119,1372,93,0,0.0
P,119,1379,8,0,0.0
P,119,1386,131,0,0.0
P,119,1393,160,0,0.0
P,119,1400,110,0,0.0
P,119,1414,83,0,0.0
P,119,1421,8,0,0.0
P,119,1428,386,0,0.0
P,119,1442,5,0,0.0
P,119,1449,64,0,0.0
P,119,1456,220,0,0.0
P,119,1463,102,0,0.0
P,119,1470,8,0,0.0
P,119,1477,66,0,0.0
P,119,1484,9,0,0.0
P,119,1491,159,0,0.0
P,119,1505,8,0,0.0
P,119,1512,28,0,0.0
P,119,1519,60,0,0.0
P,119,1533,94,0,0.0
P,119,1540,27,0,0.0
P,119,1547,262,0,0.0
P,119,1561,2,0,0.0
P,119,1568,106,0,0.0
P,119,1575,323,0,0.0
P,119,1582,438,0,0.0
P,119,1596,29,0,0.0
P,119,1603,27,0,0.0
P,119,1610,249,0,0.0
P,119,1624,7,0,0.0
P,119,1631,49,0,0.0
P,119,1638,342,0,0.0
P,119,1645,82,0,0.0
P,119,1652,7,0,0.0
P,119,1659,145,0,0.0
P,119,1666,56,0,0.0
P,119,1673,333,0,0.0
P,119,1687,80,0,0.0
P,119,1694,82,0,0.0
P,119,1701,404,0,0.0
P,119,1708,81,0,0.0
P,119,1715,14,0,0.0
P,119,1722,159,0,0.0
P,119,1729,295,0,0.0
P,119,1736,183,0,0.0
P,119,1750,119,0,0.0
P,119,1757,99,0,0.0
P,119,1764,354,0,0.0
P,119,1778,51,0,0.0
P,119,1785,58,0,0.0
P,119,1792,471,1,0.0021231422505307855
P,119,1799,123,0,0.0
P,119,1806,6,0,0.0
P,119,1813,54,0,0.0
P,119,1820,155,0,0.0
P,119,1827,121,0,0.0
P,119,1834,34,0,0.0
P,119,1841,87,0,0.0
P,119,1848,27,0,0.0
P,119,1855,355,0,0.0
P,119,1869,20,0,0.0
P,119,1876,6,0,0.0
P,119,1883,138,0,0.0
P,119,1897,7,0,0.0
P,119,1904,53,0,0.0
P,119,1911,84,0,0.0
P,119,1918,200,0,0.0
P,119,1932,59,0,0.0
P,119,1939,23,0,0.0
P,119,1946,526,0,0.0
P,119,1960,18,0,0.0
P,119,1967,76,0,0.0
P,119,1974,246,0,0.0
P,119,1981,154,0,0.0
P,119,1988,1,0,0.0
P,119,1995,28,0,0.0
P,119,2002,32,0,0.0
P,119,2009,154,0,0.0
P,119,2023,14,0,0.0
P,119,2030,22,0,0.0
P,119,2037,69,0,0.0
P,119,2058,28,0,0.0
P,119,2072,107,0,0.0
P,119,2086,21,0,0.0
P,119,2093,6,0,0.0
P,119,2100,113,0,0.0
P,119,2114,11,0,0.0
P,119,2121,39,0,0.0
P,119,2128,107,0,0.0
P,119,2149,25,0,0.0
P,119,2163,15,0,0.0
P,119,2184,6,0,0.0
P,119,2191,85,0,0.0
P,126,126,456804,156,0.00034150313920193345
P,126,133,237041,9,0.000037968115220573655
P,126,140,628505,47,0.0000747806302256943
P,126,147,393567,5,0.00001270431718106447
P,126,154,983466,23,0.000023386675289232165
P,126,161,555392,8,0.000014404240608435123
P,126,168,449368,4,8.90139039718004e-6
P,126,175,330743,53,0.00016024526596178907
P,126,182,275171,247,0.0008976236594699296
P,126,189,544385,13,0.00002388015834381917
P,126,196,115278,3,0.000026024046218706085
P,126,203,189085,33,0.00017452468466562656
P,126,210,109608,29,0.0002645792277935917
P,126,217,660685,33,0.000049948159864383176
P,126,224,121726,10,0.00008215171779241904
P,126,231,121557,18,0.00014807867913818208
P,126,238,127013,15,0.00011809814743372726
P,126,245,314080,92,0.00029291900152827305
P,126,252,218219,24,0.00010998125736072478
P,126,259,52999,16,0.0003018924885375196
P,126,266,134549,20,0.00014864473165909818
P,126,273,155535,6,0.000038576526183817144
P,126,280,313187,13,0.00004150874717022099
P,126,287,46633,0,0.0
P,126,294,101606,23,0.00022636458476861602
P,126,301,78535,2,0.000025466352581651493
P,126,308,342383,77,0.0002248943434691559
P,126,315,70256,40,0.0005693463903438852
P,126,322,53187,1,0.00001880158685393047
P,126,329,71704,17,0.0002370857971661274
P,126,336,140476,81,0.0005766109513368832
P,126,343,133216,4,0.000030026423252462165
P,126,350,25842,13,0.0005030570389288754
P,126,357,83036,8,0.0000963437545161135
P,126,364,94347,5,0.00005299585572408238
P,126,371,192873,5,0.00002592379441394078
P,126,378,2044,0,0.0
P,126,385,31665,1,0.00003158060950576346
P,126,392,38061,0,0.0
P,126,399,125425,13,0.0001036475981662348
P,126,406,18617,0,0.0
P,126,413,6027,0,0.0
P,126,420,17745,0,0.0
P,126,427,29524,21,0.0007112857336404281
P,126,434,39303,1,0.00002544335038037809
P,126,441,1275,0,0.0
P,126,448,16668,0,0.0
P,126,455,19473,0,0.0
P,126,462,39110,0,0.0
P,126,469,16,0,0.0
P,126,476,14107,16,0.00113418870064507
P,126,483,13546,0,0.0
P,126,490,50172,3,0.000059794307581918205
P,126,497,11284,0,0.0
P,126,504,3526,0,0.0
P,126,511,6885,1,0.00014524328249818446
P,126,518,14222,1,0.0000703135986499789
P,126,525,13278,0,0.0
P,126,532,139,0,0.0
P,126,539,8342,0,0.0
P,126,546,10054,0,0.0
P,126,553,19093,0,0.0
P,126,560,94,0,0.0
P,126,567,6912,1,0.00014467592592592592
P,126,574,6053,0,0.0
P,126,581,33783,2,0.00005920137347186455
P,126,588,7582,0,0.0
P,126,595,1373,0,0.0
P,126,602,5750,0,0.0
P,126,609,6906,0,0.0
P,126,616,19217,0,0.0
P,126,623,66,0,0.0
P,126,630,8957,1,0.00011164452383610584
P,126,637,2620,0,0.0
P,126,644,22970,0,0.0
P,126,658,7464,1,0.0001339764201500536
P,126,665,6448,0,0.0
P,126,672,16260,4,0.0002460024600246002
P,126,679,6036,0,0.0
P,126,686,1743,0,0.0
P,126,693,4933,1,0.00020271639975674033
P,126,700,4150,0,0.0
P,126,707,6701,4,0.0005969258319653783
P,126,714,113,0,0.0
P,126,721,2444,0,0.0
P,126,728,2731,0,0.0
P,126,735,5374,0,0.0
P,126,742,468,0,0.0
P,126,749,540,0,0.0
P,126,756,1221,0,0.0
P,126,763,5587,0,0.0
P,126,770,3161,0,0.0
P,126,777,82,0,0.0
P,126,784,989,0,0.0
P,126,791,2772,1,0.00036075036075036075
P,126,798,1468,0,0.0
P,126,805,143,0,0.0
P,126,812,1037,0,0.0
P,126,819,1266,0,0.0
P,126,826,3757,0,0.0
P,126,840,1955,1,0.0005115089514066496
P,126,847,1873,0,0.0
P,126,854,5861,0,0.0
P,126,861,2900,0,0.0
P,126,868,31,0,0.0
P,126,875,735,0,0.0
P,126,882,1902,0,0.0
P,126,889,1137,0,0.0
P,126,903,1437,0,0.0
P,126,910,292,0,0.0
P,126,917,4096,1,0.000244140625
P,126,931,1445,0,0.0
P,126,938,1149,0,0.0
P,126,945,5863,0,0.0
P,126,952,1317,0,0.0
P,126,959,39,0,0.0
P,126,966,989,0,0.0
P,126,973,1298,0,0.0
P,126,980,4769,0,0.0
P,126,994,1582,0,0.0
P,126,1001,714,0,0.0
P,126,1008,5521,0,0.0
P,126,1015,129,0,0.0
P,126,1022,668,0,0.0
P,126,1029,950,0,0.0
P,126,1036,1946,0,0.0
P,126,1043,1633,0,0.0
P,126,1057,820,0,0.0
P,126,1064,238,3,0.012605042016806723
P,126,1071,739,0,0.0
P,126,1085,48,0,0.0
P,126,1092,197,0,0.0
P,126,1099,908,0,0.0
P,126,1106,15,0,0.0
P,126,1113,54,0,0.0
P,126,1120,118,0,0.0
P,126,1127,105,0,0.0
P,126,1134,399,0,0.0
P,126,1148,38,0,0.0
P,126,1155,97,0,0.0
P,126,1162,152,0,0.0
P,126,1176,247,0,0.0
P,126,1183,69,0,0.0
P,126,1190,350,0,0.0
P,126,1204,69,0,0.0
P,126,1211,157,0,0.0
P,126,1218,390,0,0.0
P,126,1225,243,0,0.0
P,126,1239,64,0,0.0
P,126,1246,94,0,0.0
P,126,1253,130,0,0.0
P,126,1267,149,0,0.0
P,126,1274,34,0,0.0
P,126,1281,292,0,0.0
P,126,1295,26,0,0.0
P,126,1302,36,0,0.0
P,126,1309,191,0,0.0
P,126,1316,162,0,0.0
P,126,1330,123,0,0.0
P,126,1337,6,0,0.0
P,126,1344,608,0,0.0
P,126,1358,24,0,0.0
P,126,1365,36,0,0.0
P,126,1372,323,0,0.0
P,126,1379,23,0,0.0
P,126,1393,73,0,0.0
P,126,1400,225,0,0.0
P,126,1407,98,0,0.0
P,126,1421,74,0,0.0
P,126,1428,61,0,0.0
P,126,1435,95,0,0.0
P,126,1449,14,0,0.0
P,126,1456,46,0,0.0
P,126,1463,500,0,0.0
P,126,1470,24,0,0.0
P,126,1477,14,0,0.0
P,126,1484,79,0,0.0
P,126,1491,136,0,0.0
P,126,1498,129,0,0.0
P,126,1512,40,0,0.0
P,126,1519,32,0,0.0
P,126,1526,88,0,0.0
P,126,1540,109,0,0.0
P,126,1547,64,0,0.0
P,126,1554,189,0,0.0
P,126,1568,22,0,0.0
P,126,1575,113,0,0.0
P,126,1582,190,0,0.0
P,126,1589,471,0,0.0
P,126,1603,22,0,0.0
P,126,1610,14,0,0.0
P,126,1617,246,0,0.0
P,126,1631,16,0,0.0
P,126,1638,123,0,0.0
P,126,1645,261,0,0.0
P,126,1652,48,0,0.0
P,126,1666,183,0,0.0
P,126,1673,76,0,0.0
P,126,1680,397,0,0.0
P,126,1694,63,0,0.0
P,126,1701,134,0,0.0
P,126,1708,301,0,0.0
P,126,1715,687,0,0.0
P,126,1729,118,0,0.0
P,126,1736,153,0,0.0
P,126,1743,197,0,0.0
P,126,1757,105,0,0.0
P,126,1764,95,0,0.0
P,126,1771,356,0,0.0
P,126,1785,41,0,0.0
P,126,1792,65,0,0.0
P,126,1799,195,0,0.0
P,126,1806,67,0,0.0
P,126,1813,24,0,0.0
P,126,1820,62,0,0.0
P,126,1827,287,0,0.0
P,126,1834,79,0,0.0
P,126,1841,16,0,0.0
P,126,1848,118,0,0.0
P,126,1855,15,0,0.0
P,126,1862,492,0,0.0
P,126,1876,8,0,0.0
P,126,1883,24,0,0.0
P,126,1890,205,0,0.0
P,126,1904,13,0,0.0
P,126,1911,26,0,0.0
P,126,1918,86,0,0.0
P,126,1925,63,0,0.0
P,126,1939,80,0,0.0
P,126,1946,56,0,0.0
P,126,1953,193,0,0.0
P,126,1967,14,0,0.0
P,126,1974,35,0,0.0
P,126,1981,133,0,0.0
P,126,1988,70,0,0.0
P,126,1995,5,0,0.0
P,126,2002,79,0,0.0
P,126,2009,2,0,0.0
P,126,2016,155,0,0.0
P,126,2037,6,0,0.0
P,126,2044,139,0,0.0
P,126,2065,31,0,0.0
P,126,2079,249,0,0.0
P,126,2093,22,0,0.0
P,126,2100,10,0,0.0
P,126,2107,197,0,0.0
P,126,2128,30,0,0.0
P,126,2135,40,0,0.0
P,126,2156,20,0,0.0
P,126,2170,70,0,0.0
P,126,2184,6,0,0.0
P,126,2191,6,0,0.0
P,126,2198,17,0,0.0
P,133,133,342811,47,0.00013710178494855766
P,133,140,203031,60,0.0002955213735833444
P,133,147,529006,7,0.000013232364094169065
P,133,154,333203,1,3.0011734588223993e-6
P,133,161,841862,21,0.000024944705901917415
P,133,168,456805,3,6.567353684832697e-6
P,133,175,284748,4,0.000014047508674336606
P,133,182,210432,18,0.00008553832116788322
P,133,189,226796,41,0.00018077920245506974
P,133,196,438436,6,0.000013685007617987574
P,133,203,79725,3,0.00003762935089369708
P,133,210,162309,6,0.00003696652680997357
P,133,217,97996,0,0.0
P,133,224,565060,20,0.00003539447138356989
P,133,231,115059,0,0.0
P,133,238,113364,1,8.821142514378463e-6
P,133,245,117394,1,8.51832291258497e-6
P,133,252,260397,27,0.00010368783050495974
P,133,259,159348,31,0.00019454276175414814
P,133,266,48340,10,0.0002068680182043856
P,133,273,115483,7,0.000060614982291765885
P,133,280,125326,5,0.000039895951358856104
P,133,287,228178,34,0.0001490064773992234
P,133,294,33062,0,0.0
P,133,301,79962,21,0.0002626247467547085
P,133,308,74443,6,0.0000805985787783942
P,133,315,315059,185,0.0005871916053818491
P,133,322,65500,4,0.00006106870229007633
P,133,329,36056,0,0.0
P,133,336,63587,0,0.0
P,133,343,139844,11,0.00007865907725751552
P,133,350,118472,7,0.00005908569113377001
P,133,357,22655,17,0.0007503862282056941
P,133,364,71102,25,0.0003516075497173075
P,133,371,54674,2,0.000036580458718952335
P,133,378,137640,21,0.00015257192676547515
P,133,385,1329,0,0.0
P,133,392,26495,0,0.0
P,133,399,34042,0,0.0
P,133,406,105940,18,0.0001699074948083821
P,133,413,22233,0,0.0
P,133,420,2544,0,0.0
P,133,427,15038,0,0.0
P,133,434,27610,6,0.00021731256791017748
P,133,441,25992,2,0.00007694675284702985
P,133,448,991,0,0.0
P,133,455,11220,0,0.0
P,133,462,10519,1,0.0000950660709192889
P,133,469,26151,3,0.00011471836641046231
P,133,483,10339,0,0.0
P,133,490,11875,0,0.0
P,133,497,51813,33,0.0006369057958427422
P,133,504,13271,0,0.0
P,133,511,1365,0,0.0
P,133,518,5657,0,0.0
P,133,525,9922,0,0.0
P,133,532,7567,0,0.0
P,133,539,22,0,0.0
P,133,546,6089,0,0.0
P,133,553,4568,0,0.0
P,133,560,15042,2,0.00013296104241457252
P,133,567,104,0,0.0
P,133,574,7013,0,0.0
P,133,581,9601,0,0.0
P,133,588,23632,0,0.0
P,133,595,8316,0,0.0
P,133,602,698,0,0.0
P,133,609,3999,0,0.0
P,133,616,8926,0,0.0
P,133,623,10626,4,0.0003764351590438547
P,133,630,185,0,0.0
P,133,637,7190,8,0.0011126564673157164
P,133,644,1357,0,0.0
P,133,651,19122,0,0.0
P,133,665,1878,0,0.0
P,133,672,5353,0,0.0
P,133,679,17932,14,0.0007807271916127593
P,133,686,3923,0,0.0
P,133,693,374,0,0.0
P,133,700,3844,0,0.0
P,133,707,4227,0,0.0
P,133,714,4554,9,0.001976284584980237
P,133,721,20,0,0.0
P,133,728,1981,0,0.0
P,133,735,1086,0,0.0
P,133,742,3923,0,0.0
P,133,749,195,0,0.0
P,133,756,804,0,0.0
P,133,763,1572,0,0.0
P,133,770,5881,0,0.0
P,133,777,3067,0,0.0
P,133,784,7,0,0.0
P,133,791,970,0,0.0
P,133,798,2112,0,0.0
P,133,805,1096,0,0.0
P,133,812,99,0,0.0
P,133,819,787,0,0.0
P,133,826,440,0,0.0
P,133,833,2357,0,0.0
P,133,847,1179,0,0.0
P,133,854,2636,0,0.0
P,133,861,7240,0,0.0
P,133,868,1455,0,0.0
P,133,875,139,0,0.0
P,133,882,619,0,0.0
P,133,889,1344,0,0.0
P,133,896,716,1,0.0013966480446927375
P,133,910,657,0,0.0
P,133,917,367,0,0.0
P,133,924,2331,0,0.0
P,133,938,626,0,0.0
P,133,945,1361,0,0.0
P,133,952,3257,0,0.0
P,133,959,1000,0,0.0
P,133,966,89,0,0.0
P,133,973,982,0,0.0
P,133,980,1156,0,0.0
P,133,987,1935,0,0.0
P,133,1001,1238,0,0.0
P,133,1008,271,0,0.0
P,133,1015,3543,1,0.0002822466836014677
P,133,1022,96,0,0.0
P,133,1029,46,0,0.0
P,133,1036,797,0,0.0
P,133,1043,1703,0,0.0
P,133,1050,812,0,0.0
P,133,1064,623,0,0.0
P,133,1071,180,0,0.0
P,133,1078,498,0,0.0
P,133,1092,64,0,0.0
P,133,1099,133,0,0.0
P,133,1106,373,0,0.0
P,133,1113,104,0,0.0
P,133,1120,9,0,0.0
P,133,1127,135,0,0.0
P,133,1134,359,0,0.0
P,133,1141,296,0,0.0
P,133,1155,11,0,0.0
P,133,1162,42,0,0.0
P,133,1169,204,0,0.0
P,133,1183,26,0,0.0
P,133,1190,42,0,0.0
P,133,1197,130,0,0.0
P,133,1211,65,0,0.0
P,133,1218,277,0,0.0
P,133,1225,605,0,0.0
P,133,1232,132,0,0.0
P,133,1246,43,0,0.0
P,133,1253,164,0,0.0
P,133,1260,78,0,0.0
P,133,1274,51,0,0.0
P,133,1281,28,0,0.0
P,133,1288,233,0,0.0
P,133,1302,18,0,0.0
P,133,1309,96,0,0.0
P,133,1316,166,0,0.0
P,133,1323,46,0,0.0
P,133,1337,172,0,0.0
P,133,1344,8,0,0.0
P,133,1351,332,0,0.0
P,133,1365,34,0,0.0
P,133,1372,47,0,0.0
P,133,1379,270,0,0.0
P,133,1386,92,0,0.0
P,133,1400,102,0,0.0
P,133,1407,100,0,0.0
P,133,1414,79,0,0.0
P,133,1428,28,0,0.0
P,133,1435,4,0,0.0
P,133,1442,174,0,0.0
P,133,1456,9,0,0.0
P,133,1463,101,0,0.0
P,133,1470,185,0,0.0
P,133,1477,50,0,0.0
P,133,1491,102,0,0.0
P,133,1498,312,0,0.0
P,133,1505,113,0,0.0
P,133,1519,7,0,0.0
P,133,1526,16,0,0.0
P,133,1533,205,0,0.0
P,133,1547,12,0,0.0
P,133,1554,12,0,0.0
P,133,1561,114,0,0.0
P,133,1575,146,0,0.0
P,133,1582,312,0,0.0
P,133,1589,125,0,0.0
P,133,1596,262,0,0.0
P,133,1610,22,0,0.0
P,133,1617,40,0,0.0
P,133,1624,224,0,0.0
P,133,1638,5,0,0.0
P,133,1645,87,0,0.0
P,133,1652,350,0,0.0
P,133,1659,87,0,0.0
P,133,1673,175,0,0.0
P,133,1680,58,0,0.0
P,133,1687,374,0,0.0
P,133,1701,70,0,0.0
P,133,1708,36,0,0.0
P,133,1715,206,0,0.0
P,133,1722,390,0,0.0
P,133,1729,24,0,0.0
P,133,1736,72,0,0.0
P,133,1743,144,0,0.0
P,133,1750,245,0,0.0
P,133,1764,74,0,0.0
P,133,1771,162,0,0.0
P,133,1778,306,0,0.0
P,133,1792,49,0,0.0
P,133,1799,75,0,0.0
P,133,1806,125,0,0.0
P,133,1813,62,0,0.0
P,133,1827,75,0,0.0
P,133,1834,130,0,0.0
P,133,1841,70,0,0.0
P,133,1848,4,0,0.0
P,133,1855,79,0,0.0
P,133,1862,44,0,0.0
P,133,1869,1003,0,0.0
P,133,1883,7,0,0.0
P,133,1890,33,0,0.0
P,133,1897,150,0,0.0
P,133,1911,12,0,0.0
P,133,1918,39,0,0.0
P,133,1925,13,0,0.0
P,133,1932,64,0,0.0
P,133,1946,136,0,0.0
P,133,1953,24,0,0.0
P,133,1960,543,0,0.0
P,133,1974,25,0,0.0
P,133,1981,41,0,0.0
P,133,1988,174,0,0.0
P,133,1995,25,0,0.0
P,133,2009,27,0,0.0
P,133,2023,71,0,0.0
P,133,2037,2,0,0.0
P,133,2044,41,0,0.0
P,133,2051,68,0,0.0
P,133,2072,38,0,0.0
P,133,2086,343,0,0.0
P,133,2100,30,0,0.0
P,133,2107,1,0,0.0
P,133,2114,114,0,0.0
P,133,2135,4,0,0.0
P,133,2142,27,0,0.0
P,133,2163,4,0,0.0
P,133,2177,15,0,0.0
P,133,2191,3,0,0.0
P,133,2198,10,0,0.0
P,140,140,257406,99,0.0003846064194307825
P,140,147,220803,8,0.00003623139178362613
P,140,154,514198,6,0.000011668656820913345
P,140,161,276190,9,0.00003258626307976393
P,140,168,760364,31,0.00004076994702537206
P,140,175,381166,40,0.00010494115424775557
P,140,182,107785,10,0.00009277728811986825
P,140,189,189591,1,5.274511975779441e-6
P,140,196,201613,42,0.000208319900006448
P,140,203,389594,158,0.00040555039348655266
P,140,210,61351,5,0.00008149826408697494
P,140,217,155929,17,0.00010902397886217445
P,140,224,96567,4,0.000041422017873600716
P,140,231,502195,69,0.00013739682792540746
P,140,238,96374,0,0.0
P,140,245,109144,2,0.00001832441545114711
P,140,252,114765,2,0.00001742691587156363
P,140,259,224277,54,0.0002407736861113712
P,140,266,140565,48,0.0003414790310532494
P,140,273,44190,0,0.0
P,140,280,103643,2,0.00001929700992831161
P,140,287,105501,3,0.000028435749424176075
P,140,294,213860,49,0.00022912185541943328
P,140,301,22729,9,0.0003959699062871222
P,140,308,87922,5,0.00005686858806669548
P,140,315,79037,28,0.0003542644584182092
P,140,322,291789,128,0.00043867315080417697
P,140,329,52132,20,0.00038364152535870483
P,140,336,44006,56,0.001272553742671454
P,140,343,66862,4,0.00005982471358918369
P,140,350,133206,4,0.000030028677386904494
P,140,357,107449,15,0.00013960111308620833
P,140,364,14665,6,0.00040913740197749747
P,140,371,56124,0,0.0
P,140,378,42031,0,0.0
P,140,385,91297,3,0.000032859787287643625
P,140,392,1052,0,0.0
P,140,399,28482,1,0.00003510989396812022
P,140,406,29083,1,0.00003438434824467902
P,140,413,72126,21,0.00029115714166874635
P,140,420,23252,0,0.0
P,140,427,2150,0,0.0
P,140,434,16984,1,0.000058878944889307586
P,140,441,22693,0,0.0
P,140,448,24679,2,0.00008104056080068074
P,140,455,1077,0,0.0
P,140,462,9816,0,0.0
P,140,469,10758,3,0.0002788622420524261
P,140,476,34555,10,0.0002893937201562726
P,140,490,12674,0,0.0
P,140,497,13252,4,0.00030184123151222455
P,140,504,44789,5,0.00011163455312688384
P,140,511,8874,5,0.0005634437683119225
P,140,518,1720,0,0.0
P,140,525,4961,0,0.0
P,140,532,7786,3,0.0003853069612124326
P,140,539,6886,0,0.0
P,140,546,814,0,0.0
P,140,553,5087,0,0.0
P,140,560,3541,1,0.0002824060999717594
P,140,567,12847,1,0.0000778391842453491
P,140,574,13,0,0.0
P,140,581,8368,0,0.0
P,140,588,6026,0,0.0
P,140,595,26627,2,0.00007511172869643595
P,140,602,6772,0,0.0
P,140,609,777,0,0.0
P,140,616,6363,1,0.00015715857300015716
P,140,623,6634,0,0.0
P,140,630,7033,0,0.0
P,140,637,17,0,0.0
P,140,644,6795,1,0.00014716703458425313
P,140,651,2198,0,0.0
P,140,658,22033,1,0.00004538646575591159
P,140,672,2317,0,0.0
P,140,679,6221,2,0.00032149172158816913
P,140,686,15729,18,0.0011443829868395957
P,140,693,3946,0,0.0
P,140,700,338,0,0.0
P,140,707,3525,0,0.0
P,140,714,3176,0,0.0
P,140,721,2401,5,0.0020824656393169513
P,140,735,828,0,0.0
P,140,742,759,0,0.0
P,140,749,2550,0,0.0
P,140,756,60,0,0.0
P,140,763,967,0,0.0
P,140,770,2332,0,0.0
P,140,777,4117,0,0.0
P,140,784,2951,0,0.0
P,140,791,31,0,0.0
P,140,798,1189,0,0.0
P,140,805,2006,0,0.0
P,140,812,1139,0,0.0
P,140,819,17,0,0.0
P,140,826,652,0,0.0
P,140,833,623,0,0.0
P,140,840,3812,0,0.0
P,140,854,1065,0,0.0
P,140,861,1747,0,0.0
P,140,868,3950,0,0.0
P,140,875,1318,0,0.0
P,140,882,82,0,0.0
P,140,889,857,0,0.0
P,140,896,948,0,0.0
P,140,903,876,0,0.0
P,140,917,1348,0,0.0
P,140,924,332,0,0.0
P,140,931,2946,0,0.0
P,140,945,1221,0,0.0
P,140,952,1306,0,0.0
P,140,959,4287,0,0.0
P,140,966,955,0,0.0
P,140,973,89,0,0.0
P,140,980,1707,1,0.0005858230814294083
P,140,987,1018,0,0.0
P,140,994,2483,0,0.0
P,140,1008,1690,0,0.0
P,140,1015,321,0,0.0
P,140,1022,3084,0,0.0
P,140,1029,127,0,0.0
P,140,1036,104,0,0.0
P,140,1043,998,0,0.0
P,140,1050,1348,0,0.0
P,140,1057,1570,0,0.0
P,140,1071,364,0,0.0
P,140,1078,89,0,0.0
P,140,1085,250,0,0.0
P,140,1099,83,0,0.0
P,140,1106,45,0,0.0
P,140,1113,319,0,0.0
P,140,1120,7,0,0.0
P,140,1127,7,0,0.0
P,140,1134,281,0,0.0
P,140,1141,168,1,0.005952380952380952
P,140,1148,312,0,0.0
P,140,1162,29,0,0.0
P,140,1169,60,0,0.0
P,140,1176,225,0,0.0
P,140,1190,51,0,0.0
P,140,1197,6,0,0.0
P,140,1204,395,0,0.0
P,140,1218,110,0,0.0
P,140,1225,181,0,0.0
P,140,1232,135,0,0.0
P,140,1239,86,0,0.0
P,140,1253,41,0,0.0
P,140,1260,39,0,0.0
P,140,1267,97,0,0.0
P,140,1281,51,0,0.0
P,140,1288,36,0,0.0
P,140,1295,217,0,0.0
P,140,1309,10,0,0.0
P,140,1316,131,0,0.0
P,140,1323,230,0,0.0
P,140,1330,98,0,0.0
P,140,1344,178,0,0.0
P,140,1351,1,0,0.0
P,140,1358,142,0,0.0
P,140,1372,82,0,0.0
P,140,1379,68,0,0.0
P,140,1386,100,0,0.0
P,140,1393,27,0,0.0
P,140,1407,41,0,0.0
P,140,1414,249,0,0.0
P,140,1421,132,0,0.0
P,140,1435,40,0,0.0
P,140,1442,5,0,0.0
P,140,1449,179,0,0.0
P,140,1463,21,0,0.0
P,140,1470,41,0,0.0
P,140,1477,87,0,0.0
P,140,1484,13,0,0.0
P,140,1491,2,0,0.0
P,140,1498,228,0,0.0
P,140,1505,21,0,0.0
P,140,1512,223,0,0.0
P,140,1526,11,0,0.0
P,140,1533,33,0,0.0
P,140,1540,210,0,0.0
P,140,1554,54,0,0.0
P,140,1561,11,0,0.0
P,140,1568,169,0,0.0
P,140,1575,61,0,0.0
P,140,1582,14,0,0.0
P,140,1589,145,0,0.0
P,140,1596,52,0,0.0
P,140,1603,227,0,0.0
P,140,1617,16,0,0.0
P,140,1624,21,0,0.0
P,140,1631,157,0,0.0
P,140,1645,16,0,0.0
P,140,1652,91,0,0.0
P,140,1659,187,0,0.0
P,140,1666,77,0,0.0
P,140,1673,3,0,0.0
P,140,1680,158,0,0.0
P,140,1687,74,0,0.0
P,140,1694,287,0,0.0
P,140,1708,79,0,0.0
P,140,1715,250,0,0.0
P,140,1722,263,0,0.0
P,140,1729,55,0,0.0
P,140,1736,18,0,0.0
P,140,1743,111,0,0.0
P,140,1750,109,0,0.0
P,140,1757,206,0,0.0
P,140,1771,39,0,0.0
P,140,1778,101,0,0.0
P,140,1785,297,0,0.0
P,140,1799,27,0,0.0
P,140,1806,27,0,0.0
P,140,1813,198,0,0.0
P,140,1820,78,0,0.0
P,140,1827,3,0,0.0
P,140,1834,29,0,0.0
P,140,1841,113,0,0.0
P,140,1848,64,0,0.0
P,140,1855,3,0,0.0
P,140,1862,208,0,0.0
P,140,1869,502,0,0.0
P,140,1876,224,0,0.0
P,140,1890,7,0,0.0
P,140,1897,15,0,0.0
P,140,1904,129,0,0.0
P,140,1918,9,0,0.0
P,140,1925,17,0,0.0
P,140,1932,60,0,0.0
P,140,1939,134,0,0.0
P,140,1953,80,0,0.0
P,140,1960,36,0,0.0
P,140,1967,277,0,0.0
P,140,1981,8,0,0.0
P,140,1988,51,0,0.0
P,140,1995,60,0,0.0
P,140,2002,21,0,0.0
P,140,2016,44,0,0.0
P,140,2030,25,0,0.0
P,140,2044,42,0,0.0
P,140,2051,4,0,0.0
P,140,2058,57,0,0.0
P,140,2079,78,0,0.0
P,140,2093,65,0,0.0
P,140,2107,37,0,0.0
P,140,2114,8,0,0.0
P,140,2121,72,0,0.0
P,140,2142,10,0,0.0
P,140,2149,90,0,0.0
P,140,2170,3,0,0.0
P,140,2184,27,0,0.0
P,147,147,155946,40,0.0002564990445410591
P,147,154,177606,1,5.630440413049109e-6
P,147,161,410640,21,0.00005113968439509059
P,147,168,280910,7,0.000024919013207077
P,147,175,587473,6,0.000010213235331666306
P,147,182,264225,1,3.784653231147696e-6
P,147,189,102137,3,0.000029372313657146774
P,147,196,176571,0,0.0
P,147,203,190968,139,0.0007278706380126513
P,147,210,347732,172,0.0004946337984424787
P,147,217,57715,0,0.0
P,147,224,133444,6,0.00004496268097479092
P,147,231,106111,2,0.00001884818727558877
P,147,238,476497,5,0.00001049324549787302
P,147,245,86193,1,0.000011601870221479703
P,147,252,96546,0,0.0
P,147,259,102912,6,0.00005830223880597015
P,147,266,215872,73,0.00033816335606285205
P,147,273,125437,37,0.00029496878911326003
P,147,280,47840,1,0.000020903010033444815
P,147,287,92545,8,0.00008644443243827327
P,147,294,100463,8,0.00007963130704836606
P,147,301,184357,26,0.00014103071757513955
P,147,308,18243,0,0.0
P,147,315,75017,35,0.0004665609128597518
P,147,322,76105,9,0.00011825767032389462
P,147,329,244298,219,0.0008964461436442377
P,147,336,45563,5,0.0001097381647389329
P,147,343,40800,4,0.0000980392156862745
P,147,350,69541,2,0.000028760012079205074
P,147,357,131206,29,0.0002210264774476777
P,147,364,105512,5,0.00004738797482750777
P,147,371,6415,1,0.0001558846453624318
P,147,378,39774,1,0.000025142052597174033
P,147,385,30387,0,0.0
P,147,392,75183,8,0.00010640703350491468
P,147,399,1829,0,0.0
P,147,406,24623,1,0.0000406124355277586
P,147,413,22861,1,0.000043742618433139404
P,147,420,64287,26,0.0004044363557173301
P,147,427,16477,0,0.0
P,147,434,3352,0,0.0
P,147,441,12130,0,0.0
P,147,448,24871,1,0.000040207470548027825
P,147,455,23813,3,0.00012598160668542393
P,147,462,204,0,0.0
P,147,469,8140,0,0.0
P,147,476,8893,0,0.0
P,147,483,23042,6,0.0002603940630153633
P,147,497,13148,6,0.00045634317006388805
P,147,504,16314,0,0.0
P,147,511,32372,6,0.00018534536018781662
P,147,518,6077,0,0.0
P,147,525,392,0,0.0
P,147,532,3439,0,0.0
P,147,539,11823,0,0.0
P,147,546,8365,0,0.0
P,147,553,54,0,0.0
P,147,560,4184,0,0.0
P,147,567,4686,0,0.0
P,147,574,10883,0,0.0
P,147,581,63,0,0.0
P,147,588,6386,0,0.0
P,147,595,9538,0,0.0
P,147,602,20798,3,0.00014424463890758726
P,147,609,4499,0,0.0
P,147,616,879,0,0.0
P,147,623,5859,0,0.0
P,147,630,12205,0,0.0
P,147,637,6530,0,0.0
P,147,644,27,0,0.0
P,147,651,5711,0,0.0
P,147,658,1981,0,0.0
P,147,665,10074,0,0.0
P,147,679,4216,0,0.0
P,147,686,5407,5,0.0009247272054743851
P,147,693,19153,57,0.002976035085887328
P,147,700,3052,0,0.0
P,147,707,284,0,0.0
P,147,714,2532,1,0.00039494470774091627
P,147,721,2916,0,0.0
P,147,728,4698,0,0.0
P,147,742,885,0,0.0
P,147,749,720,0,0.0
P,147,756,2284,0,0.0
P,147,763,307,0,0.0
P,147,770,597,0,0.0
P,147,777,1584,0,0.0
P,147,784,4643,0,0.0
P,147,791,1991,0,0.0
P,147,798,42,0,0.0
P,147,805,729,0,0.0
P,147,812,1818,0,0.0
P,147,819,948,0,0.0
P,147,833,398,0,0.0
P,147,840,1135,0,0.0
P,147,847,3510,0,0.0
P,147,861,2767,0,0.0
P,147,868,1712,0,0.0
P,147,875,4106,0,0.0
P,147,882,1260,0,0.0
P,147,889,14,0,0.0
P,147,896,371,0,0.0
P,147,903,1954,0,0.0
P,147,910,780,0,0.0
P,147,924,802,0,0.0
P,147,931,282,0,0.0
P,147,938,2026,0,0.0
P,147,952,502,0,0.0
P,147,959,1237,0,0.0
P,147,966,4340,0,0.0
P,147,973,582,0,0.0
P,147,980,121,0,0.0
P,147,987,1253,0,0.0
P,147,994,949,1,0.001053740779768177
P,147,1001,1399,0,0.0
P,147,1015,1374,2,0.001455604075691412
P,147,1022,249,0,0.0
P,147,1029,999,0,0.0
P,147,1036,146,0,0.0
P,147,1043,162,0,0.0
P,147,1050,585,0,0.0
P,147,1057,1555,0,0.0
P,147,1064,1111,8,0.0072007200720072
P,147,1078,297,0,0.0
P,147,1085,36,0,0.0
P,147,1092,570,0,0.0
P,147,1106,17,0,0.0
P,147,1113,51,0,0.0
P,147,1120,194,0,0.0
P,147,1127,6,0,0.0
P,147,1134,15,0,0.0
P,147,1141,181,0,0.0
P,147,1148,71,0,0.0
P,147,1155,149,0,0.0
P,147,1169,19,0,0.0
P,147,1176,317,0,0.0
P,147,1183,141,0,0.0
P,147,1197,33,0,0.0
P,147,1204,23,0,0.0
P,147,1211,315,0,0.0
P,147,1225,177,0,0.0
P,147,1232,96,0,0.0
P,147,1239,210,0,0.0
P,147,1246,103,0,0.0
P,147,1260,20,0,0.0
P,147,1267,227,0,0.0
P,147,1274,104,0,0.0
P,147,1288,72,0,0.0
P,147,1295,31,0,0.0
P,147,1302,62,0,0.0
P,147,1316,40,0,0.0
P,147,1323,134,0,0.0
P,147,1330,396,0,0.0
P,147,1337,61,0,0.0
P,147,1351,158,0,0.0
P,147,1358,2,0,0.0
P,147,1365,180,0,0.0
P,147,1379,48,0,0.0
P,147,1386,51,0,0.0
P,147,1393,127,0,0.0
P,147,1400,16,0,0.0
P,147,1414,67,0,0.0
P,147,1421,165,0,0.0
P,147,1428,194,0,0.0
P,147,1442,18,0,0.0
P,147,1449,16,0,0.0
P,147,1456,174,0,0.0
P,147,1470,12,0,0.0
P,147,1477,33,0,0.0
P,147,1484,83,0,0.0
P,147,1491,21,0,0.0
P,147,1498,10,0,0.0
P,147,1505,65,0,0.0
P,147,1512,35,0,0.0
P,147,1519,76,0,0.0
P,147,1533,26,0,0.0
P,147,1540,115,0,0.0
P,147,1547,133,0,0.0
P,147,1561,33,0,0.0
P,147,1568,9,0,0.0
P,147,1575,276,0,0.0
P,147,1582,16,0,0.0
P,147,1589,52,0,0.0
P,147,1596,93,0,0.0
P,147,1603,22,0,0.0
P,147,1610,188,0,0.0
P,147,1624,13,0,0.0
P,147,1631,37,0,0.0
P,147,1638,334,0,0.0
P,147,1652,22,0,0.0
P,147,1659,74,0,0.0
P,147,1666,203,0,0.0
P,147,1673,47,0,0.0
P,147,1680,1,0,0.0
P,147,1687,204,0,0.0
P,147,1694,56,0,0.0
P,147,1701,416,0,0.0
P,147,1715,50,0,0.0
P,147,1722,156,0,0.0
P,147,1729,205,0,0.0
P,147,1736,32,0,0.0
P,147,1743,13,0,0.0
P,147,1750,58,0,0.0
P,147,1757,70,0,0.0
P,147,1764,115,0,0.0
P,147,1778,157,0,0.0
P,147,1785,88,0,0.0
P,147,1792,345,3,0.008695652173913044
P,147,1806,13,0,0.0
P,147,1813,45,0,0.0
P,147,1820,88,0,0.0
P,147,1827,101,0,0.0
P,147,1834,17,0,0.0
P,147,1841,35,0,0.0
P,147,1848,143,0,0.0
P,147,1855,107,0,0.0
P,147,1862,5,0,0.0
P,147,1869,91,0,0.0
P,147,1876,13,0,0.0
P,147,1883,144,0,0.0
P,147,1897,6,0,0.0
P,147,1904,16,0,0.0
P,147,1911,73,0,0.0
P,147,1925,3,0,0.0
P,147,1932,45,0,0.0
P,147,1939,42,0,0.0
P,147,1946,197,0,0.0
P,147,1960,248,0,0.0
P,147,1967,73,0,0.0
P,147,1974,300,0,0.0
P,147,1988,2,0,0.0
P,147,1995,15,0,0.0
P,147,2002,189,0,0.0
P,147,2009,111,0,0.0
P,147,2023,17,0,0.0
P,147,2030,1,0,0.0
P,147,2037,47,0,0.0
P,147,2051,6,0,0.0
P,147,2058,17,0,0.0
P,147,2065,163,0,0.0
P,147,2086,167,0,0.0
P,147,2100,69,0,0.0
P,147,2114,12,0,0.0
P,147,2121,4,0,0.0
P,147,2128,37,0,0.0
P,147,2149,19,0,0.0
P,147,2156,80,0,0.0
P,147,2177,1,0,0.0
P,147,2191,40,0,0.0
P,154,154,37819,7,0.00018509214944868982
P,154,161,152821,45,0.0002944621485267077
P,154,168,376198,9,0.000023923572161468162
P,154,175,248834,2,8.037486838615302e-6
P,154,182,369872,57,0.00015410736687286413
P,154,189,201366,0,0.0
P,154,196,89654,0,0.0
P,154,203,163509,1,6.115871297604414e-6
P,154,210,169382,21,0.00012398011595092748
P,154,217,306202,34,0.00011103781164068164
P,154,224,59886,3,0.00005009518084360284
P,154,231,135120,0,0.0
P,154,238,93429,0,0.0
P,154,245,426252,16,0.00003753648076724567
P,154,252,84068,0,0.0
P,154,259,66747,0,0.0
P,154,266,92996,9,0.00009677835605832509
P,154,273,218959,43,0.0001963837978799684
P,154,280,112393,0,0.0
P,154,287,38115,3,0.00007870916961826053
P,154,294,85458,13,0.00015212150998151138
P,154,301,77504,0,0.0
P,154,308,176738,16,0.00009052948432142494
P,154,315,20135,0,0.0
P,154,322,84039,2,0.00002379847451778341
P,154,329,69700,11,0.00015781922525107605
P,154,336,222791,63,0.00028277623422849217
P,154,343,44450,0,0.0
P,154,350,36052,24,0.0006657050926439587
P,154,357,71023,2,0.000028159891866015233
P,154,364,121578,26,0.00021385448025136128
P,154,371,86988,0,0.0
P,154,378,2178,0,0.0
P,154,385,28209,0,0.0
P,154,392,20611,0,0.0
P,154,399,61861,4,0.00006466109503564443
P,154,406,2091,0,0.0
P,154,413,19856,7,0.0003525382755842063
P,154,420,22391,1,0.00004466080121477379
P,154,427,55120,41,0.0007438316400580552
P,154,434,11468,0,0.0
P,154,441,2278,0,0.0
P,154,448,10711,0,0.0
P,154,455,19262,7,0.0003634098224483439
P,154,462,17727,0,0.0
P,154,469,422,0,0.0
P,154,476,10633,7,0.0006583278472679394
P,154,483,9912,0,0.0
P,154,490,22228,2,0.00008997660608241857
P,154,504,13738,0,0.0
P,154,511,13649,2,0.0001465308813832515
P,154,518,26232,2,0.00007624275693809088
P,154,525,4776,0,0.0
P,154,532,973,0,0.0
P,154,539,5522,0,0.0
P,154,546,11512,0,0.0
P,154,553,8677,0,0.0
P,154,567,3066,0,0.0
P,154,574,5639,0,0.0
P,154,581,16379,0,0.0
P,154,588,24,0,0.0
P,154,595,5010,0,0.0
P,154,602,6509,2,0.00030726686126901216
P,154,609,17375,0,0.0
P,154,616,3081,0,0.0
P,154,623,766,0,0.0
P,154,630,4360,0,0.0
P,154,637,9790,5,0.0005107252298263534
P,154,644,7895,0,0.0
P,154,651,280,0,0.0
P,154,658,7328,0,0.0
P,154,665,1355,0,0.0
P,154,672,7781,5,0.0006425909266161162
P,154,686,4118,8,0.001942690626517727
P,154,693,6977,3,0.0004299842339114232
P,154,700,13016,3,0.00023048555623847572
P,154,707,2856,0,0.0
P,154,714,576,0,0.0
P,154,721,2321,0,0.0
P,154,728,1048,0,0.0
P,154,735,2745,0,0.0
P,154,749,378,0,0.0
P,154,756,284,0,0.0
P,154,763,2014,0,0.0
P,154,770,330,0,0.0
P,154,777,415,0,0.0
P,154,784,1683,0,0.0
P,154,791,4329,0,0.0
P,154,798,2680,0,0.0
P,154,805,1,0,0.0
P,154,812,431,0,0.0
P,154,819,1128,0,0.0
P,154,826,629,0,0.0
P,154,833,2,0,0.0
P,154,840,742,0,0.0
P,154,847,777,0,0.0
P,154,854,3702,0,0.0
P,154,868,436,0,0.0
P,154,875,1058,0,0.0
P,154,882,3448,0,0.0
P,154,889,909,0,0.0
P,154,896,30,0,0.0
P,154,903,701,0,0.0
P,154,910,821,0,0.0
P,154,917,1380,0,0.0
P,154,931,1138,0,0.0
P,154,938,238,0,0.0
P,154,945,2668,0,0.0
P,154,959,695,0,0.0
P,154,966,1339,0,0.0
P,154,973,4244,0,0.0
P,154,980,571,2,0.0035026269702276708
P,154,987,34,0,0.0
P,154,994,1407,0,0.0
P,154,1001,1969,1,0.0005078720162519045
P,154,1008,1419,0,0.0
P,154,1022,1080,0,0.0
P,154,1029,321,0,0.0
P,154,1036,691,0,0.0
P,154,1043,39,0,0.0
P,154,1050,168,0,0.0
P,154,1057,1014,0,0.0
P,154,1064,1572,2,0.001272264631043257
P,154,1071,690,0,0.0
P,154,1085,336,0,0.0
P,154,1092,30,0,0.0
P,154,1099,655,0,0.0
P,154,1113,22,0,0.0
P,154,1120,15,0,0.0
P,154,1127,163,0,0.0
P,154,1134,11,0,0.0
P,154,1141,1,0,0.0
P,154,1148,181,0,0.0
P,154,1155,149,0,0.0
P,154,1162,132,0,0.0
P,154,1176,77,0,0.0
P,154,1183,43,0,0.0
P,154,1190,194,0,0.0
P,154,1204,81,0,0.0
P,154,1211,5,0,0.0
P,154,1218,555,0,0.0
P,154,1232,16,0,0.0
P,154,1239,109,0,0.0
P,154,1246,105,0,0.0
P,154,1253,65,0,0.0
P,154,1267,70,0,0.0
P,154,1274,88,0,0.0
P,154,1281,95,0,0.0
P,154,1295,45,0,0.0
P,154,1302,6,0,0.0
P,154,1309,165,0,0.0
P,154,1323,51,0,0.0
P,154,1330,154,0,0.0
P,154,1337,593,0,0.0
P,154,1344,62,0,0.0
P,154,1358,31,0,0.0
P,154,1365,2,0,0.0
P,154,1372,266,0,0.0
P,154,1386,12,0,0.0
P,154,1393,28,0,0.0
P,154,1400,151,0,0.0
P,154,1407,48,0,0.0
P,154,1414,98,0,0.0
P,154,1421,112,0,0.0
P,154,1428,153,0,0.0
P,154,1435,23,0,0.0
P,154,1449,27,0,0.0
P,154,1456,5,0,0.0
P,154,1463,377,0,0.0
P,154,1477,4,0,0.0
P,154,1484,20,0,0.0
P,154,1491,131,0,0.0
P,154,1498,16,0,0.0
P,154,1505,5,0,0.0
P,154,1512,122,0,0.0
P,154,1519,46,0,0.0
P,154,1526,73,0,0.0
P,154,1540,39,0,0.0
P,154,1547,70,0,0.0
P,154,1554,85,0,0.0
P,154,1568,25,0,0.0
P,154,1575,33,0,0.0
P,154,1582,278,0,0.0
P,154,1589,51,0,0.0
P,154,1596,7,0,0.0
P,154,1603,101,0,0.0
P,154,1610,15,0,0.0
P,154,1617,202,0,0.0
P,154,1631,8,0,0.0
P,154,1638,19,0,0.0
P,154,1645,245,0,0.0
P,154,1659,17,0,0.0
P,154,1666,59,0,0.0
P,154,1673,155,0,0.0
P,154,1680,160,0,0.0
P,154,1687,21,0,0.0
P,154,1694,143,0,0.0
P,154,1701,163,0,0.0
P,154,1708,251,0,0.0
P,154,1722,36,0,0.0
P,154,1729,45,0,0.0
P,154,1736,178,0,0.0
P,154,1743,112,0,0.0
P,154,1750,3,0,0.0
P,154,1757,65,0,0.0
P,154,1764,70,0,0.0
P,154,1771,101,0,0.0
P,154,1785,139,0,0.0
P,154,1792,166,0,0.0
P,154,1799,283,0,0.0
P,154,1813,47,0,0.0
P,154,1820,29,0,0.0
P,154,1827,183,0,0.0
P,154,1834,55,0,0.0
P,154,1841,4,0,0.0
P,154,1848,25,0,0.0
P,154,1855,71,0,0.0
P,154,1862,162,0,0.0
P,154,1869,73,0,0.0
P,154,1876,108,0,0.0
P,154,1883,28,0,0.0
P,154,1890,195,0,0.0
P,154,1904,8,0,0.0
P,154,1911,10,0,0.0
P,154,1918,181,0,0.0
P,154,1932,6,0,0.0
P,154,1939,30,0,0.0
P,154,1946,53,0,0.0
P,154,1953,65,0,0.0
P,154,1967,60,0,0.0
P,154,1974,57,0,0.0
P,154,1981,188,0,0.0
P,154,1995,9,0,0.0
P,154,2002,46,0,0.0
P,154,2009,22,0,0.0
P,154,2016,28,0,0.0
P,154,2030,7,0,0.0
P,154,2037,1,0,0.0
P,154,2044,85,0,0.0
P,154,2058,3,0,0.0
P,154,2065,77,0,0.0
P,154,2072,124,0,0.0
P,154,2093,27,0,0.0
P,154,2107,131,0,0.0
P,154,2121,9,0,0.0
P,154,2128,9,0,0.0
P,154,2135,17,0,0.0
P,154,2149,13,0,0.0
P,154,2156,24,0,0.0
P,154,2163,14,0,0.0
P,154,2184,7,0,0.0
P,154,2198,8,0,0.0
P,161,161,3391,1,0.0002948982601002654
P,161,168,130954,5,0.00003818134612153886
P,161,175,267716,24,0.00008964723811800565
P,161,182,165968,4,0.000024101031524149233
P,161,189,340529,3,8.809822364615054e-6
P,161,196,168886,12,0.00007105384697369823
P,161,203,67583,0,0.0
P,161,210,148071,2,0.00001350703378784502
P,161,217,141932,2,0.000014091254967167375
P,161,224,275415,15,0.00005446326452807581
P,161,231,46389,5,0.00010778417297204078
P,161,238,124325,0,0.0
P,161,245,83165,1,0.000012024289063909096
P,161,252,369080,103,0.0002790722878508724
P,161,259,62879,6,0.00009542136484358848
P,161,266,69996,2,0.000028573061317789587
P,161,273,90122,2,0.000022192139544173455
P,161,280,192493,9,0.00004675494693313523
P,161,287,88138,16,0.0001815335042773832
P,161,294,31293,6,0.00019173617102866456
P,161,301,68164,5,0.0000733525027873951
P,161,308,66134,0,0.0
P,161,315,159317,73,0.00045820596672043785
P,161,322,18332,0,0.0
P,161,329,53806,1,0.000018585287886109356
P,161,336,60295,1,0.00001658512314453935
P,161,343,211942,37,0.0001745760632625907
P,161,350,43743,0,0.0
P,161,357,31041,22,0.0007087400534776586
P,161,364,66058,7,0.00010596748312089376
P,161,371,85008,5,0.0000588179936006023
P,161,378,56652,7,0.00012356139236037564
P,161,385,1308,0,0.0
P,161,392,23322,1,0.000042877969299373983
P,161,399,22073,0,0.0
P,161,406,48265,2,0.00004143789495493629
P,161,413,557,0,0.0
P,161,420,14919,1,0.00006702862122126148
P,161,427,21930,0,0.0
P,161,434,54597,14,0.00025642434566001797
P,161,441,11437,0,0.0
P,161,448,2002,1,0.0004995004995004995
P,161,455,10348,0,0.0
P,161,462,15068,1,0.00006636580833554553
P,161,469,11263,2,0.00017757258279321673
P,161,476,360,0,0.0
P,161,483,5229,0,0.0
P,161,490,8679,0,0.0
P,161,497,24792,17,0.0006857050661503711
P,161,511,7315,0,0.0
P,161,518,11044,0,0.0
P,161,525,25246,2,0.00007922047056959519
P,161,532,4978,0,0.0
P,161,539,622,0,0.0
P,161,546,4732,0,0.0
P,161,553,7283,0,0.0
P,161,560,5059,3,0.0005930025696778019
P,161,567,432,0,0.0
P,161,574,4869,0,0.0
P,161,581,4326,0,0.0
P,161,588,10204,0,0.0
P,161,595,16,0,0.0
P,161,602,4946,2,0.0004043671653861706
P,161,609,6527,0,0.0
P,161,616,24836,1,0.000040264132710581415
P,161,623,2904,0,0.0
P,161,630,2457,0,0.0
P,161,637,4318,0,0.0
P,161,644,10185,0,0.0
P,161,651,7582,1,0.00013189132155104195
P,161,658,63,0,0.0
P,161,665,2377,0,0.0
P,161,672,1047,0,0.0
P,161,679,8176,2,0.0002446183953033268
P,161,693,2112,0,0.0
P,161,700,4545,0,0.0
P,161,707,13402,5,0.00037307864497836146
P,161,714,2105,0,0.0
P,161,721,84,0,0.0
P,161,728,2905,0,0.0
P,161,735,1371,0,0.0
P,161,742,1968,0,0.0
P,161,756,642,0,0.0
P,161,763,512,0,0.0
P,161,770,2646,0,0.0
P,161,777,105,0,0.0
P,161,784,534,0,0.0
P,161,791,1516,0,0.0
P,161,798,3357,0,0.0
P,161,805,2081,0,0.0
P,161,812,68,0,0.0
P,161,819,344,0,0.0
P,161,826,1202,0,0.0
P,161,833,426,0,0.0
P,161,840,37,0,0.0
P,161,847,643,0,0.0
P,161,854,599,0,0.0
P,161,861,5144,3,0.0005832037325038881
P,161,875,1265,0,0.0
P,161,882,1272,0,0.0
P,161,889,3668,0,0.0
P,161,896,1009,0,0.0
P,161,903,59,0,0.0
P,161,910,442,0,0.0
P,161,917,1518,1,0.0006587615283267457
P,161,924,818,0,0.0
P,161,938,721,0,0.0
P,161,945,258,0,0.0
P,161,952,1865,0,0.0
P,161,966,795,0,0.0
P,161,973,1447,0,0.0
P,161,980,5580,0,0.0
P,161,987,303,0,0.0
P,161,994,172,0,0.0
P,161,1001,864,0,0.0
P,161,1008,2263,0,0.0
P,161,1015,1228,0,0.0
P,161,1029,247,0,0.0
P,161,1036,125,0,0.0
P,161,1043,687,0,0.0
P,161,1050,65,0,0.0
P,161,1057,20,0,0.0
P,161,1064,884,0,0.0
P,161,1071,1194,0,0.0
P,161,1078,520,1,0.0019230769230769232
P,161,1092,211,0,0.0
P,161,1099,16,0,0.0
P,161,1106,227,0,0.0
P,161,1120,43,0,0.0
P,161,1127,8,0,0.0
P,161,1134,275,0,0.0
P,161,1141,22,0,0.0
P,161,1148,4,0,0.0
P,161,1155,89,0,0.0
P,161,1162,77,0,0.0
P,161,1169,183,0,0.0
P,161,1183,18,0,0.0
P,161,1190,67,0,0.0
P,161,1197,27,0,0.0
P,161,1211,48,0,0.0
P,161,1218,14,0,0.0
P,161,1225,415,0,0.0
P,161,1239,101,0,0.0
P,161,1246,82,0,0.0
P,161,1253,143,0,0.0
P,161,1260,45,0,0.0
P,161,1274,37,0,0.0
P,161,1281,75,0,0.0
P,161,1288,128,0,0.0
P,161,1302,20,0,0.0
P,161,1309,32,0,0.0
P,161,1316,247,0,0.0
P,161,1330,68,0,0.0
P,161,1337,278,0,0.0
P,161,1344,442,0,0.0
P,161,1351,28,0,0.0
P,161,1365,43,0,0.0
P,161,1372,18,0,0.0
P,161,1379,173,0,0.0
P,161,1393,24,0,0.0
P,161,1400,18,0,0.0
P,161,1407,56,0,0.0
P,161,1414,16,0,0.0
P,161,1428,107,0,0.0
P,161,1435,79,0,0.0
P,161,1442,71,0,0.0
P,161,1456,32,0,0.0
P,161,1463,21,0,0.0
P,161,1470,158,0,0.0
P,161,1484,7,0,0.0
P,161,1491,56,0,0.0
P,161,1498,192,0,0.0
P,161,1505,3,0,0.0
P,161,1519,54,0,0.0
P,161,1526,18,0,0.0
P,161,1533,197,0,0.0
P,161,1547,5,0,0.0
P,161,1554,64,0,0.0
P,161,1561,32,0,0.0
P,161,1575,49,0,0.0
P,161,1582,18,0,0.0
P,161,1589,215,1,0.004651162790697674
P,161,1596,40,0,0.0
P,161,1603,11,0,0.0
P,161,1610,122,0,0.0
P,161,1617,63,0,0.0
P,161,1624,247,0,0.0
P,161,1638,59,0,0.0
P,161,1645,17,0,0.0
P,161,1652,348,0,0.0
P,161,1666,20,0,0.0
P,161,1673,60,0,0.0
P,161,1680,139,0,0.0
P,161,1687,63,0,0.0
P,161,1694,4,0,0.0
P,161,1701,277,0,0.0
P,161,1708,27,0,0.0
P,161,1715,686,0,0.0
P,161,1729,80,0,0.0
P,161,1736,40,0,0.0
P,161,1743,155,0,0.0
P,161,1750,98,0,0.0
P,161,1764,48,0,0.0
P,161,1771,59,0,0.0
P,161,1778,89,0,0.0
P,161,1792,149,0,0.0
P,161,1799,126,0,0.0
P,161,1806,98,0,0.0
P,161,1820,13,0,0.0
P,161,1827,23,0,0.0
P,161,1834,126,0,0.0
P,161,1841,64,0,0.0
P,161,1848,26,0,0.0
P,161,1855,42,0,0.0
P,161,1862,37,0,0.0
P,161,1869,414,0,0.0
P,161,1876,8,0,0.0
P,161,1883,21,0,0.0
P,161,1890,27,0,0.0
P,161,1897,184,0,0.0
P,161,1911,3,0,0.0
P,161,1918,24,0,0.0
P,161,1925,56,0,0.0
P,161,1939,4,0,0.0
P,161,1946,70,0,0.0
P,161,1953,62,0,0.0
P,161,1960,286,1,0.0034965034965034965
P,161,1974,138,0,0.0
P,161,1981,45,0,0.0
P,161,1988,271,0,0.0
P,161,2009,35,0,0.0
P,161,2016,74,0,0.0
P,161,2023,8,0,0.0
P,161,2037,14,0,0.0
P,161,2044,9,0,0.0
P,161,2051,25,0,0.0
P,161,2065,3,0,0.0
P,161,2072,42,0,0.0
P,161,2079,142,0,0.0
P,161,2100,29,0,0.0
P,161,2114,83,0,0.0
P,161,2128,5,0,0.0
P,161,2135,1,0,0.0
P,161,2142,11,0,0.0
P,161,2163,14,0,0.0
P,161,2170,79,0,0.0
P,161,2191,12,0,0.0
P,168,168,2619,0,0.0
P,168,175,86889,1,0.000011508936689339273
P,168,182,153911,11,0.00007146987544749888
P,168,189,139850,3,0.00002145155523775474
P,168,196,309814,2,6.455486194942772e-6
P,168,203,167148,82,0.0004905831957307296
P,168,210,60514,0,0.0
P,168,217,131808,12,0.00009104151493080845
P,168,224,126188,4,0.0000316987352204647
P,168,231,263828,342,0.001296299103961672
P,168,238,49721,5,0.00010056113111160274
P,168,245,118595,11,0.00009275264555841309
P,168,252,85950,8,0.00009307737056428156
P,168,259,328865,7,0.000021285329846593588
P,168,266,63521,2,0.00003148565041482344
P,168,273,68780,0,0.0
P,168,280,71846,1,0.000013918659354730953
P,168,287,150704,36,0.00023887886187493366
P,168,294,100799,11,0.00010912806674669392
P,168,301,20884,8,0.0003830683777054204
P,168,308,61073,6,0.0000982430861428127
P,168,315,62640,45,0.0007183908045977011
P,168,322,150317,14,0.00009313650485307716
P,168,329,17576,8,0.0004551661356395084
P,168,336,67603,25,0.00036980607369495436
P,168,343,61775,2,0.00003237555645487657
P,168,350,201956,82,0.0004060290360276496
P,168,357,45869,7,0.000152608515555168
P,168,364,28840,1,0.00003467406380027739
P,168,371,51232,2,0.000039038101186758274
P,168,378,66127,2,0.000030244831914346636
P,168,385,44591,2,0.000044852100199591846
P,168,392,1023,0,0.0
P,168,399,17140,1,0.000058343057176196036
P,168,406,15571,0,0.0
P,168,413,41970,31,0.0007386228258279724
P,168,420,1093,0,0.0
P,168,427,14452,2,0.0001383891502906172
P,168,434,21383,1,0.00004676612262077351
P,168,441,43874,11,0.00025071796508182524
P,168,448,11810,0,0.0
P,168,455,1355,0,0.0
P,168,462,6639,0,0.0
P,168,469,11565,3,0.00025940337224383917
P,168,476,10629,0,0.0
P,168,483,277,0,0.0
P,168,490,5830,3,0.0005145797598627787
P,168,497,8328,1,0.00012007684918347742
P,168,504,29243,9,0.00030776596108470405
P,168,518,7496,1,0.00013340448239060833
P,168,525,9542,3,0.00031439949696080485
P,168,532,17821,22,0.00123449862521744
P,168,539,4343,2,0.00046051116739580933
P,168,546,1051,0,0.0
P,168,553,3850,1,0.00025974025974025974
P,168,560,6653,0,0.0
P,168,567,5146,0,0.0
P,168,574,115,0,0.0
P,168,581,5112,0,0.0
P,168,588,6238,0,0.0
P,168,595,12283,1,0.00008141333550435561
P,168,602,26,0,0.0
P,168,609,4272,0,0.0
P,168,616,6584,0,0.0
P,168,623,19067,0,0.0
P,168,630,4033,0,0.0
P,168,637,391,0,0.0
P,168,644,2738,0,0.0
P,168,651,4844,0,0.0
P,168,658,5238,0,0.0
P,168,665,30,0,0.0
P,168,672,2256,0,0.0
P,168,679,2219,1,0.0004506534474988734
P,168,686,8609,8,0.0009292600766639563
P,168,700,2620,0,0.0
P,168,707,5235,0,0.0
P,168,714,9389,27,0.002875705612951326
P,168,721,1872,0,0.0
P,168,728,16,0,0.0
P,168,735,1098,0,0.0
P,168,742,1581,0,0.0
P,168,749,1777,0,0.0
P,168,763,439,0,0.0
P,168,770,532,0,0.0
P,168,777,2200,0,0.0
P,168,784,117,0,0.0
P,168,791,712,0,0.0
P,168,798,1975,0,0.0
P,168,805,3057,0,0.0
P,168,812,1780,0,0.0
P,168,819,3,0,0.0
P,168,826,210,0,0.0
P,168,833,756,0,0.0
P,168,840,680,0,0.0
P,168,847,4,0,0.0
P,168,854,646,0,0.0
P,168,861,319,0,0.0
P,168,868,2655,2,0.0007532956685499058
P,168,882,873,0,0.0
P,168,889,875,0,0.0
P,168,896,2268,0,0.0
P,168,903,1454,0,0.0
P,168,910,21,0,0.0
P,168,917,706,0,0.0
P,168,924,706,1,0.00141643059490085
P,168,931,691,0,0.0
P,168,945,791,0,0.0
P,168,952,121,0,0.0
P,168,959,2104,0,0.0
P,168,973,1049,0,0.0
P,168,980,1269,0,0.0
P,168,987,3793,0,0.0
P,168,994,450,0,0.0
P,168,1001,31,0,0.0
P,168,1008,592,0,0.0
P,168,1015,1294,0,0.0
P,168,1022,758,0,0.0
P,168,1036,294,0,0.0
P,168,1043,172,0,0.0
P,168,1050,609,0,0.0
P,168,1057,370,0,0.0
P,168,1064,107,0,0.0
P,168,1071,596,0,0.0
P,168,1078,979,9,0.009193054136874362
P,168,1085,390,1,0.002564102564102564
P,168,1099,150,0,0.0
P,168,1106,10,0,0.0
P,168,1113,274,0,0.0
P,168,1127,20,0,0.0
P,168,1134,54,0,0.0
P,168,1141,206,0,0.0
P,168,1148,7,0,0.0
P,168,1155,3,0,0.0
P,168,1162,81,0,0.0
P,168,1169,140,0,0.0
P,168,1176,227,0,0.0
P,168,1190,11,0,0.0
P,168,1197,51,0,0.0
P,168,1204,130,0,0.0
P,168,1218,59,0,0.0
P,168,1225,21,0,0.0
P,168,1232,159,0,0.0
P,168,1246,64,0,0.0
P,168,1253,156,0,0.0
P,168,1260,88,0,0.0
P,168,1267,67,0,0.0
P,168,1281,48,0,0.0
P,168,1288,67,0,0.0
P,168,1295,116,0,0.0
P,168,1309,39,0,0.0
P,168,1316,7,0,0.0
P,168,1323,164,0,0.0
P,168,1337,27,0,0.0
P,168,1344,136,0,0.0
P,168,1351,346,0,0.0
P,168,1358,40,0,0.0
P,168,1372,39,0,0.0
P,168,1379,23,0,0.0
P,168,1386,161,0,0.0
P,168,1400,16,0,0.0
P,168,1407,13,0,0.0
P,168,1414,211,0,0.0
P,168,1421,40,0,0.0
P,168,1428,2,0,0.0
P,168,1435,59,0,0.0
P,168,1442,136,0,0.0
P,168,1449,82,0,0.0
P,168,1463,74,0,0.0
P,168,1470,1,0,0.0
P,168,1477,130,0,0.0
P,168,1491,24,0,0.0
P,168,1498,26,0,0.0
P,168,1505,76,0,0.0
P,168,1526,31,0,0.0
P,168,1533,55,0,0.0
P,168,1540,197,0,0.0
P,168,1554,10,0,0.0
P,168,1561,52,0,0.0
P,168,1568,58,0,0.0
P,168,1582,66,0,0.0
P,168,1589,24,0,0.0
P,168,1596,124,0,0.0
P,168,1603,60,0,0.0
P,168,1610,6,0,0.0
P,168,1617,131,0,0.0
P,168,1624,43,0,0.0
P,168,1631,149,0,0.0
P,168,1645,30,0,0.0
P,168,1652,31,0,0.0
P,168,1659,227,0,0.0
P,168,1673,5,0,0.0
P,168,1680,62,0,0.0
P,168,1687,202,0,0.0
P,168,1694,64,0,0.0
P,168,1701,5,0,0.0
P,168,1708,178,0,0.0
P,168,1715,57,0,0.0
P,168,1722,516,0,0.0
P,168,1736,29,0,0.0
P,168,1743,32,0,0.0
P,168,1750,108,0,0.0
P,168,1757,119,0,0.0
P,168,1764,2,0,0.0
P,168,1771,42,0,0.0
P,168,1778,123,0,0.0
P,168,1785,140,0,0.0
P,168,1799,116,0,0.0
P,168,1806,126,0,0.0
P,168,1813,149,0,0.0
P,168,1827,41,0,0.0
P,168,1834,14,0,0.0
P,168,1841,100,0,0.0
P,168,1848,29,0,0.0
P,168,1855,2,0,0.0
P,168,1862,89,0,0.0
P,168,1869,203,0,0.0
P,168,1876,16,0,0.0
P,168,1883,5,0,0.0
P,168,1890,49,0,0.0
P,168,1897,49,0,0.0
P,168,1904,129,0,0.0
P,168,1918,3,0,0.0
P,168,1925,4,0,0.0
P,168,1932,110,0,0.0
P,168,1946,12,0,0.0
P,168,1953,28,0,0.0
P,168,1960,59,0,0.0
P,168,1967,142,0,0.0
P,168,1981,107,0,0.0
P,168,1988,93,0,0.0
P,168,1995,102,0,0.0
P,168,2016,31,0,0.0
P,168,2023,17,0,0.0
P,168,2030,15,0,0.0
P,168,2044,28,0,0.0
P,168,2058,26,0,0.0
P,168,2072,13,0,0.0
P,168,2079,32,0,0.0
P,168,2086,262,0,0.0
P,168,2107,26,0,0.0
P,168,2121,54,0,0.0
P,168,2135,4,0,0.0
P,168,2149,47,0,0.0
P,168,2170,30,0,0.0
P,168,2177,11,0,0.0
P,168,2198,5,0,0.0
P,175,175,3015,0,0.0
P,175,182,45398,0,0.0
P,175,189,122080,2,0.0000163826998689384
P,175,196,84132,20,0.00023772167546236866
P,175,203,260475,22,0.00008446108071791918
P,175,210,140301,6,0.000042765197682126285
P,175,217,43790,0,0.0
P,175,224,82042,6,0.00007313327320153092
P,175,231,109053,15,0.00013754779785975625
P,175,238,222049,43,0.00019365095091623921
P,175,245,46872,8,0.00017067759003242875
P,175,252,88075,13,0.00014760147601476016
P,175,259,59444,9,0.00015140300114393378
P,175,266,302075,4,0.00001324174459985103
P,175,273,39947,0,0.0
P,175,280,54955,0,0.0
P,175,287,46307,1,0.000021595007234327425
P,175,294,118180,51,0.0004315451006938568
P,175,301,72819,9,0.00012359411692003462
P,175,308,17799,13,0.0007303781111298388
P,175,315,37756,9,0.0002383727089734082
P,175,322,55761,5,0.0000896684062337476
P,175,329,119954,8,0.0000666922320222752
P,175,336,15120,28,0.001851851851851852
P,175,343,56606,11,0.000194325689856199
P,175,350,47534,3,0.00006311271931669963
P,175,357,190917,47,0.00024618027729327404
P,175,364,34012,4,0.00011760555098200635
P,175,371,16586,0,0.0
P,175,378,24730,0,0.0
P,175,385,42345,16,0.0003778486243948518
P,175,392,30801,2,0.00006493295672218434
P,175,399,568,0,0.0
P,175,406,9039,0,0.0
P,175,413,10265,0,0.0
P,175,420,37440,3,0.00008012820512820513
P,175,427,996,2,0.002008032128514056
P,175,434,13993,2,0.0001429286071607232
P,175,441,13872,1,0.0000720876585928489
P,175,448,42875,4,0.00009329446064139942
P,175,455,13587,0,0.0
P,175,462,1252,0,0.0
P,175,469,3863,1,0.0002588661661920787
P,175,476,17127,86,0.005021311379692883
P,175,483,8163,0,0.0
P,175,490,130,0,0.0
P,175,497,3853,4,0.0010381520892810796
P,175,504,4212,1,0.00023741690408357076
P,175,511,17984,3,0.0001668149466192171
P,175,525,6385,1,0.00015661707126076742
P,175,532,4952,1,0.00020193861066235866
P,175,539,23031,1,0.00004341973861317355
P,175,546,3980,0,0.0
P,175,553,185,0,0.0
P,175,560,1935,0,0.0
P,175,567,5957,1,0.00016786973308712439
P,175,574,3642,0,0.0
P,175,581,125,0,0.0
P,175,588,1788,0,0.0
P,175,595,4521,0,0.0
P,175,602,12972,4,0.0003083564600678384
P,175,609,7,0,0.0
P,175,616,5350,1,0.00018691588785046728
P,175,623,5830,3,0.0005145797598627787
P,175,630,23283,2,0.00008589958338702058
P,175,637,2975,0,0.0
P,175,644,383,0,0.0
P,175,651,2579,1,0.00038774718883288094
P,175,658,10226,8,0.0007823195775474281
P,175,665,3074,0,0.0
P,175,672,44,0,0.0
P,175,679,1399,0,0.0
P,175,686,1485,0,0.0
P,175,693,8494,9,0.0010595714622086178
P,175,707,1881,0,0.0
P,175,714,2643,1,0.00037835792659856227
P,175,721,8456,4,0.0004730368968779565
P,175,728,2250,0,0.0
P,175,735,18,0,0.0
P,175,742,627,0,0.0
P,175,749,453,0,0.0
P,175,756,729,0,0.0
P,175,770,443,0,0.0
P,175,777,173,0,0.0
P,175,784,2271,0,0.0
P,175,791,286,0,0.0
P,175,798,504,0,0.0
P,175,805,1361,0,0.0
P,175,812,2755,0,0.0
P,175,819,1981,0,0.0
P,175,833,189,0,0.0
P,175,840,1732,0,0.0
P,175,847,528,0,0.0
P,175,861,772,0,0.0
P,175,868,211,0,0.0
P,175,875,2558,0,0.0
P,175,889,1089,0,0.0
P,175,896,698,0,0.0
P,175,903,3453,0,0.0
P,175,910,1116,1,0.0008960573476702509
P,175,917,113,0,0.0
P,175,924,230,0,0.0
P,175,931,1273,0,0.0
P,175,938,597,0,0.0
P,175,952,308,0,0.0
P,175,959,75,0,0.0
P,175,966,2346,0,0.0
P,175,980,1249,0,0.0
P,175,987,1252,0,0.0
P,175,994,4399,4,0.0009092975676290066
P,175,1001,437,0,0.0
P,175,1008,156,0,0.0
P,175,1015,410,1,0.0024390243902439024
P,175,1022,1128,0,0.0
P,175,1029,715,0,0.0
P,175,1043,183,0,0.0
P,175,1050,69,0,0.0
P,175,1057,571,0,0.0
P,175,1064,189,7,0.037037037037037035
P,175,1071,164,0,0.0
P,175,1078,335,1,0.0029850746268656717
P,175,1085,886,0,0.0
P,175,1092,349,0,0.0
P,175,1106,38,0,0.0
P,175,1113,16,0,0.0
P,175,1120,176,0,0.0
P,175,1134,29,0,0.0
P,175,1141,19,0,0.0
P,175,1148,161,0,0.0
P,175,1155,11,0,0.0
P,175,1162,8,0,0.0
P,175,1169,89,0,0.0
P,175,1176,364,0,0.0
P,175,1183,145,0,0.0
P,175,1197,4,0,0.0
P,175,1204,195,0,0.0
P,175,1211,64,0,0.0
P,175,1225,80,0,0.0
P,175,1232,6,0,0.0
P,175,1239,200,0,0.0
P,175,1253,43,0,0.0
P,175,1260,42,0,0.0
P,175,1267,282,0,0.0
P,175,1274,65,0,0.0
P,175,1288,21,0,0.0
P,175,1295,55,0,0.0
P,175,1302,55,0,0.0
P,175,1316,37,0,0.0
P,175,1323,6,0,0.0
P,175,1330,298,0,0.0
P,175,1344,99,0,0.0
P,175,1351,165,0,0.0
P,175,1358,101,0,0.0
P,175,1365,57,0,0.0
P,175,1379,22,0,0.0
P,175,1386,4,0,0.0
P,175,1393,75,0,0.0
P,175,1407,19,0,0.0
P,175,1414,17,0,0.0
P,175,1421,89,0,0.0
P,175,1428,65,0,0.0
P,175,1435,6,0,0.0
P,175,1442,75,0,0.0
P,175,1449,85,0,0.0
P,175,1456,44,0,0.0
P,175,1470,29,0,0.0
P,175,1477,14,0,0.0
P,175,1484,86,0,0.0
P,175,1498,23,0,0.0
P,175,1505,2,0,0.0
P,175,1512,100,0,0.0
P,175,1519,2,0,0.0
P,175,1533,95,0,0.0
P,175,1540,153,0,0.0
P,175,1547,136,0,0.0
P,175,1561,14,0,0.0
P,175,1568,44,0,0.0
P,175,1575,152,0,0.0
P,175,1589,15,0,0.0
P,175,1596,16,0,0.0
P,175,1603,109,0,0.0
P,175,1610,35,0,0.0
P,175,1617,7,0,0.0
P,175,1624,95,0,0.0
P,175,1631,25,0,0.0
P,175,1638,285,0,0.0
P,175,1652,15,0,0.0
P,175,1659,27,0,0.0
P,175,1666,213,0,0.0
P,175,1680,5,0,0.0
P,175,1687,33,0,0.0
P,175,1694,175,0,0.0
P,175,1701,111,0,0.0
P,175,1715,262,0,0.0
P,175,1722,188,0,0.0
P,175,1729,226,1,0.004424778761061947
P,175,1743,9,0,0.0
P,175,1750,27,0,0.0
P,175,1757,63,0,0.0
P,175,1764,56,0,0.0
P,175,1771,6,0,0.0
P,175,1778,31,0,0.0
P,175,1785,107,0,0.0
P,175,1792,82,1,0.012195121951219513
P,175,1806,74,0,0.0
P,175,1813,119,0,0.0
P,175,1820,181,0,0.0
P,175,1834,28,0,0.0
P,175,1841,17,0,0.0
P,175,1848,134,0,0.0
P,175,1855,27,0,0.0
P,175,1862,4,0,0.0
P,175,1869,54,0,0.0
P,175,1876,118,0,0.0
P,175,1883,18,0,0.0
P,175,1890,16,0,0.0
P,175,1897,28,0,0.0
P,175,1904,23,0,0.0
P,175,1911,86,0,0.0
P,175,1932,1,0,0.0
P,175,1939,175,0,0.0
P,175,1953,4,0,0.0
P,175,1960,37,0,0.0
P,175,1967,51,0,0.0
P,175,1974,119,0,0.0
P,175,1988,72,0,0.0
P,175,1995,19,0,0.0
P,175,2002,201,0,0.0
P,175,2023,6,0,0.0
P,175,2030,6,0,0.0
P,175,2037,20,0,0.0
P,175,2051,11,0,0.0
P,175,2058,2,0,0.0
P,175,2065,104,0,0.0
P,175,2079,33,0,0.0
P,175,2086,141,0,0.0
P,175,2093,87,0,0.0
P,175,2114,10,0,0.0
P,175,2128,47,0,0.0
P,175,2142,1,0,0.0
P,175,2149,4,0,0.0
P,175,2156,32,0,0.0
P,175,2177,6,0,0.0
P,175,2184,42,0,0.0
P,182,182,2870,17,0.005923344947735192
P,182,189,38495,0,0.0
P,182,196,90507,105,0.001160131260565481
P,182,203,43044,0,0.0
P,182,210,212113,134,0.0006317387430284801
P,182,217,107700,0,0.0
P,182,224,41074,0,0.0
P,182,231,34522,0,0.0
P,182,238,94601,15,0.00015856069174744454
P,182,245,173653,164,0.000944412132240733
P,182,252,27327,4,0.000146375379661141
P,182,259,58752,12,0.0002042483660130719
P,182,266,39718,2,0.00005035500276952515
P,182,273,285285,73,0.0002558844664107822
P,182,280,36597,4,0.00010929857638604257
P,182,287,34773,18,0.0005176429988784402
P,182,294,25959,0,0.0
P,182,301,97449,104,0.0010672249073874539
P,182,308,56214,62,0.0011029280962037927
P,182,315,12925,26,0.002011605415860735
P,182,322,12627,0,0.0
P,182,329,29857,2,0.00006698596644003081
P,182,336,93446,7,0.00007490957344348608
P,182,343,7202,3,0.00041655095806720355
P,182,350,38325,1,0.00002609262883235486
P,182,357,30402,3,0.00009867771857114664
P,182,364,180681,53,0.0002933346616412351
P,182,371,22730,0,0.0
P,182,378,2884,0,0.0
P,182,385,6837,0,0.0
P,182,392,33453,32,0.0009565659283173408
P,182,399,22761,6,0.00026360880453407144
P,182,406,205,0,0.0
P,182,413,910,0,0.0
P,182,420,6322,0,0.0
P,182,427,27674,9,0.00032521500325215
P,182,434,410,1,0.0024390243902439024
P,182,441,7734,1,0.00012929919834497026
P,182,448,9212,0,0.0
P,182,455,33417,14,0.00041894843941706316
P,182,462,7554,1,0.00013238019592268997
P,182,469,158,0,0.0
P,182,476,761,0,0.0
P,182,483,10345,24,0.002319961333977767
P,182,490,4692,1,0.00021312872975277067
P,182,497,84,0,0.0
P,182,504,743,0,0.0
P,182,511,2982,0,0.0
P,182,518,12803,0,0.0
P,182,532,4688,0,0.0
P,182,539,6936,1,0.0001441753171856978
P,182,546,23464,1,0.00004261847937265598
P,182,553,4196,5,0.0011916110581506197
P,182,560,34,0,0.0
P,182,567,92,0,0.0
P,182,574,5658,0,0.0
P,182,581,4790,0,0.0
P,182,588,38,0,0.0
P,182,595,449,0,0.0
P,182,602,1458,0,0.0
P,182,609,8622,0,0.0
P,182,616,24,0,0.0
P,182,623,3146,0,0.0
P,182,630,4610,0,0.0
P,182,637,19092,29,0.0015189608212864028
P,182,644,2434,0,0.0
P,182,651,93,0,0.0
P,182,658,219,2,0.0091324200913242
P,182,665,2972,13,0.004374158815612382
P,182,672,2438,0,0.0
P,182,679,40,0,0.0
P,182,686,67,0,0.0
P,182,693,346,0,0.0
P,182,700,4753,3,0.0006311803071744162
P,182,714,1671,0,0.0
P,182,721,2014,0,0.0
P,182,728,10202,0,0.0
P,182,735,1651,0,0.0
P,182,749,3,0,0.0
P,182,756,480,0,0.0
P,182,763,855,0,0.0
P,182,791,1053,0,0.0
P,182,798,89,0,0.0
P,182,805,600,0,0.0
P,182,812,765,0,0.0
P,182,819,2041,0,0.0
P,182,826,1294,0,0.0
P,182,847,1117,1,0.0008952551477170994
P,182,854,399,0,0.0
P,182,861,8,0,0.0
P,182,868,140,0,0.0
P,182,875,501,0,0.0
P,182,882,2242,0,0.0
P,182,896,797,0,0.0
P,182,903,1051,0,0.0
P,182,910,2149,0,0.0
P,182,917,1694,0,0.0
P,182,924,10,0,0.0
P,182,931,8,0,0.0
P,182,938,868,0,0.0
P,182,945,783,0,0.0
P,182,959,55,0,0.0
P,182,973,2286,0,0.0
P,182,987,420,0,0.0
P,182,994,787,0,0.0
P,182,1001,4787,13,0.0027156883225402132
P,182,1008,405,0,0.0
P,182,1015,13,0,0.0
P,182,1022,35,0,0.0
P,182,1029,5,0,0.0
P,182,1036,514,0,0.0
P,182,1064,618,0,0.0
P,182,1071,54,0,0.0
P,182,1078,44,0,0.0
P,182,1085,194,0,0.0
P,182,1092,614,0,0.0
P,182,1099,69,0,0.0
P,182,1127,139,0,0.0
P,182,1155,117,0,0.0
P,182,1162,1,0,0.0
P,182,1176,248,0,0.0
P,182,1183,37,0,0.0
P,182,1190,113,0,0.0
P,182,1211,150,0,0.0
P,182,1218,101,0,0.0
P,182,1232,4,0,0.0
P,182,1246,129,0,0.0
P,182,1260,15,0,0.0
P,182,1267,93,0,0.0
P,182,1274,143,0,0.0
P,182,1281,60,0,0.0
P,182,1295,1,0,0.0
P,182,1302,33,0,0.0
P,182,1309,52,0,0.0
P,182,1323,2,0,0.0
P,182,1337,413,0,0.0
P,182,1351,38,0,0.0
P,182,1358,52,0,0.0
P,182,1365,91,0,0.0
P,182,1372,40,0,0.0
P,182,1386,2,0,0.0
P,182,1400,87,0,0.0
P,182,1428,88,0,0.0
P,182,1435,11,0,0.0
P,182,1442,2,0,0.0
P,182,1449,58,0,0.0
P,182,1456,131,0,0.0
P,182,1463,92,0,0.0
P,182,1491,87,0,0.0
P,182,1519,47,0,0.0
P,182,1533,7,0,0.0
P,182,1540,120,0,0.0
P,182,1547,10,0,0.0
P,182,1554,60,0,0.0
P,182,1575,91,0,0.0
P,182,1582,113,0,0.0
P,182,1596,6,0,0.0
P,182,1603,4,0,0.0
P,182,1610,81,0,0.0
P,182,1617,91,0,0.0
P,182,1624,2,0,0.0
P,182,1631,37,0,0.0
P,182,1638,21,0,0.0
P,182,1645,212,0,0.0
P,182,1659,3,0,0.0
P,182,1673,164,0,0.0
P,182,1687,1,0,0.0
P,182,1701,174,0,0.0
P,182,1708,35,0,0.0
P,182,1722,154,0,0.0
P,182,1729,41,0,0.0
P,182,1736,170,0,0.0
P,182,1750,3,0,0.0
P,182,1764,91,0,0.0
P,182,1771,33,0,0.0
P,182,1792,88,0,0.0
P,182,1799,73,0,0.0
P,182,1813,29,0,0.0
P,182,1820,60,0,0.0
P,182,1827,161,0,0.0
P,182,1841,1,0,0.0
P,182,1855,115,0,0.0
P,182,1862,99,0,0.0
P,182,1883,21,0,0.0
P,182,1890,34,0,0.0
P,182,1897,3,0,0.0
P,182,1904,17,0,0.0
P,182,1911,18,0,0.0
P,182,1918,159,0,0.0
P,182,1946,147,0,0.0
P,182,1960,2,0,0.0
P,182,1967,2,0,0.0
P,182,1974,56,0,0.0
P,182,1981,97,0,0.0
P,182,1995,25,0,0.0
P,182,2002,62,0,0.0
P,182,2009,108,0,0.0
P,182,2037,10,0,0.0
P,182,2044,29,0,0.0
P,182,2072,75,0,0.0
P,182,2086,3,0,0.0
P,182,2093,24,0,0.0
P,182,2100,89,0,0.0
P,182,2135,10,0,0.0
P,182,2163,10,0,0.0
P,182,2184,13,0,0.0
P,182,2191,52,0,0.0
P,189,189,1409,0,0.0
P,189,196,39342,7,0.00017792689746327082
P,189,203,69955,1,0.000014294903866771496
P,189,210,41166,0,0.0
P,189,217,191250,2,0.000010457516339869281
P,189,224,109262,0,0.0
P,189,231,37693,0,0.0
P,189,238,37772,0,0.0
P,189,245,74259,0,0.0
P,189,252,168913,43,0.0002545689200949601
P,189,259,19215,4,0.00020817069997397866
P,189,266,50101,0,0.0
P,189,273,43161,6,0.00013901438798915688
P,189,280,244971,34,0.00013879193863763467
P,189,287,34945,5,0.00014308198597796538
P,189,294,30610,0,0.0
P,189,301,17233,0,0.0
P,189,308,89413,3,0.00003355216802925749
P,189,315,54441,15,0.0002755276354218328
P,189,322,11011,0,0.0
P,189,329,8654,0,0.0
P,189,336,31138,7,0.0002248057036418524
P,189,343,96394,33,0.0003423449592298276
P,189,350,9539,22,0.0023063214173393437
P,189,357,32711,6,0.00018342453608877747
P,189,364,32170,5,0.00015542430836182778
P,189,371,127501,18,0.00014117536333048368
P,189,378,14759,28,0.0018971475032183752
P,189,385,1083,0,0.0
P,189,392,8498,0,0.0
P,189,399,28480,0,0.0
P,189,406,18934,2,0.00010563008344776593
P,189,427,3884,0,0.0
P,189,434,25320,3,0.00011848341232227489
P,189,441,302,0,0.0
P,189,448,7277,0,0.0
P,189,455,10925,0,0.0
P,189,462,27014,1,0.00003701784260013326
P,189,469,4591,0,0.0
P,189,476,45,0,0.0
P,189,483,1105,0,0.0
P,189,490,11323,34,0.0030027377903382494
P,189,497,5720,1,0.00017482517482517483
P,189,518,2934,0,0.0
P,189,525,13339,3,0.00022490441562336008
P,189,539,4470,0,0.0
P,189,546,4029,0,0.0
P,189,553,17696,1,0.00005650994575045208
P,189,560,3077,0,0.0
P,189,574,51,0,0.0
P,189,581,6781,0,0.0
P,189,588,4110,2,0.00048661800486618007
P,189,609,781,0,0.0
P,189,616,11276,0,0.0
P,189,623,12,0,0.0
P,189,630,4328,1,0.0002310536044362292
P,189,637,2794,0,0.0
P,189,644,18693,2,0.0001069919221098807
P,189,651,1616,0,0.0
P,189,665,51,0,0.0
P,189,672,2192,1,0.0004562043795620438
P,189,679,2585,0,0.0
P,189,700,199,0,0.0
P,189,707,4477,0,0.0
P,189,721,1219,0,0.0
P,189,728,2586,0,0.0
P,189,735,5032,3,0.0005961844197138314
P,189,742,1096,0,0.0
P,189,763,311,0,0.0
P,189,770,1396,0,0.0
P,189,798,881,0,0.0
P,189,805,44,0,0.0
P,189,812,461,0,0.0
P,189,819,676,0,0.0
P,189,826,2129,0,0.0
P,189,833,737,0,0.0
P,189,854,1276,0,0.0
P,189,861,452,0,0.0
P,189,882,144,0,0.0
P,189,889,2262,0,0.0
P,189,903,614,0,0.0
P,189,910,625,0,0.0
P,189,917,3583,1,0.00027909572983533354
P,189,924,1056,0,0.0
P,189,945,1073,0,0.0
P,189,952,514,0,0.0
P,189,980,2599,0,0.0
P,189,994,698,1,0.0014326647564469914
P,189,1001,798,0,0.0
P,189,1008,5953,0,0.0
P,189,1015,292,0,0.0
P,189,1043,437,0,0.0
P,189,1071,231,0,0.0
P,189,1078,36,0,0.0
P,189,1085,29,0,0.0
P,189,1092,188,0,0.0
P,189,1099,559,0,0.0
P,189,1106,59,0,0.0
P,189,1134,263,0,0.0
P,189,1162,78,0,0.0
P,189,1169,3,0,0.0
P,189,1176,16,0,0.0
P,189,1183,88,0,0.0
P,189,1190,36,0,0.0
P,189,1197,24,0,0.0
P,189,1218,119,0,0.0
P,189,1225,57,0,0.0
P,189,1253,150,0,0.0
P,189,1267,57,0,0.0
P,189,1274,58,0,0.0
P,189,1281,159,0,0.0
P,189,1288,56,0,0.0
P,189,1309,42,0,0.0
P,189,1316,97,0,0.0
P,189,1344,272,0,0.0
P,189,1358,2,0,0.0
P,189,1365,40,0,0.0
P,189,1372,225,0,0.0
P,189,1379,37,0,0.0
P,189,1407,69,0,0.0
P,189,1435,50,0,0.0
P,189,1442,14,0,0.0
P,189,1449,1,0,0.0
P,189,1456,64,0,0.0
P,189,1463,318,0,0.0
P,189,1470,51,0,0.0
P,189,1498,148,0,0.0
P,189,1526,33,0,0.0
P,189,1533,1,0,0.0
P,189,1540,3,0,0.0
P,189,1547,45,0,0.0
P,189,1554,33,0,0.0
P,189,1561,21,0,0.0
P,189,1582,44,0,0.0
P,189,1589,112,0,0.0
P,189,1617,124,0,0.0
P,189,1624,116,0,0.0
P,189,1631,2,0,0.0
P,189,1638,122,0,0.0
P,189,1645,17,0,0.0
P,189,1652,212,0,0.0
P,189,1680,113,0,0.0
P,189,1708,160,0,0.0
P,189,1715,307,0,0.0
P,189,1729,102,1,0.00980392156862745
P,189,1736,14,0,0.0
P,189,1743,207,0,0.0
P,189,1771,74,0,0.0
P,189,1778,34,0,0.0
P,189,1799,95,0,0.0
P,189,1806,58,0,0.0
P,189,1820,63,0,0.0
P,189,1827,196,0,0.0
P,189,1834,116,0,0.0
P,189,1862,30,0,0.0
P,189,1869,241,0,0.0
P,189,1890,29,0,0.0
P,189,1897,49,0,0.0
P,189,1904,1,0,0.0
P,189,1911,12,0,0.0
P,189,1918,63,0,0.0
P,189,1925,42,0,0.0
P,189,1953,70,0,0.0
P,189,1981,37,0,0.0
P,189,1988,199,0,0.0
P,189,2002,41,0,0.0
P,189,2009,13,0,0.0
P,189,2016,93,0,0.0
P,189,2044,33,0,0.0
P,189,2051,25,0,0.0
P,189,2079,99,0,0.0
P,189,2093,8,0,0.0
P,189,2100,29,0,0.0
P,189,2107,108,0,0.0
P,189,2142,22,0,0.0
P,189,2170,68,0,0.0
P,189,2191,14,0,0.0
P,189,2198,9,0,0.0
P,196,196,1093,0,0.0
P,196,203,28740,1,0.00003479471120389701
P,196,210,59148,7,0.0001183471968621086
P,196,217,48338,0,0.0
P,196,224,155803,0,0.0
P,196,231,93110,0,0.0
P,196,238,35069,0,0.0
P,196,245,35149,3,0.00008535093459273378
P,196,252,63793,4,0.00006270280438292603
P,196,259,134926,11,0.00008152616990053807
P,196,266,18357,0,0.0
P,196,273,47329,32,0.0006761182361765514
P,196,280,43310,2,0.00004617871161394597
P,196,287,198635,5,0.000025171797518060763
P,196,294,36062,3,0.00008319006156064556
P,196,301,21976,12,0.0005460502366217692
P,196,308,17380,3,0.00017261219792865363
P,196,315,76994,0,0.0
P,196,322,47481,10,0.00021061056001347908
P,196,329,9477,0,0.0
P,196,336,10719,2,0.00018658456945610597
P,196,343,23174,3,0.00012945542418227324
P,196,350,89338,18,0.0002014820121336945
P,196,357,7108,20,0.0028137310073157004
P,196,364,30849,9,0.000291743654575513
P,196,371,28238,15,0.0005311990934202139
P,196,378,103889,5,0.000048128290771881525
P,196,385,13743,9,0.0006548788474132286
P,196,392,470,0,0.0
P,196,399,2760,0,0.0
P,196,406,20910,0,0.0
P,196,413,15322,0,0.0
P,196,434,4743,0,0.0
P,196,441,18294,0,0.0
P,196,448,211,0,0.0
P,196,455,5512,1,0.000181422351233672
P,196,462,7970,0,0.0
P,196,469,20385,0,0.0
P,196,476,6292,0,0.0
P,196,483,18,0,0.0
P,196,490,323,0,0.0
P,196,497,11604,20,0.001723543605653223
P,196,504,6088,0,0.0
P,196,525,1382,0,0.0
P,196,532,9555,10,0.0010465724751439038
P,196,546,6194,0,0.0
P,196,553,5725,1,0.00017467248908296942
P,196,560,15372,1,0.00006505334374186833
P,196,567,3492,0,0.0
P,196,574,1,0,0.0
P,196,581,52,0,0.0
P,196,588,5586,0,0.0
P,196,595,3617,0,0.0
P,196,616,1297,0,0.0
P,196,623,6815,0,0.0
P,196,637,2716,1,0.0003681885125184094
P,196,644,3400,0,0.0
P,196,651,15604,1,0.0000640861317610869
P,196,658,2355,0,0.0
P,196,672,132,0,0.0
P,196,679,2942,0,0.0
P,196,686,1883,0,0.0
P,196,707,181,0,0.0
P,196,714,3119,2,0.0006412311638345624
P,196,728,683,0,0.0
P,196,735,1146,0,0.0
P,196,742,5311,0,0.0
P,196,749,1779,0,0.0
P,196,770,358,0,0.0
P,196,777,900,0,0.0
P,196,805,1025,0,0.0
P,196,812,24,0,0.0
P,196,819,219,0,0.0
P,196,826,627,0,0.0
P,196,833,1714,0,0.0
P,196,840,847,0,0.0
P,196,861,951,0,0.0
P,196,868,224,0,0.0
P,196,889,229,0,0.0
P,196,896,1454,2,0.001375515818431912
P,196,910,463,0,0.0
P,196,917,1141,0,0.0
P,196,924,2430,0,0.0
P,196,931,557,0,0.0
P,196,952,577,0,0.0
P,196,959,318,0,0.0
P,196,987,1577,0,0.0
P,196,1001,739,0,0.0
P,196,1008,1128,0,0.0
P,196,1015,3708,0,0.0
P,196,1022,310,0,0.0
P,196,1050,368,0,0.0
P,196,1078,147,0,0.0
P,196,1085,69,0,0.0
P,196,1092,65,0,0.0
P,196,1099,284,0,0.0
P,196,1106,236,0,0.0
P,196,1113,154,0,0.0
P,196,1141,184,0,0.0
P,196,1169,91,0,0.0
P,196,1176,22,0,0.0
P,196,1190,78,0,0.0
P,196,1197,57,0,0.0
P,196,1204,95,0,0.0
P,196,1225,143,0,0.0
P,196,1232,37,0,0.0
P,196,1260,87,0,0.0
P,196,1274,31,0,0.0
P,196,1281,54,0,0.0
P,196,1288,117,0,0.0
P,196,1295,71,0,0.0
P,196,1316,34,0,0.0
P,196,1323,49,0,0.0
P,196,1351,169,0,0.0
P,196,1365,8,0,0.0
P,196,1372,63,0,0.0
P,196,1379,104,0,0.0
P,196,1386,91,0,0.0
P,196,1414,150,0,0.0
P,196,1442,71,0,0.0
P,196,1449,18,0,0.0
P,196,1456,23,0,0.0
P,196,1463,126,0,0.0
P,196,1470,124,0,0.0
P,196,1477,58,0,0.0
P,196,1505,53,0,0.0
P,196,1533,107,0,0.0
P,196,1540,7,0,0.0
P,196,1554,54,0,0.0
P,196,1561,34,0,0.0
P,196,1568,43,0,0.0
P,196,1589,40,0,0.0
P,196,1596,86,0,0.0
P,196,1624,39,1,0.02564102564102564
P,196,1631,41,0,0.0
P,196,1638,1,0,0.0
P,196,1645,104,0,0.0
P,196,1652,25,0,0.0
P,196,1659,158,0,0.0
P,196,1687,143,0,0.0
P,196,1715,113,0,0.0
P,196,1722,229,0,0.0
P,196,1729,3,0,0.0
P,196,1736,73,0,0.0
P,196,1743,87,0,0.0
P,196,1750,171,0,0.0
P,196,1778,109,0,0.0
P,196,1785,41,0,0.0
P,196,1806,62,0,0.0
P,196,1813,68,0,0.0
P,196,1827,91,0,0.0
P,196,1834,70,0,0.0
P,196,1841,148,0,0.0
P,196,1869,96,0,0.0
P,196,1876,10,0,0.0
P,196,1897,23,0,0.0
P,196,1904,20,0,0.0
P,196,1918,19,0,0.0
P,196,1925,20,0,0.0
P,196,1932,75,0,0.0
P,196,1960,193,1,0.0051813471502590676
P,196,1988,1,0,0.0
P,196,1995,48,0,0.0
P,196,2009,29,0,0.0
P,196,2016,37,0,0.0
P,196,2023,33,0,0.0
P,196,2051,6,0,0.0
P,196,2058,15,0,0.0
P,196,2086,159,0,0.0
P,196,2100,14,0,0.0
P,196,2107,28,0,0.0
P,196,2114,106,0,0.0
P,196,2149,34,0,0.0
P,196,2177,11,0,0.0
P,196,2198,2,0,0.0
P,203,203,1134,0,0.0
P,203,210,32446,0,0.0
P,203,217,52321,0,0.0
P,203,224,29802,0,0.0
P,203,231,148570,36,0.00024231002221175203
P,203,238,86081,0,0.0
P,203,245,33687,0,0.0
P,203,252,32101,0,0.0
P,203,259,65425,8,0.0001222774168895682
P,203,266,119494,35,0.00029290173565199926
P,203,273,17784,5,0.0002811515969410706
P,203,280,39073,53,0.001356435390167123
P,203,287,36438,0,0.0
P,203,294,192329,11,0.00005719366294214601
P,203,301,29061,0,0.0
P,203,308,24148,6,0.00024846778201093256
P,203,315,16391,0,0.0
P,203,322,80450,29,0.00036047234307022997
P,203,329,45603,79,0.0017323421704712409
P,203,336,8836,17,0.001923947487550928
P,203,343,10162,1,0.000098405825624877
P,203,350,30559,8,0.00026178867109525835
P,203,357,87774,27,0.00030760817554173215
P,203,364,4107,1,0.00024348672997321646
P,203,371,19862,0,0.0
P,203,378,18890,23,0.0012175754367390154
P,203,385,79398,9,0.00011335298118340512
P,203,392,9716,7,0.0007204610951008645
P,203,399,43,0,0.0
P,203,406,1955,0,0.0
P,203,413,15112,2,0.00013234515616728428
P,203,420,17212,1,0.00005809900069718801
P,203,441,3606,0,0.0
P,203,448,17214,0,0.0
P,203,455,268,0,0.0
P,203,462,5084,0,0.0
P,203,469,6023,2,0.00033206043499916984
P,203,476,28264,77,0.0027243136144919334
P,203,483,5003,0,0.0
P,203,490,62,0,0.0
P,203,497,57,0,0.0
P,203,504,10025,18,0.0017955112219451373
P,203,511,5660,0,0.0
P,203,525,1,0,0.0
P,203,532,1707,3,0.0017574692442882249
P,203,539,11433,13,0.001137059389486574
P,203,553,3188,0,0.0
P,203,560,4397,0,0.0
P,203,567,15504,0,0.0
P,203,574,2711,0,0.0
P,203,581,4,0,0.0
P,203,588,18,0,0.0
P,203,595,6502,0,0.0
P,203,602,3703,1,0.00027005130974885227
P,203,623,1310,0,0.0
P,203,630,5907,0,0.0
P,203,637,67,0,0.0
P,203,644,3320,0,0.0
P,203,651,3913,0,0.0
P,203,658,17999,14,0.0007778209900550031
P,203,665,2145,0,0.0
P,203,679,317,0,0.0
P,203,686,2841,2,0.0007039774727208729
P,203,693,3326,0,0.0
P,203,714,448,0,0.0
P,203,721,2740,1,0.000364963503649635
P,203,735,192,0,0.0
P,203,742,650,0,0.0
P,203,749,3547,0,0.0
P,203,756,691,0,0.0
P,203,777,143,0,0.0
P,203,784,802,0,0.0
P,203,812,1077,0,0.0
P,203,819,94,0,0.0
P,203,826,102,0,0.0
P,203,833,304,0,0.0
P,203,840,3152,0,0.0
P,203,847,1084,0,0.0
P,203,868,751,0,0.0
P,203,875,177,0,0.0
P,203,889,1,0,0.0
P,203,896,94,0,0.0
P,203,903,2239,0,0.0
P,203,917,790,0,0.0
P,203,924,724,0,0.0
P,203,931,3566,0,0.0
P,203,938,1010,0,0.0
P,203,959,1081,0,0.0
P,203,966,617,0,0.0
P,203,994,1339,1,0.0007468259895444362
P,203,1008,1135,0,0.0
P,203,1015,1084,0,0.0
P,203,1022,3105,0,0.0
P,203,1029,383,0,0.0
P,203,1057,747,0,0.0
P,203,1085,40,0,0.0
P,203,1092,4,0,0.0
P,203,1099,5,0,0.0
P,203,1106,48,0,0.0
P,203,1113,250,0,0.0
P,203,1120,53,0,0.0
P,203,1148,121,0,0.0
P,203,1176,294,0,0.0
P,203,1190,2,0,0.0
P,203,1197,9,0,0.0
P,203,1204,197,0,0.0
P,203,1211,60,0,0.0
P,203,1232,29,0,0.0
P,203,1239,25,0,0.0
P,203,1267,278,0,0.0
P,203,1281,48,0,0.0
P,203,1288,65,0,0.0
P,203,1295,97,0,0.0
P,203,1302,13,0,0.0
P,203,1323,49,0,0.0
P,203,1330,88,0,0.0
P,203,1358,58,0,0.0
P,203,1372,63,0,0.0
P,203,1379,64,0,0.0
P,203,1386,76,0,0.0
P,203,1393,36,0,0.0
P,203,1421,94,0,0.0
P,203,1449,53,0,0.0
P,203,1456,9,0,0.0
P,203,1470,49,0,0.0
P,203,1477,49,0,0.0
P,203,1484,32,0,0.0
P,203,1512,66,0,0.0
P,203,1540,135,0,0.0
P,203,1547,1,0,0.0
P,203,1561,27,0,0.0
P,203,1568,65,0,0.0
P,203,1575,138,0,0.0
P,203,1596,16,0,0.0
P,203,1603,90,0,0.0
P,203,1631,48,0,0.0
P,203,1638,50,0,0.0
P,203,1645,6,0,0.0
P,203,1652,132,0,0.0
P,203,1659,18,0,0.0
P,203,1666,172,0,0.0
P,203,1694,138,0,0.0
P,203,1722,175,0,0.0
P,203,1729,23,0,0.0
P,203,1736,3,0,0.0
P,203,1743,76,0,0.0
P,203,1750,70,0,0.0
P,203,1757,175,0,0.0
P,203,1785,87,0,0.0
P,203,1792,9,0,0.0
P,203,1813,35,0,0.0
P,203,1820,36,0,0.0
P,203,1834,34,0,0.0
P,203,1841,177,0,0.0
P,203,1848,108,0,0.0
P,203,1876,80,0,0.0
P,203,1883,24,0,0.0
P,203,1904,24,0,0.0
P,203,1911,4,0,0.0
P,203,1925,3,0,0.0
P,203,1932,12,0,0.0
P,203,1939,195,0,0.0
P,203,1967,88,0,0.0
P,203,1995,33,0,0.0
P,203,2002,156,0,0.0
P,203,2016,46,0,0.0
P,203,2023,22,0,0.0
P,203,2030,25,0,0.0
P,203,2058,8,0,0.0
P,203,2065,8,0,0.0
P,203,2093,34,0,0.0
P,203,2107,40,0,0.0
P,203,2114,21,0,0.0
P,203,2121,93,0,0.0
P,203,2156,37,0,0.0
P,203,2184,24,0,0.0
P,210,210,944,17,0.018008474576271187
P,210,217,26940,6,0.00022271714922048998
P,210,224,48415,4,0.00008261902303005267
P,210,231,27763,0,0.0
P,210,238,142077,2,0.00001407687380786475
P,210,245,85292,19,0.0002227641513858275
P,210,252,27222,0,0.0
P,210,259,23630,0,0.0
P,210,266,58820,4,0.0000680040802448147
P,210,273,117088,94,0.0008028149767696092
P,210,280,18194,5,0.00027481587336484554
P,210,287,31698,0,0.0
P,210,294,37463,4,0.00010677201505485412
P,210,301,163819,26,0.00015871174894243036
P,210,308,21315,0,0.0
P,210,315,15427,34,0.0022039281778699683
P,210,322,14339,0,0.0
P,210,329,56407,17,0.00030138103426879644
P,210,336,47243,38,0.0008043519674872468
P,210,343,9135,1,0.00010946907498631637
P,210,350,11019,0,0.0
P,210,357,29242,5,0.00017098693659804392
P,210,364,86383,54,0.0006251229987381776
P,210,371,1245,2,0.001606425702811245
P,210,378,13983,0,0.0
P,210,385,15681,1,0.00006377144314775843
P,210,392,68616,13,0.00018946018421359448
P,210,399,6101,4,0.0006556302245533519
P,210,406,187,0,0.0
P,210,413,1114,0,0.0
P,210,420,13095,0,0.0
P,210,427,15539,5,0.00032177102773666257
P,210,448,3452,0,0.0
P,210,455,15274,15,0.0009820610187246301
P,210,462,173,0,0.0
P,210,469,3859,0,0.0
P,210,476,7890,0,0.0
P,210,483,19002,12,0.0006315124723713293
P,210,490,4384,0,0.0
P,210,497,35,0,0.0
P,210,504,123,0,0.0
P,210,511,5066,7,0.0013817607579944729
P,210,518,4248,0,0.0
P,210,539,1993,2,0.0010035122930255895
P,210,546,8380,0,0.0
P,210,560,2481,0,0.0
P,210,567,2966,0,0.0
P,210,574,17019,4,0.00023503143545449204
P,210,581,3283,0,0.0
P,210,602,4696,4,0.0008517887563884157
P,210,609,3358,0,0.0
P,210,630,2944,0,0.0
P,210,637,5160,20,0.003875968992248062
P,210,644,2,0,0.0
P,210,651,3643,0,0.0
P,210,658,3859,2,0.0005182689816014512
P,210,665,8782,7,0.0007970849464814393
P,210,672,1930,0,0.0
P,210,686,247,5,0.020242914979757085
P,210,693,3120,4,0.001282051282051282
P,210,700,2364,0,0.0
P,210,721,308,0,0.0
P,210,728,2975,0,0.0
P,210,742,386,0,0.0
P,210,749,834,0,0.0
P,210,756,3428,0,0.0
P,210,763,992,0,0.0
P,210,784,443,0,0.0
P,210,791,647,0,0.0
P,210,819,611,0,0.0
P,210,826,61,0,0.0
P,210,833,87,0,0.0
P,210,840,609,0,0.0
P,210,847,2439,1,0.0004100041000410004
P,210,854,1054,0,0.0
P,210,875,588,0,0.0
P,210,882,214,0,0.0
P,210,903,225,0,0.0
P,210,910,1196,0,0.0
P,210,924,480,0,0.0
P,210,931,541,0,0.0
P,210,938,2880,0,0.0
P,210,945,1181,0,0.0
P,210,966,789,0,0.0
P,210,973,726,0,0.0
P,210,1001,1905,13,0.0068241469816272965
P,210,1015,554,0,0.0
P,210,1022,746,0,0.0
P,210,1029,1455,0,0.0
P,210,1036,484,0,0.0
P,210,1064,573,5,0.008726003490401396
P,210,1092,336,0,0.0
P,210,1099,6,0,0.0
P,210,1106,14,0,0.0
P,210,1113,76,0,0.0
P,210,1120,113,0,0.0
P,210,1127,128,0,0.0
P,210,1155,111,0,0.0
P,210,1183,82,0,0.0
P,210,1204,56,0,0.0
P,210,1211,195,0,0.0
P,210,1218,140,0,0.0
P,210,1239,42,0,0.0
P,210,1246,34,0,0.0
P,210,1274,136,0,0.0
P,210,1288,42,0,0.0
P,210,1295,66,0,0.0
P,210,1302,91,0,0.0
P,210,1309,29,0,0.0
P,210,1330,107,0,0.0
P,210,1337,70,0,0.0
P,210,1365,69,0,0.0
P,210,1379,23,0,0.0
P,210,1386,73,0,0.0
P,210,1393,89,0,0.0
P,210,1400,39,0,0.0
P,210,1428,134,0,0.0
P,210,1456,80,0,0.0
P,210,1463,7,0,0.0
P,210,1470,4,0,0.0
P,210,1477,22,0,0.0
P,210,1484,21,0,0.0
P,210,1491,35,0,0.0
P,210,1519,62,0,0.0
P,210,1547,61,0,0.0
P,210,1554,10,0,0.0
P,210,1568,14,0,0.0
P,210,1575,128,0,0.0
P,210,1582,124,0,0.0
P,210,1603,5,0,0.0
P,210,1610,44,0,0.0
P,210,1638,119,0,0.0
P,210,1645,19,0,0.0
P,210,1652,5,0,0.0
P,210,1659,54,0,0.0
P,210,1666,9,0,0.0
P,210,1673,140,0,0.0
P,210,1701,208,0,0.0
P,210,1729,82,0,0.0
P,210,1736,16,0,0.0
P,210,1750,64,0,0.0
P,210,1757,39,0,0.0
P,210,1764,128,0,0.0
P,210,1792,155,2,0.012903225806451613
P,210,1799,59,0,0.0
P,210,1820,36,0,0.0
P,210,1827,56,0,0.0
P,210,1841,56,0,0.0
P,210,1848,73,0,0.0
P,210,1855,128,0,0.0
P,210,1883,20,0,0.0
P,210,1890,47,0,0.0
P,210,1911,14,0,0.0
P,210,1918,40,0,0.0
P,210,1925,6,0,0.0
P,210,1932,8,0,0.0
P,210,1939,19,0,0.0
P,210,1946,166,0,0.0
P,210,1974,86,0,0.0
P,210,2002,5,0,0.0
P,210,2009,93,0,0.0
P,210,2023,10,0,0.0
P,210,2030,11,0,0.0
P,210,2037,42,0,0.0
P,210,2065,55,0,0.0
P,210,2072,16,0,0.0
P,210,2100,53,0,0.0
P,210,2114,18,0,0.0
P,210,2121,30,0,0.0
P,210,2128,58,0,0.0
P,210,2163,14,0,0.0
P,210,2191,32,0,0.0
P,217,217,718,0,0.0
P,217,224,32263,0,0.0
P,217,231,41057,0,0.0
P,217,238,22066,0,0.0
P,217,245,136050,2,0.00001470047776552738
P,217,252,76842,0,0.0
P,217,259,17921,0,0.0
P,217,266,16882,0,0.0
P,217,273,68646,2,0.000029134982373335666
P,217,280,109227,0,0.0
P,217,287,21711,60,0.002763576067431256
P,217,294,27790,14,0.0005037783375314861
P,217,301,25493,0,0.0
P,217,308,167756,20,0.0001192207730274923
P,217,315,17795,0,0.0
P,217,322,15029,4,0.00026615210592853815
P,217,329,9404,0,0.0
P,217,336,55214,6,0.00010866809142608759
P,217,343,36274,3,0.00008270386502729228
P,217,350,6055,14,0.0023121387283236996
P,217,357,8602,1,0.00011625203441060219
P,217,364,32474,15,0.0004619079879288046
P,217,371,72127,50,0.0006932216784283278
P,217,378,574,0,0.0
P,217,385,9410,0,0.0
P,217,392,12202,1,0.00008195377806916898
P,217,399,67564,32,0.0004736250074003907
P,217,406,4749,0,0.0
P,217,413,123,0,0.0
P,217,420,453,0,0.0
P,217,427,10943,0,0.0
P,217,434,9870,0,0.0
P,217,455,2430,0,0.0
P,217,462,13248,0,0.0
P,217,469,380,0,0.0
P,217,476,3431,14,0.004080443019527835
P,217,483,4196,0,0.0
P,217,490,20745,0,0.0
P,217,497,4671,0,0.0
P,217,504,9,0,0.0
P,217,511,53,0,0.0
P,217,518,4483,1,0.00022306491188935982
P,217,525,3478,0,0.0
P,217,546,3480,0,0.0
P,217,553,10120,2,0.0001976284584980237
P,217,567,3166,0,0.0
P,217,574,2196,0,0.0
P,217,581,20493,0,0.0
P,217,588,2716,0,0.0
P,217,595,5,0,0.0
P,217,609,2960,0,0.0
P,217,616,1603,0,0.0
P,217,637,1554,0,0.0
P,217,644,6593,0,0.0
P,217,651,12,0,0.0
P,217,658,2869,0,0.0
P,217,665,1939,0,0.0
P,217,672,8215,0,0.0
P,217,679,1863,0,0.0
P,217,693,88,0,0.0
P,217,700,1243,0,0.0
P,217,707,2499,0,0.0
P,217,728,27,0,0.0
P,217,735,1537,0,0.0
P,217,749,72,0,0.0
P,217,756,334,0,0.0
P,217,763,3574,0,0.0
P,217,770,1091,0,0.0
P,217,791,402,0,0.0
P,217,798,681,0,0.0
P,217,826,400,0,0.0
P,217,833,75,0,0.0
P,217,840,228,0,0.0
P,217,847,425,0,0.0
P,217,854,2326,0,0.0
P,217,861,1192,0,0.0
P,217,882,596,0,0.0
P,217,889,162,0,0.0
P,217,910,257,0,0.0
P,217,917,2247,0,0.0
P,217,931,900,0,0.0
P,217,938,442,0,0.0
P,217,945,3409,0,0.0
P,217,952,1019,0,0.0
P,217,973,680,0,0.0
P,217,980,216,0,0.0
P,217,1008,2633,0,0.0
P,217,1022,682,0,0.0
P,217,1029,335,0,0.0
P,217,1036,1215,0,0.0
P,217,1043,287,0,0.0
P,217,1071,278,0,0.0
P,217,1099,403,0,0.0
P,217,1106,4,0,0.0
P,217,1113,16,0,0.0
P,217,1120,47,0,0.0
P,217,1127,84,0,0.0
P,217,1134,141,0,0.0
P,217,1162,89,1,0.011235955056179775
P,217,1190,73,0,0.0
P,217,1197,4,0,0.0
P,217,1204,6,0,0.0
P,217,1211,45,0,0.0
P,217,1218,129,0,0.0
P,217,1225,66,0,0.0
P,217,1246,42,0,0.0
P,217,1253,14,0,0.0
P,217,1281,196,0,0.0
P,217,1295,8,0,0.0
P,217,1302,17,0,0.0
P,217,1309,113,0,0.0
P,217,1316,92,0,0.0
P,217,1337,273,0,0.0
P,217,1344,47,0,0.0
P,217,1372,126,0,0.0
P,217,1386,2,0,0.0
P,217,1393,23,0,0.0
P,217,1400,77,0,0.0
P,217,1407,13,0,0.0
P,217,1435,41,0,0.0
P,217,1463,192,0,0.0
P,217,1470,8,0,0.0
P,217,1484,13,0,0.0
P,217,1491,107,0,0.0
P,217,1498,38,0,0.0
P,217,1526,26,0,0.0
P,217,1554,30,0,0.0
P,217,1561,11,0,0.0
P,217,1568,2,0,0.0
P,217,1575,19,0,0.0
P,217,1582,116,0,0.0
P,217,1589,136,0,0.0
P,217,1610,6,0,0.0
P,217,1617,67,0,0.0
P,217,1645,99,0,0.0
P,217,1652,65,0,0.0
P,217,1666,43,0,0.0
P,217,1673,24,0,0.0
P,217,1680,150,0,0.0
P,217,1708,101,0,0.0
P,217,1736,83,0,0.0
P,217,1743,44,0,0.0
P,217,1750,4,0,0.0
P,217,1757,58,0,0.0
P,217,1764,37,0,0.0
P,217,1771,91,0,0.0
P,217,1799,79,0,0.0
P,217,1806,40,0,0.0
P,217,1827,74,0,0.0
P,217,1834,28,0,0.0
P,217,1848,45,0,0.0
P,217,1855,36,0,0.0
P,217,1862,198,0,0.0
P,217,1890,25,0,0.0
P,217,1897,29,0,0.0
P,217,1918,20,0,0.0
P,217,1925,8,0,0.0
P,217,1932,4,0,0.0
P,217,1939,18,0,0.0
P,217,1946,56,0,0.0
P,217,1953,99,0,0.0
P,217,1981,83,0,0.0
P,217,2016,129,0,0.0
P,217,2030,3,0,0.0
P,217,2037,3,0,0.0
P,217,2044,74,0,0.0
P,217,2072,47,0,0.0
P,217,2079,15,0,0.0
P,217,2107,115,0,0.0
P,217,2121,5,0,0.0
P,217,2128,17,0,0.0
P,217,2135,6,0,0.0
P,217,2170,56,0,0.0
P,217,2198,9,0,0.0
P,224,224,1000,9,0.009
P,224,231,33672,2,0.000059396531242575434
P,224,238,40265,0,0.0
P,224,245,27925,0,0.0
P,224,252,127624,5,0.000039177584153450764
P,224,259,63219,1,0.000015818029389898606
P,224,266,17154,0,0.0
P,224,273,20179,0,0.0
P,224,280,66983,28,0.00041801651165221024
P,224,287,82416,4,0.000048534265191225004
P,224,294,13747,0,0.0
P,224,301,22694,5,0.00022032255221644486
P,224,308,31385,4,0.00012744941851202803
P,224,315,158670,58,0.0003655385391063213
P,224,322,18805,6,0.00031906407870247274
P,224,329,11421,26,0.0022765081866736713
P,224,336,10555,1,0.00009474182851729038
P,224,343,61992,12,0.00019357336430507162
P,224,350,40315,5,0.00012402331638348009
P,224,357,6307,10,0.0015855398763278896
P,224,364,8017,0,0.0
P,224,371,20345,21,0.0010321946424182845
P,224,378,50133,8,0.00015957552909261365
P,224,385,199,0,0.0
P,224,392,9579,2,0.00020879006159306817
P,224,399,16677,7,0.00041973976134796425
P,224,406,57522,81,0.0014081568791071242
P,224,413,4944,0,0.0
P,224,420,19,0,0.0
P,224,427,1274,0,0.0
P,224,434,13524,1,0.00007394262052647145
P,224,441,10118,2,0.000197667523225934
P,224,462,1653,0,0.0
P,224,469,8580,0,0.0
P,224,476,283,0,0.0
P,224,483,1794,0,0.0
P,224,490,3396,0,0.0
P,224,497,22023,15,0.0006811061163329246
P,224,504,5796,0,0.0
P,224,511,9,0,0.0
P,224,518,77,0,0.0
P,224,525,5251,17,0.003237478575509427
P,224,532,1537,0,0.0
P,224,553,1295,0,0.0
P,224,560,7657,2,0.0002611989029646076
P,224,574,3954,0,0.0
P,224,581,4509,0,0.0
P,224,588,16062,3,0.00018677624206200972
P,224,595,2581,1,0.0003874467260751647
P,224,616,7718,1,0.0001295672454003628
P,224,623,1917,0,0.0
P,224,644,1699,0,0.0
P,224,651,5630,0,0.0
P,224,658,1,0,0.0
P,224,665,651,0,0.0
P,224,672,1567,0,0.0
P,224,679,9630,3,0.00031152647975077883
P,224,686,1149,0,0.0
P,224,700,40,0,0.0
P,224,707,942,0,0.0
P,224,714,1201,0,0.0
P,224,742,852,0,0.0
P,224,756,340,0,0.0
P,224,763,652,0,0.0
P,224,770,3618,0,0.0
P,224,777,593,0,0.0
P,224,798,219,0,0.0
P,224,805,541,0,0.0
P,224,833,393,0,0.0
P,224,840,17,0,0.0
P,224,847,126,0,0.0
P,224,854,522,0,0.0
P,224,861,2854,12,0.004204625087596356
P,224,868,669,0,0.0
P,224,889,801,0,0.0
P,224,896,94,0,0.0
P,224,917,57,0,0.0
P,224,924,1640,0,0.0
P,224,938,602,0,0.0
P,224,945,613,0,0.0
P,224,952,2230,0,0.0
P,224,959,842,0,0.0
P,224,980,1844,0,0.0
P,224,987,234,0,0.0
P,224,1015,1679,0,0.0
P,224,1029,29,0,0.0
P,224,1036,240,0,0.0
P,224,1043,1553,0,0.0
P,224,1050,241,0,0.0
P,224,1078,182,1,0.005494505494505495
P,224,1106,100,0,0.0
P,224,1113,11,0,0.0
P,224,1127,50,0,0.0
P,224,1134,195,0,0.0
P,224,1141,68,0,0.0
P,224,1169,102,0,0.0
P,224,1197,31,0,0.0
P,224,1211,8,0,0.0
P,224,1218,34,0,0.0
P,224,1225,264,1,0.003787878787878788
P,224,1232,38,0,0.0
P,224,1253,92,0,0.0
P,224,1260,8,0,0.0
P,224,1288,127,0,0.0
P,224,1302,21,0,0.0
P,224,1309,45,0,0.0
P,224,1316,129,0,0.0
P,224,1323,23,0,0.0
P,224,1344,196,0,0.0
P,224,1351,44,0,0.0
P,224,1379,114,0,0.0
P,224,1400,46,0,0.0
P,224,1407,50,0,0.0
P,224,1414,37,0,0.0
P,224,1442,63,0,0.0
P,224,1470,54,0,0.0
P,224,1477,14,0,0.0
P,224,1491,61,0,0.0
P,224,1498,179,0,0.0
P,224,1505,28,0,0.0
P,224,1533,85,0,0.0
P,224,1561,18,0,0.0
P,224,1568,5,0,0.0
P,224,1575,66,0,0.0
P,224,1582,34,0,0.0
P,224,1589,50,1,0.02
P,224,1596,98,0,0.0
P,224,1617,37,0,0.0
P,224,1624,79,0,0.0
P,224,1652,145,0,0.0
P,224,1659,45,0,0.0
P,224,1673,84,0,0.0
P,224,1680,38,0,0.0
P,224,1687,147,0,0.0
P,224,1715,422,0,0.0
P,224,1743,69,0,0.0
P,224,1750,35,0,0.0
P,224,1764,12,0,0.0
P,224,1771,53,0,0.0
P,224,1778,120,0,0.0
P,224,1806,34,0,0.0
P,224,1813,28,0,0.0
P,224,1834,38,0,0.0
P,224,1841,32,0,0.0
P,224,1855,18,0,0.0
P,224,1862,16,0,0.0
P,224,1869,487,0,0.0
P,224,1897,20,0,0.0
P,224,1904,25,0,0.0
P,224,1925,6,0,0.0
P,224,1932,20,0,0.0
P,224,1939,6,0,0.0
P,224,1946,5,0,0.0
P,224,1953,2,0,0.0
P,224,1960,269,2,0.007434944237918215
P,224,1988,144,0,0.0
P,224,2023,43,0,0.0
P,224,2037,20,0,0.0
P,224,2044,30,0,0.0
P,224,2051,41,0,0.0
P,224,2079,64,0,0.0
P,224,2086,23,0,0.0
P,224,2114,60,0,0.0
P,224,2142,21,0,0.0
P,224,2177,10,0,0.0
P,231,231,514,0,0.0
P,231,238,31588,0,0.0
P,231,245,45838,0,0.0
P,231,252,26795,0,0.0
P,231,259,116482,0,0.0
P,231,266,62965,0,0.0
P,231,273,14318,0,0.0
P,231,280,21342,0,0.0
P,231,287,52497,2,0.00003809741509038612
P,231,294,81184,13,0.00016013007489160426
P,231,301,9193,0,0.0
P,231,308,24689,0,0.0
P,231,315,31080,0,0.0
P,231,322,154570,6,0.000038817364300963966
P,231,329,17068,20,0.0011717834544176236
P,231,336,15951,27,0.0016926838442730863
P,231,343,10779,0,0.0
P,231,350,58709,9,0.0001532984721252278
P,231,357,40183,3,0.00007465843764776148
P,231,364,3891,0,0.0
P,231,371,4956,0,0.0
P,231,378,12756,0,0.0
P,231,385,35415,9,0.00025412960609911054
P,231,392,68,0,0.0
P,231,399,9895,1,0.0001010611419909045
P,231,406,14821,1,0.00006747183051076176
P,231,413,45391,16,0.0003524927849133088
P,231,420,4693,0,0.0
P,231,427,94,0,0.0
P,231,434,3166,0,0.0
P,231,441,8771,0,0.0
P,231,448,8388,0,0.0
P,231,469,1575,0,0.0
P,231,476,8933,0,0.0
P,231,483,89,0,0.0
P,231,490,3004,1,0.00033288948069241014
P,231,497,4355,0,0.0
P,231,504,20786,23,0.0011065139998075629
P,231,511,3476,0,0.0
P,231,518,70,0,0.0
P,231,525,43,0,0.0
P,231,532,2976,2,0.0006720430107526882
P,231,539,1521,0,0.0
P,231,560,701,0,0.0
P,231,567,5266,4,0.0007595898214963919
P,231,581,4804,0,0.0
P,231,588,2662,1,0.0003756574004507889
P,231,595,17017,4,0.00023505905858847037
P,231,602,2532,6,0.002369668246445498
P,231,623,5051,0,0.0
P,231,630,2321,0,0.0
P,231,651,997,0,0.0
P,231,658,5691,0,0.0
P,231,672,827,0,0.0
P,231,679,2114,0,0.0
P,231,686,8654,3,0.00034666050381326557
P,231,693,1197,0,0.0
P,231,707,34,0,0.0
P,231,714,831,0,0.0
P,231,721,770,0,0.0
P,231,749,659,0,0.0
P,231,763,347,0,0.0
P,231,770,913,0,0.0
P,231,777,3816,0,0.0
P,231,784,645,0,0.0
P,231,805,256,0,0.0
P,231,812,738,0,0.0
P,231,840,546,0,0.0
P,231,847,16,0,0.0
P,231,854,207,0,0.0
P,231,861,664,0,0.0
P,231,868,1667,0,0.0
P,231,875,556,0,0.0
P,231,896,349,1,0.0028653295128939827
P,231,903,104,0,0.0
P,231,924,25,0,0.0
P,231,931,1202,0,0.0
P,231,945,1105,0,0.0
P,231,952,400,0,0.0
P,231,959,2847,0,0.0
P,231,966,695,0,0.0
P,231,987,960,0,0.0
P,231,994,197,0,0.0
P,231,1022,1383,0,0.0
P,231,1036,27,0,0.0
P,231,1043,222,0,0.0
P,231,1050,833,0,0.0
P,231,1057,460,0,0.0
P,231,1085,92,0,0.0
P,231,1113,104,0,0.0
P,231,1120,1,0,0.0
P,231,1127,1,0,0.0
P,231,1134,141,0,0.0
P,231,1141,167,0,0.0
P,231,1148,32,0,0.0
P,231,1176,243,0,0.0
P,231,1204,91,0,0.0
P,231,1218,36,0,0.0
P,231,1225,89,0,0.0
P,231,1232,69,0,0.0
P,231,1239,23,0,0.0
P,231,1260,34,0,0.0
P,231,1267,10,0,0.0
P,231,1295,72,0,0.0
P,231,1309,16,0,0.0
P,231,1316,78,0,0.0
P,231,1323,106,0,0.0
P,231,1330,25,0,0.0
P,231,1351,161,0,0.0
P,231,1358,58,0,0.0
P,231,1386,93,0,0.0
P,231,1400,2,0,0.0
P,231,1407,46,0,0.0
P,231,1414,139,0,0.0
P,231,1421,70,0,0.0
P,231,1449,41,0,0.0
P,231,1477,30,0,0.0
P,231,1491,1,0,0.0
P,231,1498,109,0,0.0
P,231,1505,28,0,0.0
P,231,1512,47,0,0.0
P,231,1540,116,0,0.0
P,231,1568,31,0,0.0
P,231,1575,15,0,0.0
P,231,1589,40,0,0.0
P,231,1596,28,0,0.0
P,231,1603,79,0,0.0
P,231,1624,9,0,0.0
P,231,1631,23,0,0.0
P,231,1659,53,0,0.0
P,231,1666,27,0,0.0
P,231,1673,5,0,0.0
P,231,1680,70,0,0.0
P,231,1687,69,0,0.0
P,231,1694,138,0,0.0
P,231,1722,310,0,0.0
P,231,1750,79,0,0.0
P,231,1757,65,0,0.0
P,231,1764,6,0,0.0
P,231,1771,39,0,0.0
P,231,1778,51,0,0.0
P,231,1785,155,0,0.0
P,231,1813,79,0,0.0
P,231,1820,84,0,0.0
P,231,1841,72,0,0.0
P,231,1848,20,0,0.0
P,231,1862,40,0,0.0
P,231,1869,358,0,0.0
P,231,1876,27,0,0.0
P,231,1904,7,0,0.0
P,231,1911,18,0,0.0
P,231,1932,13,0,0.0
P,231,1939,22,0,0.0
P,231,1953,10,0,0.0
P,231,1960,41,0,0.0
P,231,1967,115,0,0.0
P,231,1995,23,0,0.0
P,231,2030,25,0,0.0
P,231,2044,28,0,0.0
P,231,2051,8,0,0.0
P,231,2058,49,0,0.0
P,231,2086,159,0,0.0
P,231,2093,18,0,0.0
P,231,2121,45,0,0.0
P,231,2142,9,0,0.0
P,231,2149,56,0,0.0
P,231,2184,17,0,0.0
P,238,238,1037,0,0.0
P,238,245,27897,1,0.000035846148331361796
P,238,252,46106,0,0.0
P,238,259,24096,0,0.0
P,238,266,107927,0,0.0
P,238,273,58599,0,0.0
P,238,280,22241,1,0.00004496200710399712
P,238,287,18364,0,0.0
P,238,294,45130,3,0.00006647462884998891
P,238,301,74075,51,0.0006884913938575768
P,238,308,6846,2,0.00029214139643587495
P,238,315,21009,0,0.0
P,238,322,25274,0,0.0
P,238,329,134581,2,0.000014860938765501817
P,238,336,15510,0,0.0
P,238,343,14417,5,0.000346812790455712
P,238,350,12414,1,0.00008055421298533914
P,238,357,55938,27,0.0004826772498122922
P,238,364,42951,4,0.00009312937999115272
P,238,371,1863,1,0.0005367686527106817
P,238,378,3473,2,0.0005758710048949035
P,238,385,8742,0,0.0
P,238,392,30554,26,0.000850952412122799
P,238,399,96,0,0.0
P,238,406,8144,8,0.0009823182711198428
P,238,413,9199,1,0.00010870746820306555
P,238,420,44949,8,0.00017797948786402366
P,238,427,5066,0,0.0
P,238,434,45,0,0.0
P,238,441,2092,0,0.0
P,238,448,9793,9,0.0009190237925048504
P,238,455,9957,0,0.0
P,238,476,1932,0,0.0
P,238,483,6287,9,0.0014315253698107206
P,238,490,246,0,0.0
P,238,497,4503,7,0.001554519209415945
P,238,504,4626,4,0.0008646779074794639
P,238,511,15698,15,0.0009555357370365652
P,238,518,2800,1,0.00035714285714285714
P,238,525,57,0,0.0
P,238,532,184,0,0.0
P,238,539,4328,0,0.0
P,238,546,2712,0,0.0
P,238,567,2107,0,0.0
P,238,574,5249,0,0.0
P,238,588,2482,0,0.0
P,238,595,4395,0,0.0
P,238,602,16021,8,0.0004993446101991137
P,238,609,2288,0,0.0
P,238,630,4921,7,0.001422475106685633
P,238,637,1738,0,0.0
P,238,658,2021,0,0.0
P,238,665,2103,3,0.0014265335235378032
P,238,672,2,0,0.0
P,238,679,1287,1,0.000777000777000777
P,238,686,2173,10,0.004601932811780948
P,238,693,10525,6,0.0005700712589073634
P,238,700,946,2,0.0021141649048625794
P,238,714,111,0,0.0
P,238,721,850,0,0.0
P,238,728,2085,1,0.00047961630695443646
P,238,756,579,0,0.0
P,238,770,165,0,0.0
P,238,777,403,0,0.0
P,238,784,3553,0,0.0
P,238,791,380,0,0.0
P,238,812,194,0,0.0
P,238,819,383,0,0.0
P,238,847,342,1,0.0029239766081871343
P,238,854,45,0,0.0
P,238,861,523,11,0.021032504780114723
P,238,868,377,0,0.0
P,238,875,1889,1,0.0005293806246691371
P,238,882,621,0,0.0
P,238,903,430,0,0.0
P,238,910,124,0,0.0
P,238,931,457,0,0.0
P,238,938,1427,0,0.0
P,238,952,428,0,0.0
P,238,959,365,0,0.0
P,238,966,3012,0,0.0
P,238,973,513,0,0.0
P,238,994,1657,0,0.0
P,238,1001,242,0,0.0
P,238,1029,478,0,0.0
P,238,1043,70,0,0.0
P,238,1050,154,0,0.0
P,238,1057,1054,0,0.0
P,238,1064,271,5,0.01845018450184502
P,238,1092,388,0,0.0
P,238,1120,78,0,0.0
P,238,1141,60,0,0.0
P,238,1148,152,0,0.0
P,238,1155,17,0,0.0
P,238,1183,45,0,0.0
P,238,1211,132,0,0.0
P,238,1218,4,0,0.0
P,238,1225,57,0,0.0
P,238,1232,20,0,0.0
P,238,1239,144,0,0.0
P,238,1246,53,0,0.0
P,238,1267,123,0,0.0
P,238,1274,31,0,0.0
P,238,1302,64,0,0.0
P,238,1316,10,0,0.0
P,238,1323,28,0,0.0
P,238,1330,216,0,0.0
P,238,1337,33,0,0.0
P,238,1358,23,0,0.0
P,238,1365,53,0,0.0
P,238,1393,83,0,0.0
P,238,1414,33,0,0.0
P,238,1421,65,0,0.0
P,238,1428,73,0,0.0
P,238,1456,114,0,0.0
P,238,1484,19,0,0.0
P,238,1491,2,0,0.0
P,238,1505,14,0,0.0
P,238,1512,71,0,0.0
P,238,1519,12,0,0.0
P,238,1547,39,0,0.0
P,238,1575,68,0,0.0
P,238,1582,14,0,0.0
P,238,1589,23,0,0.0
P,238,1596,36,0,0.0
P,238,1603,12,0,0.0
P,238,1610,81,0,0.0
P,238,1631,4,0,0.0
P,238,1638,88,0,0.0
P,238,1666,53,0,0.0
P,238,1673,23,0,0.0
P,238,1680,4,0,0.0
P,238,1687,74,0,0.0
P,238,1694,42,0,0.0
P,238,1701,235,0,0.0
P,238,1729,110,0,0.0
P,238,1757,31,0,0.0
P,238,1764,23,0,0.0
P,238,1771,6,0,0.0
P,238,1778,75,0,0.0
P,238,1785,21,0,0.0
P,238,1792,158,2,0.012658227848101266
P,238,1820,41,0,0.0
P,238,1827,62,0,0.0
P,238,1848,41,0,0.0
P,238,1855,31,0,0.0
P,238,1869,22,0,0.0
P,238,1876,115,0,0.0
P,238,1883,80,0,0.0
P,238,1911,7,0,0.0
P,238,1918,49,0,0.0
P,238,1939,8,0,0.0
P,238,1946,64,0,0.0
P,238,1953,3,0,0.0
P,238,1960,132,2,0.015151515151515152
P,238,1967,51,0,0.0
P,238,1974,192,0,0.0
P,238,2002,62,0,0.0
P,238,2037,21,0,0.0
P,238,2051,15,0,0.0
P,238,2058,10,0,0.0
P,238,2065,101,0,0.0
P,238,2093,15,0,0.0
P,238,2100,26,0,0.0
P,238,2128,39,0,0.0
P,238,2149,20,0,0.0
P,238,2156,53,0,0.0
P,238,2191,18,0,0.0
P,245,245,733,0,0.0
P,245,252,21712,0,0.0
P,245,259,30298,0,0.0
P,245,266,23486,0,0.0
P,245,273,118964,37,0.0003110184593658586
P,245,280,53902,0,0.0
P,245,287,15663,0,0.0
P,245,294,16583,0,0.0
P,245,301,38945,18,0.000462190268327128
P,245,308,71460,108,0.0015113350125944584
P,245,315,9262,34,0.0036709134096307495
P,245,322,27027,4,0.000148000148000148
P,245,329,22610,8,0.00035382574082264487
P,245,336,128750,47,0.0003650485436893204
P,245,343,14095,0,0.0
P,245,350,12724,4,0.00031436655139893113
P,245,357,14989,1,0.00006671559143371805
P,245,364,56619,74,0.0013069817552411734
P,245,371,35374,0,0.0
P,245,378,220,0,0.0
P,245,385,2103,0,0.0
P,245,392,8179,0,0.0
P,245,399,28187,3,0.00010643204314045482
P,245,406,157,0,0.0
P,245,413,7948,0,0.0
P,245,420,8833,0,0.0
P,245,427,40527,13,0.00032077380511757596
P,245,434,2560,1,0.000390625
P,245,441,2,0,0.0
P,245,448,1065,0,0.0
P,245,455,6548,2,0.00030543677458766036
P,245,462,7774,3,0.00038590172369436584
P,245,483,2130,0,0.0
P,245,490,6693,0,0.0
P,245,497,351,0,0.0
P,245,504,3252,1,0.0003075030750307503
P,245,511,4314,0,0.0
P,245,518,14282,1,0.00007001820473323065
P,245,525,2069,0,0.0
P,245,532,24,0,0.0
P,245,539,71,0,0.0
P,245,546,4305,0,0.0
P,245,553,3106,6,0.0019317450096587251
P,245,574,2573,0,0.0
P,245,581,10289,2,0.0001943823500826125
P,245,595,2775,0,0.0
P,245,602,2510,0,0.0
P,245,609,14393,16,0.0011116514972556103
P,245,616,1586,0,0.0
P,245,637,4325,12,0.0027745664739884392
P,245,644,1317,0,0.0
P,245,665,653,0,0.0
P,245,672,1730,0,0.0
P,245,679,1,0,0.0
P,245,686,2218,1,0.0004508566275924256
P,245,693,1661,1,0.0006020469596628537
P,245,700,8107,4,0.0004934007647711854
P,245,707,759,0,0.0
P,245,721,45,0,0.0
P,245,728,123,0,0.0
P,245,735,1126,0,0.0
P,245,763,831,0,0.0
P,245,777,81,0,0.0
P,245,784,445,0,0.0
P,245,791,3866,0,0.0
P,245,798,444,0,0.0
P,245,819,75,0,0.0
P,245,826,411,0,0.0
P,245,854,872,1,0.0011467889908256881
P,245,861,21,0,0.0
P,245,868,160,0,0.0
P,245,875,284,0,0.0
P,245,882,1801,0,0.0
P,245,889,631,0,0.0
P,245,910,542,0,0.0
P,245,917,315,0,0.0
P,245,938,178,0,0.0
P,245,945,2131,1,0.0004692632566870014
P,245,959,572,0,0.0
P,245,966,452,0,0.0
P,245,973,3173,0,0.0
P,245,980,479,1,0.0020876826722338203
P,245,1001,1287,11,0.008547008547008548
P,245,1008,259,0,0.0
P,245,1036,287,0,0.0
P,245,1050,27,0,0.0
P,245,1057,440,0,0.0
P,245,1064,1219,0,0.0
P,245,1071,158,0,0.0
P,245,1099,323,0,0.0
P,245,1127,71,0,0.0
P,245,1134,15,0,0.0
P,245,1148,22,0,0.0
P,245,1155,159,0,0.0
P,245,1162,26,0,0.0
P,245,1190,76,0,0.0
P,245,1218,105,0,0.0
P,245,1225,1,0,0.0
P,245,1232,10,0,0.0
P,245,1239,36,0,0.0
P,245,1246,128,0,0.0
P,245,1253,20,0,0.0
P,245,1274,114,0,0.0
P,245,1281,23,0,0.0
P,245,1309,89,0,0.0
P,245,1323,35,0,0.0
P,245,1330,82,0,0.0
P,245,1337,462,0,0.0
P,245,1344,42,0,0.0
P,245,1365,17,0,0.0
P,245,1372,53,0,0.0
P,245,1400,72,0,0.0
P,245,1414,34,0,0.0
P,245,1421,54,0,0.0
P,245,1428,70,0,0.0
P,245,1435,7,0,0.0
P,245,1463,176,0,0.0
P,245,1491,60,0,0.0
P,245,1498,4,0,0.0
P,245,1505,2,0,0.0
P,245,1512,18,0,0.0
P,245,1519,85,1,0.011764705882352941
P,245,1526,31,0,0.0
P,245,1554,50,0,0.0
P,245,1582,60,0,0.0
P,245,1589,21,0,0.0
P,245,1596,1,0,0.0
P,245,1603,25,0,0.0
P,245,1610,21,0,0.0
P,245,1617,61,0,0.0
P,245,1638,7,0,0.0
P,245,1645,71,0,0.0
P,245,1673,65,0,0.0
P,245,1680,83,0,0.0
P,245,1687,21,0,0.0
P,245,1694,84,0,0.0
P,245,1701,62,0,0.0
P,245,1708,188,0,0.0
P,245,1736,60,0,0.0
P,245,1764,39,0,0.0
P,245,1771,43,0,0.0
P,245,1785,66,0,0.0
P,245,1792,52,0,0.0
P,245,1799,107,0,0.0
P,245,1827,96,0,0.0
P,245,1834,13,0,0.0
P,245,1855,32,0,0.0
P,245,1862,157,0,0.0
P,245,1876,45,0,0.0
P,245,1883,16,0,0.0
P,245,1890,120,0,0.0
P,245,1918,34,0,0.0
P,245,1925,18,0,0.0
P,245,1946,20,0,0.0
P,245,1953,17,0,0.0
P,245,1967,9,0,0.0
P,245,1974,12,0,0.0
P,245,1981,146,0,0.0
P,245,2009,62,0,0.0
P,245,2044,66,0,0.0
P,245,2058,5,0,0.0
P,245,2065,27,0,0.0
P,245,2072,93,0,0.0
P,245,2100,32,0,0.0
P,245,2107,39,0,0.0
P,245,2135,3,0,0.0
P,245,2149,2,0,0.0
P,245,2156,9,0,0.0
P,245,2163,11,0,0.0
P,245,2198,7,0,0.0
P,252,252,615,3,0.004878048780487805
P,252,259,19805,5,0.00025246149962130775
P,252,266,37818,0,0.0
P,252,273,21150,0,0.0
P,252,280,111534,0,0.0
P,252,287,50129,2,0.000039897065570827266
P,252,294,13113,1,0.00007626019980172348
P,252,301,15097,0,0.0
P,252,308,35346,13,0.00036779267809653143
P,252,315,71425,59,0.0008260413020651033
P,252,322,11986,0,0.0
P,252,329,19901,0,0.0
P,252,336,19021,1,0.00005257347142631828
P,252,343,127743,47,0.0003679262268774023
P,252,350,15386,0,0.0
P,252,357,12130,43,0.003544929925803792
P,252,364,10998,0,0.0
P,252,371,44438,52,0.0011701696746028174
P,252,378,22434,0,0.0
P,252,385,407,0,0.0
P,252,392,601,0,0.0
P,252,399,8172,0,0.0
P,252,406,24265,3,0.000123634865031939
P,252,413,885,0,0.0
P,252,420,6559,0,0.0
P,252,427,7706,0,0.0
P,252,434,41450,19,0.0004583835946924005
P,252,441,2894,0,0.0
P,252,448,19,0,0.0
P,252,455,678,0,0.0
P,252,462,6847,1,0.0001460493646852636
P,252,469,4442,0,0.0
P,252,490,1778,0,0.0
P,252,497,7131,3,0.00042069835927639884
P,252,504,1569,0,0.0
P,252,511,2209,1,0.0004526935264825713
P,252,518,3169,0,0.0
P,252,525,13403,17,0.0012683727523688727
P,252,532,1779,0,0.0
P,252,539,2,0,0.0
P,252,546,47,0,0.0
P,252,553,3698,3,0.0008112493239588967
P,252,560,1803,1,0.0005546311702717693
P,252,581,2607,0,0.0
P,252,588,7393,2,0.00027052617340727714
P,252,602,3458,0,0.0
P,252,609,2348,0,0.0
P,252,616,21357,31,0.001451514725851009
P,252,623,1188,0,0.0
P,252,644,5784,0,0.0
P,252,651,1212,0,0.0
P,252,672,395,0,0.0
P,252,679,2180,0,0.0
P,252,686,1,0,0.0
P,252,693,2101,4,0.0019038553069966682
P,252,700,1148,0,0.0
P,252,707,7379,0,0.0
P,252,714,476,0,0.0
P,252,735,107,0,0.0
P,252,742,563,0,0.0
P,252,770,1133,0,0.0
P,252,784,137,0,0.0
P,252,791,349,0,0.0
P,252,798,4016,2,0.00049800796812749
P,252,805,486,0,0.0
P,252,826,61,0,0.0
P,252,833,330,0,0.0
P,252,861,1010,12,0.011881188118811881
P,252,868,207,0,0.0
P,252,875,233,0,0.0
P,252,882,533,0,0.0
P,252,889,1509,0,0.0
P,252,896,326,0,0.0
P,252,917,333,0,0.0
P,252,924,152,0,0.0
P,252,945,490,0,0.0
P,252,952,1358,0,0.0
P,252,966,737,0,0.0
P,252,973,510,0,0.0
P,252,980,4592,1,0.00021777003484320557
P,252,987,238,0,0.0
P,252,1008,2128,0,0.0
P,252,1015,102,0,0.0
P,252,1043,314,0,0.0
P,252,1057,96,0,0.0
P,252,1064,295,3,0.010169491525423728
P,252,1071,749,0,0.0
P,252,1078,159,0,0.0
P,252,1106,155,0,0.0
P,252,1134,165,0,0.0
P,252,1155,7,0,0.0
P,252,1162,142,1,0.007042253521126761
P,252,1169,26,0,0.0
P,252,1197,23,0,0.0
P,252,1225,122,0,0.0
P,252,1239,9,0,0.0
P,252,1246,24,0,0.0
P,252,1253,128,0,0.0
P,252,1260,18,0,0.0
P,252,1281,58,0,0.0
P,252,1288,38,0,0.0
P,252,1316,167,0,0.0
P,252,1330,82,0,0.0
P,252,1337,107,0,0.0
P,252,1344,331,0,0.0
P,252,1351,19,0,0.0
P,252,1372,91,0,0.0
P,252,1379,54,0,0.0
P,252,1407,34,0,0.0
P,252,1421,8,0,0.0
P,252,1428,78,0,0.0
P,252,1435,49,0,0.0
P,252,1442,17,0,0.0
P,252,1470,62,0,0.0
P,252,1498,139,0,0.0
P,252,1505,3,0,0.0
P,252,1519,12,0,0.0
P,252,1526,30,0,0.0
P,252,1533,11,0,0.0
P,252,1561,34,0,0.0
P,252,1589,82,1,0.012195121951219513
P,252,1596,12,0,0.0
P,252,1610,9,0,0.0
P,252,1617,52,0,0.0
P,252,1624,80,0,0.0
P,252,1645,12,0,0.0
P,252,1652,151,0,0.0
P,252,1680,43,0,0.0
P,252,1687,57,0,0.0
P,252,1694,5,0,0.0
P,252,1701,85,0,0.0
P,252,1708,29,0,0.0
P,252,1715,524,0,0.0
P,252,1743,88,0,0.0
P,252,1771,32,0,0.0
P,252,1778,16,0,0.0
P,252,1792,85,2,0.023529411764705882
P,252,1799,88,0,0.0
P,252,1806,59,0,0.0
P,252,1834,32,0,0.0
P,252,1841,82,0,0.0
P,252,1862,9,0,0.0
P,252,1869,366,0,0.0
P,252,1883,11,0,0.0
P,252,1890,25,0,0.0
P,252,1897,190,0,0.0
P,252,1925,3,0,0.0
P,252,1932,21,0,0.0
P,252,1953,34,0,0.0
P,252,1960,132,0,0.0
P,252,1967,7,0,0.0
P,252,1974,17,0,0.0
P,252,1981,27,0,0.0
P,252,1988,149,0,0.0
P,252,2016,54,0,0.0
P,252,2051,46,0,0.0
P,252,2065,16,0,0.0
P,252,2072,36,0,0.0
P,252,2079,132,0,0.0
P,252,2107,101,0,0.0
P,252,2114,31,0,0.0
P,252,2142,12,0,0.0
P,252,2156,7,0,0.0
P,252,2163,4,0,0.0
P,252,2170,45,0,0.0
P,259,259,368,0,0.0
P,259,266,19382,7,0.0003611598390259003
P,259,273,26884,1,0.000037196845707484004
P,259,280,13534,0,0.0
P,259,287,75846,0,0.0
P,259,294,52600,0,0.0
P,259,301,8262,2,0.0002420721374969741
P,259,308,9026,0,0.0
P,259,315,27237,4,0.00014685905202481918
P,259,322,59220,23,0.0003883823032759203
P,259,329,8087,1,0.00012365524916532706
P,259,336,16876,0,0.0
P,259,343,15745,1,0.00006351222610352493
P,259,350,107373,3,0.000027939984912408146
P,259,357,16508,0,0.0
P,259,364,8585,1,0.00011648223645894001
P,259,371,6075,0,0.0
P,259,378,29321,47,0.001602946693496129
P,259,385,18526,0,0.0
P,259,399,20,0,0.0
P,259,406,4356,0,0.0
P,259,413,18837,12,0.0006370441153049849
P,259,420,49,0,0.0
P,259,427,5195,1,0.00019249278152069297
P,259,434,6342,0,0.0
P,259,441,34467,20,0.0005802651811878028
P,259,448,3258,0,0.0
P,259,455,35,0,0.0
P,259,462,703,0,0.0
P,259,469,3784,0,0.0
P,259,476,5964,0,0.0
P,259,497,2308,0,0.0
P,259,504,6150,4,0.0006504065040650406
P,259,511,157,0,0.0
P,259,518,1545,0,0.0
P,259,525,2959,1,0.0003379520108144643
P,259,532,7828,20,0.0025549310168625446
P,259,539,2186,0,0.0
P,259,546,3,0,0.0
P,259,553,65,0,0.0
P,259,560,1640,4,0.0024390243902439024
P,259,567,1584,0,0.0
P,259,588,2193,0,0.0
P,259,595,7738,1,0.00012923235978288964
P,259,609,2313,0,0.0
P,259,616,2201,2,0.0009086778736937755
P,259,623,16670,8,0.0004799040191961608
P,259,630,1858,0,0.0
P,259,651,3899,0,0.0
P,259,658,1471,2,0.0013596193065941536
P,259,679,608,0,0.0
P,259,686,1404,1,0.0007122507122507123
P,259,700,1416,0,0.0
P,259,707,864,0,0.0
P,259,714,4571,5,0.0010938525486764385
P,259,721,513,0,0.0
P,259,742,266,0,0.0
P,259,749,456,0,0.0
P,259,777,596,0,0.0
P,259,791,226,0,0.0
P,259,798,270,0,0.0
P,259,805,3020,2,0.0006622516556291391
P,259,812,543,0,0.0
P,259,833,84,0,0.0
P,259,840,508,0,0.0
P,259,868,485,0,0.0
P,259,875,13,0,0.0
P,259,882,180,0,0.0
P,259,889,312,0,0.0
P,259,896,964,2,0.002074688796680498
P,259,903,619,0,0.0
P,259,924,263,0,0.0
P,259,931,28,0,0.0
P,259,952,116,0,0.0
P,259,959,1648,0,0.0
P,259,973,547,0,0.0
P,259,980,471,0,0.0
P,259,987,3045,0,0.0
P,259,994,376,0,0.0
P,259,1015,1241,0,0.0
P,259,1022,211,0,0.0
P,259,1050,205,0,0.0
P,259,1064,29,0,0.0
P,259,1071,118,0,0.0
P,259,1078,502,1,0.00199203187250996
P,259,1085,61,0,0.0
P,259,1113,99,0,0.0
P,259,1141,84,0,0.0
P,259,1155,8,0,0.0
P,259,1162,11,0,0.0
P,259,1169,148,0,0.0
P,259,1176,50,0,0.0
P,259,1204,81,0,0.0
P,259,1232,44,0,0.0
P,259,1239,2,0,0.0
P,259,1246,7,0,0.0
P,259,1253,18,0,0.0
P,259,1260,64,0,0.0
P,259,1267,22,0,0.0
P,259,1288,41,0,0.0
P,259,1295,33,0,0.0
P,259,1323,128,0,0.0
P,259,1337,110,0,0.0
P,259,1344,75,0,0.0
P,259,1351,230,0,0.0
P,259,1358,30,0,0.0
P,259,1379,39,0,0.0
P,259,1386,68,0,0.0
P,259,1414,83,0,0.0
P,259,1435,22,0,0.0
P,259,1442,86,0,0.0
P,259,1449,23,0,0.0
P,259,1477,27,0,0.0
P,259,1505,20,0,0.0
P,259,1526,6,0,0.0
P,259,1533,124,0,0.0
P,259,1540,66,0,0.0
P,259,1568,30,0,0.0
P,259,1575,9,0,0.0
P,259,1596,28,0,0.0
P,259,1603,22,0,0.0
P,259,1610,1,0,0.0
P,259,1617,15,0,0.0
P,259,1624,30,0,0.0
P,259,1631,71,0,0.0
P,259,1652,13,0,0.0
P,259,1659,49,0,0.0
P,259,1687,117,0,0.0
P,259,1694,50,0,0.0
P,259,1701,6,0,0.0
P,259,1708,62,0,0.0
P,259,1715,36,0,0.0
P,259,1722,451,0,0.0
P,259,1750,83,0,0.0
P,259,1778,62,0,0.0
P,259,1785,19,0,0.0
P,259,1799,37,0,0.0
P,259,1806,42,0,0.0
P,259,1813,86,0,0.0
P,259,1841,45,0,0.0
P,259,1848,21,0,0.0
P,259,1869,58,0,0.0
P,259,1876,10,0,0.0
P,259,1890,12,0,0.0
P,259,1897,18,0,0.0
P,259,1904,94,0,0.0
P,259,1932,6,0,0.0
P,259,1939,37,0,0.0
P,259,1960,5,0,0.0
P,259,1967,41,0,0.0
P,259,1974,3,0,0.0
P,259,1981,14,0,0.0
P,259,1988,56,0,0.0
P,259,1995,49,0,0.0
P,259,2023,6,0,0.0
P,259,2058,39,0,0.0
P,259,2072,14,0,0.0
P,259,2079,10,0,0.0
P,259,2086,261,0,0.0
P,259,2114,45,0,0.0
P,259,2121,37,0,0.0
P,259,2149,23,0,0.0
P,259,2170,7,0,0.0
P,259,2177,10,0,0.0
P,266,266,1178,0,0.0
P,266,273,13048,0,0.0
P,266,280,30974,8,0.00025828113901982307
P,266,287,12623,0,0.0
P,266,294,69089,1,0.00001447408415232526
P,266,301,41865,1,0.00002388630120625821
P,266,308,6998,3,0.00042869391254644185
P,266,315,7650,0,0.0
P,266,322,28056,1,0.000035642999714856005
P,266,329,55035,20,0.0003634051058417371
P,266,336,6081,3,0.000493339911198816
P,266,343,19652,4,0.0002035416242621616
P,266,350,17722,0,0.0
P,266,357,106849,8,0.00007487201564825127
P,266,364,12019,1,0.00008320159747067144
P,266,371,6745,1,0.00014825796886582654
P,266,378,4396,1,0.00022747952684258417
P,266,385,17328,9,0.0005193905817174516
P,266,392,12121,0,0.0
P,266,399,1,0,0.0
P,266,413,2858,0,0.0
P,266,420,19613,6,0.0003059195431601489
P,266,427,25,0,0.0
P,266,434,6919,1,0.00014452955629426219
P,266,441,5184,0,0.0
P,266,448,33129,5,0.00015092517130006942
P,266,455,3301,0,0.0
P,266,462,25,0,0.0
P,266,469,1059,0,0.0
P,266,476,4585,0,0.0
P,266,483,4434,0,0.0
P,266,504,1435,0,0.0
P,266,511,4998,0,0.0
P,266,518,47,0,0.0
P,266,525,1419,0,0.0
P,266,532,1681,7,0.004164187983343248
P,266,539,11616,9,0.0007747933884297521
P,266,546,1741,0,0.0
P,266,553,9,0,0.0
P,266,560,46,0,0.0
P,266,567,2075,14,0.006746987951807229
P,266,574,621,0,0.0
P,266,595,1880,0,0.0
P,266,602,7982,0,0.0
P,266,616,5578,1,0.00017927572606669058
P,266,623,3336,0,0.0
P,266,630,20087,3,0.00014935032608154528
P,266,637,1188,0,0.0
P,266,658,5563,2,0.0003595182455509617
P,266,665,684,1,0.0014619883040935672
P,266,686,1164,11,0.009450171821305841
P,266,693,2594,2,0.0007710100231303007
P,266,700,3,0,0.0
P,266,707,1079,0,0.0
P,266,714,761,0,0.0
P,266,721,4384,0,0.0
P,266,728,545,0,0.0
P,266,749,27,0,0.0
P,266,756,365,0,0.0
P,266,784,629,0,0.0
P,266,798,140,0,0.0
P,266,805,183,0,0.0
P,266,812,2647,0,0.0
P,266,819,343,0,0.0
P,266,840,91,0,0.0
P,266,847,221,0,0.0
P,266,875,515,2,0.003883495145631068
P,266,882,28,0,0.0
P,266,889,184,0,0.0
P,266,896,168,0,0.0
P,266,903,1707,0,0.0
P,266,910,388,0,0.0
P,266,931,669,0,0.0
P,266,938,65,0,0.0
P,266,959,46,0,0.0
P,266,966,1783,0,0.0
P,266,980,1473,0,0.0
P,266,987,739,0,0.0
P,266,994,3542,4,0.001129305477131564
P,266,1001,408,0,0.0
P,266,1022,1215,0,0.0
P,266,1029,201,0,0.0
P,266,1057,445,0,0.0
P,266,1071,68,0,0.0
P,266,1078,116,0,0.0
P,266,1085,417,0,0.0
P,266,1092,86,0,0.0
P,266,1120,43,0,0.0
P,266,1148,52,0,0.0
P,266,1169,27,0,0.0
P,266,1176,373,0,0.0
P,266,1183,59,0,0.0
P,266,1211,48,0,0.0
P,266,1239,53,0,0.0
P,266,1246,9,0,0.0
P,266,1253,10,0,0.0
P,266,1260,25,0,0.0
P,266,1267,215,0,0.0
P,266,1274,45,0,0.0
P,266,1295,36,0,0.0
P,266,1302,4,0,0.0
P,266,1330,219,0,0.0
P,266,1344,136,0,0.0
P,266,1351,103,0,0.0
P,266,1358,61,0,0.0
P,266,1365,53,0,0.0
P,266,1386,9,0,0.0
P,266,1393,43,0,0.0
P,266,1421,67,0,0.0
P,266,1435,1,0,0.0
P,266,1442,28,0,0.0
P,266,1449,48,0,0.0
P,266,1456,18,0,0.0
P,266,1484,15,0,0.0
P,266,1512,30,0,0.0
P,266,1533,10,0,0.0
P,266,1540,163,0,0.0
P,266,1547,35,0,0.0
P,266,1575,91,0,0.0
P,266,1582,3,0,0.0
P,266,1603,14,0,0.0
P,266,1610,11,0,0.0
P,266,1624,29,0,0.0
P,266,1631,35,0,0.0
P,266,1638,116,0,0.0
P,266,1659,8,0,0.0
P,266,1666,35,0,0.0
P,266,1694,78,0,0.0
P,266,1701,91,0,0.0
P,266,1715,288,0,0.0
P,266,1722,169,0,0.0
P,266,1729,171,2,0.011695906432748537
P,266,1757,93,0,0.0
P,266,1785,36,0,0.0
P,266,1792,9,0,0.0
P,266,1799,2,0,0.0
P,266,1806,24,0,0.0
P,266,1813,24,0,0.0
P,266,1820,126,0,0.0
P,266,1848,19,0,0.0
P,266,1855,22,0,0.0
P,266,1876,46,0,0.0
P,266,1883,18,0,0.0
P,266,1897,6,0,0.0
P,266,1904,12,0,0.0
P,266,1911,27,0,0.0
P,266,1939,2,0,0.0
P,266,1946,65,0,0.0
P,266,1967,3,0,0.0
P,266,1974,66,0,0.0
P,266,1981,7,0,0.0
P,266,1988,17,0,0.0
P,266,1995,16,0,0.0
P,266,2002,134,0,0.0
P,266,2030,24,0,0.0
P,266,2065,113,0,0.0
P,266,2079,44,0,0.0
P,266,2086,148,0,0.0
P,266,2093,54,0,0.0
P,266,2121,15,0,0.0
P,266,2128,25,0,0.0
P,266,2156,35,0,0.0
P,266,2170,6,0,0.0
P,266,2177,5,0,0.0
P,266,2184,14,0,0.0
P,273,273,808,0,0.0
P,273,280,16149,0,0.0
P,273,287,25296,66,0.0026091081593927895
P,273,294,11208,0,0.0
P,273,301,58871,92,0.001562738869732126
P,273,308,46833,19,0.00040569683769991246
P,273,315,5553,25,0.0045020709526382135
P,273,322,6195,1,0.00016142050040355126
P,273,329,16439,19,0.0011557880649674555
P,273,336,61227,2,0.000032665327388243746
P,273,343,5875,12,0.0020425531914893616
P,273,350,16787,1,0.0000595699052838506
P,273,357,12910,0,0.0
P,273,364,112938,43,0.00038073987497565037
P,273,371,12279,4,0.0003257594266634091
P,273,378,707,0,0.0
P,273,385,2779,0,0.0
P,273,392,14045,8,0.0005695977216091135
P,273,399,13626,1,0.00007338910905621606
P,273,420,3083,0,0.0
P,273,427,21163,10,0.0004725227992250626
P,273,434,477,4,0.008385744234800839
P,273,441,3143,0,0.0
P,273,448,3685,0,0.0
P,273,455,30374,16,0.0005267663132942648
P,273,462,4257,0,0.0
P,273,469,10,0,0.0
P,273,476,419,0,0.0
P,273,483,2006,0,0.0
P,273,490,5683,4,0.0007038535984515221
P,273,511,781,0,0.0
P,273,518,4345,0,0.0
P,273,525,404,0,0.0
P,273,532,1088,2,0.001838235294117647
P,273,539,3846,6,0.0015600624024961
P,273,546,12509,46,0.0036773523063394356
P,273,553,2918,0,0.0
P,273,560,2,0,0.0
P,273,567,7,0,0.0
P,273,574,1519,0,0.0
P,273,581,1927,0,0.0
P,273,602,1363,2,0.001467351430667645
P,273,609,7640,0,0.0
P,273,623,1238,0,0.0
P,273,630,1692,0,0.0
P,273,637,18082,69,0.003815949563101427
P,273,644,1723,0,0.0
P,273,665,1237,0,0.0
P,273,672,1155,0,0.0
P,273,693,513,1,0.001949317738791423
P,273,700,2056,3,0.0014591439688715954
P,273,707,5,0,0.0
P,273,714,670,0,0.0
P,273,721,676,0,0.0
P,273,728,5785,0,0.0
P,273,735,551,0,0.0
P,273,756,60,0,0.0
P,273,763,569,0,0.0
P,273,791,501,0,0.0
P,273,805,73,0,0.0
P,273,812,249,0,0.0
P,273,819,2358,0,0.0
P,273,826,263,0,0.0
P,273,847,79,0,0.0
P,273,854,689,0,0.0
P,273,882,516,0,0.0
P,273,889,36,0,0.0
P,273,896,138,0,0.0
P,273,903,566,0,0.0
P,273,910,1020,0,0.0
P,273,917,990,0,0.0
P,273,938,234,0,0.0
P,273,945,115,0,0.0
P,273,966,214,0,0.0
P,273,973,2177,0,0.0
P,273,987,173,0,0.0
P,273,994,207,0,0.0
P,273,1001,4968,8,0.001610305958132045
P,273,1008,390,0,0.0
P,273,1029,120,0,0.0
P,273,1036,186,0,0.0
P,273,1064,467,1,0.0021413276231263384
P,273,1078,10,0,0.0
P,273,1085,136,0,0.0
P,273,1092,417,0,0.0
P,273,1099,28,0,0.0
P,273,1127,50,0,0.0
P,273,1155,71,0,0.0
P,273,1176,28,0,0.0
P,273,1183,49,0,0.0
P,273,1190,53,0,0.0
P,273,1218,83,0,0.0
P,273,1246,34,0,0.0
P,273,1253,3,0,0.0
P,273,1260,6,0,0.0
P,273,1267,32,0,0.0
P,273,1274,128,0,0.0
P,273,1281,39,0,0.0
P,273,1302,13,0,0.0
P,273,1309,12,0,0.0
P,273,1337,521,0,0.0
P,273,1351,14,0,0.0
P,273,1358,21,0,0.0
P,273,1365,83,0,0.0
P,273,1372,31,0,0.0
P,273,1393,7,0,0.0
P,273,1400,27,0,0.0
P,273,1428,51,0,0.0
P,273,1442,1,0,0.0
P,273,1449,16,0,0.0
P,273,1456,96,0,0.0
P,273,1463,29,0,0.0
P,273,1491,48,0,0.0
P,273,1519,28,0,0.0
P,273,1540,27,0,0.0
P,273,1547,35,0,0.0
P,273,1554,24,0,0.0
P,273,1582,71,0,0.0
P,273,1589,13,0,0.0
P,273,1610,4,0,0.0
P,273,1617,28,0,0.0
P,273,1631,13,0,0.0
P,273,1638,38,0,0.0
P,273,1645,99,0,0.0
P,273,1673,25,0,0.0
P,273,1701,111,0,0.0
P,273,1708,46,0,0.0
P,273,1722,72,0,0.0
P,273,1729,35,0,0.0
P,273,1736,147,0,0.0
P,273,1764,42,0,0.0
P,273,1792,44,0,0.0
P,273,1799,60,0,0.0
P,273,1813,21,0,0.0
P,273,1820,39,0,0.0
P,273,1827,103,0,0.0
P,273,1855,25,0,0.0
P,273,1862,87,0,0.0
P,273,1883,13,0,0.0
P,273,1890,36,0,0.0
P,273,1904,17,0,0.0
P,273,1911,12,0,0.0
P,273,1918,126,0,0.0
P,273,1946,4,0,0.0
P,273,1953,25,0,0.0
P,273,1974,9,0,0.0
P,273,1981,69,0,0.0
P,273,1988,6,0,0.0
P,273,1995,27,0,0.0
P,273,2002,57,0,0.0
P,273,2009,98,0,0.0
P,273,2037,7,0,0.0
P,273,2072,96,0,0.0
P,273,2086,3,0,0.0
P,273,2093,7,0,0.0
P,273,2100,72,0,0.0
P,273,2128,6,0,0.0
P,273,2163,6,0,0.0
P,273,2184,4,0,0.0
P,273,2191,18,0,0.0
P,280,280,598,0,0.0
P,280,287,15882,81,0.005100113335851908
P,280,294,25358,2,0.00007887057338906853
P,280,301,10324,0,0.0
P,280,308,58605,12,0.00020476068594829793
P,280,315,47225,0,0.0
P,280,322,7383,0,0.0
P,280,329,4778,0,0.0
P,280,336,14327,39,0.002722133035527326
P,280,343,59563,20,0.00033577892315699346
P,280,350,6689,2,0.0002989983555090447
P,280,357,16077,3,0.0001866019779809666
P,280,364,13979,0,0.0
P,280,371,80571,26,0.0003226967519330777
P,280,378,6656,0,0.0
P,280,385,310,0,0.0
P,280,392,3340,1,0.0002994011976047904
P,280,399,12363,19,0.0015368438081371835
P,280,406,13193,2,0.0001515955430910331
P,280,427,1583,1,0.0006317119393556538
P,280,434,18394,9,0.0004892899858649559
P,280,441,32,0,0.0
P,280,448,4072,0,0.0
P,280,455,5412,0,0.0
P,280,462,25558,7,0.00027388684560607245
P,280,469,1984,0,0.0
P,280,476,11,0,0.0
P,280,483,502,0,0.0
P,280,490,1458,0,0.0
P,280,497,6236,7,0.0011225144323284157
P,280,518,588,0,0.0
P,280,525,4240,0,0.0
P,280,532,163,0,0.0
P,280,539,1171,1,0.0008539709649871904
P,280,546,1683,0,0.0
P,280,553,9415,29,0.003080191184280404
P,280,560,1724,0,0.0
P,280,574,4,0,0.0
P,280,581,3793,6,0.0015818613234906407
P,280,588,957,0,0.0
P,280,609,1228,2,0.0016286644951140066
P,280,616,10968,4,0.00036469730123997083
P,280,630,4092,0,0.0
P,280,637,1258,0,0.0
P,280,644,17971,6,0.00033387123699293305
P,280,651,1146,0,0.0
P,280,672,729,0,0.0
P,280,679,1342,0,0.0
P,280,700,130,0,0.0
P,280,707,1885,0,0.0
P,280,721,434,0,0.0
P,280,728,960,0,0.0
P,280,735,2863,1,0.00034928396786587494
P,280,742,298,0,0.0
P,280,763,124,0,0.0
P,280,770,753,0,0.0
P,280,798,354,0,0.0
P,280,812,148,0,0.0
P,280,819,170,0,0.0
P,280,826,1991,0,0.0
P,280,833,124,0,0.0
P,280,854,25,0,0.0
P,280,861,907,7,0.007717750826901874
P,280,889,362,0,0.0
P,280,896,25,0,0.0
P,280,903,155,0,0.0
P,280,910,185,0,0.0
P,280,917,1467,0,0.0
P,280,924,335,0,0.0
P,280,945,886,0,0.0
P,280,952,45,0,0.0
P,280,973,91,0,0.0
P,280,980,2783,0,0.0
P,280,994,836,1,0.0011961722488038277
P,280,1001,395,0,0.0
P,280,1008,5808,1,0.0001721763085399449
P,280,1015,281,0,0.0
P,280,1036,90,0,0.0
P,280,1043,135,0,0.0
P,280,1071,193,0,0.0
P,280,1085,12,0,0.0
P,280,1092,83,0,0.0
P,280,1099,363,0,0.0
P,280,1106,27,0,0.0
P,280,1134,105,0,0.0
P,280,1162,40,0,0.0
P,280,1176,10,0,0.0
P,280,1183,15,0,0.0
P,280,1190,77,0,0.0
P,280,1197,4,0,0.0
P,280,1225,109,0,0.0
P,280,1253,39,0,0.0
P,280,1267,71,0,0.0
P,280,1274,33,0,0.0
P,280,1281,89,0,0.0
P,280,1288,48,0,0.0
P,280,1309,60,0,0.0
P,280,1316,16,0,0.0
P,280,1344,277,0,0.0
P,280,1358,15,0,0.0
P,280,1365,37,0,0.0
P,280,1372,193,0,0.0
P,280,1379,34,0,0.0
P,280,1400,20,0,0.0
P,280,1407,35,0,0.0
P,280,1435,34,0,0.0
P,280,1456,25,0,0.0
P,280,1463,178,0,0.0
P,280,1470,20,0,0.0
P,280,1498,79,0,0.0
P,280,1526,15,0,0.0
P,280,1547,16,0,0.0
P,280,1554,42,0,0.0
P,280,1561,5,0,0.0
P,280,1589,28,0,0.0
P,280,1596,8,0,0.0
P,280,1617,27,0,0.0
P,280,1624,28,0,0.0
P,280,1638,47,0,0.0
P,280,1645,34,0,0.0
P,280,1652,136,0,0.0
P,280,1673,19,0,0.0
P,280,1680,53,0,0.0
P,280,1708,73,0,0.0
P,280,1715,401,1,0.0024937655860349127
P,280,1729,101,0,0.0
P,280,1736,9,0,0.0
P,280,1743,159,0,0.0
P,280,1771,62,0,0.0
P,280,1799,38,0,0.0
P,280,1806,25,0,0.0
P,280,1820,17,0,0.0
P,280,1827,102,0,0.0
P,280,1834,94,0,0.0
P,280,1862,4,0,0.0
P,280,1869,277,0,0.0
P,280,1890,8,0,0.0
P,280,1897,41,0,0.0
P,280,1911,8,0,0.0
P,280,1918,26,0,0.0
P,280,1925,37,0,0.0
P,280,1953,9,0,0.0
P,280,1960,134,0,0.0
P,280,1981,4,0,0.0
P,280,1988,74,0,0.0
P,280,1995,3,0,0.0
P,280,2002,21,0,0.0
P,280,2009,18,0,0.0
P,280,2016,78,0,0.0
P,280,2044,30,0,0.0
P,280,2079,117,0,0.0
P,280,2093,16,0,0.0
P,280,2100,12,0,0.0
P,280,2107,120,0,0.0
P,280,2135,12,0,0.0
P,280,2142,6,0,0.0
P,280,2170,27,0,0.0
P,280,2191,7,0,0.0
P,280,2198,7,0,0.0
P,287,287,653,0,0.0
P,287,294,11103,0,0.0
P,287,301,17393,18,0.0010348990973380095
P,287,308,9271,16,0.0017258116708014238
P,287,315,45215,3,0.00006634966272254783
P,287,322,35587,4,0.00011240059572315734
P,287,329,5001,0,0.0
P,287,336,4972,0,0.0
P,287,343,11152,0,0.0
P,287,350,46030,2,0.000043449923962633065
P,287,357,5644,17,0.0030120481927710845
P,287,364,10977,10,0.0009109957183201239
P,287,371,12126,1,0.00008246742536698004
P,287,378,62432,0,0.0
P,287,385,4362,0,0.0
P,287,392,128,0,0.0
P,287,399,1078,0,0.0
P,287,406,7132,1,0.00014021312394840157
P,287,413,7607,0,0.0
P,287,434,1870,0,0.0
P,287,441,10964,3,0.00027362276541408243
P,287,448,156,0,0.0
P,287,455,2963,8,0.0026999662504218697
P,287,462,4039,0,0.0
P,287,469,18741,0,0.0
P,287,476,4927,0,0.0
P,287,483,44,0,0.0
P,287,490,125,0,0.0
P,287,497,1283,0,0.0
P,287,504,7214,2,0.0002772387025228722
P,287,525,140,0,0.0
P,287,532,1830,0,0.0
P,287,539,180,0,0.0
P,287,546,1568,0,0.0
P,287,553,2879,6,0.0020840569642236887
P,287,560,6611,31,0.004689154439570413
P,287,567,1189,0,0.0
P,287,581,14,0,0.0
P,287,588,2297,15,0.006530256856769699
P,287,595,794,0,0.0
P,287,616,988,0,0.0
P,287,623,6471,1,0.00015453562046051616
P,287,637,2457,7,0.002849002849002849
P,287,644,1515,2,0.0013201320132013201
P,287,651,14638,10,0.0006831534362617844
P,287,658,1320,0,0.0
P,287,679,957,0,0.0
P,287,686,905,0,0.0
P,287,707,144,0,0.0
P,287,714,725,2,0.002758620689655172
P,287,728,198,0,0.0
P,287,735,482,0,0.0
P,287,742,2678,0,0.0
P,287,749,135,0,0.0
P,287,770,186,0,0.0
P,287,777,395,0,0.0
P,287,805,324,0,0.0
P,287,819,61,0,0.0
P,287,826,166,0,0.0
P,287,833,1384,0,0.0
P,287,840,561,0,0.0
P,287,861,1,0,0.0
P,287,868,563,0,0.0
P,287,896,189,2,0.010582010582010581
P,287,903,28,0,0.0
P,287,910,154,0,0.0
P,287,917,402,0,0.0
P,287,924,953,0,0.0
P,287,931,188,0,0.0
P,287,952,177,0,0.0
P,287,959,29,0,0.0
P,287,980,126,0,0.0
P,287,987,1389,0,0.0
P,287,1001,598,0,0.0
P,287,1008,429,0,0.0
P,287,1015,3825,0,0.0
P,287,1022,419,0,0.0
P,287,1043,42,0,0.0
P,287,1050,126,0,0.0
P,287,1078,73,0,0.0
P,287,1092,8,0,0.0
P,287,1099,78,0,0.0
P,287,1106,150,0,0.0
P,287,1113,47,0,0.0
P,287,1141,65,0,0.0
P,287,1169,51,0,0.0
P,287,1183,2,0,0.0
P,287,1190,5,0,0.0
P,287,1197,72,0,0.0
P,287,1204,72,0,0.0
P,287,1232,26,0,0.0
P,287,1260,41,0,0.0
P,287,1274,17,0,0.0
P,287,1281,37,0,0.0
P,287,1288,61,0,0.0
P,287,1295,35,0,0.0
P,287,1316,64,0,0.0
P,287,1323,1,0,0.0
P,287,1351,203,0,0.0
P,287,1365,6,0,0.0
P,287,1372,47,0,0.0
P,287,1379,105,0,0.0
P,287,1386,75,0,0.0
P,287,1414,36,0,0.0
P,287,1442,19,0,0.0
P,287,1456,4,0,0.0
P,287,1463,53,0,0.0
P,287,1470,57,0,0.0
P,287,1477,32,0,0.0
P,287,1505,10,0,0.0
P,287,1533,61,0,0.0
P,287,1554,8,0,0.0
P,287,1561,39,0,0.0
P,287,1568,6,0,0.0
P,287,1596,19,0,0.0
P,287,1603,21,0,0.0
P,287,1624,6,0,0.0
P,287,1631,6,0,0.0
P,287,1638,1,0,0.0
P,287,1645,36,0,0.0
P,287,1652,52,0,0.0
P,287,1659,48,0,0.0
P,287,1680,20,0,0.0
P,287,1687,17,0,0.0
P,287,1715,58,0,0.0
P,287,1722,195,0,0.0
P,287,1729,3,0,0.0
P,287,1736,33,0,0.0
P,287,1743,57,0,0.0
P,287,1750,143,0,0.0
P,287,1778,75,0,0.0
P,287,1806,18,0,0.0
P,287,1813,4,0,0.0
P,287,1820,1,0,0.0
P,287,1827,22,0,0.0
P,287,1834,36,0,0.0
P,287,1841,73,0,0.0
P,287,1869,22,0,0.0
P,287,1876,10,0,0.0
P,287,1897,13,0,0.0
P,287,1904,9,0,0.0
P,287,1918,10,0,0.0
P,287,1925,15,0,0.0
P,287,1932,56,0,0.0
P,287,1939,24,0,0.0
P,287,1960,3,0,0.0
P,287,1967,54,0,0.0
P,287,1995,17,0,0.0
P,287,2002,6,0,0.0
P,287,2009,20,0,0.0
P,287,2016,18,0,0.0
P,287,2023,23,0,0.0
P,287,2051,38,0,0.0
P,287,2086,192,0,0.0
P,287,2100,9,0,0.0
P,287,2107,23,0,0.0
P,287,2114,132,0,0.0
P,287,2149,10,0,0.0
P,287,2177,6,0,0.0
P,287,2198,5,0,0.0
P,294,294,944,0,0.0
P,294,301,10575,12,0.0011347517730496454
P,294,308,20380,33,0.001619234543670265
P,294,315,8183,0,0.0
P,294,322,45910,0,0.0
P,294,329,28594,0,0.0
P,294,336,4382,10,0.0022820629849383844
P,294,343,6195,0,0.0
P,294,350,21208,0,0.0
P,294,357,42595,6,0.0001408616034745862
P,294,364,4670,4,0.0008565310492505353
P,294,371,9653,1,0.00010359473738734072
P,294,378,7273,0,0.0
P,294,385,48467,0,0.0
P,294,392,4490,0,0.0
P,294,399,18,0,0.0
P,294,406,396,0,0.0
P,294,413,7102,0,0.0
P,294,420,4483,0,0.0
P,294,441,2515,0,0.0
P,294,448,8456,0,0.0
P,294,455,84,0,0.0
P,294,462,3934,0,0.0
P,294,469,3251,0,0.0
P,294,476,24592,11,0.0004472999349381913
P,294,483,2753,0,0.0
P,294,490,23,0,0.0
P,294,497,432,0,0.0
P,294,504,1875,0,0.0
P,294,511,3704,4,0.0010799136069114472
P,294,532,133,0,0.0
P,294,539,4020,0,0.0
P,294,546,230,0,0.0
P,294,553,585,0,0.0
P,294,560,1504,6,0.003989361702127659
P,294,567,5606,6,0.0010702818408847663
P,294,574,998,0,0.0
P,294,588,8,0,0.0
P,294,595,2437,0,0.0
P,294,602,718,0,0.0
P,294,623,1211,0,0.0
P,294,630,5735,0,0.0
P,294,644,4038,6,0.0014858841010401188
P,294,651,1553,0,0.0
P,294,658,18270,17,0.0009304871373836891
P,294,665,1379,0,0.0
P,294,686,1406,0,0.0
P,294,693,824,0,0.0
P,294,714,278,0,0.0
P,294,721,796,2,0.002512562814070352
P,294,735,112,0,0.0
P,294,742,196,0,0.0
P,294,749,1858,0,0.0
P,294,756,98,0,0.0
P,294,777,54,0,0.0
P,294,784,245,0,0.0
P,294,812,351,0,0.0
P,294,826,49,0,0.0
P,294,833,80,0,0.0
P,294,840,2100,0,0.0
P,294,847,409,0,0.0
P,294,868,4,0,0.0
P,294,875,445,0,0.0
P,294,903,567,0,0.0
P,294,910,20,0,0.0
P,294,917,187,0,0.0
P,294,924,254,0,0.0
P,294,931,966,0,0.0
P,294,938,385,0,0.0
P,294,959,322,0,0.0
P,294,966,29,0,0.0
P,294,987,101,0,0.0
P,294,994,1785,2,0.0011204481792717086
P,294,1008,1153,0,0.0
P,294,1015,387,0,0.0
P,294,1022,3532,0,0.0
P,294,1029,546,0,0.0
P,294,1050,68,0,0.0
P,294,1057,229,0,0.0
P,294,1085,58,0,0.0
P,294,1099,3,0,0.0
P,294,1106,9,0,0.0
P,294,1113,148,0,0.0
P,294,1120,21,0,0.0
P,294,1148,36,0,0.0
P,294,1176,108,0,0.0
P,294,1197,4,0,0.0
P,294,1204,142,0,0.0
P,294,1211,62,0,0.0
P,294,1239,48,0,0.0
P,294,1267,78,0,0.0
P,294,1281,25,0,0.0
P,294,1288,15,0,0.0
P,294,1295,79,0,0.0
P,294,1302,7,0,0.0
P,294,1323,46,0,0.0
P,294,1330,10,0,0.0
P,294,1358,61,0,0.0
P,294,1372,51,0,0.0
P,294,1379,48,0,0.0
P,294,1386,106,0,0.0
P,294,1393,26,0,0.0
P,294,1414,32,0,0.0
P,294,1421,33,0,0.0
P,294,1449,11,0,0.0
P,294,1463,1,0,0.0
P,294,1470,2,0,0.0
P,294,1477,30,0,0.0
P,294,1484,7,0,0.0
P,294,1512,16,0,0.0
P,294,1540,59,0,0.0
P,294,1561,9,0,0.0
P,294,1568,61,0,0.0
P,294,1575,73,0,0.0
P,294,1582,12,0,0.0
P,294,1603,7,0,0.0
P,294,1610,2,0,0.0
P,294,1631,13,0,0.0
P,294,1638,16,0,0.0
P,294,1652,12,0,0.0
P,294,1659,14,0,0.0
P,294,1666,65,0,0.0
P,294,1687,24,0,0.0
P,294,1694,34,0,0.0
P,294,1722,78,0,0.0
P,294,1729,28,0,0.0
P,294,1736,7,0,0.0
P,294,1743,59,0,0.0
P,294,1750,56,0,0.0
P,294,1757,161,0,0.0
P,294,1785,56,0,0.0
P,294,1813,7,0,0.0
P,294,1820,18,0,0.0
P,294,1834,3,0,0.0
P,294,1841,49,0,0.0
P,294,1848,44,0,0.0
P,294,1876,28,0,0.0
P,294,1883,2,0,0.0
P,294,1904,11,0,0.0
P,294,1911,10,0,0.0
P,294,1925,5,0,0.0
P,294,1932,21,0,0.0
P,294,1939,91,0,0.0
P,294,1946,26,0,0.0
P,294,1974,40,0,0.0
P,294,1995,10,0,0.0
P,294,2002,78,0,0.0
P,294,2009,5,0,0.0
P,294,2016,4,0,0.0
P,294,2023,8,0,0.0
P,294,2030,32,0,0.0
P,294,2058,19,0,0.0
P,294,2093,34,0,0.0
P,294,2107,41,0,0.0
P,294,2114,23,0,0.0
P,294,2121,79,0,0.0
P,294,2149,4,0,0.0
P,294,2156,11,0,0.0
P,294,2184,2,0,0.0
P,301,301,525,7,0.013333333333333334
P,301,308,6667,0,0.0
P,301,315,10500,54,0.005142857142857143
P,301,322,5591,0,0.0
P,301,329,35525,0,0.0
P,301,336,23728,0,0.0
P,301,343,3469,0,0.0
P,301,350,3912,1,0.0002556237218813906
P,301,357,17023,0,0.0
P,301,364,41617,108,0.0025950933512747195
P,301,371,2214,9,0.0040650406504065045
P,301,378,5081,6,0.001180869907498524
P,301,385,6372,1,0.00015693659761456373
P,301,392,37675,0,0.0
P,301,399,2397,0,0.0
P,301,406,169,0,0.0
P,301,413,319,0,0.0
P,301,420,8187,0,0.0
P,301,427,3819,0,0.0
P,301,448,1600,0,0.0
P,301,455,8249,8,0.0009698145229724816
P,301,469,2475,4,0.0016161616161616162
P,301,476,4247,0,0.0
P,301,483,16354,10,0.0006114711997064938
P,301,490,1871,7,0.0037413148049171567
P,301,504,97,0,0.0
P,301,511,1295,0,0.0
P,301,518,2724,0,0.0
P,301,539,282,0,0.0
P,301,546,2598,0,0.0
P,301,553,309,0,0.0
P,301,560,544,0,0.0
P,301,567,828,0,0.0
P,301,574,7027,2,0.00028461647929415115
P,301,581,1124,0,0.0
P,301,602,2878,0,0.0
P,301,609,505,0,0.0
P,301,630,2670,0,0.0
P,301,637,4765,11,0.002308499475341028
P,301,651,1929,4,0.002073613271124935
P,301,658,1773,0,0.0
P,301,665,8134,0,0.0
P,301,672,1342,0,0.0
P,301,693,1481,3,0.002025658338960162
P,301,700,587,0,0.0
P,301,721,259,0,0.0
P,301,728,1289,0,0.0
P,301,742,76,0,0.0
P,301,749,251,0,0.0
P,301,756,1670,2,0.0011976047904191617
P,301,763,175,0,0.0
P,301,784,287,0,0.0
P,301,791,164,0,0.0
P,301,819,244,0,0.0
P,301,833,35,0,0.0
P,301,840,226,1,0.004424778761061947
P,301,847,2071,0,0.0
P,301,854,830,0,0.0
P,301,875,23,0,0.0
P,301,882,330,0,0.0
P,301,910,185,0,0.0
P,301,917,15,0,0.0
P,301,924,107,0,0.0
P,301,931,138,0,0.0
P,301,938,1143,0,0.0
P,301,945,490,0,0.0
P,301,966,652,0,0.0
P,301,973,57,0,0.0
P,301,994,43,0,0.0
P,301,1001,1774,15,0.008455467869222097
P,301,1015,423,0,0.0
P,301,1022,167,0,0.0
P,301,1029,1183,1,0.0008453085376162299
P,301,1036,454,0,0.0
P,301,1057,151,0,0.0
P,301,1064,82,2,0.024390243902439025
P,301,1092,164,0,0.0
P,301,1106,7,0,0.0
P,301,1113,16,0,0.0
P,301,1120,59,0,0.0
P,301,1127,22,0,0.0
P,301,1155,27,0,0.0
P,301,1183,16,0,0.0
P,301,1204,30,0,0.0
P,301,1211,162,0,0.0
P,301,1218,75,0,0.0
P,301,1246,35,0,0.0
P,301,1274,62,0,0.0
P,301,1281,1,0,0.0
P,301,1288,5,0,0.0
P,301,1295,6,0,0.0
P,301,1302,36,0,0.0
P,301,1309,10,0,0.0
P,301,1330,117,0,0.0
P,301,1337,7,0,0.0
P,301,1365,74,0,0.0
P,301,1379,16,0,0.0
P,301,1386,29,0,0.0
P,301,1393,72,0,0.0
P,301,1400,35,0,0.0
P,301,1421,19,0,0.0
P,301,1428,31,0,0.0
P,301,1456,38,0,0.0
P,301,1470,2,0,0.0
P,301,1477,3,0,0.0
P,301,1484,12,0,0.0
P,301,1491,20,0,0.0
P,301,1519,2,0,0.0
P,301,1547,12,0,0.0
P,301,1568,12,0,0.0
P,301,1575,153,0,0.0
P,301,1582,55,0,0.0
P,301,1589,18,0,0.0
P,301,1610,17,0,0.0
P,301,1617,6,0,0.0
P,301,1638,15,0,0.0
P,301,1645,15,0,0.0
P,301,1659,10,0,0.0
P,301,1666,3,0,0.0
P,301,1673,59,0,0.0
P,301,1694,24,0,0.0
P,301,1701,53,0,0.0
P,301,1729,58,0,0.0
P,301,1736,12,0,0.0
P,301,1743,6,0,0.0
P,301,1750,37,0,0.0
P,301,1757,29,0,0.0
P,301,1764,139,0,0.0
P,301,1792,35,0,0.0
P,301,1820,11,0,0.0
P,301,1827,23,0,0.0
P,301,1841,29,0,0.0
P,301,1848,52,0,0.0
P,301,1855,89,0,0.0
P,301,1883,7,0,0.0
P,301,1890,13,0,0.0
P,301,1911,5,0,0.0
P,301,1918,16,0,0.0
P,301,1932,3,0,0.0
P,301,1939,28,0,0.0
P,301,1946,126,0,0.0
P,301,1953,9,0,0.0
P,301,1974,11,0,0.0
P,301,1981,82,0,0.0
P,301,2002,5,0,0.0
P,301,2009,51,0,0.0
P,301,2016,1,0,0.0
P,301,2030,5,0,0.0
P,301,2037,29,0,0.0
P,301,2065,58,0,0.0
P,301,2100,41,0,0.0
P,301,2114,10,0,0.0
P,301,2121,25,0,0.0
P,301,2128,35,0,0.0
P,301,2156,14,0,0.0
P,301,2163,7,0,0.0
P,301,2191,4,0,0.0
P,308,308,650,0,0.0
P,308,315,7907,0,0.0
P,308,322,14667,6,0.00040908161178155044
P,308,329,4207,14,0.0033277870216306157
P,308,336,36263,0,0.0
P,308,343,23965,1,0.000041727519298977675
P,308,350,3979,10,0.0025131942699170647
P,308,357,4414,0,0.0
P,308,364,17392,6,0.00034498620055197794
P,308,371,33034,31,0.0009384270751347097
P,308,378,1392,6,0.004310344827586207
P,308,385,5810,33,0.005679862306368331
P,308,392,3533,1,0.0002830455703368242
P,308,399,42242,0,0.0
P,308,406,1301,0,0.0
P,308,413,172,0,0.0
P,308,420,24,0,0.0
P,308,427,6083,0,0.0
P,308,434,3134,0,0.0
P,308,455,1412,3,0.002124645892351275
P,308,462,8378,0,0.0
P,308,476,3444,5,0.0014518002322880372
P,308,483,2070,0,0.0
P,308,490,18422,11,0.0005971121485180762
P,308,497,3502,0,0.0
P,308,504,4,0,0.0
P,308,511,205,0,0.0
P,308,518,1083,0,0.0
P,308,525,3062,2,0.0006531678641410843
P,308,546,279,0,0.0
P,308,553,2114,0,0.0
P,308,560,208,1,0.004807692307692308
P,308,567,278,0,0.0
P,308,574,692,0,0.0
P,308,581,10068,6,0.0005959475566150178
P,308,588,754,0,0.0
P,308,609,1657,0,0.0
P,308,616,227,0,0.0
P,308,637,1618,0,0.0
P,308,644,5353,5,0.0009340556697179152
P,308,658,3916,8,0.0020429009193054137
P,308,665,790,0,0.0
P,308,672,8395,0,0.0
P,308,679,1153,0,0.0
P,308,700,804,0,0.0
P,308,707,314,0,0.0
P,308,728,21,0,0.0
P,308,735,489,0,0.0
P,308,749,109,0,0.0
P,308,756,55,0,0.0
P,308,763,1764,0,0.0
P,308,770,149,0,0.0
P,308,791,277,0,0.0
P,308,798,87,0,0.0
P,308,826,109,0,0.0
P,308,840,109,0,0.0
P,308,847,134,0,0.0
P,308,854,1983,5,0.0025214321734745334
P,308,861,631,0,0.0
P,308,882,14,0,0.0
P,308,889,350,0,0.0
P,308,917,215,0,0.0
P,308,924,38,0,0.0
P,308,931,196,0,0.0
P,308,938,96,0,0.0
P,308,945,1643,1,0.0006086427267194157
P,308,952,373,0,0.0
P,308,973,484,0,0.0
P,308,980,12,0,0.0
P,308,1001,40,0,0.0
P,308,1008,2465,0,0.0
P,308,1022,968,0,0.0
P,308,1029,275,0,0.0
P,308,1036,1212,1,0.0008250825082508251
P,308,1043,310,0,0.0
P,308,1064,156,0,0.0
P,308,1071,36,0,0.0
P,308,1099,135,0,0.0
P,308,1113,6,0,0.0
P,308,1120,3,0,0.0
P,308,1127,57,0,0.0
P,308,1134,32,0,0.0
P,308,1162,22,0,0.0
P,308,1190,6,0,0.0
P,308,1204,4,0,0.0
P,308,1211,22,0,0.0
P,308,1218,197,0,0.0
P,308,1225,107,0,0.0
P,308,1253,57,0,0.0
P,308,1281,32,0,0.0
P,308,1295,1,0,0.0
P,308,1302,3,0,0.0
P,308,1309,69,0,0.0
P,308,1316,23,0,0.0
P,308,1337,132,0,0.0
P,308,1344,9,0,0.0
P,308,1372,136,0,0.0
P,308,1386,7,0,0.0
P,308,1393,28,0,0.0
P,308,1400,81,0,0.0
P,308,1407,22,0,0.0
P,308,1428,11,0,0.0
P,308,1435,3,0,0.0
P,308,1463,103,0,0.0
P,308,1491,63,0,0.0
P,308,1498,15,0,0.0
P,308,1526,5,0,0.0
P,308,1554,13,0,0.0
P,308,1568,2,0,0.0
P,308,1575,14,0,0.0
P,308,1582,73,0,0.0
P,308,1589,95,0,0.0
P,308,1596,16,0,0.0
P,308,1617,28,0,0.0
P,308,1624,11,0,0.0
P,308,1645,14,0,0.0
P,308,1652,7,0,0.0
P,308,1666,3,0,0.0
P,308,1673,20,0,0.0
P,308,1680,101,0,0.0
P,308,1701,18,0,0.0
P,308,1708,31,0,0.0
P,308,1736,76,0,0.0
P,308,1743,53,0,0.0
P,308,1750,4,0,0.0
P,308,1757,40,1,0.025
P,308,1764,37,0,0.0
P,308,1771,82,0,0.0
P,308,1799,36,0,0.0
P,308,1827,15,0,0.0
P,308,1834,1,0,0.0
P,308,1841,3,0,0.0
P,308,1848,9,0,0.0
P,308,1855,20,0,0.0
P,308,1862,122,0,0.0
P,308,1890,1,0,0.0
P,308,1897,7,0,0.0
P,308,1918,5,0,0.0
P,308,1925,9,0,0.0
P,308,1939,7,0,0.0
P,308,1946,24,0,0.0
P,308,1953,66,0,0.0
P,308,1960,7,0,0.0
P,308,1981,8,0,0.0
P,308,1988,41,0,0.0
P,308,2016,28,0,0.0
P,308,2037,3,0,0.0
P,308,2044,63,0,0.0
P,308,2072,35,0,0.0
P,308,2107,105,0,0.0
P,308,2121,20,0,0.0
P,308,2128,21,0,0.0
P,308,2135,16,0,0.0
P,308,2170,14,0,0.0
P,308,2198,6,0,0.0
P,315,315,1712,39,0.0227803738317757
P,315,322,10110,2,0.00019782393669634025
P,315,329,9929,179,0.018027998791419076
P,315,336,4016,0,0.0
P,315,343,39204,3,0.00007652280379553107
P,315,350,21813,0,0.0
P,315,357,2997,24,0.008008008008008008
P,315,364,3030,2,0.0006600660066006601
P,315,371,13222,0,0.0
P,315,378,22966,5,0.00021771314116520073
P,315,385,525,0,0.0
P,315,392,2655,21,0.007909604519774011
P,315,399,6166,1,0.0001621796951021732
P,315,406,35955,5,0.00013906271728549575
P,315,413,1294,0,0.0
P,315,420,35,0,0.0
P,315,427,488,0,0.0
P,315,434,6957,0,0.0
P,315,441,1478,0,0.0
P,315,462,2002,0,0.0
P,315,469,5368,0,0.0
P,315,483,985,8,0.008121827411167513
P,315,490,1935,0,0.0
P,315,497,20244,17,0.0008397549891325825
P,315,504,4645,3,0.0006458557588805167
P,315,511,2,0,0.0
P,315,518,299,0,0.0
P,315,525,586,0,0.0
P,315,532,1379,0,0.0
P,315,553,116,0,0.0
P,315,560,1056,0,0.0
P,315,567,53,0,0.0
P,315,574,1009,11,0.010901883052527254
P,315,581,1270,0,0.0
P,315,588,6526,0,0.0
P,315,595,894,0,0.0
P,315,616,2488,0,0.0
P,315,623,175,0,0.0
P,315,644,1938,0,0.0
P,315,651,6072,3,0.0004940711462450593
P,315,665,445,0,0.0
P,315,672,637,0,0.0
P,315,679,9627,2,0.00020774903916069389
P,315,686,1143,0,0.0
P,315,707,1315,0,0.0
P,315,714,328,0,0.0
P,315,735,51,0,0.0
P,315,742,299,0,0.0
P,315,756,76,0,0.0
P,315,763,72,1,0.013888888888888888
P,315,770,2116,0,0.0
P,315,777,99,0,0.0
P,315,798,64,0,0.0
P,315,805,58,0,0.0
P,315,833,121,0,0.0
P,315,847,65,0,0.0
P,315,854,345,1,0.002898550724637681
P,315,861,2732,12,0.004392386530014641
P,315,868,472,0,0.0
P,315,889,8,0,0.0
P,315,896,177,0,0.0
P,315,924,108,0,0.0
P,315,931,19,0,0.0
P,315,938,94,2,0.02127659574468085
P,315,945,209,0,0.0
P,315,952,789,0,0.0
P,315,959,270,0,0.0
P,315,980,680,0,0.0
P,315,987,13,0,0.0
P,315,1008,59,0,0.0
P,315,1015,1858,0,0.0
P,315,1029,46,0,0.0
P,315,1036,127,0,0.0
P,315,1043,1776,9,0.005067567567567568
P,315,1050,316,0,0.0
P,315,1071,93,0,0.0
P,315,1078,51,0,0.0
P,315,1106,30,0,0.0
P,315,1127,11,0,0.0
P,315,1134,172,0,0.0
P,315,1141,26,0,0.0
P,315,1169,13,0,0.0
P,315,1197,9,0,0.0
P,315,1211,10,0,0.0
P,315,1218,24,0,0.0
P,315,1225,283,0,0.0
P,315,1232,31,0,0.0
P,315,1260,40,0,0.0
P,315,1288,50,0,0.0
P,315,1295,2,0,0.0
P,315,1302,6,0,0.0
P,315,1309,21,0,0.0
P,315,1316,86,0,0.0
P,315,1323,9,0,0.0
P,315,1344,104,0,0.0
P,315,1379,90,0,0.0
P,315,1393,4,0,0.0
P,315,1400,18,0,0.0
P,315,1407,31,0,0.0
P,315,1414,25,0,0.0
P,315,1435,6,0,0.0
P,315,1442,15,0,0.0
P,315,1470,23,0,0.0
P,315,1491,5,0,0.0
P,315,1498,115,0,0.0
P,315,1505,19,0,0.0
P,315,1533,12,0,0.0
P,315,1561,21,0,0.0
P,315,1575,2,0,0.0
P,315,1582,8,0,0.0
P,315,1589,69,0,0.0
P,315,1596,57,0,0.0
P,315,1603,6,0,0.0
P,315,1624,7,0,0.0
P,315,1631,6,0,0.0
P,315,1652,18,0,0.0
P,315,1659,27,0,0.0
P,315,1673,11,0,0.0
P,315,1680,32,0,0.0
P,315,1687,82,0,0.0
P,315,1708,4,0,0.0
P,315,1715,127,0,0.0
P,315,1743,61,0,0.0
P,315,1750,36,0,0.0
P,315,1764,15,0,0.0
P,315,1771,44,0,0.0
P,315,1778,134,0,0.0
P,315,1806,43,0,0.0
P,315,1834,19,0,0.0
P,315,1841,17,0,0.0
P,315,1855,6,0,0.0
P,315,1862,3,0,0.0
P,315,1869,459,0,0.0
P,315,1897,2,0,0.0
P,315,1904,4,0,0.0
P,315,1932,18,0,0.0
P,315,1946,2,0,0.0
P,315,1953,20,0,0.0
P,315,1960,194,0,0.0
P,315,1967,7,0,0.0
P,315,1995,21,0,0.0
P,315,2023,2,0,0.0
P,315,2037,1,0,0.0
P,315,2044,10,0,0.0
P,315,2051,28,0,0.0
P,315,2079,42,0,0.0
P,315,2114,61,0,0.0
P,315,2128,2,0,0.0
P,315,2135,2,0,0.0
P,315,2142,16,0,0.0
P,315,2177,1,0,0.0
P,322,322,563,0,0.0
P,322,329,6262,0,0.0
P,322,336,14569,97,0.0066579724071659
P,322,343,6139,0,0.0
P,322,350,36188,0,0.0
P,322,357,25967,0,0.0
P,322,364,1759,0,0.0
P,322,371,1878,0,0.0
P,322,378,8784,0,0.0
P,322,385,16552,1,0.00006041565973900435
P,322,392,192,1,0.005208333333333333
P,322,399,4489,0,0.0
P,322,406,5682,0,0.0
P,322,413,27500,6,0.00021818181818181818
P,322,420,1140,0,0.0
P,322,427,44,0,0.0
P,322,434,1333,0,0.0
P,322,441,3241,1,0.000308546744831842
P,322,448,2650,0,0.0
P,322,469,2074,7,0.0033751205400192863
P,322,476,5560,1,0.00017985611510791367
P,322,490,1600,0,0.0
P,322,497,2192,0,0.0
P,322,504,19844,15,0.0007558959887119533
P,322,511,2803,7,0.0024973242953977882
P,322,518,37,0,0.0
P,322,525,18,0,0.0
P,322,532,490,0,0.0
P,322,539,2511,0,0.0
P,322,560,56,0,0.0
P,322,567,690,0,0.0
P,322,574,27,0,0.0
P,322,581,1280,0,0.0
P,322,588,820,0,0.0
P,322,595,7869,2,0.0002541619011310205
P,322,602,846,0,0.0
P,322,623,1547,0,0.0
P,322,630,306,0,0.0
P,322,651,989,0,0.0
P,322,658,5327,21,0.003942181340341655
P,322,672,810,0,0.0
P,322,679,921,0,0.0
P,322,686,9196,10,0.001087429317094389
P,322,693,1348,1,0.000741839762611276
P,322,714,509,0,0.0
P,322,721,245,0,0.0
P,322,742,131,0,0.0
P,322,749,384,0,0.0
P,322,763,117,0,0.0
P,322,770,442,0,0.0
P,322,777,1516,0,0.0
P,322,784,157,0,0.0
P,322,805,114,0,0.0
P,322,812,128,0,0.0
P,322,840,237,0,0.0
P,322,854,63,0,0.0
P,322,861,155,0,0.0
P,322,868,1528,0,0.0
P,322,875,496,0,0.0
P,322,896,14,0,0.0
P,322,903,249,0,0.0
P,322,931,55,0,0.0
P,322,938,10,0,0.0
P,322,945,241,0,0.0
P,322,952,79,0,0.0
P,322,959,1290,0,0.0
P,322,966,217,0,0.0
P,322,987,341,0,0.0
P,322,994,8,0,0.0
P,322,1015,46,0,0.0
P,322,1022,1367,0,0.0
P,322,1036,103,0,0.0
P,322,1043,184,0,0.0
P,322,1050,899,1,0.0011123470522803114
P,322,1057,569,0,0.0
P,322,1078,31,0,0.0
P,322,1085,9,0,0.0
P,322,1113,46,0,0.0
P,322,1127,2,0,0.0
P,322,1134,104,0,0.0
P,322,1141,116,0,0.0
P,322,1148,41,0,0.0
P,322,1176,50,0,0.0
P,322,1204,34,0,0.0
P,322,1218,16,0,0.0
P,322,1225,37,0,0.0
P,322,1232,69,0,0.0
P,322,1239,12,0,0.0
P,322,1267,59,0,0.0
P,322,1295,13,0,0.0
P,322,1309,4,0,0.0
P,322,1316,39,0,0.0
P,322,1323,85,0,0.0
P,322,1330,21,0,0.0
P,322,1351,44,0,0.0
P,322,1358,1,0,0.0
P,322,1386,45,0,0.0
P,322,1400,4,0,0.0
P,322,1407,12,0,0.0
P,322,1414,138,0,0.0
P,322,1421,45,0,0.0
P,322,1442,2,0,0.0
P,322,1449,21,0,0.0
P,322,1477,23,0,0.0
P,322,1491,2,0,0.0
P,322,1498,53,0,0.0
P,322,1505,16,0,0.0
P,322,1512,29,0,0.0
P,322,1540,17,0,0.0
P,322,1568,8,0,0.0
P,322,1575,5,0,0.0
P,322,1589,13,0,0.0
P,322,1596,60,0,0.0
P,322,1603,61,0,0.0
P,322,1631,8,0,0.0
P,322,1638,13,0,0.0
P,322,1659,16,0,0.0
P,322,1673,1,0,0.0
P,322,1680,66,0,0.0
P,322,1687,25,0,0.0
P,322,1694,78,0,0.0
P,322,1715,6,0,0.0
P,322,1722,79,0,0.0
P,322,1750,35,0,0.0
P,322,1757,53,0,0.0
P,322,1764,1,0,0.0
P,322,1771,16,0,0.0
P,322,1778,47,0,0.0
P,322,1785,150,0,0.0
P,322,1813,11,0,0.0
P,322,1841,22,0,0.0
P,322,1848,18,0,0.0
P,322,1862,19,0,0.0
P,322,1869,264,0,0.0
P,322,1876,16,0,0.0
P,322,1904,1,0,0.0
P,322,1911,2,0,0.0
P,322,1932,3,0,0.0
P,322,1939,14,0,0.0
P,322,1960,19,0,0.0
P,322,1967,101,0,0.0
P,322,1974,30,0,0.0
P,322,1995,3,0,0.0
P,322,2002,28,0,0.0
P,322,2030,3,0,0.0
P,322,2044,9,0,0.0
P,322,2051,9,0,0.0
P,322,2058,26,0,0.0
P,322,2086,89,0,0.0
P,322,2121,28,0,0.0
P,322,2135,1,0,0.0
P,322,2142,6,0,0.0
P,322,2149,42,0,0.0
P,322,2184,1,0,0.0
P,329,329,663,0,0.0
P,329,336,6044,0,0.0
P,329,343,12082,31,0.002565800364178116
P,329,350,4749,5,0.0010528532322594231
P,329,357,33922,0,0.0
P,329,364,20728,0,0.0
P,329,371,638,3,0.004702194357366771
P,329,378,887,0,0.0
P,329,385,5759,0,0.0
P,329,392,10343,2,0.00019336749492410325
P,329,399,86,0,0.0
P,329,406,2338,0,0.0
P,329,413,2397,0,0.0
P,329,420,25682,3,0.0001168133322949926
P,329,427,1403,0,0.0
P,329,434,14,0,0.0
P,329,441,321,0,0.0
P,329,448,3845,0,0.0
P,329,455,2207,0,0.0
P,329,476,1892,0,0.0
P,329,483,3123,0,0.0
P,329,497,1619,2,0.0012353304508956147
P,329,504,2560,0,0.0
P,329,511,14216,12,0.0008441193021947102
P,329,518,1782,10,0.005611672278338945
P,329,525,12,0,0.0
P,329,532,50,0,0.0
P,329,539,499,0,0.0
P,329,546,1200,0,0.0
P,329,567,83,0,0.0
P,329,574,471,0,0.0
P,329,581,13,0,0.0
P,329,588,352,0,0.0
P,329,595,851,0,0.0
P,329,602,7639,0,0.0
P,329,609,759,0,0.0
P,329,630,1028,0,0.0
P,329,637,216,0,0.0
P,329,658,2605,0,0.0
P,329,665,2013,13,0.006458022851465474
P,329,679,898,3,0.0033407572383073497
P,329,686,652,0,0.0
P,329,693,10936,8,0.000731528895391368
P,329,700,801,0,0.0
P,329,721,680,0,0.0
P,329,728,264,0,0.0
P,329,749,21,0,0.0
P,329,756,150,0,0.0
P,329,770,54,0,0.0
P,329,777,89,0,0.0
P,329,784,1824,0,0.0
P,329,791,84,0,0.0
P,329,812,89,0,0.0
P,329,819,166,0,0.0
P,329,847,151,0,0.0
P,329,861,119,0,0.0
P,329,868,173,0,0.0
P,329,875,1404,0,0.0
P,329,882,236,0,0.0
P,329,903,13,0,0.0
P,329,910,95,0,0.0
P,329,938,117,0,0.0
P,329,945,10,0,0.0
P,329,952,61,0,0.0
P,329,959,69,0,0.0
P,329,966,1310,0,0.0
P,329,973,128,0,0.0
P,329,994,222,0,0.0
P,329,1001,12,0,0.0
P,329,1022,22,0,0.0
P,329,1029,504,0,0.0
P,329,1043,114,2,0.017543859649122806
P,329,1050,91,0,0.0
P,329,1057,1216,0,0.0
P,329,1064,319,5,0.01567398119122257
P,329,1085,29,0,0.0
P,329,1092,51,0,0.0
P,329,1120,8,0,0.0
P,329,1141,17,0,0.0
P,329,1148,119,0,0.0
P,329,1155,7,0,0.0
P,329,1183,15,0,0.0
P,329,1211,34,0,0.0
P,329,1225,8,0,0.0
P,329,1232,19,0,0.0
P,329,1239,106,0,0.0
P,329,1246,16,0,0.0
P,329,1274,20,0,0.0
P,329,1302,7,0,0.0
P,329,1316,4,0,0.0
P,329,1323,8,0,0.0
P,329,1330,188,0,0.0
P,329,1337,5,0,0.0
P,329,1358,10,0,0.0
P,329,1365,6,0,0.0
P,329,1393,42,0,0.0
P,329,1407,1,0,0.0
P,329,1414,25,0,0.0
P,329,1421,53,0,0.0
P,329,1428,92,0,0.0
P,329,1449,6,0,0.0
P,329,1456,16,0,0.0
P,329,1484,4,0,0.0
P,329,1498,3,0,0.0
P,329,1512,47,0,0.0
P,329,1547,17,0,0.0
P,329,1575,36,0,0.0
P,329,1582,7,0,0.0
P,329,1589,8,0,0.0
P,329,1596,5,0,0.0
P,329,1603,51,0,0.0
P,329,1610,9,0,0.0
P,329,1617,11,0,0.0
P,329,1638,5,0,0.0
P,329,1645,6,0,0.0
P,329,1666,13,0,0.0
P,329,1673,7,0,0.0
P,329,1687,8,0,0.0
P,329,1694,16,0,0.0
P,329,1701,103,0,0.0
P,329,1729,10,0,0.0
P,329,1757,27,0,0.0
P,329,1764,40,0,0.0
P,329,1778,26,0,0.0
P,329,1785,12,0,0.0
P,329,1792,127,3,0.023622047244094488
P,329,1820,53,0,0.0
P,329,1848,11,0,0.0
P,329,1855,1,0,0.0
P,329,1862,1,0,0.0
P,329,1876,68,0,0.0
P,329,1883,73,0,0.0
P,329,1911,3,0,0.0
P,329,1918,2,0,0.0
P,329,1939,2,0,0.0
P,329,1946,23,0,0.0
P,329,1960,12,0,0.0
P,329,1967,24,0,0.0
P,329,1974,81,0,0.0
P,329,1981,4,0,0.0
P,329,2002,1,0,0.0
P,329,2009,31,0,0.0
P,329,2037,11,0,0.0
P,329,2058,4,0,0.0
P,329,2065,76,0,0.0
P,329,2093,19,0,0.0
P,329,2128,18,0,0.0
P,329,2149,8,0,0.0
P,329,2156,56,0,0.0
P,329,2191,8,0,0.0
P,336,336,528,0,0.0
P,336,343,6181,3,0.0004853583562530335
P,336,350,11940,1,0.00008375209380234506
P,336,357,4843,70,0.014453850918851952
P,336,364,38531,0,0.0
P,336,371,17571,20,0.0011382391440441636
P,336,378,27,0,0.0
P,336,385,584,0,0.0
P,336,392,4172,12,0.0028763183125599234
P,336,399,9680,1,0.00010330578512396694
P,336,406,112,0,0.0
P,336,413,3171,68,0.021444339325134027
P,336,420,1539,0,0.0
P,336,427,24444,0,0.0
P,336,434,811,0,0.0
P,336,441,7,0,0.0
P,336,448,83,0,0.0
P,336,455,2487,0,0.0
P,336,462,2019,0,0.0
P,336,483,1086,0,0.0
P,336,490,4019,0,0.0
P,336,504,2728,42,0.015395894428152493
P,336,511,1808,0,0.0
P,336,518,12929,3,0.00023203650707711348
P,336,525,1388,0,0.0
P,336,539,49,0,0.0
P,336,546,886,0,0.0
P,336,553,1481,0,0.0
P,336,574,203,0,0.0
P,336,581,1759,0,0.0
P,336,588,72,0,0.0
P,336,595,571,0,0.0
P,336,602,381,0,0.0
P,336,609,5327,0,0.0
P,336,616,539,0,0.0
P,336,637,744,0,0.0
P,336,644,287,0,0.0
P,336,665,1053,0,0.0
P,336,672,2231,1,0.00044822949350067237
P,336,686,1298,27,0.020801232665639446
P,336,693,655,0,0.0
P,336,700,9641,2,0.00020744736023234104
P,336,707,767,0,0.0
P,336,728,598,0,0.0
P,336,735,268,0,0.0
P,336,756,37,0,0.0
P,336,763,393,0,0.0
P,336,777,10,0,0.0
P,336,784,71,0,0.0
P,336,791,1747,0,0.0
P,336,798,74,0,0.0
P,336,819,17,0,0.0
P,336,826,49,0,0.0
P,336,854,549,0,0.0
P,336,868,45,0,0.0
P,336,875,180,0,0.0
P,336,882,1878,0,0.0
P,336,889,362,0,0.0
P,336,910,8,0,0.0
P,336,917,221,0,0.0
P,336,945,251,0,0.0
P,336,952,4,0,0.0
P,336,959,43,0,0.0
P,336,966,90,0,0.0
P,336,973,1315,0,0.0
P,336,980,172,0,0.0
P,336,1001,72,0,0.0
P,336,1008,16,0,0.0
P,336,1029,14,0,0.0
P,336,1036,565,0,0.0
P,336,1050,94,0,0.0
P,336,1057,174,0,0.0
P,336,1064,1385,1,0.0007220216606498195
P,336,1071,221,0,0.0
P,336,1092,48,0,0.0
P,336,1099,114,0,0.0
P,336,1127,37,0,0.0
P,336,1148,5,0,0.0
P,336,1155,106,0,0.0
P,336,1162,9,0,0.0
P,336,1190,13,0,0.0
P,336,1218,91,0,0.0
P,336,1232,1,0,0.0
P,336,1239,13,0,0.0
P,336,1246,125,0,0.0
P,336,1253,16,0,0.0
P,336,1281,20,0,0.0
P,336,1309,22,0,0.0
P,336,1323,6,0,0.0
P,336,1330,12,0,0.0
P,336,1337,311,0,0.0
P,336,1344,6,0,0.0
P,336,1365,12,0,0.0
P,336,1372,3,0,0.0
P,336,1400,36,0,0.0
P,336,1414,50,0,0.0
P,336,1421,22,2,0.09090909090909091
P,336,1428,65,0,0.0
P,336,1435,8,0,0.0
P,336,1456,9,0,0.0
P,336,1463,60,0,0.0
P,336,1491,16,0,0.0
P,336,1512,2,0,0.0
P,336,1519,68,0,0.0
P,336,1526,4,0,0.0
P,336,1554,5,0,0.0
P,336,1582,27,0,0.0
P,336,1589,27,0,0.0
P,336,1603,12,0,0.0
P,336,1610,60,0,0.0
P,336,1617,41,0,0.0
P,336,1624,9,0,0.0
P,336,1645,11,0,0.0
P,336,1652,2,0,0.0
P,336,1673,6,0,0.0
P,336,1680,20,0,0.0
P,336,1687,12,0,0.0
P,336,1694,13,0,0.0
P,336,1701,17,0,0.0
P,336,1708,63,0,0.0
P,336,1729,7,0,0.0
P,336,1736,17,0,0.0
P,336,1764,42,0,0.0
P,336,1771,18,0,0.0
P,336,1778,5,0,0.0
P,336,1785,42,0,0.0
P,336,1792,24,0,0.0
P,336,1799,127,0,0.0
P,336,1827,46,0,0.0
P,336,1855,12,0,0.0
P,336,1862,80,0,0.0
P,336,1869,2,0,0.0
P,336,1876,3,0,0.0
P,336,1883,18,0,0.0
P,336,1890,92,0,0.0
P,336,1918,6,0,0.0
P,336,1925,7,0,0.0
P,336,1946,4,0,0.0
P,336,1953,18,0,0.0
P,336,1967,11,0,0.0
P,336,1974,36,0,0.0
P,336,1981,93,0,0.0
P,336,1988,12,0,0.0
P,336,2016,5,0,0.0
P,336,2044,10,0,0.0
P,336,2058,4,0,0.0
P,336,2065,2,0,0.0
P,336,2072,86,0,0.0
P,336,2100,8,0,0.0
P,336,2135,6,0,0.0
P,336,2149,5,0,0.0
P,336,2163,11,0,0.0
P,336,2198,4,0,0.0
P,343,343,421,0,0.0
P,343,350,7338,70,0.009539384028345598
P,343,357,12226,141,0.011532798953050875
P,343,364,4366,15,0.003435639028859368
P,343,371,28534,0,0.0
P,343,378,13120,0,0.0
P,343,385,16,0,0.0
P,343,392,681,4,0.005873715124816446
P,343,399,4038,0,0.0
P,343,406,10078,1,0.00009922603691208574
P,343,413,100,0,0.0
P,343,420,2521,0,0.0
P,343,427,2822,0,0.0
P,343,434,24438,0,0.0
P,343,441,691,0,0.0
P,343,448,6,0,0.0
P,343,455,623,0,0.0
P,343,462,2853,0,0.0
P,343,469,1104,0,0.0
P,343,490,522,0,0.0
P,343,497,5007,0,0.0
P,343,511,2547,3,0.001177856301531213
P,343,518,2254,0,0.0
P,343,525,13306,4,0.0003006162633398467
P,343,532,1187,0,0.0
P,343,546,39,0,0.0
P,343,553,398,0,0.0
P,343,560,783,0,0.0
P,343,581,345,0,0.0
P,343,588,903,0,0.0
P,343,595,52,0,0.0
P,343,602,262,0,0.0
P,343,609,378,0,0.0
P,343,616,11225,0,0.0
P,343,623,649,0,0.0
P,343,644,1365,0,0.0
P,343,651,273,0,0.0
P,343,672,737,0,0.0
P,343,679,2437,0,0.0
P,343,693,2011,5,0.002486325211337643
P,343,700,548,0,0.0
P,343,707,10198,9,0.0008825259854873505
P,343,714,621,0,0.0
P,343,735,120,0,0.0
P,343,742,126,0,0.0
P,343,763,197,0,0.0
P,343,770,567,0,0.0
P,343,784,105,0,0.0
P,343,791,54,0,0.0
P,343,798,1459,3,0.00205620287868403
P,343,805,83,0,0.0
P,343,826,55,0,0.0
P,343,833,54,0,0.0
P,343,861,385,0,0.0
P,343,875,92,2,0.021739130434782608
P,343,882,180,0,0.0
P,343,889,2293,0,0.0
P,343,896,173,0,0.0
P,343,917,26,0,0.0
P,343,924,63,0,0.0
P,343,952,67,0,0.0
P,343,959,16,0,0.0
P,343,966,33,0,0.0
P,343,973,67,0,0.0
P,343,980,2142,0,0.0
P,343,987,142,0,0.0
P,343,1008,383,0,0.0
P,343,1015,27,0,0.0
P,343,1036,51,0,0.0
P,343,1043,552,0,0.0
P,343,1057,159,0,0.0
P,343,1064,207,3,0.014492753623188406
P,343,1071,1118,0,0.0
P,343,1078,310,0,0.0
P,343,1099,6,0,0.0
P,343,1106,33,0,0.0
P,343,1134,82,0,0.0
P,343,1155,3,0,0.0
P,343,1162,65,0,0.0
P,343,1169,6,0,0.0
P,343,1197,15,0,0.0
P,343,1225,78,0,0.0
P,343,1239,15,0,0.0
P,343,1246,14,0,0.0
P,343,1253,102,0,0.0
P,343,1260,2,0,0.0
P,343,1288,15,0,0.0
P,343,1316,21,0,0.0
P,343,1330,1,0,0.0
P,343,1337,19,0,0.0
P,343,1344,262,0,0.0
P,343,1351,7,0,0.0
P,343,1372,74,0,0.0
P,343,1379,7,0,0.0
P,343,1407,42,0,0.0
P,343,1421,10,0,0.0
P,343,1428,42,0,0.0
P,343,1435,33,0,0.0
P,343,1442,37,0,0.0
P,343,1463,2,0,0.0
P,343,1470,11,0,0.0
P,343,1498,77,0,0.0
P,343,1519,3,0,0.0
P,343,1526,17,0,0.0
P,343,1533,13,0,0.0
P,343,1561,14,0,0.0
P,343,1589,17,0,0.0
P,343,1596,15,0,0.0
P,343,1610,5,0,0.0
P,343,1617,52,0,0.0
P,343,1624,80,0,0.0
P,343,1652,4,0,0.0
P,343,1659,4,0,0.0
P,343,1680,12,0,0.0
P,343,1687,15,0,0.0
P,343,1701,4,0,0.0
P,343,1708,14,0,0.0
P,343,1715,421,0,0.0
P,343,1743,8,0,0.0
P,343,1771,33,0,0.0
P,343,1778,32,0,0.0
P,343,1792,23,0,0.0
P,343,1799,56,0,0.0
P,343,1806,94,0,0.0
P,343,1834,22,0,0.0
P,343,1862,4,0,0.0
P,343,1869,264,0,0.0
P,343,1890,11,0,0.0
P,343,1897,80,0,0.0
P,343,1925,1,0,0.0
P,343,1932,17,0,0.0
P,343,1953,3,0,0.0
P,343,1960,53,0,0.0
P,343,1974,1,0,0.0
P,343,1981,41,0,0.0
P,343,1988,149,0,0.0
P,343,2023,11,0,0.0
P,343,2051,7,0,0.0
P,343,2058,6,0,0.0
P,343,2065,2,0,0.0
P,343,2072,11,0,0.0
P,343,2079,77,0,0.0
P,343,2107,54,0,0.0
P,343,2142,9,0,0.0
P,343,2156,4,0,0.0
P,343,2163,3,0,0.0
P,343,2170,45,0,0.0
P,350,350,440,0,0.0
P,350,357,7282,0,0.0
P,350,364,9556,0,0.0
P,350,371,3140,2,0.0006369426751592356
P,350,378,22477,0,0.0
P,350,385,10501,4,0.00038091610322826396
P,350,392,1,0,0.0
P,350,399,7,0,0.0
P,350,406,3294,0,0.0
P,350,413,7414,0,0.0
P,350,420,156,0,0.0
P,350,427,2592,0,0.0
P,350,434,3255,1,0.00030721966205837174
P,350,441,18841,4,0.00021230295631866674
P,350,448,1590,0,0.0
P,350,455,79,0,0.0
P,350,462,320,0,0.0
P,350,469,1648,0,0.0
P,350,476,1956,0,0.0
P,350,497,1107,0,0.0
P,350,504,6135,1,0.00016299918500407498
P,350,518,989,0,0.0
P,350,525,1568,0,0.0
P,350,532,9020,26,0.0028824833702882483
P,350,539,1906,0,0.0
P,350,553,27,0,0.0
P,350,560,301,0,0.0
P,350,567,1194,0,0.0
P,350,588,535,0,0.0
P,350,595,1660,0,0.0
P,350,602,166,0,0.0
P,350,609,518,0,0.0
P,350,616,998,0,0.0
P,350,623,7888,0,0.0
P,350,630,800,0,0.0
P,350,651,1769,0,0.0
P,350,658,489,0,0.0
P,350,679,1025,0,0.0
P,350,686,2346,2,0.0008525149190110827
P,350,700,952,0,0.0
P,350,707,482,4,0.008298755186721992
P,350,714,6820,0,0.0
P,350,721,449,0,0.0
P,350,742,422,0,0.0
P,350,749,310,0,0.0
P,350,770,219,0,0.0
P,350,777,300,0,0.0
P,350,791,106,0,0.0
P,350,798,81,0,0.0
P,350,805,1300,1,0.0007692307692307692
P,350,812,147,0,0.0
P,350,833,56,0,0.0
P,350,840,133,0,0.0
P,350,868,285,0,0.0
P,350,882,32,0,0.0
P,350,889,103,0,0.0
P,350,896,1224,3,0.0024509803921568627
P,350,903,542,0,0.0
P,350,924,10,0,0.0
P,350,931,114,0,0.0
P,350,959,219,0,0.0
P,350,966,7,0,0.0
P,350,973,127,0,0.0
P,350,980,238,0,0.0
P,350,987,1436,0,0.0
P,350,994,145,0,0.0
P,350,1015,302,0,0.0
P,350,1022,24,0,0.0
P,350,1043,42,0,0.0
P,350,1050,374,0,0.0
P,350,1064,94,0,0.0
P,350,1071,55,0,0.0
P,350,1078,781,18,0.023047375160051217
P,350,1085,106,0,0.0
P,350,1106,11,0,0.0
P,350,1113,52,0,0.0
P,350,1141,56,0,0.0
P,350,1155,1,0,0.0
P,350,1162,2,0,0.0
P,350,1169,71,0,0.0
P,350,1176,16,0,0.0
P,350,1204,60,0,0.0
P,350,1232,39,0,0.0
P,350,1246,7,0,0.0
P,350,1253,34,0,0.0
P,350,1260,64,0,0.0
P,350,1267,11,0,0.0
P,350,1295,19,0,0.0
P,350,1323,24,0,0.0
P,350,1330,4,0,0.0
P,350,1337,3,0,0.0
P,350,1344,31,0,0.0
P,350,1351,134,0,0.0
P,350,1358,15,0,0.0
P,350,1379,34,0,0.0
P,350,1386,6,0,0.0
P,350,1414,122,0,0.0
P,350,1428,4,0,0.0
P,350,1435,9,0,0.0
P,350,1442,50,2,0.04
P,350,1449,26,0,0.0
P,350,1470,8,0,0.0
P,350,1477,32,0,0.0
P,350,1505,12,0,0.0
P,350,1519,3,0,0.0
P,350,1526,6,0,0.0
P,350,1533,71,0,0.0
P,350,1540,47,0,0.0
P,350,1568,24,0,0.0
P,350,1596,26,0,0.0
P,350,1603,10,0,0.0
P,350,1617,7,0,0.0
P,350,1624,30,0,0.0
P,350,1631,43,0,0.0
P,350,1638,9,0,0.0
P,350,1659,17,0,0.0
P,350,1666,7,0,0.0
P,350,1687,45,0,0.0
P,350,1694,12,0,0.0
P,350,1708,14,0,0.0
P,350,1715,26,0,0.0
P,350,1722,251,0,0.0
P,350,1743,4,0,0.0
P,350,1750,34,0,0.0
P,350,1778,58,0,0.0
P,350,1785,34,0,0.0
P,350,1792,2,0,0.0
P,350,1799,24,0,0.0
P,350,1806,37,0,0.0
P,350,1813,73,1,0.0136986301369863
P,350,1841,36,0,0.0
P,350,1869,33,0,0.0
P,350,1876,2,0,0.0
P,350,1890,5,0,0.0
P,350,1897,11,0,0.0
P,350,1904,42,0,0.0
P,350,1932,3,0,0.0
P,350,1939,3,0,0.0
P,350,1960,7,0,0.0
P,350,1967,71,0,0.0
P,350,1981,3,0,0.0
P,350,1988,44,0,0.0
P,350,1995,60,0,0.0
P,350,2002,19,0,0.0
P,350,2030,2,0,0.0
P,350,2058,6,0,0.0
P,350,2072,2,0,0.0
P,350,2079,9,0,0.0
P,350,2086,175,0,0.0
P,350,2114,19,0,0.0
P,350,2149,20,0,0.0
P,350,2170,7,0,0.0
P,350,2177,12,0,0.0
P,357,357,124,0,0.0
P,357,364,3384,0,0.0
P,357,371,5010,25,0.00499001996007984
P,357,378,2993,44,0.014700968927497494
P,357,385,15469,0,0.0
P,357,392,9322,0,0.0
P,357,406,1,0,0.0
P,357,413,3974,0,0.0
P,357,420,6572,0,0.0
P,357,427,176,0,0.0
P,357,434,2433,17,0.006987258528565557
P,357,441,2217,0,0.0
P,357,448,19375,0,0.0
P,357,455,905,0,0.0
P,357,462,7,0,0.0
P,357,469,439,0,0.0
P,357,476,4563,0,0.0
P,357,483,1506,0,0.0
P,357,504,2187,0,0.0
P,357,511,5507,0,0.0
P,357,525,1198,3,0.0025041736227045075
P,357,532,859,0,0.0
P,357,539,12629,20,0.0015836566632354105
P,357,546,1122,2,0.0017825311942959
P,357,560,10,0,0.0
P,357,567,529,0,0.0
P,357,574,960,0,0.0
P,357,595,377,0,0.0
P,357,602,1447,0,0.0
P,357,609,234,0,0.0
P,357,616,727,0,0.0
P,357,623,1125,0,0.0
P,357,630,10234,0,0.0
P,357,637,580,0,0.0
P,357,651,138,0,0.0
P,357,658,2360,0,0.0
P,357,665,300,0,0.0
P,357,686,1305,0,0.0
P,357,693,3527,0,0.0
P,357,707,1049,3,0.002859866539561487
P,357,714,712,0,0.0
P,357,721,5972,1,0.00016744809109176155
P,357,728,536,0,0.0
P,357,749,136,0,0.0
P,357,756,76,0,0.0
P,357,777,61,0,0.0
P,357,784,220,0,0.0
P,357,798,33,1,0.030303030303030304
P,357,805,22,0,0.0
P,357,812,1512,0,0.0
P,357,819,127,0,0.0
P,357,840,409,0,0.0
P,357,847,115,0,0.0
P,357,875,339,0,0.0
P,357,889,61,1,0.01639344262295082
P,357,896,59,0,0.0
P,357,903,1599,0,0.0
P,357,910,337,0,0.0
P,357,931,321,0,0.0
P,357,938,146,0,0.0
P,357,966,282,0,0.0
P,357,973,23,0,0.0
P,357,980,157,0,0.0
P,357,987,304,0,0.0
P,357,994,1916,1,0.0005219206680584551
P,357,1001,234,0,0.0
P,357,1022,109,0,0.0
P,357,1029,61,0,0.0
P,357,1050,25,0,0.0
P,357,1057,652,1,0.0015337423312883436
P,357,1071,138,0,0.0
P,357,1078,181,0,0.0
P,357,1085,606,0,0.0
P,357,1092,169,0,0.0
P,357,1113,7,0,0.0
P,357,1120,23,0,0.0
P,357,1148,24,0,0.0
P,357,1169,5,0,0.0
P,357,1176,284,0,0.0
P,357,1183,27,0,0.0
P,357,1204,50,0,0.0
P,357,1211,18,0,0.0
P,357,1239,28,0,0.0
P,357,1253,5,0,0.0
P,357,1260,2,0,0.0
P,357,1267,207,0,0.0
P,357,1274,50,0,0.0
P,357,1302,5,0,0.0
P,357,1330,29,0,0.0
P,357,1337,1,0,0.0
P,357,1344,15,0,0.0
P,357,1351,25,0,0.0
P,357,1358,28,0,0.0
P,357,1365,32,0,0.0
P,357,1386,24,0,0.0
P,357,1393,5,0,0.0
P,357,1421,76,0,0.0
P,357,1435,3,0,0.0
P,357,1442,26,0,0.0
P,357,1449,40,0,0.0
P,357,1456,27,0,0.0
P,357,1484,2,0,0.0
P,357,1512,19,0,0.0
P,357,1526,1,0,0.0
P,357,1533,2,0,0.0
P,357,1540,118,0,0.0
P,357,1547,48,0,0.0
P,357,1575,51,0,0.0
P,357,1603,18,0,0.0
P,357,1610,4,0,0.0
P,357,1624,9,0,0.0
P,357,1631,22,0,0.0
P,357,1638,60,0,0.0
P,357,1645,4,0,0.0
P,357,1666,11,0,0.0
P,357,1673,12,0,0.0
P,357,1694,19,0,0.0
P,357,1701,21,0,0.0
P,357,1715,35,0,0.0
P,357,1722,28,0,0.0
P,357,1729,102,0,0.0
P,357,1750,6,0,0.0
P,357,1757,42,0,0.0
P,357,1785,53,0,0.0
P,357,1792,14,0,0.0
P,357,1799,2,0,0.0
P,357,1806,11,0,0.0
P,357,1813,57,0,0.0
P,357,1820,137,0,0.0
P,357,1848,34,0,0.0
P,357,1876,26,0,0.0
P,357,1883,5,0,0.0
P,357,1897,6,0,0.0
P,357,1904,10,0,0.0
P,357,1911,36,0,0.0
P,357,1939,39,0,0.0
P,357,1946,29,0,0.0
P,357,1967,2,0,0.0
P,357,1974,11,0,0.0
P,357,1988,5,0,0.0
P,357,1995,14,0,0.0
P,357,2002,110,0,0.0
P,357,2009,4,0,0.0
P,357,2037,6,0,0.0
P,357,2065,17,0,0.0
P,357,2072,2,0,0.0
P,357,2079,24,0,0.0
P,357,2086,21,0,0.0
P,357,2093,24,0,0.0
P,357,2121,20,0,0.0
P,357,2156,39,0,0.0
P,357,2184,18,0,0.0
P,364,364,313,0,0.0
P,364,371,335,0,0.0
P,364,378,1174,0,0.0
P,364,385,856,0,0.0
P,364,392,16230,8,0.0004929143561306223
P,364,399,6189,0,0.0
P,364,420,3248,0,0.0
P,364,427,9174,0,0.0
P,364,434,205,0,0.0
P,364,441,891,2,0.002244668911335578
P,364,448,1064,0,0.0
P,364,455,18448,5,0.0002710320901994796
P,364,462,1844,0,0.0
P,364,469,8,0,0.0
P,364,476,374,0,0.0
P,364,483,2613,0,0.0
P,364,490,1266,0,0.0
P,364,511,1163,0,0.0
P,364,518,4543,1,0.00022011886418666079
P,364,532,577,1,0.0017331022530329288
P,364,539,1157,0,0.0
P,364,546,13883,1,0.00007203054094936253
P,364,553,1487,1,0.0006724949562878278
P,364,574,579,0,0.0
P,364,581,1851,0,0.0
P,364,602,274,0,0.0
P,364,609,1776,0,0.0
P,364,616,57,0,0.0
P,364,623,198,1,0.005050505050505051
P,364,630,474,0,0.0
P,364,637,7381,24,0.003251591925213386
P,364,644,518,0,0.0
P,364,658,42,0,0.0
P,364,665,1161,0,0.0
P,364,672,441,0,0.0
P,364,693,1668,0,0.0
P,364,700,3242,0,0.0
P,364,714,620,0,0.0
P,364,721,279,0,0.0
P,364,728,9541,0,0.0
P,364,735,1172,0,0.0
P,364,756,214,0,0.0
P,364,763,129,0,0.0
P,364,784,332,0,0.0
P,364,791,314,0,0.0
P,364,805,21,0,0.0
P,364,812,58,0,0.0
P,364,819,1222,0,0.0
P,364,826,52,0,0.0
P,364,847,198,0,0.0
P,364,854,112,0,0.0
P,364,882,322,0,0.0
P,364,896,77,0,0.0
P,364,903,102,0,0.0
P,364,910,998,0,0.0
P,364,917,566,0,0.0
P,364,938,45,0,0.0
P,364,945,175,0,0.0
P,364,973,262,0,0.0
P,364,980,13,0,0.0
P,364,987,35,0,0.0
P,364,994,31,0,0.0
P,364,1001,1619,23,0.014206300185299567
P,364,1008,96,0,0.0
P,364,1029,129,0,0.0
P,364,1036,53,0,0.0
P,364,1057,17,0,0.0
P,364,1064,782,4,0.005115089514066497
P,364,1078,18,0,0.0
P,364,1085,75,0,0.0
P,364,1092,580,0,0.0
P,364,1099,55,0,0.0
P,364,1120,2,0,0.0
P,364,1127,29,0,0.0
P,364,1155,31,0,0.0
P,364,1169,1,0,0.0
P,364,1176,72,0,0.0
P,364,1183,34,0,0.0
P,364,1190,33,0,0.0
P,364,1211,42,0,0.0
P,364,1218,22,0,0.0
P,364,1246,23,0,0.0
P,364,1260,9,0,0.0
P,364,1267,9,0,0.0
P,364,1274,72,0,0.0
P,364,1281,37,0,0.0
P,364,1309,13,0,0.0
P,364,1337,171,0,0.0
P,364,1344,1,0,0.0
P,364,1351,7,0,0.0
P,364,1358,2,0,0.0
P,364,1365,28,0,0.0
P,364,1372,17,0,0.0
P,364,1393,4,0,0.0
P,364,1400,16,0,0.0
P,364,1428,111,0,0.0
P,364,1449,10,0,0.0
P,364,1456,97,0,0.0
P,364,1463,79,0,0.0
P,364,1484,1,0,0.0
P,364,1491,19,0,0.0
P,364,1519,21,0,0.0
P,364,1540,27,0,0.0
P,364,1547,20,0,0.0
P,364,1554,19,0,0.0
P,364,1582,27,0,0.0
P,364,1610,8,0,0.0
P,364,1617,6,0,0.0
P,364,1624,1,0,0.0
P,364,1631,7,0,0.0
P,364,1638,73,0,0.0
P,364,1645,71,0,0.0
P,364,1652,5,0,0.0
P,364,1673,14,0,0.0
P,364,1680,34,0,0.0
P,364,1701,38,0,0.0
P,364,1708,23,0,0.0
P,364,1722,3,0,0.0
P,364,1729,13,0,0.0
P,364,1736,59,0,0.0
P,364,1757,1,0,0.0
P,364,1764,39,0,0.0
P,364,1792,101,1,0.009900990099009901
P,364,1799,65,0,0.0
P,364,1806,2,0,0.0
P,364,1813,8,0,0.0
P,364,1820,32,0,0.0
P,364,1827,158,0,0.0
P,364,1855,18,0,0.0
P,364,1883,5,0,0.0
P,364,1890,22,0,0.0
P,364,1911,8,0,0.0
P,364,1918,87,0,0.0
P,364,1946,56,0,0.0
P,364,1953,3,0,0.0
P,364,1974,13,0,0.0
P,364,1981,30,0,0.0
P,364,1995,5,0,0.0
P,364,2002,13,0,0.0
P,364,2009,73,0,0.0
P,364,2016,2,0,0.0
P,364,2044,16,0,0.0
P,364,2072,46,0,0.0
P,364,2079,3,0,0.0
P,364,2086,1,0,0.0
P,364,2100,50,0,0.0
P,364,2128,7,0,0.0
P,364,2163,7,0,0.0
P,364,2191,22,0,0.0
P,371,371,321,0,0.0
P,371,385,362,0,0.0
P,371,392,225,6,0.02666666666666667
P,371,399,11371,3,0.0002638290387828687
P,371,406,3020,0,0.0
P,371,427,1878,1,0.0005324813631522897
P,371,434,6466,0,0.0
P,371,441,13,0,0.0
P,371,448,957,0,0.0
P,371,455,786,0,0.0
P,371,462,10134,2,0.00019735543714229328
P,371,469,723,0,0.0
P,371,476,12,0,0.0
P,371,483,134,0,0.0
P,371,490,2199,0,0.0
P,371,497,853,0,0.0
P,371,518,1125,0,0.0
P,371,525,3174,0,0.0
P,371,539,304,0,0.0
P,371,546,374,0,0.0
P,371,553,10434,1,0.00009584052137243626
P,371,560,735,0,0.0
P,371,574,46,0,0.0
P,371,581,358,0,0.0
P,371,588,971,0,0.0
P,371,609,105,0,0.0
P,371,616,1687,0,0.0
P,371,623,5,0,0.0
P,371,630,571,0,0.0
P,371,637,75,0,0.0
P,371,644,6421,0,0.0
P,371,651,375,0,0.0
P,371,665,47,0,0.0
P,371,672,438,0,0.0
P,371,679,249,0,0.0
P,371,700,462,0,0.0
P,371,707,3036,0,0.0
P,371,721,181,0,0.0
P,371,728,32,0,0.0
P,371,735,5097,7,0.001373356876594075
P,371,742,527,0,0.0
P,371,763,265,0,0.0
P,371,770,98,0,0.0
P,371,791,316,0,0.0
P,371,798,137,0,0.0
P,371,812,44,0,0.0
P,371,819,11,0,0.0
P,371,826,622,0,0.0
P,371,833,16,0,0.0
P,371,854,490,0,0.0
P,371,861,98,0,0.0
P,371,889,155,1,0.0064516129032258064
P,371,903,32,0,0.0
P,371,910,12,0,0.0
P,371,917,1366,0,0.0
P,371,924,340,0,0.0
P,371,945,66,0,0.0
P,371,952,74,0,0.0
P,371,980,356,0,0.0
P,371,987,1,0,0.0
P,371,994,53,0,0.0
P,371,1001,16,0,0.0
P,371,1008,2014,0,0.0
P,371,1015,82,0,0.0
P,371,1036,77,0,0.0
P,371,1043,13,0,0.0
P,371,1064,3,0,0.0
P,371,1071,347,0,0.0
P,371,1085,17,0,0.0
P,371,1092,5,0,0.0
P,371,1099,459,0,0.0
P,371,1106,31,0,0.0
P,371,1127,7,0,0.0
P,371,1134,14,0,0.0
P,371,1162,15,0,0.0
P,371,1176,3,0,0.0
P,371,1183,2,0,0.0
P,371,1190,35,0,0.0
P,371,1197,2,0,0.0
P,371,1218,82,0,0.0
P,371,1225,20,0,0.0
P,371,1253,15,0,0.0
P,371,1267,10,0,0.0
P,371,1281,78,0,0.0
P,371,1288,2,0,0.0
P,371,1316,19,0,0.0
P,371,1344,69,0,0.0
P,371,1351,1,0,0.0
P,371,1358,1,0,0.0
P,371,1365,4,0,0.0
P,371,1372,106,0,0.0
P,371,1379,20,0,0.0
P,371,1400,12,0,0.0
P,371,1407,3,0,0.0
P,371,1435,57,0,0.0
P,371,1449,1,0,0.0
P,371,1456,1,0,0.0
P,371,1463,224,0,0.0
P,371,1470,32,0,0.0
P,371,1491,12,0,0.0
P,371,1498,9,0,0.0
P,371,1526,5,0,0.0
P,371,1547,2,0,0.0
P,371,1554,19,0,0.0
P,371,1561,1,0,0.0
P,371,1589,45,0,0.0
P,371,1617,8,0,0.0
P,371,1624,9,0,0.0
P,371,1645,38,0,0.0
P,371,1652,39,0,0.0
P,371,1659,13,0,0.0
P,371,1680,4,0,0.0
P,371,1687,1,0,0.0
P,371,1708,11,0,0.0
P,371,1715,141,0,0.0
P,371,1729,2,0,0.0
P,371,1736,1,0,0.0
P,371,1743,79,0,0.0
P,371,1764,1,0,0.0
P,371,1771,8,0,0.0
P,371,1799,25,0,0.0
P,371,1806,40,0,0.0
P,371,1813,2,0,0.0
P,371,1820,19,0,0.0
P,371,1827,123,0,0.0
P,371,1834,117,0,0.0
P,371,1862,66,0,0.0
P,371,1890,4,0,0.0
P,371,1897,6,0,0.0
P,371,1911,7,0,0.0
P,371,1918,17,0,0.0
P,371,1925,10,0,0.0
P,371,1953,10,0,0.0
P,371,1960,18,0,0.0
P,371,1981,2,0,0.0
P,371,1988,31,0,0.0
P,371,2002,3,0,0.0
P,371,2016,36,0,0.0
P,371,2023,15,0,0.0
P,371,2051,7,0,0.0
P,371,2079,17,0,0.0
P,371,2086,2,0,0.0
P,371,2107,56,0,0.0
P,371,2135,1,0,0.0
P,371,2170,10,0,0.0
P,371,2198,7,0,0.0
P,378,378,195,0,0.0
P,378,392,15,0,0.0
P,378,406,7550,0,0.0
P,378,413,2148,0,0.0
P,378,434,1596,0,0.0
P,378,441,3748,0,0.0
P,378,448,3,0,0.0
P,378,455,6,0,0.0
P,378,462,449,0,0.0
P,378,469,5977,0,0.0
P,378,476,758,0,0.0
P,378,483,2,0,0.0
P,378,490,18,0,0.0
P,378,497,1443,0,0.0
P,378,504,604,0,0.0
P,378,525,362,1,0.0027624309392265192
P,378,532,1093,0,0.0
P,378,546,30,0,0.0
P,378,553,29,0,0.0
P,378,560,7880,1,0.0001269035532994924
P,378,567,823,0,0.0
P,378,581,55,0,0.0
P,378,588,248,0,0.0
P,378,595,546,0,0.0
P,378,616,100,0,0.0
P,378,623,1167,0,0.0
P,378,637,6,0,0.0
P,378,644,17,0,0.0
P,378,651,4713,0,0.0
P,378,658,344,0,0.0
P,378,672,60,0,0.0
P,378,679,569,0,0.0
P,378,686,80,0,0.0
P,378,707,520,0,0.0
P,378,714,1409,0,0.0
P,378,728,18,0,0.0
P,378,742,4430,3,0.0006772009029345372
P,378,749,538,0,0.0
P,378,770,464,0,0.0
P,378,777,67,0,0.0
P,378,798,85,0,0.0
P,378,805,99,0,0.0
P,378,819,1,0,0.0
P,378,833,473,0,0.0
P,378,840,53,0,0.0
P,378,861,107,0,0.0
P,378,868,65,0,0.0
P,378,896,47,0,0.0
P,378,924,957,0,0.0
P,378,931,158,0,0.0
P,378,952,11,0,0.0
P,378,959,82,0,0.0
P,378,987,270,0,0.0
P,378,1001,1,0,0.0
P,378,1015,1011,1,0.0009891196834817012
P,378,1022,39,0,0.0
P,378,1043,26,1,0.038461538461538464
P,378,1050,19,0,0.0
P,378,1071,21,0,0.0
P,378,1078,243,0,0.0
P,378,1092,2,0,0.0
P,378,1106,233,0,0.0
P,378,1113,78,0,0.0
P,378,1134,42,0,0.0
P,378,1141,6,0,0.0
P,378,1169,19,0,0.0
P,378,1197,19,0,0.0
P,378,1204,11,0,0.0
P,378,1225,30,0,0.0
P,378,1232,13,0,0.0
P,378,1260,10,0,0.0
P,378,1288,67,0,0.0
P,378,1295,5,0,0.0
P,378,1323,3,0,0.0
P,378,1351,40,0,0.0
P,378,1379,22,0,0.0
P,378,1386,24,0,0.0
P,378,1407,4,0,0.0
P,378,1414,4,0,0.0
P,378,1442,33,0,0.0
P,378,1456,1,0,0.0
P,378,1470,132,0,0.0
P,378,1477,41,0,0.0
P,378,1498,52,0,0.0
P,378,1505,7,0,0.0
P,378,1533,25,0,0.0
P,378,1561,29,0,0.0
P,378,1568,1,0,0.0
P,378,1596,29,0,0.0
P,378,1624,12,0,0.0
P,378,1631,4,0,0.0
P,378,1652,77,0,0.0
P,378,1659,41,0,0.0
P,378,1666,16,0,0.0
P,378,1687,8,0,0.0
P,378,1694,3,0,0.0
P,378,1715,21,0,0.0
P,378,1722,39,0,0.0
P,378,1743,6,0,0.0
P,378,1750,59,0,0.0
P,378,1771,1,0,0.0
P,378,1778,9,0,0.0
P,378,1806,14,0,0.0
P,378,1813,28,0,0.0
P,378,1834,50,0,0.0
P,378,1841,166,0,0.0
P,378,1869,185,0,0.0
P,378,1897,2,0,0.0
P,378,1904,1,0,0.0
P,378,1925,2,0,0.0
P,378,1932,24,0,0.0
P,378,1960,10,0,0.0
P,378,1967,2,0,0.0
P,378,1995,3,0,0.0
P,378,2023,24,0,0.0
P,378,2030,1,0,0.0
P,378,2086,36,0,0.0
P,378,2114,42,0,0.0
P,378,2142,1,0,0.0
P,378,2177,4,0,0.0
P,385,385,344,0,0.0
P,385,413,3546,0,0.0
P,385,420,1967,0,0.0
P,385,441,716,2,0.002793296089385475
P,385,448,2416,0,0.0
P,385,455,2,0,0.0
P,385,469,922,0,0.0
P,385,476,8752,7,0.0007998171846435101
P,385,483,507,0,0.0
P,385,497,59,0,0.0
P,385,504,832,0,0.0
P,385,511,133,0,0.0
P,385,532,352,0,0.0
P,385,539,927,1,0.0010787486515641855
P,385,560,31,0,0.0
P,385,567,6757,0,0.0
P,385,574,624,0,0.0
P,385,588,2,0,0.0
P,385,595,81,0,0.0
P,385,602,530,0,0.0
P,385,623,165,0,0.0
P,385,630,435,0,0.0
P,385,637,1,0,0.0
P,385,651,261,0,0.0
P,385,658,7722,19,0.0024605024605024606
P,385,665,227,0,0.0
P,385,679,67,0,0.0
P,385,686,269,0,0.0
P,385,693,29,0,0.0
P,385,714,461,0,0.0
P,385,721,629,0,0.0
P,385,749,3609,0,0.0
P,385,756,197,0,0.0
P,385,777,44,0,0.0
P,385,784,45,0,0.0
P,385,805,32,0,0.0
P,385,812,65,0,0.0
P,385,840,624,0,0.0
P,385,847,22,0,0.0
P,385,868,51,0,0.0
P,385,875,9,0,0.0
P,385,903,59,0,0.0
P,385,931,1015,0,0.0
P,385,938,187,0,0.0
P,385,959,2,0,0.0
P,385,966,82,0,0.0
P,385,994,56,0,0.0
P,385,1022,745,0,0.0
P,385,1029,101,0,0.0
P,385,1050,15,0,0.0
P,385,1057,8,0,0.0
P,385,1078,1,0,0.0
P,385,1085,95,0,0.0
P,385,1113,167,0,0.0
P,385,1120,33,0,0.0
P,385,1141,5,0,0.0
P,385,1148,10,0,0.0
P,385,1176,21,0,0.0
P,385,1204,96,0,0.0
P,385,1211,2,0,0.0
P,385,1232,4,0,0.0
P,385,1239,2,0,0.0
P,385,1267,8,0,0.0
P,385,1295,71,0,0.0
P,385,1302,1,0,0.0
P,385,1330,12,0,0.0
P,385,1358,9,0,0.0
P,385,1386,17,0,0.0
P,385,1393,18,0,0.0
P,385,1414,10,0,0.0
P,385,1421,3,0,0.0
P,385,1449,29,0,0.0
P,385,1477,27,0,0.0
P,385,1484,14,0,0.0
P,385,1512,1,0,0.0
P,385,1540,9,0,0.0
P,385,1568,28,0,0.0
P,385,1575,16,0,0.0
P,385,1603,3,0,0.0
P,385,1631,4,0,0.0
P,385,1638,9,0,0.0
P,385,1659,41,0,0.0
P,385,1666,29,0,0.0
P,385,1673,6,0,0.0
P,385,1694,8,0,0.0
P,385,1701,6,0,0.0
P,385,1722,34,0,0.0
P,385,1750,1,0,0.0
P,385,1757,65,0,0.0
P,385,1778,2,0,0.0
P,385,1785,3,0,0.0
P,385,1813,24,0,0.0
P,385,1820,11,0,0.0
P,385,1841,94,0,0.0
P,385,1848,66,0,0.0
P,385,1876,24,0,0.0
P,385,1904,2,0,0.0
P,385,1911,2,0,0.0
P,385,1932,2,0,0.0
P,385,1939,47,0,0.0
P,385,1967,7,0,0.0
P,385,1974,1,0,0.0
P,385,1995,2,0,0.0
P,385,2002,9,0,0.0
P,385,2030,13,0,0.0
P,385,2065,3,0,0.0
P,385,2093,1,0,0.0
P,385,2121,15,0,0.0
P,385,2149,1,0,0.0
P,385,2184,2,0,0.0
P,392,392,192,0,0.0
P,392,420,2219,0,0.0
P,392,427,516,0,0.0
P,392,448,583,0,0.0
P,392,455,1975,0,0.0
P,392,476,320,0,0.0
P,392,483,4638,0,0.0
P,392,490,175,0,0.0
P,392,504,3,0,0.0
P,392,511,712,0,0.0
P,392,518,39,0,0.0
P,392,539,322,0,0.0
P,392,546,854,0,0.0
P,392,567,7,0,0.0
P,392,574,7039,2,0.0002841312686461145
P,392,581,1391,0,0.0
P,392,595,6,0,0.0
P,392,602,69,0,0.0
P,392,609,64,0,0.0
P,392,630,420,0,0.0
P,392,637,89,0,0.0
P,392,658,73,1,0.0136986301369863
P,392,665,2599,0,0.0
P,392,672,164,0,0.0
P,392,686,2,0,0.0
P,392,693,360,1,0.002777777777777778
P,392,700,2,0,0.0
P,392,721,420,0,0.0
P,392,728,1803,0,0.0
P,392,756,2800,0,0.0
P,392,763,321,0,0.0
P,392,784,72,0,0.0
P,392,812,56,0,0.0
P,392,819,27,0,0.0
P,392,847,556,0,0.0
P,392,854,16,0,0.0
P,392,875,49,0,0.0
P,392,882,1,0,0.0
P,392,910,6,0,0.0
P,392,938,825,0,0.0
P,392,945,392,0,0.0
P,392,966,2,0,0.0
P,392,973,5,0,0.0
P,392,1001,20,0,0.0
P,392,1029,258,0,0.0
P,392,1036,34,0,0.0
P,392,1057,20,0,0.0
P,392,1085,3,0,0.0
P,392,1092,162,0,0.0
P,392,1120,72,0,0.0
P,392,1127,49,0,0.0
P,392,1148,3,0,0.0
P,392,1155,2,0,0.0
P,392,1211,41,0,0.0
P,392,1218,8,0,0.0
P,392,1239,2,0,0.0
P,392,1274,2,0,0.0
P,392,1302,24,0,0.0
P,392,1309,6,0,0.0
P,392,1337,1,0,0.0
P,392,1365,9,0,0.0
P,392,1393,19,0,0.0
P,392,1400,9,0,0.0
P,392,1421,6,0,0.0
P,392,1456,40,0,0.0
P,392,1484,23,0,0.0
P,392,1491,20,0,0.0
P,392,1512,1,0,0.0
P,392,1547,7,0,0.0
P,392,1575,29,0,0.0
P,392,1582,15,0,0.0
P,392,1610,3,0,0.0
P,392,1638,3,0,0.0
P,392,1645,1,0,0.0
P,392,1666,19,0,0.0
P,392,1673,41,0,0.0
P,392,1680,20,0,0.0
P,392,1729,23,0,0.0
P,392,1764,42,0,0.0
P,392,1785,1,0,0.0
P,392,1792,3,0,0.0
P,392,1820,18,0,0.0
P,392,1827,57,0,0.0
P,392,1848,41,0,0.0
P,392,1855,110,0,0.0
P,392,1883,7,0,0.0
P,392,1911,1,0,0.0
P,392,1939,1,0,0.0
P,392,1946,43,0,0.0
P,392,1974,1,0,0.0
P,392,2037,24,0,0.0
P,392,2044,12,0,0.0
P,392,2072,1,0,0.0
P,392,2128,10,0,0.0
P,392,2191,3,0,0.0
P,399,399,91,0,0.0
P,399,427,1886,0,0.0
P,399,434,711,0,0.0
P,399,455,91,0,0.0
P,399,462,815,0,0.0
P,399,483,278,0,0.0
P,399,490,5224,0,0.0
P,399,497,508,0,0.0
P,399,511,61,0,0.0
P,399,518,136,0,0.0
P,399,525,8,0,0.0
P,399,546,131,0,0.0
P,399,553,741,0,0.0
P,399,574,119,0,0.0
P,399,581,8370,6,0.0007168458781362007
P,399,588,1120,0,0.0
P,399,609,12,0,0.0
P,399,637,57,0,0.0
P,399,644,15,0,0.0
P,399,665,58,0,0.0
P,399,672,1578,0,0.0
P,399,679,185,0,0.0
P,399,693,1,0,0.0
P,399,700,39,0,0.0
P,399,728,160,0,0.0
P,399,735,725,2,0.002758620689655172
P,399,763,2840,0,0.0
P,399,770,453,0,0.0
P,399,791,42,0,0.0
P,399,819,1,0,0.0
P,399,826,12,0,0.0
P,399,854,746,2,0.002680965147453083
P,399,861,66,0,0.0
P,399,882,5,0,0.0
P,399,945,1413,0,0.0
P,399,952,226,0,0.0
P,399,973,1,0,0.0
P,399,1008,2,0,0.0
P,399,1036,211,0,0.0
P,399,1043,49,0,0.0
P,399,1064,2,0,0.0
P,399,1099,131,0,0.0
P,399,1127,41,0,0.0
P,399,1134,94,0,0.0
P,399,1218,129,0,0.0
P,399,1225,5,0,0.0
P,399,1309,44,0,0.0
P,399,1316,23,0,0.0
P,399,1372,1,0,0.0
P,399,1400,24,0,0.0
P,399,1407,13,0,0.0
P,399,1428,4,0,0.0
P,399,1463,68,0,0.0
P,399,1491,53,0,0.0
P,399,1498,26,0,0.0
P,399,1582,8,0,0.0
P,399,1589,47,0,0.0
P,399,1617,1,0,0.0
P,399,1673,21,0,0.0
P,399,1680,76,0,0.0
P,399,1687,3,0,0.0
P,399,1736,4,0,0.0
P,399,1771,40,0,0.0
P,399,1792,1,0,0.0
P,399,1799,1,0,0.0
P,399,1827,25,0,0.0
P,399,1834,54,0,0.0
P,399,1855,21,0,0.0
P,399,1862,123,0,0.0
P,399,1890,1,0,0.0
P,399,1946,2,0,0.0
P,399,1953,21,0,0.0
P,399,1981,3,0,0.0
P,399,2044,40,0,0.0
P,399,2051,2,0,0.0
P,399,2135,7,0,0.0
P,399,2198,2,0,0.0
P,406,406,170,0,0.0
P,406,434,2982,0,0.0
P,406,441,490,0,0.0
P,406,462,1,0,0.0
P,406,469,7,0,0.0
P,406,490,15,0,0.0
P,406,497,4439,0,0.0
P,406,504,762,0,0.0
P,406,525,34,0,0.0
P,406,532,30,0,0.0
P,406,553,147,0,0.0
P,406,560,203,0,0.0
P,406,581,91,0,0.0
P,406,588,5687,10,0.0017583963425356075
P,406,595,1038,0,0.0
P,406,672,95,0,0.0
P,406,679,1395,0,0.0
P,406,686,195,0,0.0
P,406,735,212,0,0.0
P,406,742,415,0,0.0
P,406,770,2809,0,0.0
P,406,777,320,0,0.0
P,406,798,5,0,0.0
P,406,861,796,0,0.0
P,406,868,9,0,0.0
P,406,952,545,0,0.0
P,406,959,277,1,0.0036101083032490976
P,406,1043,112,0,0.0
P,406,1050,47,0,0.0
P,406,1106,53,0,0.0
P,406,1134,158,0,0.0
P,406,1141,35,0,0.0
P,406,1225,65,0,0.0
P,406,1232,2,0,0.0
P,406,1316,48,0,0.0
P,406,1323,10,0,0.0
P,406,1407,7,0,0.0
P,406,1414,7,0,0.0
P,406,1470,30,0,0.0
P,406,1498,152,0,0.0
P,406,1505,24,0,0.0
P,406,1589,17,0,0.0
P,406,1596,14,0,0.0
P,406,1680,8,0,0.0
P,406,1687,39,0,0.0
P,406,1771,6,0,0.0
P,406,1778,26,0,0.0
P,406,1834,11,0,0.0
P,406,1841,23,0,0.0
P,406,1862,2,0,0.0
P,406,1869,356,0,0.0
P,406,1953,11,0,0.0
P,406,1960,61,0,0.0
P,406,2051,5,0,0.0
P,406,2058,2,0,0.0
P,406,2142,1,0,0.0
P,413,413,52,0,0.0
P,413,441,1626,0,0.0
P,413,448,226,0,0.0
P,413,476,7,0,0.0
P,413,497,113,0,0.0
P,413,504,3968,0,0.0
P,413,511,561,0,0.0
P,413,532,101,0,0.0
P,413,539,4,0,0.0
P,413,560,47,0,0.0
P,413,567,355,0,0.0
P,413,588,17,0,0.0
P,413,595,5067,0,0.0
P,413,602,377,0,0.0
P,413,623,2,0,0.0
P,413,679,56,0,0.0
P,413,686,1409,0,0.0
P,413,693,259,0,0.0
P,413,742,70,0,0.0
P,413,749,351,0,0.0
P,413,777,2249,1,0.00044464206313917296
P,413,784,282,0,0.0
P,413,805,11,0,0.0
P,413,868,304,0,0.0
P,413,875,13,0,0.0
P,413,959,764,0,0.0
P,413,966,118,0,0.0
P,413,1050,41,0,0.0
P,413,1057,193,0,0.0
P,413,1113,34,0,0.0
P,413,1141,73,0,0.0
P,413,1148,33,0,0.0
P,413,1232,23,0,0.0
P,413,1323,27,0,0.0
P,413,1330,11,0,0.0
P,413,1414,11,0,0.0
P,413,1421,18,0,0.0
P,413,1477,8,0,0.0
P,413,1505,5,0,0.0
P,413,1512,21,0,0.0
P,413,1596,8,0,0.0
P,413,1603,11,0,0.0
P,413,1687,21,0,0.0
P,413,1694,35,0,0.0
P,413,1701,3,0,0.0
P,413,1778,6,0,0.0
P,413,1785,39,0,0.0
P,413,1841,5,0,0.0
P,413,1848,6,0,0.0
P,413,1869,35,0,0.0
P,413,1876,24,0,0.0
P,413,1960,6,0,0.0
P,413,1967,25,0,0.0
P,413,2058,9,0,0.0
P,413,2065,9,0,0.0
P,413,2149,2,0,0.0
P,420,420,189,0,0.0
P,420,448,3407,0,0.0
P,420,455,658,6,0.00911854103343465
P,420,504,15,0,0.0
P,420,511,2267,0,0.0
P,420,518,89,0,0.0
P,420,539,15,0,0.0
P,420,546,1,0,0.0
P,420,567,38,0,0.0
P,420,574,149,0,0.0
P,420,595,41,0,0.0
P,420,602,6532,1,0.00015309246785058175
P,420,609,274,0,0.0
P,420,686,188,0,0.0
P,420,693,1423,0,0.0
P,420,700,85,0,0.0
P,420,749,43,0,0.0
P,420,756,270,0,0.0
P,420,784,2959,1,0.0003379520108144643
P,420,791,192,0,0.0
P,420,875,228,0,0.0
P,420,882,5,0,0.0
P,420,966,658,0,0.0
P,420,973,77,0,0.0
P,420,1057,109,0,0.0
P,420,1064,49,4,0.08163265306122448
P,420,1120,15,0,0.0
P,420,1148,76,0,0.0
P,420,1155,15,0,0.0
P,420,1239,16,0,0.0
P,420,1330,79,0,0.0
P,420,1337,15,0,0.0
P,420,1421,10,0,0.0
P,420,1428,11,0,0.0
P,420,1484,4,0,0.0
P,420,1512,26,0,0.0
P,420,1519,8,0,0.0
P,420,1603,4,0,0.0
P,420,1610,4,0,0.0
P,420,1694,29,0,0.0
P,420,1701,44,0,0.0
P,420,1792,23,2,0.08695652173913043
P,420,1848,7,0,0.0
P,420,1855,4,0,0.0
P,420,1876,48,0,0.0
P,420,1883,37,0,0.0
P,420,1967,3,0,0.0
P,420,1974,12,0,0.0
P,420,2065,24,0,0.0
P,420,2156,10,0,0.0
P,427,427,24,0,0.0
P,427,455,1256,0,0.0
P,427,462,677,5,0.007385524372230428
P,427,511,356,0,0.0
P,427,518,1817,0,0.0
P,427,525,35,0,0.0
P,427,546,26,0,0.0
P,427,553,14,0,0.0
P,427,574,38,0,0.0
P,427,581,145,0,0.0
P,427,602,13,0,0.0
P,427,609,5901,0,0.0
P,427,616,381,0,0.0
P,427,693,12,0,0.0
P,427,700,823,0,0.0
P,427,707,42,0,0.0
P,427,756,61,0,0.0
P,427,763,268,0,0.0
P,427,791,2299,0,0.0
P,427,798,254,0,0.0
P,427,882,229,0,0.0
P,427,889,5,0,0.0
P,427,973,1109,0,0.0
P,427,980,114,0,0.0
P,427,1064,99,0,0.0
P,427,1071,19,0,0.0
P,427,1127,13,0,0.0
P,427,1155,80,0,0.0
P,427,1162,7,0,0.0
P,427,1246,17,0,0.0
P,427,1337,252,0,0.0
P,427,1344,21,0,0.0
P,427,1428,21,0,0.0
P,427,1435,1,0,0.0
P,427,1491,25,0,0.0
P,427,1519,32,0,0.0
P,427,1526,10,0,0.0
P,427,1610,4,0,0.0
P,427,1617,9,0,0.0
P,427,1701,33,0,0.0
P,427,1708,54,0,0.0
P,427,1715,1,0,0.0
P,427,1792,4,0,0.0
P,427,1799,25,0,0.0
P,427,1855,8,0,0.0
P,427,1862,71,0,0.0
P,427,1883,13,0,0.0
P,427,1890,76,0,0.0
P,427,1974,7,0,0.0
P,427,1981,14,0,0.0
P,427,2072,8,0,0.0
P,427,2079,5,0,0.0
P,434,434,75,0,0.0
P,434,462,475,0,0.0
P,434,469,145,0,0.0
P,434,518,289,0,0.0
P,434,525,1880,0,0.0
P,434,532,124,0,0.0
P,434,553,49,0,0.0
P,434,560,1,0,0.0
P,434,581,87,0,0.0
P,434,588,321,0,0.0
P,434,609,34,1,0.029411764705882353
P,434,616,6843,3,0.00043840420868040335
P,434,623,866,1,0.0011547344110854503
P,434,700,6,0,0.0
P,434,707,1174,0,0.0
P,434,714,67,0,0.0
P,434,763,26,0,0.0
P,434,770,429,0,0.0
P,434,798,2347,4,0.0017043033659991478
P,434,805,210,0,0.0
P,434,889,148,0,0.0
P,434,896,8,0,0.0
P,434,980,1485,9,0.006060606060606061
P,434,987,241,4,0.016597510373443983
P,434,1071,110,0,0.0
P,434,1078,22,0,0.0
P,434,1134,35,0,0.0
P,434,1162,48,0,0.0
P,434,1169,15,0,0.0
P,434,1253,21,0,0.0
P,434,1344,128,0,0.0
P,434,1351,30,0,0.0
P,434,1435,12,0,0.0
P,434,1442,4,0,0.0
P,434,1498,25,0,0.0
P,434,1526,9,0,0.0
P,434,1533,13,0,0.0
P,434,1617,30,0,0.0
P,434,1624,19,0,0.0
P,434,1708,18,0,0.0
P,434,1715,323,0,0.0
P,434,1722,32,0,0.0
P,434,1799,2,0,0.0
P,434,1806,7,0,0.0
P,434,1862,5,0,0.0
P,434,1869,135,0,0.0
P,434,1890,2,0,0.0
P,434,1897,65,0,0.0
P,434,1981,1,0,0.0
P,434,1988,29,0,0.0
P,434,2079,92,0,0.0
P,434,2086,47,0,0.0
P,434,2170,2,0,0.0
P,441,441,124,0,0.0
P,441,469,538,0,0.0
P,441,476,237,0,0.0
P,441,525,35,0,0.0
P,441,532,615,0,0.0
P,441,539,69,0,0.0
P,441,560,2,0,0.0
P,441,588,22,0,0.0
P,441,595,441,0,0.0
P,441,616,5,0,0.0
P,441,623,5186,0,0.0
P,441,630,721,0,0.0
P,441,707,1,0,0.0
P,441,714,421,0,0.0
P,441,721,60,0,0.0
P,441,770,75,0,0.0
P,441,777,235,0,0.0
P,441,805,2067,0,0.0
P,441,812,223,0,0.0
P,441,896,50,0,0.0
P,441,903,42,0,0.0
P,441,987,1002,0,0.0
P,441,994,189,0,0.0
P,441,1078,44,0,0.0
P,441,1085,5,0,0.0
P,441,1141,52,0,0.0
P,441,1169,82,0,0.0
P,441,1176,38,0,0.0
P,441,1260,6,0,0.0
P,441,1351,76,0,0.0
P,441,1358,10,0,0.0
P,441,1442,4,0,0.0
P,441,1449,1,0,0.0
P,441,1505,4,0,0.0
P,441,1533,84,0,0.0
P,441,1540,87,0,0.0
P,441,1624,2,0,0.0
P,441,1631,14,0,0.0
P,441,1715,18,0,0.0
P,441,1722,75,0,0.0
P,441,1729,11,0,0.0
P,441,1806,1,0,0.0
P,441,1813,6,0,0.0
P,441,1869,28,0,0.0
P,441,1876,4,0,0.0
P,441,1897,10,0,0.0
P,441,1904,41,0,0.0
P,441,1995,7,0,0.0
P,441,2086,18,0,0.0
P,441,2093,1,0,0.0
P,441,2177,1,0,0.0
P,448,448,17,0,0.0
P,448,476,550,0,0.0
P,448,483,446,0,0.0
P,448,532,7,0,0.0
P,448,539,1577,0,0.0
P,448,546,72,0,0.0
P,448,574,1,0,0.0
P,448,595,16,0,0.0
P,448,602,893,1,0.0011198208286674132
P,448,623,24,0,0.0
P,448,630,7087,1,0.00014110342881332017
P,448,637,226,0,0.0
P,448,714,22,0,0.0
P,448,721,281,1,0.0035587188612099642
P,448,728,72,0,0.0
P,448,777,44,0,0.0
P,448,784,533,0,0.0
P,448,812,1849,0,0.0
P,448,819,219,0,0.0
P,448,903,122,0,0.0
P,448,910,4,0,0.0
P,448,994,861,1,0.0011614401858304297
P,448,1001,114,0,0.0
P,448,1085,8,0,0.0
P,448,1092,10,0,0.0
P,448,1148,22,0,0.0
P,448,1176,192,0,0.0
P,448,1183,59,0,0.0
P,448,1267,18,0,0.0
P,448,1274,2,0,0.0
P,448,1358,16,0,0.0
P,448,1365,10,0,0.0
P,448,1449,3,0,0.0
P,448,1512,8,0,0.0
P,448,1540,74,0,0.0
P,448,1547,43,0,0.0
P,448,1631,11,0,0.0
P,448,1638,3,0,0.0
P,448,1722,18,0,0.0
P,448,1729,34,0,0.0
P,448,1820,4,0,0.0
P,448,1876,56,0,0.0
P,448,1883,2,0,0.0
P,448,1904,3,0,0.0
P,448,1911,27,0,0.0
P,448,2002,10,0,0.0
P,448,2093,18,0,0.0
P,455,455,35,0,0.0
P,455,483,709,5,0.007052186177715092
P,455,490,70,0,0.0
P,455,539,2,0,0.0
P,455,546,1167,0,0.0
P,455,553,9,0,0.0
P,455,602,41,0,0.0
P,455,609,155,0,0.0
P,455,630,222,0,0.0
P,455,637,6209,27,0.004348526332742793
P,455,644,392,1,0.002551020408163265
P,455,721,13,0,0.0
P,455,728,731,0,0.0
P,455,735,11,0,0.0
P,455,784,90,0,0.0
P,455,791,161,0,0.0
P,455,819,1607,0,0.0
P,455,826,164,0,0.0
P,455,910,42,0,0.0
P,455,917,80,0,0.0
P,455,1001,1097,14,0.01276207839562443
P,455,1008,137,1,0.0072992700729927005
P,455,1092,59,0,0.0
P,455,1099,1,0,0.0
P,455,1155,19,0,0.0
P,455,1183,15,0,0.0
P,455,1190,37,0,0.0
P,455,1274,8,0,0.0
P,455,1281,9,0,0.0
P,455,1365,31,0,0.0
P,455,1372,14,0,0.0
P,455,1456,35,0,0.0
P,455,1463,2,0,0.0
P,455,1519,5,0,0.0
P,455,1547,33,0,0.0
P,455,1554,29,0,0.0
P,455,1638,1,0,0.0
P,455,1645,8,0,0.0
P,455,1729,24,0,0.0
P,455,1736,15,0,0.0
P,455,1827,24,0,0.0
P,455,1890,4,0,0.0
P,455,1911,7,0,0.0
P,455,1918,32,0,0.0
P,455,2009,2,0,0.0
P,455,2100,22,0,0.0
P,455,2107,1,0,0.0
P,455,2191,2,0,0.0
P,462,462,2,0,0.0
P,462,490,424,0,0.0
P,462,497,59,0,0.0
P,462,546,33,0,0.0
P,462,553,272,0,0.0
P,462,609,27,0,0.0
P,462,616,53,0,0.0
P,462,637,12,0,0.0
P,462,644,6374,6,0.0009413241292751804
P,462,651,491,0,0.0
P,462,735,290,0,0.0
P,462,791,121,1,0.008264462809917356
P,462,798,117,0,0.0
P,462,826,1124,0,0.0
P,462,833,70,0,0.0
P,462,917,12,0,0.0
P,462,924,13,0,0.0
P,462,1008,1687,0,0.0
P,462,1015,139,0,0.0
P,462,1099,12,0,0.0
P,462,1162,6,0,0.0
P,462,1190,20,0,0.0
P,462,1281,1,0,0.0
P,462,1372,70,0,0.0
P,462,1379,12,0,0.0
P,462,1463,15,0,0.0
P,462,1554,17,0,0.0
P,462,1561,1,0,0.0
P,462,1645,3,0,0.0
P,462,1652,6,0,0.0
P,462,1736,25,0,0.0
P,462,1743,66,0,0.0
P,462,1750,22,0,0.0
P,462,1834,47,0,0.0
P,462,1890,1,0,0.0
P,462,1897,2,0,0.0
P,462,1918,3,0,0.0
P,462,1925,9,0,0.0
P,462,2107,106,0,0.0
P,462,2114,4,0,0.0
P,469,469,7,0,0.0
P,469,497,106,0,0.0
P,469,504,164,3,0.018292682926829267
P,469,560,34,0,0.0
P,469,616,6,0,0.0
P,469,623,183,0,0.0
P,469,644,1,0,0.0
P,469,651,3714,0,0.0
P,469,658,985,0,0.0
P,469,742,10,0,0.0
P,469,798,25,0,0.0
P,469,805,86,0,0.0
P,469,833,812,0,0.0
P,469,840,161,0,0.0
P,469,924,9,0,0.0
P,469,1015,851,0,0.0
P,469,1022,142,0,0.0
P,469,1169,4,0,0.0
P,469,1197,14,0,0.0
P,469,1204,14,0,0.0
P,469,1379,25,0,0.0
P,469,1386,11,0,0.0
P,469,1533,5,0,0.0
P,469,1561,12,0,0.0
P,469,1568,3,0,0.0
P,469,1659,1,0,0.0
P,469,1743,11,0,0.0
P,469,1750,16,0,0.0
P,469,1757,21,0,0.0
P,469,1841,2,0,0.0
P,469,1897,1,0,0.0
P,469,1925,1,0,0.0
P,469,1932,14,0,0.0
P,469,2114,10,0,0.0
P,476,504,109,0,0.0
P,476,511,249,0,0.0
P,476,567,155,0,0.0
P,476,623,19,0,0.0
P,476,630,201,0,0.0
P,476,651,538,0,0.0
P,476,658,6586,48,0.0072881870634679624
P,476,665,549,0,0.0
P,476,749,4,0,0.0
P,476,805,56,0,0.0
P,476,812,96,0,0.0
P,476,840,1770,5,0.002824858757062147
P,476,847,153,0,0.0
P,476,931,4,0,0.0
P,476,938,2,0,0.0
P,476,1022,562,0,0.0
P,476,1029,118,0,0.0
P,476,1176,46,0,0.0
P,476,1204,110,0,0.0
P,476,1211,12,0,0.0
P,476,1295,4,0,0.0
P,476,1386,39,0,0.0
P,476,1393,7,0,0.0
P,476,1540,29,0,0.0
P,476,1568,25,0,0.0
P,476,1575,43,0,0.0
P,476,1750,8,0,0.0
P,476,1757,31,0,0.0
P,476,1764,9,0,0.0
P,476,1848,2,0,0.0
P,476,1904,5,0,0.0
P,476,1932,3,0,0.0
P,476,1939,110,0,0.0
P,476,2121,26,0,0.0
P,476,2128,6,0,0.0
P,483,483,4,0,0.0
P,483,511,99,0,0.0
P,483,518,94,0,0.0
P,483,574,256,0,0.0
P,483,630,155,0,0.0
P,483,637,78,0,0.0
P,483,658,19,0,0.0
P,483,665,2630,0,0.0
P,483,672,447,0,0.0
P,483,812,53,0,0.0
P,483,819,113,0,0.0
P,483,847,1472,0,0.0
P,483,854,86,0,0.0
P,483,938,3,0,0.0
P,483,945,2,0,0.0
P,483,1029,206,0,0.0
P,483,1036,109,0,0.0
P,483,1183,4,0,0.0
P,483,1211,40,0,0.0
P,483,1218,53,0,0.0
P,483,1302,1,0,0.0
P,483,1309,1,0,0.0
P,483,1393,17,0,0.0
P,483,1400,24,0,0.0
P,483,1547,6,0,0.0
P,483,1575,47,0,0.0
P,483,1582,51,0,0.0
P,483,1757,4,0,0.0
P,483,1764,25,0,0.0
P,483,1771,17,0,0.0
P,483,1911,1,0,0.0
P,483,1918,8,0,0.0
P,483,1939,1,0,0.0
P,483,1946,51,0,0.0
P,483,2128,4,0,0.0
P,483,2135,6,0,0.0
P,490,490,19,0,0.0
P,490,518,410,0,0.0
P,490,525,89,0,0.0
P,490,581,174,0,0.0
P,490,637,14,0,0.0
P,490,644,10,0,0.0
P,490,665,17,0,0.0
P,490,672,2122,0,0.0
P,490,679,271,0,0.0
P,490,819,17,0,0.0
P,490,826,32,0,0.0
P,490,854,1411,1,0.0007087172218284905
P,490,861,213,0,0.0
P,490,945,14,0,0.0
P,490,952,23,0,0.0
P,490,1036,231,0,0.0
P,490,1043,38,0,0.0
P,490,1190,2,0,0.0
P,490,1218,54,0,0.0
P,490,1225,18,0,0.0
P,490,1309,1,0,0.0
P,490,1316,1,0,0.0
P,490,1400,21,0,0.0
P,490,1407,4,0,0.0
P,490,1582,24,0,0.0
P,490,1589,71,0,0.0
P,490,1680,4,0,0.0
P,490,1764,7,0,0.0
P,490,1771,4,0,0.0
P,490,1925,2,0,0.0
P,490,1946,3,0,0.0
P,490,1953,33,0,0.0
P,497,497,26,0,0.0
P,497,525,52,5,0.09615384615384616
P,497,532,41,0,0.0
P,497,588,31,0,0.0
P,497,644,8,0,0.0
P,497,651,6,0,0.0
P,497,672,127,0,0.0
P,497,679,3027,0,0.0
P,497,686,348,0,0.0
P,497,826,30,0,0.0
P,497,833,19,0,0.0
P,497,861,2588,1,0.0003863987635239567
P,497,868,173,0,0.0
P,497,952,1,0,0.0
P,497,1043,265,0,0.0
P,497,1050,60,0,0.0
P,497,1197,2,0,0.0
P,497,1225,143,0,0.0
P,497,1232,14,0,0.0
P,497,1316,2,0,0.0
P,497,1407,15,0,0.0
P,497,1414,3,0,0.0
P,497,1589,35,0,0.0
P,497,1596,33,0,0.0
P,497,1687,5,0,0.0
P,497,1771,12,0,0.0
P,497,1778,17,0,0.0
P,497,1785,1,0,0.0
P,497,1953,3,0,0.0
P,497,1960,86,0,0.0
P,497,2142,3,0,0.0
P,497,2149,1,0,0.0
P,504,504,36,0,0.0
P,504,532,280,0,0.0
P,504,539,34,0,0.0
P,504,651,26,0,0.0
P,504,658,11,0,0.0
P,504,679,205,0,0.0
P,504,686,2778,0,0.0
P,504,693,96,0,0.0
P,504,833,25,0,0.0
P,504,840,15,0,0.0
P,504,868,1227,0,0.0
P,504,875,67,0,0.0
P,504,1050,182,0,0.0
P,504,1057,145,0,0.0
P,504,1204,3,0,0.0
P,504,1232,29,0,0.0
P,504,1239,2,0,0.0
P,504,1414,24,0,0.0
P,504,1421,10,0,0.0
P,504,1568,1,0,0.0
P,504,1596,16,0,0.0
P,504,1603,28,0,0.0
P,504,1778,36,0,0.0
P,504,1785,24,0,0.0
P,504,1960,3,0,0.0
P,504,1967,61,0,0.0
P,504,2149,4,0,0.0
P,511,511,7,0,0.0
P,511,539,35,0,0.0
P,511,546,54,0,0.0
P,511,658,5,0,0.0
P,511,665,3,0,0.0
P,511,686,118,0,0.0
P,511,693,2501,0,0.0
P,511,700,141,0,0.0
P,511,840,66,0,0.0
P,511,847,7,0,0.0
P,511,875,813,0,0.0
P,511,882,97,0,0.0
P,511,1057,161,0,0.0
P,511,1064,86,5,0.05813953488372093
P,511,1211,2,0,0.0
P,511,1239,33,0,0.0
P,511,1246,2,0,0.0
P,511,1421,6,0,0.0
P,511,1428,24,0,0.0
P,511,1603,8,0,0.0
P,511,1610,18,0,0.0
P,511,1785,40,0,0.0
P,511,1792,22,2,0.09090909090909091
P,511,1799,13,0,0.0
P,511,1946,2,0,0.0
P,511,1967,7,0,0.0
P,511,1974,21,0,0.0
P,511,2156,3,0,0.0
P,518,518,21,0,0.0
P,518,546,24,0,0.0
P,518,553,27,0,0.0
P,518,665,17,0,0.0
P,518,672,3,0,0.0
P,518,693,27,0,0.0
P,518,700,1851,0,0.0
P,518,707,198,0,0.0
P,518,847,45,0,0.0
P,518,854,21,0,0.0
P,518,882,1143,2,0.0017497812773403325
P,518,889,71,0,0.0
P,518,1064,152,0,0.0
P,518,1071,27,0,0.0
P,518,1246,35,0,0.0
P,518,1428,15,0,0.0
P,518,1435,16,0,0.0
P,518,1610,12,0,0.0
P,518,1617,20,0,0.0
P,518,1792,20,0,0.0
P,518,1799,26,0,0.0
P,518,1806,3,0,0.0
P,518,1974,8,0,0.0
P,518,1981,20,0,0.0
P,518,2163,3,0,0.0
P,525,553,89,0,0.0
P,525,560,10,0,0.0
P,525,672,12,0,0.0
P,525,679,8,0,0.0
P,525,700,10,0,0.0
P,525,707,1820,0,0.0
P,525,714,128,0,0.0
P,525,854,25,0,0.0
P,525,861,13,0,0.0
P,525,889,983,2,0.002034587995930824
P,525,896,123,0,0.0
P,525,1071,175,0,0.0
P,525,1078,14,0,0.0
P,525,1225,1,0,0.0
P,525,1253,54,0,0.0
P,525,1260,6,0,0.0
P,525,1435,4,0,0.0
P,525,1442,2,0,0.0
P,525,1617,27,0,0.0
P,525,1624,37,0,0.0
P,525,1799,23,0,0.0
P,525,1806,5,0,0.0
P,525,1813,2,0,0.0
P,525,1981,2,0,0.0
P,525,1988,46,0,0.0
P,525,2170,5,0,0.0
P,532,532,6,0,0.0
P,532,560,25,0,0.0
P,532,567,11,0,0.0
P,532,679,191,0,0.0
P,532,686,3,0,0.0
P,532,707,11,0,0.0
P,532,714,1081,0,0.0
P,532,721,57,0,0.0
P,532,861,12,0,0.0
P,532,868,17,0,0.0
P,532,896,649,5,0.007704160246533128
P,532,903,206,0,0.0
P,532,1078,98,0,0.0
P,532,1085,4,0,0.0
P,532,1260,28,0,0.0
P,532,1267,5,0,0.0
P,532,1442,15,0,0.0
P,532,1449,4,0,0.0
P,532,1596,1,0,0.0
P,532,1624,8,0,0.0
P,532,1631,32,0,0.0
P,532,1806,6,0,0.0
P,532,1813,5,0,0.0
P,532,1995,20,0,0.0
P,532,2177,1,0,0.0
P,539,539,4,0,0.0
P,539,567,7,0,0.0
P,539,574,13,0,0.0
P,539,686,2,0,0.0
P,539,693,5,0,0.0
P,539,714,81,0,0.0
P,539,721,1590,2,0.0012578616352201257
P,539,728,100,0,0.0
P,539,868,1,0,0.0
P,539,875,7,0,0.0
P,539,903,1389,2,0.0014398848092152627
P,539,910,108,0,0.0
P,539,1085,109,0,0.0
P,539,1092,19,0,0.0
P,539,1239,3,0,0.0
P,539,1267,96,0,0.0
P,539,1274,2,0,0.0
P,539,1449,12,0,0.0
P,539,1456,2,0,0.0
P,539,1631,11,0,0.0
P,539,1638,38,0,0.0
P,539,1813,13,0,0.0
P,539,1820,12,0,0.0
P,539,1827,6,0,0.0
P,539,1974,2,0,0.0
P,539,2002,66,0,0.0
P,539,2184,2,0,0.0
P,546,546,1,0,0.0
P,546,574,5,0,0.0
P,546,581,26,0,0.0
P,546,693,6,0,0.0
P,546,700,2,0,0.0
P,546,721,35,0,0.0
P,546,728,1142,0,0.0
P,546,735,197,0,0.0
P,546,875,7,0,0.0
P,546,882,4,0,0.0
P,546,910,633,0,0.0
P,546,917,281,0,0.0
P,546,1092,49,0,0.0
P,546,1099,10,0,0.0
P,546,1274,31,0,0.0
P,546,1281,12,0,0.0
P,546,1456,12,0,0.0
P,546,1463,6,0,0.0
P,546,1638,10,0,0.0
P,546,1645,60,0,0.0
P,546,1820,3,0,0.0
P,546,1827,9,0,0.0
P,546,1834,19,0,0.0
P,546,1981,4,0,0.0
P,546,2009,25,0,0.0
P,546,2191,2,0,0.0
P,553,553,16,0,0.0
P,553,581,7,0,0.0
P,553,588,7,0,0.0
P,553,700,19,0,0.0
P,553,735,677,0,0.0
P,553,742,52,0,0.0
P,553,882,19,0,0.0
P,553,889,5,0,0.0
P,553,917,1350,0,0.0
P,553,924,105,0,0.0
P,553,1099,42,0,0.0
P,553,1106,2,0,0.0
P,553,1281,28,0,0.0
P,553,1463,60,0,0.0
P,553,1645,23,0,0.0
P,553,1652,27,0,0.0
P,553,1827,9,0,0.0
P,553,1834,11,0,0.0
P,553,2016,31,0,0.0
P,553,2198,1,0,0.0
P,560,560,7,0,0.0
P,560,588,5,0,0.0
P,560,707,4,0,0.0
P,560,742,372,0,0.0
P,560,749,18,0,0.0
P,560,889,22,0,0.0
P,560,896,2,0,0.0
P,560,924,867,1,0.0011534025374855825
P,560,931,34,0,0.0
P,560,1106,14,0,0.0
P,560,1113,3,0,0.0
P,560,1288,34,0,0.0
P,560,1295,1,0,0.0
P,560,1470,16,0,0.0
P,560,1477,1,0,0.0
P,560,1624,1,0,0.0
P,560,1652,29,0,0.0
P,560,1659,22,0,0.0
P,560,1834,1,0,0.0
P,560,1841,12,0,0.0
P,560,1995,1,0,0.0
P,560,2023,13,0,0.0
P,567,567,12,0,0.0
P,567,595,5,0,0.0
P,567,749,623,0,0.0
P,567,756,10,0,0.0
P,567,896,3,0,0.0
P,567,903,1,0,0.0
P,567,931,1183,3,0.00253592561284869
P,567,938,136,0,0.0
P,567,1113,26,0,0.0
P,567,1295,13,0,0.0
P,567,1302,2,0,0.0
P,567,1477,13,0,0.0
P,567,1484,1,0,0.0
P,567,1659,13,0,0.0
P,567,1666,24,0,0.0
P,567,1841,10,0,0.0
P,567,2030,4,0,0.0
P,574,574,40,0,0.0
P,574,602,21,0,0.0
P,574,756,276,0,0.0
P,574,763,20,0,0.0
P,574,938,1005,0,0.0
P,574,945,298,0,0.0
P,574,1120,2,0,0.0
P,574,1302,11,0,0.0
P,574,1309,1,0,0.0
P,574,1484,2,0,0.0
P,574,1491,1,0,0.0
P,574,1666,6,0,0.0
P,574,1673,21,0,0.0
P,574,1848,5,0,0.0
P,574,1855,6,0,0.0
P,574,2037,5,0,0.0
P,581,581,13,0,0.0
P,581,763,282,0,0.0
P,581,770,14,0,0.0
P,581,910,2,0,0.0
P,581,945,1100,0,0.0
P,581,952,218,0,0.0
P,581,1127,13,0,0.0
P,581,1134,5,0,0.0
P,581,1309,27,0,0.0
P,581,1316,13,0,0.0
P,581,1491,11,0,0.0
P,581,1498,1,0,0.0
P,581,1673,11,0,0.0
P,581,1680,47,0,0.0
P,581,1855,9,0,0.0
P,581,1862,6,0,0.0
P,581,2044,24,0,0.0
P,588,588,12,0,0.0
P,588,770,219,0,0.0
P,588,777,5,0,0.0
P,588,924,1,0,0.0
P,588,952,713,0,0.0
P,588,959,323,12,0.03715170278637771
P,588,1134,33,0,0.0
P,588,1141,4,0,0.0
P,588,1316,48,0,0.0
P,588,1323,3,0,0.0
P,588,1498,3,0,0.0
P,588,1680,9,0,0.0
P,588,1687,36,0,0.0
P,588,1869,18,0,0.0
P,588,2051,17,0,0.0
P,595,595,16,0,0.0
P,595,777,288,1,0.003472222222222222
P,595,784,21,0,0.0
P,595,959,1008,0,0.0
P,595,966,111,0,0.0
P,595,1141,16,0,0.0
P,595,1148,5,0,0.0
P,595,1323,17,0,0.0
P,595,1330,7,0,0.0
P,595,1505,2,0,0.0
P,595,1687,5,0,0.0
P,595,1694,49,0,0.0
P,595,1869,5,0,0.0
P,595,1876,1,0,0.0
P,595,1883,1,0,0.0
P,595,2058,8,0,0.0
P,602,784,611,0,0.0
P,602,791,17,0,0.0
P,602,938,7,0,0.0
P,602,966,1009,0,0.0
P,602,973,87,0,0.0
P,602,1148,13,0,0.0
P,602,1330,53,0,0.0
P,602,1337,5,0,0.0
P,602,1512,9,0,0.0
P,602,1519,1,0,0.0
P,602,1694,5,0,0.0
P,602,1701,27,0,0.0
P,602,1876,20,0,0.0
P,602,1883,5,0,0.0
P,602,1890,1,0,0.0
P,602,2065,7,0,0.0
P,609,791,460,0,0.0
P,609,798,9,0,0.0
P,609,973,1306,0,0.0
P,609,980,68,0,0.0
P,609,1155,6,0,0.0
P,609,1162,2,0,0.0
P,609,1337,120,0,0.0
P,609,1344,2,0,0.0
P,609,1519,3,0,0.0
P,609,1701,13,0,0.0
P,609,1708,18,0,0.0
P,609,1883,1,0,0.0
P,609,1890,3,0,0.0
P,609,2072,9,0,0.0
P,616,798,199,0,0.0
P,616,805,4,0,0.0
P,616,980,2187,1,0.0004572473708276177
P,616,987,27,0,0.0
P,616,1162,7,0,0.0
P,616,1344,153,0,0.0
P,616,1351,5,0,0.0
P,616,1526,3,0,0.0
P,616,1533,1,0,0.0
P,616,1708,4,0,0.0
P,616,1715,207,0,0.0
P,616,1890,5,0,0.0
P,616,1897,4,0,0.0
P,616,2079,28,0,0.0
P,623,805,185,0,0.0
P,623,812,10,0,0.0
P,623,987,1377,8,0.005809731299927378
P,623,994,55,0,0.0
P,623,1169,9,0,0.0
P,623,1176,2,0,0.0
P,623,1351,81,0,0.0
P,623,1358,10,0,0.0
P,623,1533,13,0,0.0
P,623,1715,5,0,0.0
P,623,1722,144,0,0.0
P,623,1897,5,0,0.0
P,623,1911,2,0,0.0
P,623,2086,117,0,0.0
P,630,812,318,0,0.0
P,630,819,72,0,0.0
P,630,994,1587,10,0.00630119722747322
P,630,1001,94,0,0.0
P,630,1176,99,0,0.0
P,630,1183,1,0,0.0
P,630,1358,12,0,0.0
P,630,1365,19,0,0.0
P,630,1540,35,0,0.0
P,630,1547,1,0,0.0
P,630,1729,82,0,0.0
P,630,1904,6,0,0.0
P,630,1911,2,0,0.0
P,630,2093,6,0,0.0
P,637,819,154,0,0.0
P,637,826,3,0,0.0
P,637,1001,2032,53,0.02608267716535433
P,637,1008,86,0,0.0
P,637,1183,5,0,0.0
P,637,1365,14,0,0.0
P,637,1372,19,0,0.0
P,637,1547,3,0,0.0
P,637,1729,3,0,0.0
P,637,1736,39,0,0.0
P,637,1911,1,0,0.0
P,637,1918,4,0,0.0
P,637,2100,18,0,0.0
P,644,826,196,0,0.0
P,644,833,1,0,0.0
P,644,1008,2782,2,0.0007189072609633358
P,644,1015,88,1,0.011363636363636364
P,644,1190,16,0,0.0
P,644,1372,44,0,0.0
P,644,1379,13,0,0.0
P,644,1554,1,0,0.0
P,644,1736,1,0,0.0
P,644,1743,68,0,0.0
P,644,2107,50,0,0.0
P,651,833,109,0,0.0
P,651,840,44,0,0.0
P,651,1015,2205,1,0.00045351473922902497
P,651,1022,60,0,0.0
P,651,1197,2,0,0.0
P,651,1204,11,0,0.0
P,651,1379,28,0,0.0
P,651,1386,18,0,0.0
P,651,1743,6,0,0.0
P,651,1750,52,0,0.0
P,651,1939,7,0,0.0
P,651,2114,19,0,0.0
P,658,840,288,0,0.0
P,658,847,1,0,0.0
P,658,1022,1599,0,0.0
P,658,1029,99,0,0.0
P,658,1204,19,0,0.0
P,658,1211,1,0,0.0
P,658,1386,15,0,0.0
P,658,1393,22,0,0.0
P,658,1568,5,0,0.0
P,658,1575,1,0,0.0
P,658,1750,4,0,0.0
P,658,1757,40,0,0.0
P,658,1932,2,0,0.0
P,658,1939,7,0,0.0
P,658,1946,2,0,0.0
P,658,2121,20,0,0.0
P,665,847,215,0,0.0
P,665,854,49,0,0.0
P,665,1029,412,0,0.0
P,665,1036,40,0,0.0
P,665,1211,18,0,0.0
P,665,1218,1,0,0.0
P,665,1393,14,0,0.0
P,665,1400,6,0,0.0
P,665,1575,12,0,0.0
P,665,1764,30,0,0.0
P,665,1946,12,0,0.0
P,665,1953,3,0,0.0
P,665,2128,9,0,0.0
P,672,854,261,0,0.0
P,672,861,33,0,0.0
P,672,1036,413,0,0.0
P,672,1043,74,0,0.0
P,672,1218,13,0,0.0
P,672,1225,9,0,0.0
P,672,1400,7,0,0.0
P,672,1407,9,0,0.0
P,672,1582,17,0,0.0
P,672,1596,2,0,0.0
P,672,1764,3,0,0.0
P,672,1771,13,0,0.0
P,672,1960,5,0,0.0
P,679,861,644,0,0.0
P,679,868,11,0,0.0
P,679,1043,434,2,0.004608294930875576
P,679,1050,30,0,0.0
P,679,1225,38,0,0.0
P,679,1232,4,0,0.0
P,679,1407,5,0,0.0
P,679,1414,2,0,0.0
P,679,1589,5,0,0.0
P,679,1771,4,0,0.0
P,679,1778,13,0,0.0
P,679,1953,3,0,0.0
P,679,1960,10,0,0.0
P,679,1967,5,0,0.0
P,679,2142,1,0,0.0
P,686,868,113,0,0.0
P,686,875,63,0,0.0
P,686,1050,218,0,0.0
P,686,1057,134,0,0.0
P,686,1232,3,0,0.0
P,686,1239,19,0,0.0
P,686,1414,13,0,0.0
P,686,1421,10,0,0.0
P,686,1596,1,0,0.0
P,686,1778,3,0,0.0
P,686,1785,24,0,0.0
P,686,1960,1,0,0.0
P,686,1967,1,0,0.0
P,686,1974,4,0,0.0
P,686,2149,1,0,0.0
P,693,875,149,0,0.0
P,693,882,2,0,0.0
P,693,1057,344,1,0.0029069767441860465
P,693,1064,119,14,0.11764705882352941
P,693,1239,15,0,0.0
P,693,1246,5,0,0.0
P,693,1421,12,0,0.0
P,693,1428,40,0,0.0
P,693,1610,7,0,0.0
P,693,1617,1,0,0.0
P,693,1792,48,3,0.0625
P,693,1974,5,0,0.0
P,693,2156,12,0,0.0
P,700,882,248,0,0.0
P,700,889,6,0,0.0
P,700,1064,401,0,0.0
P,700,1071,24,0,0.0
P,700,1246,7,0,0.0
P,700,1428,20,0,0.0
P,700,1435,2,0,0.0
P,700,1610,4,0,0.0
P,700,1617,1,0,0.0
P,700,1792,5,0,0.0
P,700,1799,20,0,0.0
P,700,1981,8,0,0.0
P,707,889,265,0,0.0
P,707,1071,400,0,0.0
P,707,1078,78,0,0.0
P,707,1253,2,0,0.0
P,707,1435,16,0,0.0
P,707,1442,2,0,0.0
P,707,1617,2,0,0.0
P,707,1624,2,0,0.0
P,707,1799,1,0,0.0
P,707,1806,29,0,0.0
P,707,1988,12,0,0.0
P,707,2170,2,0,0.0
P,714,896,66,0,0.0
P,714,903,21,0,0.0
P,714,1078,337,0,0.0
P,714,1085,56,0,0.0
P,714,1260,1,0,0.0
P,714,1442,5,0,0.0
P,714,1449,1,0,0.0
P,714,1624,2,0,0.0
P,714,1631,1,0,0.0
P,714,1638,2,0,0.0
P,714,1813,25,0,0.0
P,714,1995,1,0,0.0
P,714,2002,1,0,0.0
P,721,903,129,4,0.031007751937984496
P,721,910,3,0,0.0
P,721,1085,233,0,0.0
P,721,1092,33,0,0.0
P,721,1267,18,0,0.0
P,721,1449,6,0,0.0
P,721,1631,3,0,0.0
P,721,1638,4,0,0.0
P,721,1820,24,0,0.0
P,721,2002,14,0,0.0
P,728,910,23,0,0.0
P,728,1092,124,0,0.0
P,728,1099,2,0,0.0
P,728,1274,3,0,0.0
P,728,1456,11,0,0.0
P,728,1463,9,0,0.0
P,728,1638,10,0,0.0
P,728,1820,4,0,0.0
P,728,1827,31,0,0.0
P,728,2191,1,0,0.0
P,735,917,7,0,0.0
P,735,1099,89,0,0.0
P,735,1106,5,0,0.0
P,735,1463,40,0,0.0
P,735,1470,4,0,0.0
P,735,1827,23,0,0.0
P,735,1834,18,0,0.0
P,735,2198,1,0,0.0
P,742,1106,23,0,0.0
P,742,1113,19,0,0.0
P,742,1470,11,0,0.0
P,742,1834,4,0,0.0
P,742,1841,16,0,0.0
P,749,1113,22,0,0.0
P,749,1477,2,0,0.0
P,749,1484,1,0,0.0
P,749,1841,4,0,0.0
P,749,1848,3,0,0.0
P,756,1120,10,0,0.0
P,756,1127,3,0,0.0
P,756,1484,1,0,0.0
P,756,1491,6,0,0.0
P,756,1855,14,0,0.0
P,763,1127,12,0,0.0
P,763,1134,7,0,0.0
P,763,1491,9,0,0.0
P,763,1498,2,0,0.0
P,763,1855,2,0,0.0
P,763,1862,24,0,0.0
P,770,1134,24,0,0.0
P,770,1498,11,0,0.0
P,770,1505,1,0,0.0
P,770,1862,1,0,0.0
P,770,1869,46,0,0.0
P,777,1141,16,0,0.0
P,777,1505,3,0,0.0
P,777,1869,1,0,0.0
P,777,1876,1,0,0.0
P,784,1148,6,0,0.0
P,784,1512,5,0,0.0
P,784,1876,1,0,0.0
P,784,1883,16,0,0.0
P,791,1155,4,0,0.0
P,791,1519,1,0,0.0
P,791,1890,13,0,0.0
P,798,1162,3,0,0.0
P,798,1526,1,0,0.0
P,798,1897,9,0,0.0
P,805,1169,2,0,0.0
P,805,1533,8,0,0.0
P,805,1904,1,0,0.0
P,812,1176,25,0,0.0
P,812,1540,11,0,0.0
P,812,1911,4,0,0.0
P,819,1183,4,0,0.0
P,819,1547,2,0,0.0
P,819,1918,2,0,0.0
P,826,1190,3,0,0.0
P,826,1918,1,0,0.0
P,833,1197,2,0,0.0
P,833,1932,2,0,0.0
P,840,1204,11,0,0.0
P,840,1575,1,0,0.0
P,840,1932,1,0,0.0
P,840,1939,14,0,0.0
P,847,1211,7,0,0.0
P,847,1946,8,0,0.0
P,854,1218,16,0,0.0
P,854,1589,2,0,0.0
P,854,1953,6,0,0.0
P,861,1225,22,0,0.0
P,861,1589,6,0,0.0
P,861,1596,3,0,0.0
P,861,1953,4,0,0.0
P,861,1960,33,0,0.0
P,868,1232,5,0,0.0
P,868,1596,2,0,0.0
P,868,1967,4,0,0.0
P,875,1239,7,0,0.0
P,875,1603,2,0,0.0
P,875,1610,1,0,0.0
P,875,1974,14,0,0.0
P,882,1246,6,0,0.0
P,882,1617,9,0,0.0
P,882,1981,7,0,0.0
P,889,1253,1,0,0.0
P,889,1624,5,0,0.0
P,889,1988,4,0,0.0
P,896,1260,2,0,0.0
P,896,1631,2,0,0.0
P,903,1267,6,0,0.0
P,903,1638,2,0,0.0
P,903,1995,2,1,0.5
P,903,2002,15,0,0.0
P,910,2009,2,0,0.0
P,917,1652,4,0,0.0
P,917,2016,1,0,0.0
P,924,1288,3,0,0.0
P,924,1652,2,0,0.0
P,924,1659,1,0,0.0
P,924,2023,3,0,0.0
P,931,1295,1,0,0.0
P,931,1666,3,0,0.0
P,931,2030,2,0,0.0
P,938,1302,1,0,0.0
P,945,1309,5,0,0.0
P,945,1680,6,0,0.0
P,945,2044,6,0,0.0
P,952,1316,5,0,0.0
P,952,2051,1,0,0.0
P,959,1323,6,0,0.0
P,959,1694,4,0,0.0
P,966,1330,15,0,0.0
P,966,1694,1,0,0.0
P,966,1701,5,0,0.0
P,966,2065,11,0,0.0
P,973,1337,6,0,0.0
P,973,1701,1,0,0.0
P,973,1708,1,0,0.0
P,973,2072,8,0,0.0
P,980,1344,35,0,0.0
P,980,1715,53,0,0.0
P,980,2079,17,0,0.0
P,987,1351,11,0,0.0
P,987,1722,13,0,0.0
P,987,2086,24,0,0.0
P,994,1358,2,0,0.0
P,994,1722,1,0,0.0
P,994,1729,7,0,0.0
P,994,2093,4,0,0.0
P,1001,1365,3,0,0.0
P,1001,1736,1,0,0.0
P,1001,2100,5,0,0.0
P,1008,1372,3,0,0.0
P,1008,1743,4,0,0.0
P,1008,2107,15,0,0.0
P,1015,1379,7,0,0.0
P,1015,1750,2,0,0.0
P,1022,1386,3,0,0.0
P,1022,1750,1,0,0.0
P,1022,1757,1,0,0.0
P,1022,2121,2,0,0.0
P,1029,1393,2,0,0.0
P,1029,1764,5,0,0.0
P,1029,2128,2,0,0.0
P,1036,1400,2,0,0.0
P,1036,1771,6,0,0.0
P,1043,1771,1,0,0.0
P,1050,1414,2,0,0.0
P,1050,1785,1,0,0.0
P,1057,1421,1,0,0.0
P,1064,1428,3,0,0.0
P,1064,1792,1,0,0.0
P,1064,1799,1,0,0.0
P,1071,1435,1,0,0.0
P,1071,1799,1,0,0.0
P,1071,1806,2,0,0.0
P,1078,1442,2,0,0.0
P,1078,1806,1,0,0.0
P,1078,1813,3,0,0.0
P,1085,1820,12,0,0.0
P,1092,1456,2,0,0.0
P,1092,1827,5,0,0.0
P,1099,1463,24,0,0.0
P,1099,1827,7,0,0.0
P,1106,1470,4,0,0.0
P,1106,1841,4,0,0.0
P,1127,1491,1,0,0.0
P,1127,1862,1,0,0.0
P,1134,1498,5,0,0.0
P,1134,1869,16,0,0.0
P,1141,1869,1,0,0.0
P,1148,1512,1,0,0.0
P,1155,1519,2,0,0.0
P,1155,1890,1,0,0.0
P,1204,1575,2,0,0.0
P,1204,1939,1,0,0.0
P,1218,1589,2,0,0.0
P,1225,1589,1,0,0.0
P,1225,1596,5,0,0.0
P,1225,1960,1,0,0.0
P,1239,1974,2,0,0.0
P,1246,1981,1,0,0.0
P,1253,1624,1,0,0.0
P,1260,1995,1,0,0.0
P,1267,2002,2,0,0.0
P,1274,1645,1,0,0.0
P,1302,1673,1,0,0.0
P,1316,1687,3,0,0.0
P,1330,2065,2,0,0.0
P,1337,2072,2,0,0.0
P,1344,1715,1,0,0.0
P,1351,2086,8,1,0.125
P,1365,1729,2,0,0.0
P,1372,2107,3,0,0.0
P,1393,1764,1,0,0.0
P,1400,1771,1,0,0.0
P,1442,1813,1,0,0.0
P,1463,1834,3,0,0.0
P,1470,1841,12,1,0.08333333333333333
P,1498,1869,2,0,0.0
P,1512,1876,2,0,0.0
P,1589,1953,3,0,0.0
P,1596,1960,2,0,0.0
P,1624,1988,5,0,0.0
P,1743,2107,2,0,0.0
