sample,cp_flag,liquidity,trading_days_after_start,at_risk,corrected_today,expired_while_violating_today,expired_unresolved_today,sample_censored_today,confirmed_correction_probability,expired_while_violating_probability,expired_unresolved_probability,still_unresolved_probability
full,C,all,0,1456294,0,0,0,11,0.0,0.0,0.0,1.0
full,C,all,1,1456283,343209,36475,0,6,0.2356746593896928,0.02504664271985596,0.0,0.7392786978904513
full,C,all,2,1076593,145199,2824,65632,19,0.3353804234574469,0.026985837051272415,0.04506841443325946,0.5925653250580213
full,C,all,3,862919,79680,916,53239,1,0.3900965730620136,0.027614853028152225,0.08162756464407182,0.5006610092657624
full,C,all,4,729083,56064,403,39914,15,0.4285956998054375,0.027891592969604848,0.10903649274119333,0.4344762144837644
full,C,all,5,632687,36226,434,57041,2,0.45347266953278903,0.028189627664621426,0.1482074536592593,0.3701302491433303
full,C,all,6,538984,22940,211,50260,0,0.46922599043906454,0.028334525254474264,0.18272192221851855,0.3197175620879427
full,C,all,7,465573,18442,71,33558,2,0.4818904518232639,0.02838328226338209,0.20576681947103787,0.28395944644231624
full,C,all,8,413500,12054,71,23446,16,0.4901681958798919,0.028432039508115837,0.22186769778128346,0.25953206683070895
full,C,all,9,377913,9575,106,28634,8,0.49674383508760384,0.028504835096211656,0.24153212107878982,0.23321920873739485
full,C,all,10,339590,5827,48,37597,1,0.5007456264516393,0.028537799912665012,0.2673525003328899,0.203364073302806
full,C,all,11,296117,3927,3,22591,3,0.5034425696053931,0.028539860220651074,0.2828673062372577,0.18515026393669828
full,C,all,12,269593,4569,21,18049,4,0.5065804535857886,0.0285542825370416,0.295262943786428,0.16960232009074191
full,C,all,13,246950,3323,3,18025,0,0.508862650425884,0.02855634290132697,0.3076422992010286,0.1549387074717606
full,C,all,14,225599,2647,11,19396,0,0.5106805785136758,0.02856389757037333,0.3209632410940435,0.13979228282190753
full,C,all,15,203545,2257,15,17387,2,0.5122306592443694,0.02857419939180018,0.33290442570395534,0.12629071565987515
full,C,all,16,183884,1609,38,12828,0,0.5133357133083267,0.028600297623267167,0.3417146392107579,0.11634934985764825
full,C,all,17,169409,1633,29,9546,0,0.5144572504658422,0.028620214694649867,0.34827078967349073,0.10865174516601721
full,C,all,18,158201,1342,21,9441,0,0.5153789301139657,0.028634637401513202,0.35475482660190694,0.10123160588261412
full,C,all,19,147397,1316,1,12237,0,0.5162827530774013,0.02863532419707812,0.36315914392984133,0.09192277879567917
full,C,all,20,133843,656,0,14785,0,0.5167332909679894,0.02863532419707812,0.3733134163571937,0.08131796847773888
full,C,all,21,118402,654,0,12395,0,0.5171824552674475,0.02863532419707812,0.38182624738438553,0.07235597315108887
full,C,all,22,105353,387,0,14840,0,0.5174482451510719,0.02863532419707812,0.3920182935678085,0.06189813708404161
full,C,all,23,90126,337,0,9184,0,0.5176796952564502,0.02863532419707812,0.39832582403604005,0.05535915651043178
full,C,all,24,80605,570,0,9675,0,0.5180711687284549,0.02863532419707812,0.4049705711266477,0.04832293594781936
full,C,all,25,70360,427,0,7873,0,0.5183644304346761,0.02863532419707812,0.41037771260926825,0.04262253275897768
full,C,all,26,62060,212,0,4980,0,0.5185100310944393,0.02863532419707812,0.4137979545225733,0.03905669018590948
full,C,all,27,56868,203,0,4962,0,0.5186494505941182,0.02863532419707812,0.4172058341157097,0.035509391093094145
full,C,all,28,51703,253,0,5202,0,0.5188232098720431,0.02863532419707812,0.4207785446444271,0.03176292128645181
full,C,all,29,46248,218,0,5892,0,0.5189729313051958,0.02863532419707812,0.42482514411293976,0.027566600384786432
full,C,all,30,40138,159,0,4808,0,0.5190821318000183,0.02863532419707812,0.4281272571890784,0.02415528681382539
full,C,all,31,35171,91,0,3400,0,0.5191446301964261,0.02863532419707812,0.4304623621098087,0.02175768349668728
full,C,all,32,31680,159,0,3545,0,0.5192538306912485,0.02863532419707812,0.4328970523874525,0.01921379272422107
full,C,all,33,27976,99,0,3046,0,0.5193218234521757,0.02863532419707812,0.4349890316782009,0.017053820672545517
full,C,all,34,24831,87,0,3344,0,0.5193815746663238,0.02863532419707812,0.4372856760472957,0.014697425089302649
full,C,all,35,21400,45,0,1399,0,0.5194124804667453,0.02863532419707812,0.4382465030426197,0.01370569229355718
full,C,all,36,19956,75,0,1552,0,0.5194639901341143,0.02863532419707812,0.4393124097593766,0.012588275909431226
full,C,all,37,18329,32,0,1000,0,0.5194859675921917,0.02863532419707812,0.43999920532429726,0.01187950288643308
full,C,all,38,17297,37,0,2035,0,0.5195113790280937,0.02863532419707812,0.44139683429891086,0.010456462475917421
full,C,all,39,15225,40,0,1172,0,0.5195388508506906,0.02863532419707812,0.44220175870099787,0.009624066251233552
full,C,all,40,14013,53,0,1462,0,0.5195752510156314,0.02863532419707812,0.4432058538169119,0.008583570970378715
full,C,all,41,12498,20,0,817,0,0.5195889869269298,0.02863532419707812,0.4437669657934521,0.008008723082540102
full,C,all,42,11661,31,0,3403,0,0.5196102775894423,0.02863532419707812,0.4461041311008772,0.005650267112602472
full,C,all,43,8227,30,0,797,0,0.5196308814563899,0.02863532419707812,0.446651507166119,0.005082287180413066
full,C,all,44,7400,42,0,1092,0,0.5196597268701166,0.02863532419707812,0.4474014879230124,0.00430346100979301
full,C,all,45,6266,56,0,878,0,0.5196981874217522,0.02863532419707812,0.44800449442901275,0.0036619939521570903
full,C,all,46,5332,12,0,321,0,0.5197064289685313,0.02863532419707812,0.44822495580535227,0.0034332910290385023
full,C,all,47,4999,24,0,391,0,0.5197229120620893,0.02863532419707812,0.44849349287123624,0.003148270869596418
full,C,all,48,4584,13,0,251,0,0.5197318404044333,0.02863532419707812,0.44866587855803136,0.0029669568404573575
full,C,all,49,4320,13,0,280,0,0.5197407687467773,0.02863532419707812,0.44885818131620914,0.002765725739935597
full,C,all,50,4027,24,0,236,0,0.5197572518403354,0.02863532419707812,0.4490202650695304,0.002587158893056219
full,C,all,51,3767,38,0,393,0,0.5197833500718023,0.02863532419707812,0.4492901757265442,0.0022911500045754035
full,C,all,52,3336,68,0,139,0,0.5198300521702169,0.02863532419707812,0.4493856403100682,0.002148983322636822
full,C,all,53,3129,47,0,282,0,0.5198623315617682,0.02863532419707812,0.44957931665937584,0.0019230275817779165
full,C,all,54,2800,17,0,346,0,0.5198740070863719,0.02863532419707812,0.4498169479248384,0.001673720791711708
full,C,all,55,2437,43,0,65,0,0.5199035392956635,0.02863532419707812,0.44986158963655826,0.0015995468707002741
full,C,all,56,2329,114,0,121,0,0.5199818339900644,0.02863532419707812,0.44994469189991365,0.0014381499129439133
full,C,all,57,2094,36,0,50,0,0.5200065586304015,0.02863532419707812,0.44997903167815967,0.0013790854943607346
full,C,all,58,2008,211,0,64,0,0.5201514724945997,0.02863532419707812,0.4500229865943146,0.0011902167140075462
full,C,all,59,1733,31,0,47,0,0.5201727631571123,0.02863532419707812,0.45005526598586587,0.001136646659943733
full,C,all,60,1655,59,0,36,0,0.5202132840954425,0.02863532419707812,0.450079990626203,0.0010714010812762679
full,C,all,61,1560,11,0,23,0,0.5202208388466567,0.02863532419707812,0.4500957869241962,0.0010480500320689645
full,C,all,62,1526,7,0,81,0,0.5202256464156112,0.02863532419707812,0.4501514173649548,0.0009876120223559443
full,C,all,63,1438,12,0,26,0,0.5202338879623902,0.02863532419707812,0.45016927404964274,0.0009615137908889582
full,C,all,64,1400,6,0,32,0,0.5202380087357797,0.02863532419707812,0.4501912515077202,0.0009354155594219722
full,C,all,65,1362,7,0,145,0,0.5202428163047342,0.02863532419707812,0.4502908368646337,0.0008310226335540282
full,C,all,66,1210,21,0,153,0,0.5202572390115976,0.02863532419707812,0.4503959165860666,0.0007115202052578291
full,C,all,67,1036,4,0,19,0,0.5202599861938573,0.02863532419707812,0.45040896570180006,0.0006957239072646534
full,C,all,68,1013,20,0,60,0,0.5202737221051557,0.02863532419707812,0.4504501734356953,0.0006407802620709986
full,C,all,69,933,14,0,41,0,0.5202833372430645,0.02863532419707812,0.45047833205385707,0.0006030065060003609
full,C,all,70,878,4,0,39,0,0.5202860844253242,0.02863532419707812,0.450505117080889,0.0005734742967087714
full,C,all,71,835,4,0,21,0,0.5202888316075839,0.02863532419707812,0.45051953978775233,0.0005563044075857543
full,C,all,72,810,6,0,17,0,0.5202929523809734,0.02863532419707812,0.45053121531235596,0.0005405081095925786
full,C,all,73,787,4,0,3,0,0.5202956995632331,0.02863532419707812,0.4505332756990507,0.0005357005406381338
full,C,all,74,780,9,0,34,0,0.5203018807233174,0.02863532419707812,0.450556626748258,0.0005061683313465444
full,C,all,75,737,0,0,19,0,0.5203018807233174,0.02863532419707812,0.4505696758639915,0.0004931192156130514
full,C,all,76,718,3,0,96,0,0.5203039411100122,0.02863532419707812,0.45063560823822385,0.00042512645468590363
full,C,all,77,619,5,0,22,0,0.5203073750878369,0.02863532419707812,0.45065071774065213,0.00040658297443304516
full,C,all,78,592,3,0,21,0,0.5203094354745317,0.02863532419707812,0.4506651404475155,0.0003900998808749487
full,C,all,79,568,1,0,6,0,0.5203101222700967,0.02863532419707812,0.450669261220905,0.0003852923119205039
full,C,all,80,561,2,0,5,0,0.5203114958612265,0.02863532419707812,0.4506726951987296,0.0003804847429660591
full,C,all,81,554,2,0,8,0,0.5203128694523563,0.02863532419707812,0.45067818956324895,0.00037361678731685224
full,C,all,82,544,4,0,92,0,0.520315616634616,0.02863532419707812,0.45074137475522164,0.00030768441308446655
full,C,all,83,448,1,0,14,3,0.520316303430181,0.02863532419707812,0.4507509898931305,0.00029738247961065626
full,C,all,84,430,2,0,2,0,0.5203176866045047,0.02863532419707812,0.45075237306745425,0.0002946161309631153
full,C,all,85,426,4,0,37,0,0.5203204529531522,0.02863532419707812,0.450777961792444,0.00026626105732582015
full,C,all,86,385,5,0,0,0,0.5203239108889617,0.02863532419707812,0.450777961792444,0.00026280312151639394
full,C,all,87,380,2,0,6,0,0.5203252940632854,0.02863532419707812,0.4507821113154153,0.000257270424221312
full,C,all,88,372,1,0,2,0,0.5203259856504473,0.02863532419707812,0.45078349448973903,0.00025519566273565623
full,C,all,89,369,1,0,3,0,0.5203266772376092,0.02863532419707812,0.4507855692512247,0.00025242931408811525
full,C,all,90,365,0,0,6,0,0.5203266772376092,0.02863532419707812,0.450789718774196,0.00024827979111680375
full,C,all,91,359,0,0,11,0,0.5203266772376092,0.02863532419707812,0.45079732623297675,0.00024067233233606604
full,C,all,92,348,1,0,0,9,0.520327368824771,0.02863532419707812,0.45079732623297675,0.00023998074517418079
full,C,all,93,338,1,0,2,0,0.5203280788269757,0.02863532419707812,0.4507987462373861,0.00023785073856020877
full,C,all,94,335,1,0,1,0,0.5203287888291804,0.02863532419707812,0.4507994562395907,0.0002364307341508941
full,C,all,95,333,0,0,3,0,0.5203287888291804,0.02863532419707812,0.4508015862462047,0.00023430072753692207
full,C,all,96,330,1,0,3,0,0.5203294988313851,0.02863532419707812,0.4508037162528187,0.0002314607187182927
full,C,all,97,326,2,0,15,0,0.5203309188357944,0.02863532419707812,0.45081436628588856,0.00021939068123911793
full,C,all,98,309,1,0,4,0,0.5203316288379991,0.02863532419707812,0.4508172062947072,0.00021584067021583123
full,C,all,99,304,0,0,5,0,0.5203316288379991,0.02863532419707812,0.4508207563057305,0.00021229065919254453
full,C,all,100,299,1,0,2,0,0.5203323388402038,0.02863532419707812,0.4508221763101398,0.0002101606525785725
full,C,all,101,296,0,0,7,10,0.5203323388402038,0.02863532419707812,0.4508271463255724,0.00020519063714597113
full,C,all,102,279,0,0,1,0,0.5203323388402038,0.02863532419707812,0.4508278817758848,0.00020445518683361998
full,C,all,103,278,2,0,5,0,0.5203338097408285,0.02863532419707812,0.45083155902744654,0.00019930703464716192
full,C,all,104,271,0,0,1,0,0.5203338097408285,0.02863532419707812,0.4508322944777589,0.0001985715843348108
full,C,all,105,270,5,0,1,0,0.5203374869923904,0.02863532419707812,0.4508330299280713,0.0001941588824607039
full,C,all,106,264,0,0,1,0,0.5203374869923904,0.02863532419707812,0.45083376537838366,0.00019342343214835274
full,C,all,107,263,0,0,0,0,0.5203374869923904,0.02863532419707812,0.45083376537838366,0.00019342343214835274
full,C,all,108,263,0,0,1,0,0.5203374869923904,0.02863532419707812,0.450834500828696,0.0001926879818360016
full,C,all,109,262,3,0,4,0,0.5203396933433274,0.02863532419707812,0.4508374426299454,0.00018753982964954353
full,C,all,110,255,2,0,4,0,0.5203411642439522,0.02863532419707812,0.4508403844311948,0.00018312712777543663
full,C,all,111,249,0,0,4,0,0.5203411642439522,0.02863532419707812,0.45084332623244416,0.00018018532652603204
full,C,all,112,245,0,0,18,0,0.5203411642439522,0.02863532419707812,0.4508565643380665,0.0001669472209037113
full,C,all,113,227,1,0,3,0,0.5203418996942645,0.02863532419707812,0.45085877068900354,0.0001640054196543067
full,C,all,114,223,2,0,2,0,0.5203433705948892,0.02863532419707812,0.45086024158962823,0.00016106361840490207
full,C,all,115,219,2,0,12,0,0.520344841495514,0.02863532419707812,0.4508690669933764,0.00015076731403198596
full,C,all,116,205,0,0,1,0,0.520344841495514,0.02863532419707812,0.4508698024436888,0.0001500318637196348
full,C,all,117,204,0,0,1,0,0.520344841495514,0.02863532419707812,0.45087053789400117,0.00014929641340728365
full,C,all,118,203,0,0,1,0,0.520344841495514,0.02863532419707812,0.45087127334431354,0.0001485609630949325
full,C,all,119,202,2,0,3,0,0.5203463123961387,0.02863532419707812,0.4508734796952506,0.00014488371153317675
full,C,all,120,197,0,0,3,0,0.5203463123961387,0.02863532419707812,0.45087568604618766,0.0001426773605961233
full,C,all,121,194,2,0,1,0,0.5203477832967635,0.02863532419707812,0.45087642149650003,0.00014047100965906985
full,C,all,122,191,1,0,4,0,0.5203485187470758,0.02863532419707812,0.4508793632977494,0.0001367937580973141
full,C,all,123,186,0,0,0,0,0.5203485187470758,0.02863532419707812,0.4508793632977494,0.0001367937580973141
full,C,all,124,186,0,0,0,0,0.5203485187470758,0.02863532419707812,0.4508793632977494,0.0001367937580973141
full,C,all,125,186,0,0,1,0,0.5203485187470758,0.02863532419707812,0.4508800987480618,0.00013605830778496295
full,C,all,126,185,0,0,0,1,0.5203485187470758,0.02863532419707812,0.4508800987480618,0.00013605830778496295
full,C,all,127,184,1,0,0,0,0.5203492581944007,0.02863532419707812,0.4508800987480618,0.00013531886046004468
full,C,all,128,183,0,0,0,0,0.5203492581944007,0.02863532419707812,0.4508800987480618,0.00013531886046004468
full,C,all,129,183,0,0,0,0,0.5203492581944007,0.02863532419707812,0.4508800987480618,0.00013531886046004468
full,C,all,130,183,0,0,0,0,0.5203492581944007,0.02863532419707812,0.4508800987480618,0.00013531886046004468
full,C,all,131,183,1,0,5,0,0.5203499976417256,0.02863532419707812,0.45088379598468636,0.00013088217651053503
full,C,all,132,177,0,0,0,0,0.5203499976417256,0.02863532419707812,0.45088379598468636,0.00013088217651053503
full,C,all,133,177,0,0,0,0,0.5203499976417256,0.02863532419707812,0.45088379598468636,0.00013088217651053503
full,C,all,134,177,2,0,1,0,0.5203514765363755,0.02863532419707812,0.4508845354320113,0.00012866383453578021
full,C,all,135,174,0,0,0,0,0.5203514765363755,0.02863532419707812,0.4508845354320113,0.00012866383453578021
full,C,all,136,174,0,0,6,0,0.5203514765363755,0.02863532419707812,0.4508889721159608,0.00012422715058627056
full,C,all,137,168,0,0,0,0,0.5203514765363755,0.02863532419707812,0.4508889721159608,0.00012422715058627056
full,C,all,138,168,0,0,2,0,0.5203514765363755,0.02863532419707812,0.45089045101061065,0.00012274825593643402
full,C,all,139,166,0,0,0,0,0.5203514765363755,0.02863532419707812,0.45089045101061065,0.00012274825593643402
full,C,all,140,166,0,0,0,0,0.5203514765363755,0.02863532419707812,0.45089045101061065,0.00012274825593643402
full,C,all,141,166,0,0,0,0,0.5203514765363755,0.02863532419707812,0.45089045101061065,0.00012274825593643402
full,C,all,142,166,0,0,2,0,0.5203514765363755,0.02863532419707812,0.4508919299052605,0.00012126936128659746
full,C,all,143,164,0,0,1,0,0.5203514765363755,0.02863532419707812,0.45089266935258543,0.00012052991396167919
full,C,all,144,163,0,0,3,0,0.5203514765363755,0.02863532419707812,0.4508948876945602,0.00011831157198692436
full,C,all,145,160,0,0,0,0,0.5203514765363755,0.02863532419707812,0.4508948876945602,0.00011831157198692436
full,C,all,146,160,0,0,0,0,0.5203514765363755,0.02863532419707812,0.4508948876945602,0.00011831157198692436
full,C,all,147,160,0,0,0,0,0.5203514765363755,0.02863532419707812,0.4508948876945602,0.00011831157198692436
full,C,all,148,160,0,0,0,0,0.5203514765363755,0.02863532419707812,0.4508948876945602,0.00011831157198692436
full,C,all,149,160,0,0,0,0,0.5203514765363755,0.02863532419707812,0.4508948876945602,0.00011831157198692436
full,C,all,150,160,1,0,2,0,0.5203522159837004,0.02863532419707812,0.45089636658921006,0.00011609323001216952
full,C,all,151,157,0,0,0,0,0.5203522159837004,0.02863532419707812,0.45089636658921006,0.00011609323001216952
full,C,all,152,157,0,0,1,0,0.5203522159837004,0.02863532419707812,0.450897106036535,0.00011535378268725125
full,C,all,153,156,0,0,3,0,0.5203522159837004,0.02863532419707812,0.45089932437850977,0.00011313544071249641
full,C,all,154,153,0,0,0,0,0.5203522159837004,0.02863532419707812,0.45089932437850977,0.00011313544071249641
full,C,all,155,153,0,0,0,0,0.5203522159837004,0.02863532419707812,0.45089932437850977,0.00011313544071249641
full,C,all,156,153,0,0,0,0,0.5203522159837004,0.02863532419707812,0.45089932437850977,0.00011313544071249641
full,C,all,157,153,0,0,1,0,0.5203522159837004,0.02863532419707812,0.4509000638258347,0.00011239599338757814
full,C,all,158,152,1,0,1,0,0.5203529554310253,0.02863532419707812,0.4509008032731596,0.00011091709873774158
full,C,all,159,150,3,0,1,0,0.5203551737730001,0.02863532419707812,0.45090154272048455,0.00010795930943806849
full,C,all,160,146,0,0,0,0,0.5203551737730001,0.02863532419707812,0.45090154272048455,0.00010795930943806849
full,C,all,161,146,0,0,1,0,0.5203551737730001,0.02863532419707812,0.4509022821678095,0.0001072198621131502
full,C,all,162,145,0,0,3,0,0.5203551737730001,0.02863532419707812,0.45090450050978426,0.00010500152013839536
full,C,all,163,142,0,0,32,0,0.5203551737730001,0.02863532419707812,0.45092816282418163,0.00008133920574101049
full,C,all,164,110,0,0,0,0,0.5203551737730001,0.02863532419707812,0.45092816282418163,0.00008133920574101049
full,C,all,165,110,0,0,0,0,0.5203551737730001,0.02863532419707812,0.45092816282418163,0.00008133920574101049
full,C,all,166,110,0,0,0,0,0.5203551737730001,0.02863532419707812,0.45092816282418163,0.00008133920574101049
full,C,all,167,110,0,0,0,0,0.5203551737730001,0.02863532419707812,0.45092816282418163,0.00008133920574101049
full,C,all,168,110,0,0,0,0,0.5203551737730001,0.02863532419707812,0.45092816282418163,0.00008133920574101049
full,C,all,169,110,0,0,3,0,0.5203551737730001,0.02863532419707812,0.4509303811661564,0.00007912086376625567
full,C,all,170,107,0,0,0,0,0.5203551737730001,0.02863532419707812,0.4509303811661564,0.00007912086376625567
full,C,all,171,107,0,0,0,0,0.5203551737730001,0.02863532419707812,0.4509303811661564,0.00007912086376625567
full,C,all,172,107,0,0,0,0,0.5203551737730001,0.02863532419707812,0.4509303811661564,0.00007912086376625567
full,C,all,173,107,1,0,11,0,0.520355913220325,0.02863532419707812,0.4509385150867305,0.00007024749586723634
full,C,all,174,95,0,0,0,0,0.520355913220325,0.02863532419707812,0.4509385150867305,0.00007024749586723634
full,C,all,175,95,1,0,0,0,0.52035665266765,0.02863532419707812,0.4509385150867305,0.00006950804854231806
full,C,all,176,94,0,0,0,0,0.52035665266765,0.02863532419707812,0.4509385150867305,0.00006950804854231806
full,C,all,177,94,1,0,1,0,0.5203573921149749,0.02863532419707812,0.4509392545340554,0.0000680291538924815
full,C,all,178,92,1,0,2,0,0.5203581315622998,0.02863532419707812,0.4509407334287053,0.00006581081191772666
full,C,all,179,89,0,0,0,0,0.5203581315622998,0.02863532419707812,0.4509407334287053,0.00006581081191772666
full,C,all,180,89,0,0,1,0,0.5203581315622998,0.02863532419707812,0.4509414728760302,0.00006507136459280838
full,C,all,181,88,0,0,0,0,0.5203581315622998,0.02863532419707812,0.4509414728760302,0.00006507136459280838
full,C,all,182,88,0,0,1,0,0.5203581315622998,0.02863532419707812,0.45094221232335513,0.00006433191726789011
full,C,all,183,87,1,0,0,0,0.5203588710096247,0.02863532419707812,0.45094221232335513,0.00006359246994297184
full,C,all,184,86,0,0,0,0,0.5203588710096247,0.02863532419707812,0.45094221232335513,0.00006359246994297184
full,C,all,185,86,0,0,0,0,0.5203588710096247,0.02863532419707812,0.45094221232335513,0.00006359246994297184
full,C,all,186,86,0,0,2,0,0.5203588710096247,0.02863532419707812,0.450943691218005,0.00006211357529313528
full,C,all,187,84,0,0,5,0,0.5203588710096247,0.02863532419707812,0.45094738845462956,0.00005841633866854389
full,C,all,188,79,1,0,4,0,0.5203596104569497,0.02863532419707812,0.4509503462439292,0.00005471910204395251
full,C,all,189,74,0,0,0,0,0.5203596104569497,0.02863532419707812,0.4509503462439292,0.00005471910204395251
full,C,all,190,74,0,0,0,0,0.5203596104569497,0.02863532419707812,0.4509503462439292,0.00005471910204395251
full,C,all,191,74,0,0,0,0,0.5203596104569497,0.02863532419707812,0.4509503462439292,0.00005471910204395251
full,C,all,192,74,0,0,1,0,0.5203596104569497,0.02863532419707812,0.45095108569125414,0.00005397965471903423
full,C,all,193,73,0,0,4,0,0.5203596104569497,0.02863532419707812,0.4509540434805538,0.000051021865419361124
full,C,all,194,69,1,0,0,0,0.5203603499042746,0.02863532419707812,0.4509540434805538,0.000050282418094442846
full,C,all,195,68,0,0,0,0,0.5203603499042746,0.02863532419707812,0.4509540434805538,0.000050282418094442846
full,C,all,196,68,0,0,0,0,0.5203603499042746,0.02863532419707812,0.4509540434805538,0.000050282418094442846
full,C,all,197,68,0,0,0,0,0.5203603499042746,0.02863532419707812,0.4509540434805538,0.000050282418094442846
full,C,all,198,68,0,0,0,0,0.5203603499042746,0.02863532419707812,0.4509540434805538,0.000050282418094442846
full,C,all,199,68,0,0,1,0,0.5203603499042746,0.02863532419707812,0.4509547829278787,0.000049542970769524575
full,C,all,200,67,0,0,1,0,0.5203603499042746,0.02863532419707812,0.45095552237520364,0.0000488035234446063
full,C,all,201,66,0,0,0,0,0.5203603499042746,0.02863532419707812,0.45095552237520364,0.0000488035234446063
full,C,all,202,66,0,0,6,0,0.5203603499042746,0.02863532419707812,0.45095995905915315,0.00004436683949509663
full,C,all,203,60,0,0,0,0,0.5203603499042746,0.02863532419707812,0.45095995905915315,0.00004436683949509663
full,C,all,204,60,0,0,6,0,0.5203603499042746,0.02863532419707812,0.45096439574310265,0.00003993015554558697
full,C,all,205,54,0,0,0,0,0.5203603499042746,0.02863532419707812,0.45096439574310265,0.00003993015554558697
full,C,all,206,54,0,0,0,0,0.5203603499042746,0.02863532419707812,0.45096439574310265,0.00003993015554558697
full,C,all,207,54,0,0,1,0,0.5203603499042746,0.02863532419707812,0.4509651351904276,0.00003919070822066869
full,C,all,208,53,0,0,0,0,0.5203603499042746,0.02863532419707812,0.4509651351904276,0.00003919070822066869
full,C,all,209,53,0,0,0,0,0.5203603499042746,0.02863532419707812,0.4509651351904276,0.00003919070822066869
full,C,all,210,53,0,0,0,0,0.5203603499042746,0.02863532419707812,0.4509651351904276,0.00003919070822066869
full,C,all,211,53,0,0,0,0,0.5203603499042746,0.02863532419707812,0.4509651351904276,0.00003919070822066869
full,C,all,212,53,0,0,0,0,0.5203603499042746,0.02863532419707812,0.4509651351904276,0.00003919070822066869
full,C,all,213,53,0,0,0,0,0.5203603499042746,0.02863532419707812,0.4509651351904276,0.00003919070822066869
full,C,all,214,53,0,0,2,0,0.5203603499042746,0.02863532419707812,0.45096661408507743,0.000037711813570832135
full,C,all,215,51,0,0,0,0,0.5203603499042746,0.02863532419707812,0.45096661408507743,0.000037711813570832135
full,C,all,216,51,0,0,0,0,0.5203603499042746,0.02863532419707812,0.45096661408507743,0.000037711813570832135
full,C,all,217,51,0,0,0,0,0.5203603499042746,0.02863532419707812,0.45096661408507743,0.000037711813570832135
full,C,all,218,51,0,0,0,0,0.5203603499042746,0.02863532419707812,0.45096661408507743,0.000037711813570832135
full,C,all,219,51,0,0,0,0,0.5203603499042746,0.02863532419707812,0.45096661408507743,0.000037711813570832135
full,C,all,220,51,0,0,0,0,0.5203603499042746,0.02863532419707812,0.45096661408507743,0.000037711813570832135
full,C,all,221,51,0,0,1,0,0.5203603499042746,0.02863532419707812,0.45096735353240236,0.00003697236624591386
full,C,all,222,50,0,0,1,0,0.5203603499042746,0.02863532419707812,0.4509680929797273,0.00003623291892099558
full,C,all,223,49,0,0,0,0,0.5203603499042746,0.02863532419707812,0.4509680929797273,0.00003623291892099558
full,C,all,224,49,0,0,0,0,0.5203603499042746,0.02863532419707812,0.4509680929797273,0.00003623291892099558
full,C,all,225,49,0,0,2,0,0.5203603499042746,0.02863532419707812,0.45096957187437714,0.00003475402427115902
full,C,all,226,47,0,0,0,0,0.5203603499042746,0.02863532419707812,0.45096957187437714,0.00003475402427115902
full,C,all,227,47,0,0,16,0,0.5203603499042746,0.02863532419707812,0.45098140303157586,0.00002292286707246659
full,C,all,228,31,0,0,0,0,0.5203603499042746,0.02863532419707812,0.45098140303157586,0.00002292286707246659
full,C,all,229,31,0,0,0,0,0.5203603499042746,0.02863532419707812,0.45098140303157586,0.00002292286707246659
full,C,all,230,31,0,0,1,0,0.5203603499042746,0.02863532419707812,0.4509821424789008,0.00002218341974754831
full,C,all,231,30,0,0,1,0,0.5203603499042746,0.02863532419707812,0.4509828819262257,0.000021443972422630033
full,C,all,232,29,0,0,0,0,0.5203603499042746,0.02863532419707812,0.4509828819262257,0.000021443972422630033
full,C,all,233,29,0,0,0,0,0.5203603499042746,0.02863532419707812,0.4509828819262257,0.000021443972422630033
full,C,all,234,29,0,0,0,0,0.5203603499042746,0.02863532419707812,0.4509828819262257,0.000021443972422630033
full,C,all,235,29,0,0,3,0,0.5203603499042746,0.02863532419707812,0.4509851002682005,0.000019225630447875203
full,C,all,236,26,0,0,0,0,0.5203603499042746,0.02863532419707812,0.4509851002682005,0.000019225630447875203
full,C,all,237,26,0,0,0,0,0.5203603499042746,0.02863532419707812,0.4509851002682005,0.000019225630447875203
full,C,all,238,26,0,0,1,0,0.5203603499042746,0.02863532419707812,0.4509858397155254,0.000018486183122956925
full,C,all,239,25,0,0,0,0,0.5203603499042746,0.02863532419707812,0.4509858397155254,0.000018486183122956925
full,C,all,240,25,0,0,0,0,0.5203603499042746,0.02863532419707812,0.4509858397155254,0.000018486183122956925
full,C,all,241,25,0,0,0,0,0.5203603499042746,0.02863532419707812,0.4509858397155254,0.000018486183122956925
full,C,all,242,25,0,0,0,0,0.5203603499042746,0.02863532419707812,0.4509858397155254,0.000018486183122956925
full,C,all,243,25,0,0,0,0,0.5203603499042746,0.02863532419707812,0.4509858397155254,0.000018486183122956925
full,C,all,244,25,0,0,4,0,0.5203603499042746,0.02863532419707812,0.45098879750482507,0.000015528393823283817
full,C,all,245,21,0,0,0,0,0.5203603499042746,0.02863532419707812,0.45098879750482507,0.000015528393823283817
full,C,all,246,21,0,0,0,0,0.5203603499042746,0.02863532419707812,0.45098879750482507,0.000015528393823283817
full,C,all,247,21,0,0,0,0,0.5203603499042746,0.02863532419707812,0.45098879750482507,0.000015528393823283817
full,C,all,248,21,0,0,0,0,0.5203603499042746,0.02863532419707812,0.45098879750482507,0.000015528393823283817
full,C,all,249,21,0,0,0,1,0.5203603499042746,0.02863532419707812,0.45098879750482507,0.000015528393823283817
full,C,all,250,20,0,0,0,0,0.5203603499042746,0.02863532419707812,0.45098879750482507,0.000015528393823283817
full,C,all,251,20,0,0,0,0,0.5203603499042746,0.02863532419707812,0.45098879750482507,0.000015528393823283817
full,C,all,252,20,0,0,0,0,0.5203603499042746,0.02863532419707812,0.45098879750482507,0.000015528393823283817
full,C,all,253,20,0,0,0,0,0.5203603499042746,0.02863532419707812,0.45098879750482507,0.000015528393823283817
full,C,all,254,20,0,0,2,0,0.5203603499042746,0.02863532419707812,0.45099035034420737,0.000013975554440955435
full,C,all,255,18,0,0,0,0,0.5203603499042746,0.02863532419707812,0.45099035034420737,0.000013975554440955435
full,C,all,256,18,0,0,0,0,0.5203603499042746,0.02863532419707812,0.45099035034420737,0.000013975554440955435
full,C,all,257,18,0,0,0,0,0.5203603499042746,0.02863532419707812,0.45099035034420737,0.000013975554440955435
full,C,all,258,18,0,0,0,0,0.5203603499042746,0.02863532419707812,0.45099035034420737,0.000013975554440955435
full,C,all,259,18,0,0,0,0,0.5203603499042746,0.02863532419707812,0.45099035034420737,0.000013975554440955435
full,C,all,260,18,0,0,0,0,0.5203603499042746,0.02863532419707812,0.45099035034420737,0.000013975554440955435
full,C,all,261,18,0,0,0,0,0.5203603499042746,0.02863532419707812,0.45099035034420737,0.000013975554440955435
full,C,all,262,18,0,0,0,0,0.5203603499042746,0.02863532419707812,0.45099035034420737,0.000013975554440955435
full,C,all,263,18,0,0,0,0,0.5203603499042746,0.02863532419707812,0.45099035034420737,0.000013975554440955435
full,C,all,264,18,0,0,0,0,0.5203603499042746,0.02863532419707812,0.45099035034420737,0.000013975554440955435
full,C,all,265,18,0,0,0,0,0.5203603499042746,0.02863532419707812,0.45099035034420737,0.000013975554440955435
full,C,all,266,18,0,0,0,0,0.5203603499042746,0.02863532419707812,0.45099035034420737,0.000013975554440955435
full,C,all,267,18,0,0,0,0,0.5203603499042746,0.02863532419707812,0.45099035034420737,0.000013975554440955435
full,C,all,268,18,0,0,0,0,0.5203603499042746,0.02863532419707812,0.45099035034420737,0.000013975554440955435
full,C,all,269,18,0,0,0,0,0.5203603499042746,0.02863532419707812,0.45099035034420737,0.000013975554440955435
full,C,all,270,18,0,0,0,0,0.5203603499042746,0.02863532419707812,0.45099035034420737,0.000013975554440955435
full,C,all,271,18,0,0,0,0,0.5203603499042746,0.02863532419707812,0.45099035034420737,0.000013975554440955435
full,C,all,272,18,0,0,0,0,0.5203603499042746,0.02863532419707812,0.45099035034420737,0.000013975554440955435
full,C,all,273,18,0,0,0,0,0.5203603499042746,0.02863532419707812,0.45099035034420737,0.000013975554440955435
full,C,all,274,18,0,0,0,0,0.5203603499042746,0.02863532419707812,0.45099035034420737,0.000013975554440955435
full,C,all,275,18,0,0,1,0,0.5203603499042746,0.02863532419707812,0.4509911267638985,0.000013199134749791244
full,C,all,276,17,0,0,0,0,0.5203603499042746,0.02863532419707812,0.4509911267638985,0.000013199134749791244
full,C,all,277,17,0,0,0,0,0.5203603499042746,0.02863532419707812,0.4509911267638985,0.000013199134749791244
full,C,all,278,17,0,0,0,0,0.5203603499042746,0.02863532419707812,0.4509911267638985,0.000013199134749791244
full,C,all,279,17,0,0,0,0,0.5203603499042746,0.02863532419707812,0.4509911267638985,0.000013199134749791244
full,C,all,280,17,0,0,0,0,0.5203603499042746,0.02863532419707812,0.4509911267638985,0.000013199134749791244
full,C,all,281,17,0,0,0,0,0.5203603499042746,0.02863532419707812,0.4509911267638985,0.000013199134749791244
full,C,all,282,17,0,0,0,0,0.5203603499042746,0.02863532419707812,0.4509911267638985,0.000013199134749791244
full,C,all,283,17,0,0,0,0,0.5203603499042746,0.02863532419707812,0.4509911267638985,0.000013199134749791244
full,C,all,284,17,0,0,0,0,0.5203603499042746,0.02863532419707812,0.4509911267638985,0.000013199134749791244
full,C,all,285,17,0,0,0,0,0.5203603499042746,0.02863532419707812,0.4509911267638985,0.000013199134749791244
full,C,all,286,17,0,0,0,0,0.5203603499042746,0.02863532419707812,0.4509911267638985,0.000013199134749791244
full,C,all,287,17,0,0,0,0,0.5203603499042746,0.02863532419707812,0.4509911267638985,0.000013199134749791244
full,C,all,288,17,0,0,0,0,0.5203603499042746,0.02863532419707812,0.4509911267638985,0.000013199134749791244
full,C,all,289,17,0,0,0,0,0.5203603499042746,0.02863532419707812,0.4509911267638985,0.000013199134749791244
full,C,all,290,17,0,0,0,0,0.5203603499042746,0.02863532419707812,0.4509911267638985,0.000013199134749791244
full,C,all,291,17,0,0,0,0,0.5203603499042746,0.02863532419707812,0.4509911267638985,0.000013199134749791244
full,C,all,292,17,0,0,0,0,0.5203603499042746,0.02863532419707812,0.4509911267638985,0.000013199134749791244
full,C,all,293,17,0,0,0,0,0.5203603499042746,0.02863532419707812,0.4509911267638985,0.000013199134749791244
full,C,all,294,17,0,0,0,0,0.5203603499042746,0.02863532419707812,0.4509911267638985,0.000013199134749791244
full,C,all,295,17,0,0,0,0,0.5203603499042746,0.02863532419707812,0.4509911267638985,0.000013199134749791244
full,C,all,296,17,0,0,0,0,0.5203603499042746,0.02863532419707812,0.4509911267638985,0.000013199134749791244
full,C,all,297,17,0,0,0,0,0.5203603499042746,0.02863532419707812,0.4509911267638985,0.000013199134749791244
full,C,all,298,17,0,0,0,0,0.5203603499042746,0.02863532419707812,0.4509911267638985,0.000013199134749791244
full,C,all,299,17,0,0,0,0,0.5203603499042746,0.02863532419707812,0.4509911267638985,0.000013199134749791244
full,C,all,300,17,0,0,0,0,0.5203603499042746,0.02863532419707812,0.4509911267638985,0.000013199134749791244
full,C,all,301,17,0,0,0,0,0.5203603499042746,0.02863532419707812,0.4509911267638985,0.000013199134749791244
full,C,all,302,17,0,0,0,0,0.5203603499042746,0.02863532419707812,0.4509911267638985,0.000013199134749791244
full,C,all,303,17,0,0,0,0,0.5203603499042746,0.02863532419707812,0.4509911267638985,0.000013199134749791244
full,C,all,304,17,0,0,0,0,0.5203603499042746,0.02863532419707812,0.4509911267638985,0.000013199134749791244
full,C,all,305,17,0,0,0,0,0.5203603499042746,0.02863532419707812,0.4509911267638985,0.000013199134749791244
full,C,all,306,17,0,0,0,0,0.5203603499042746,0.02863532419707812,0.4509911267638985,0.000013199134749791244
full,C,all,307,17,0,0,0,0,0.5203603499042746,0.02863532419707812,0.4509911267638985,0.000013199134749791244
full,C,all,308,17,0,0,0,0,0.5203603499042746,0.02863532419707812,0.4509911267638985,0.000013199134749791244
full,C,all,309,17,0,0,0,0,0.5203603499042746,0.02863532419707812,0.4509911267638985,0.000013199134749791244
full,C,all,310,17,0,0,0,0,0.5203603499042746,0.02863532419707812,0.4509911267638985,0.000013199134749791244
full,C,all,311,17,0,0,11,0,0.5203603499042746,0.02863532419707812,0.45099966738050135,4.658518146985144e-6
full,C,all,312,6,0,0,0,0,0.5203603499042746,0.02863532419707812,0.45099966738050135,4.658518146985144e-6
full,C,all,313,6,0,0,0,0,0.5203603499042746,0.02863532419707812,0.45099966738050135,4.658518146985144e-6
full,C,all,314,6,0,0,0,0,0.5203603499042746,0.02863532419707812,0.45099966738050135,4.658518146985144e-6
full,C,all,315,6,0,0,0,0,0.5203603499042746,0.02863532419707812,0.45099966738050135,4.658518146985144e-6
full,C,all,316,6,0,0,0,0,0.5203603499042746,0.02863532419707812,0.45099966738050135,4.658518146985144e-6
full,C,all,317,6,0,0,0,0,0.5203603499042746,0.02863532419707812,0.45099966738050135,4.658518146985144e-6
full,C,all,318,6,0,0,0,0,0.5203603499042746,0.02863532419707812,0.45099966738050135,4.658518146985144e-6
full,C,all,319,6,0,0,0,0,0.5203603499042746,0.02863532419707812,0.45099966738050135,4.658518146985144e-6
full,C,all,320,6,0,0,0,0,0.5203603499042746,0.02863532419707812,0.45099966738050135,4.658518146985144e-6
full,C,all,321,6,0,0,0,0,0.5203603499042746,0.02863532419707812,0.45099966738050135,4.658518146985144e-6
full,C,all,322,6,0,0,0,0,0.5203603499042746,0.02863532419707812,0.45099966738050135,4.658518146985144e-6
full,C,all,323,6,0,0,0,0,0.5203603499042746,0.02863532419707812,0.45099966738050135,4.658518146985144e-6
full,C,all,324,6,0,0,0,0,0.5203603499042746,0.02863532419707812,0.45099966738050135,4.658518146985144e-6
full,C,all,325,6,0,0,0,0,0.5203603499042746,0.02863532419707812,0.45099966738050135,4.658518146985144e-6
full,C,all,326,6,0,0,0,0,0.5203603499042746,0.02863532419707812,0.45099966738050135,4.658518146985144e-6
full,C,all,327,6,0,0,0,0,0.5203603499042746,0.02863532419707812,0.45099966738050135,4.658518146985144e-6
full,C,all,328,6,0,0,0,0,0.5203603499042746,0.02863532419707812,0.45099966738050135,4.658518146985144e-6
full,C,all,329,6,0,0,0,0,0.5203603499042746,0.02863532419707812,0.45099966738050135,4.658518146985144e-6
full,C,all,330,6,0,0,0,0,0.5203603499042746,0.02863532419707812,0.45099966738050135,4.658518146985144e-6
full,C,all,331,6,0,0,0,0,0.5203603499042746,0.02863532419707812,0.45099966738050135,4.658518146985144e-6
full,C,all,332,6,0,0,0,0,0.5203603499042746,0.02863532419707812,0.45099966738050135,4.658518146985144e-6
full,C,all,333,6,0,0,0,0,0.5203603499042746,0.02863532419707812,0.45099966738050135,4.658518146985144e-6
full,C,all,334,6,0,0,0,0,0.5203603499042746,0.02863532419707812,0.45099966738050135,4.658518146985144e-6
full,C,all,335,6,0,0,0,0,0.5203603499042746,0.02863532419707812,0.45099966738050135,4.658518146985144e-6
full,C,all,336,6,0,0,0,0,0.5203603499042746,0.02863532419707812,0.45099966738050135,4.658518146985144e-6
full,C,all,337,6,0,0,0,0,0.5203603499042746,0.02863532419707812,0.45099966738050135,4.658518146985144e-6
full,C,all,338,6,0,0,0,0,0.5203603499042746,0.02863532419707812,0.45099966738050135,4.658518146985144e-6
full,C,all,339,6,0,0,0,0,0.5203603499042746,0.02863532419707812,0.45099966738050135,4.658518146985144e-6
full,C,all,340,6,0,0,0,0,0.5203603499042746,0.02863532419707812,0.45099966738050135,4.658518146985144e-6
full,C,all,341,6,0,0,0,0,0.5203603499042746,0.02863532419707812,0.45099966738050135,4.658518146985144e-6
full,C,all,342,6,0,0,0,0,0.5203603499042746,0.02863532419707812,0.45099966738050135,4.658518146985144e-6
full,C,all,343,6,0,0,0,0,0.5203603499042746,0.02863532419707812,0.45099966738050135,4.658518146985144e-6
full,C,all,344,6,0,0,0,0,0.5203603499042746,0.02863532419707812,0.45099966738050135,4.658518146985144e-6
full,C,all,345,6,0,0,0,0,0.5203603499042746,0.02863532419707812,0.45099966738050135,4.658518146985144e-6
full,C,all,346,6,0,0,0,0,0.5203603499042746,0.02863532419707812,0.45099966738050135,4.658518146985144e-6
full,C,all,347,6,0,0,0,0,0.5203603499042746,0.02863532419707812,0.45099966738050135,4.658518146985144e-6
full,C,all,348,6,0,0,0,0,0.5203603499042746,0.02863532419707812,0.45099966738050135,4.658518146985144e-6
full,C,all,349,6,0,0,0,0,0.5203603499042746,0.02863532419707812,0.45099966738050135,4.658518146985144e-6
full,C,all,350,6,0,0,0,0,0.5203603499042746,0.02863532419707812,0.45099966738050135,4.658518146985144e-6
full,C,all,351,6,0,0,4,0,0.5203603499042746,0.02863532419707812,0.451002773059266,1.5528393823283814e-6
full,C,all,352,2,0,0,0,0,0.5203603499042746,0.02863532419707812,0.451002773059266,1.5528393823283814e-6
full,C,all,353,2,0,0,0,0,0.5203603499042746,0.02863532419707812,0.451002773059266,1.5528393823283814e-6
full,C,all,354,2,0,0,0,0,0.5203603499042746,0.02863532419707812,0.451002773059266,1.5528393823283814e-6
full,C,all,355,2,0,0,0,0,0.5203603499042746,0.02863532419707812,0.451002773059266,1.5528393823283814e-6
full,C,all,356,2,0,0,0,0,0.5203603499042746,0.02863532419707812,0.451002773059266,1.5528393823283814e-6
full,C,all,357,2,0,0,0,0,0.5203603499042746,0.02863532419707812,0.451002773059266,1.5528393823283814e-6
full,C,all,358,2,0,0,0,0,0.5203603499042746,0.02863532419707812,0.451002773059266,1.5528393823283814e-6
full,C,all,359,2,0,0,0,0,0.5203603499042746,0.02863532419707812,0.451002773059266,1.5528393823283814e-6
full,C,all,360,2,0,0,0,0,0.5203603499042746,0.02863532419707812,0.451002773059266,1.5528393823283814e-6
full,C,all,361,2,0,0,0,0,0.5203603499042746,0.02863532419707812,0.451002773059266,1.5528393823283814e-6
full,C,all,362,2,0,0,0,0,0.5203603499042746,0.02863532419707812,0.451002773059266,1.5528393823283814e-6
full,C,all,363,2,0,0,0,0,0.5203603499042746,0.02863532419707812,0.451002773059266,1.5528393823283814e-6
full,C,all,364,2,0,0,0,0,0.5203603499042746,0.02863532419707812,0.451002773059266,1.5528393823283814e-6
full,C,all,365,2,0,0,0,0,0.5203603499042746,0.02863532419707812,0.451002773059266,1.5528393823283814e-6
full,C,all,366,2,0,0,0,0,0.5203603499042746,0.02863532419707812,0.451002773059266,1.5528393823283814e-6
full,C,all,367,2,0,0,0,0,0.5203603499042746,0.02863532419707812,0.451002773059266,1.5528393823283814e-6
full,C,all,368,2,0,0,0,0,0.5203603499042746,0.02863532419707812,0.451002773059266,1.5528393823283814e-6
full,C,all,369,2,0,0,0,0,0.5203603499042746,0.02863532419707812,0.451002773059266,1.5528393823283814e-6
full,C,all,370,2,0,0,0,0,0.5203603499042746,0.02863532419707812,0.451002773059266,1.5528393823283814e-6
full,C,all,371,2,0,0,0,0,0.5203603499042746,0.02863532419707812,0.451002773059266,1.5528393823283814e-6
full,C,all,372,2,0,0,0,0,0.5203603499042746,0.02863532419707812,0.451002773059266,1.5528393823283814e-6
full,C,all,373,2,0,0,0,0,0.5203603499042746,0.02863532419707812,0.451002773059266,1.5528393823283814e-6
full,C,all,374,2,0,0,0,0,0.5203603499042746,0.02863532419707812,0.451002773059266,1.5528393823283814e-6
full,C,all,375,2,0,0,0,0,0.5203603499042746,0.02863532419707812,0.451002773059266,1.5528393823283814e-6
full,C,all,376,2,0,0,0,0,0.5203603499042746,0.02863532419707812,0.451002773059266,1.5528393823283814e-6
full,C,all,377,2,0,0,0,0,0.5203603499042746,0.02863532419707812,0.451002773059266,1.5528393823283814e-6
full,C,all,378,2,0,0,0,0,0.5203603499042746,0.02863532419707812,0.451002773059266,1.5528393823283814e-6
full,C,all,379,2,0,0,0,0,0.5203603499042746,0.02863532419707812,0.451002773059266,1.5528393823283814e-6
full,C,all,380,2,0,0,0,0,0.5203603499042746,0.02863532419707812,0.451002773059266,1.5528393823283814e-6
full,C,all,381,2,0,0,0,0,0.5203603499042746,0.02863532419707812,0.451002773059266,1.5528393823283814e-6
full,C,all,382,2,0,0,0,0,0.5203603499042746,0.02863532419707812,0.451002773059266,1.5528393823283814e-6
full,C,all,383,2,0,0,0,0,0.5203603499042746,0.02863532419707812,0.451002773059266,1.5528393823283814e-6
full,C,all,384,2,0,0,0,0,0.5203603499042746,0.02863532419707812,0.451002773059266,1.5528393823283814e-6
full,C,all,385,2,0,0,0,0,0.5203603499042746,0.02863532419707812,0.451002773059266,1.5528393823283814e-6
full,C,all,386,2,0,0,0,0,0.5203603499042746,0.02863532419707812,0.451002773059266,1.5528393823283814e-6
full,C,all,387,2,0,0,0,0,0.5203603499042746,0.02863532419707812,0.451002773059266,1.5528393823283814e-6
full,C,all,388,2,0,0,0,0,0.5203603499042746,0.02863532419707812,0.451002773059266,1.5528393823283814e-6
full,C,all,389,2,0,0,0,0,0.5203603499042746,0.02863532419707812,0.451002773059266,1.5528393823283814e-6
full,C,all,390,2,0,0,0,0,0.5203603499042746,0.02863532419707812,0.451002773059266,1.5528393823283814e-6
full,C,all,391,2,0,0,0,0,0.5203603499042746,0.02863532419707812,0.451002773059266,1.5528393823283814e-6
full,C,all,392,2,0,0,0,0,0.5203603499042746,0.02863532419707812,0.451002773059266,1.5528393823283814e-6
full,C,all,393,2,0,0,0,0,0.5203603499042746,0.02863532419707812,0.451002773059266,1.5528393823283814e-6
full,C,all,394,2,0,0,0,0,0.5203603499042746,0.02863532419707812,0.451002773059266,1.5528393823283814e-6
full,C,all,395,2,0,0,0,0,0.5203603499042746,0.02863532419707812,0.451002773059266,1.5528393823283814e-6
full,C,all,396,2,0,0,0,0,0.5203603499042746,0.02863532419707812,0.451002773059266,1.5528393823283814e-6
full,C,all,397,2,0,0,0,0,0.5203603499042746,0.02863532419707812,0.451002773059266,1.5528393823283814e-6
full,C,all,398,2,0,0,0,0,0.5203603499042746,0.02863532419707812,0.451002773059266,1.5528393823283814e-6
full,C,all,399,2,0,0,0,0,0.5203603499042746,0.02863532419707812,0.451002773059266,1.5528393823283814e-6
full,C,all,400,2,0,0,0,0,0.5203603499042746,0.02863532419707812,0.451002773059266,1.5528393823283814e-6
full,C,all,401,2,0,0,0,0,0.5203603499042746,0.02863532419707812,0.451002773059266,1.5528393823283814e-6
full,C,all,402,2,0,0,0,0,0.5203603499042746,0.02863532419707812,0.451002773059266,1.5528393823283814e-6
full,C,all,403,2,0,0,0,0,0.5203603499042746,0.02863532419707812,0.451002773059266,1.5528393823283814e-6
full,C,all,404,2,0,0,0,0,0.5203603499042746,0.02863532419707812,0.451002773059266,1.5528393823283814e-6
full,C,all,405,2,0,0,0,0,0.5203603499042746,0.02863532419707812,0.451002773059266,1.5528393823283814e-6
full,C,all,406,2,0,0,0,0,0.5203603499042746,0.02863532419707812,0.451002773059266,1.5528393823283814e-6
full,C,all,407,2,0,0,0,0,0.5203603499042746,0.02863532419707812,0.451002773059266,1.5528393823283814e-6
full,C,all,408,2,0,0,0,0,0.5203603499042746,0.02863532419707812,0.451002773059266,1.5528393823283814e-6
full,C,all,409,2,0,0,0,0,0.5203603499042746,0.02863532419707812,0.451002773059266,1.5528393823283814e-6
full,C,all,410,2,0,0,0,0,0.5203603499042746,0.02863532419707812,0.451002773059266,1.5528393823283814e-6
full,C,all,411,2,0,0,0,0,0.5203603499042746,0.02863532419707812,0.451002773059266,1.5528393823283814e-6
full,C,all,412,2,0,0,0,0,0.5203603499042746,0.02863532419707812,0.451002773059266,1.5528393823283814e-6
full,C,all,413,2,0,0,0,0,0.5203603499042746,0.02863532419707812,0.451002773059266,1.5528393823283814e-6
full,C,all,414,2,0,0,0,0,0.5203603499042746,0.02863532419707812,0.451002773059266,1.5528393823283814e-6
full,C,all,415,2,0,0,0,0,0.5203603499042746,0.02863532419707812,0.451002773059266,1.5528393823283814e-6
full,C,all,416,2,0,0,0,0,0.5203603499042746,0.02863532419707812,0.451002773059266,1.5528393823283814e-6
full,C,all,417,2,0,0,0,0,0.5203603499042746,0.02863532419707812,0.451002773059266,1.5528393823283814e-6
full,C,all,418,2,0,0,0,0,0.5203603499042746,0.02863532419707812,0.451002773059266,1.5528393823283814e-6
full,C,all,419,2,0,0,0,0,0.5203603499042746,0.02863532419707812,0.451002773059266,1.5528393823283814e-6
full,C,all,420,2,0,0,0,0,0.5203603499042746,0.02863532419707812,0.451002773059266,1.5528393823283814e-6
full,C,all,421,2,0,0,0,0,0.5203603499042746,0.02863532419707812,0.451002773059266,1.5528393823283814e-6
full,C,all,422,2,0,0,0,0,0.5203603499042746,0.02863532419707812,0.451002773059266,1.5528393823283814e-6
full,C,all,423,2,0,0,0,0,0.5203603499042746,0.02863532419707812,0.451002773059266,1.5528393823283814e-6
full,C,all,424,2,0,0,0,0,0.5203603499042746,0.02863532419707812,0.451002773059266,1.5528393823283814e-6
full,C,all,425,2,0,0,0,0,0.5203603499042746,0.02863532419707812,0.451002773059266,1.5528393823283814e-6
full,C,all,426,2,0,0,0,0,0.5203603499042746,0.02863532419707812,0.451002773059266,1.5528393823283814e-6
full,C,all,427,2,0,0,0,0,0.5203603499042746,0.02863532419707812,0.451002773059266,1.5528393823283814e-6
full,C,all,428,2,0,0,0,0,0.5203603499042746,0.02863532419707812,0.451002773059266,1.5528393823283814e-6
full,C,all,429,2,0,0,0,0,0.5203603499042746,0.02863532419707812,0.451002773059266,1.5528393823283814e-6
full,C,all,430,2,0,0,0,0,0.5203603499042746,0.02863532419707812,0.451002773059266,1.5528393823283814e-6
full,C,all,431,2,0,0,0,0,0.5203603499042746,0.02863532419707812,0.451002773059266,1.5528393823283814e-6
full,C,all,432,2,0,0,0,0,0.5203603499042746,0.02863532419707812,0.451002773059266,1.5528393823283814e-6
full,C,all,433,2,0,0,0,0,0.5203603499042746,0.02863532419707812,0.451002773059266,1.5528393823283814e-6
full,C,all,434,2,0,0,0,0,0.5203603499042746,0.02863532419707812,0.451002773059266,1.5528393823283814e-6
full,C,all,435,2,0,0,0,0,0.5203603499042746,0.02863532419707812,0.451002773059266,1.5528393823283814e-6
full,C,all,436,2,0,0,0,0,0.5203603499042746,0.02863532419707812,0.451002773059266,1.5528393823283814e-6
full,C,all,437,2,0,0,0,0,0.5203603499042746,0.02863532419707812,0.451002773059266,1.5528393823283814e-6
full,C,all,438,2,0,0,0,0,0.5203603499042746,0.02863532419707812,0.451002773059266,1.5528393823283814e-6
full,C,all,439,2,0,0,0,0,0.5203603499042746,0.02863532419707812,0.451002773059266,1.5528393823283814e-6
full,C,all,440,2,0,0,0,0,0.5203603499042746,0.02863532419707812,0.451002773059266,1.5528393823283814e-6
full,C,all,441,2,0,0,2,0,0.5203603499042746,0.02863532419707812,0.4510043258986483,0.0
full,P,all,0,24676341,0,0,0,23282,0.0,0.0,0.0,1.0
full,P,all,1,24653059,4181025,586043,0,29344,0.16959457242202683,0.023771613899922116,0.0,0.8066338136780511
full,P,all,2,19856647,1850882,92383,1266622,2623,0.2447826948843972,0.027524475680111862,0.05145380961591957,0.6762390198195715
full,P,all,3,16644137,986453,53997,1520849,10540,0.2848615532726738,0.029718333995096737,0.11324478364200308,0.5721753290902264
full,P,all,4,14072298,587292,16672,1487338,10811,0.3087406662201155,0.030396212411727217,0.1737194914415678,0.4871436299265895
full,P,all,5,11970185,357500,11760,1740704,18366,0.3232896349869938,0.030874802265429286,0.2445599057866873,0.40127565696088957
full,P,all,6,9841855,204102,5874,1441580,2658,0.3316113552457287,0.031114299109163343,0.30333652478398804,0.33393782086111984
full,P,all,7,8187641,139655,4533,1171075,5149,0.3373072677035856,0.03129918021740483,0.35109951702619013,0.28029403505281936
full,P,all,8,6867229,103517,3014,913302,3876,0.3415324359084849,0.03142220017518536,0.3883770132043153,0.23866835071201437
full,P,all,9,5843520,85479,1360,773560,3324,0.34502367611139556,0.03147774699576068,0.41997171800155836,0.20352685889128536
full,P,all,10,4979797,79264,3399,920309,3598,0.3482632364676026,0.031616665870038384,0.45758521911001315,0.1625348785523458
full,P,all,11,3973227,59468,892,674693,3164,0.3506959251002307,0.03165315538137733,0.4851852391479113,0.13246568037048068
full,P,all,12,3235010,40115,1362,502542,8640,0.352338535406864,0.03170892592201386,0.5057630945315862,0.11018944413953594
full,P,all,13,2682351,26498,1157,334534,8926,0.3534270580837282,0.031756454819935664,0.5195055598188567,0.09531092727747933
full,P,all,14,2311236,20234,464,319169,706,0.35426146932625496,0.03177558928749188,0.5326674754987033,0.08129546588754985
full,P,all,15,1970663,18415,421,311734,1954,0.3550211405659947,0.031792956737501675,0.5455273915589274,0.06765851113757619
full,P,all,16,1638139,18969,363,267124,676,0.3558045992943253,0.03180794938436677,0.5565601623611083,0.055827288960199596
full,P,all,17,1351007,10358,142,197829,327,0.3562326200662752,0.03181381721113032,0.5647349954653833,0.04721856725721107
full,P,all,18,1142351,6450,5,158611,116,0.35649922792919037,0.031814023883892276,0.5712911101545055,0.04039563803241169
full,P,all,19,977169,5795,7,162064,666,0.35673879009540505,0.031814313260106857,0.577990748274508,0.033456148369979885
full,P,all,20,808637,5394,2,163146,475,0.35696195879076237,0.031814396007120334,0.5847406704051659,0.026482974796951258
full,P,all,21,639620,3531,4,142887,139,0.35710815713354094,0.03181456162404787,0.5906567968862202,0.02042048435619081
full,P,all,22,493059,2880,0,104838,75,0.35722743493791287,0.03181456162404787,0.594998757460785,0.015959245977254087
full,P,all,23,385266,2191,0,59944,3,0.35731819484908117,0.03181456162404787,0.597481875724168,0.013385367802702783
full,P,all,24,323128,2085,1,46431,2,0.3574045646216439,0.03181460304839922,0.5994052497816539,0.011375582548302884
full,P,all,25,274609,2177,0,38224,30,0.357494746091325,0.03181460304839922,0.6009886657196833,0.00970198514059234
full,P,all,26,234178,1609,0,33220,4,0.35756140689674315,0.03181460304839922,0.6023649689863031,0.008259021068554443
full,P,all,27,199345,1703,0,19106,5,0.35763196353412935,0.03181460304839922,0.6031565456826626,0.007396887734808679
full,P,all,28,178531,1521,0,16945,14,0.35769498153237417,0.03181460304839922,0.6038586101009784,0.006631805318248098
full,P,all,29,160051,2452,0,14694,4,0.3577965815638663,0.03181460304839922,0.6044674644495694,0.005921350938164987
full,P,all,30,142901,1595,0,15093,5,0.35786267315697184,0.03181460304839922,0.6050928690983104,0.005229854696318553
full,P,all,31,126208,1280,0,16655,4,0.3579157142796526,0.03181460304839922,0.6057830252688161,0.00448665740313212
full,P,all,32,108269,786,0,9425,44,0.3579482860473687,0.03181460304839922,0.6061735964020539,0.004063514502178181
full,P,all,33,98014,757,0,8854,6,0.3579796701402345,0.03181460304839922,0.6065406700589018,0.003665056752464523
full,P,all,34,88397,562,0,7393,9,0.3580029714049255,0.03181460304839922,0.6068471936351654,0.0033352319115100186
full,P,all,35,80433,732,0,7149,6,0.3580333244908383,0.03181460304839922,0.6071436338143876,0.003008438646374932
full,P,all,36,72546,510,0,4746,34,0.35805447388170275,0.03181460304839922,0.6073404475576084,0.002790475512289708
full,P,all,37,67256,250,0,3730,35,0.3580648464711828,0.03181460304839922,0.6074952065926512,0.0026253438877667954
full,P,all,38,63241,220,0,6356,5,0.3580739794016442,0.03181460304839922,0.6077590652563448,0.0023523522936118257
full,P,all,39,56660,236,0,3932,4,0.35808377740978564,0.03181460304839922,0.6079223100360568,0.0021793095057584177
full,P,all,40,52488,253,0,4152,15,0.35809428200712135,0.03181460304839922,0.6080947016887757,0.001996413255703818
full,P,all,41,48068,182,0,4203,13,0.3581018410320972,0.03181460304839922,0.6082692653259921,0.0018142905935114814
full,P,all,42,43670,131,0,6291,2,0.358107283488423,0.03181460304839922,0.6085306278660375,0.0015474855971402714
full,P,all,43,37246,263,0,3680,12,0.3581182105332613,0.03181460304839922,0.608683523398376,0.0013836630199635521
full,P,all,44,33291,209,0,2222,6,0.3581268971323774,0.03181460304839922,0.6087758756626623,0.0012826241565610892
full,P,all,45,30854,138,0,2532,40,0.35813263389693323,0.03181460304839922,0.6088811328210344,0.0011716302336331672
full,P,all,46,28144,66,0,3849,11,0.35813538146641233,0.03181460304839922,0.6090413660774746,0.0010086494077138292
full,P,all,47,24218,135,0,2369,58,0.35814100404755206,0.03181460304839922,0.6091400319642891,0.0009043609397596039
full,P,all,48,21656,97,0,2202,7,0.3581450547961278,0.03181460304839922,0.6092319881329884,0.0008083540224846071
full,P,all,49,19350,79,0,2013,18,0.3581483550528604,0.03181460304839922,0.6093160820165678,0.0007209598821725762
full,P,all,50,17240,59,0,1105,0,0.358150822374963,0.03181460304839922,0.6093622920322175,0.0006722825444203211
full,P,all,51,16076,70,0,1022,1,0.3581537497062711,0.03181460304839922,0.6094050310693161,0.0006266161760135662
full,P,all,52,14983,122,0,1261,1,0.35815885196706493,0.03181460304839922,0.6094577683714554,0.0005687766130804579
full,P,all,53,13599,68,0,1237,3,0.35816169605925474,0.03181460304839922,0.6095095057543791,0.0005141951379668468
full,P,all,54,12291,81,0,1139,0,0.358165084701853,0.03181460304839922,0.609557155926224,0.0004631563235237947
full,P,all,55,11071,48,0,481,0,0.35816709278635567,0.03181460304839922,0.6095772786063445,0.0004410255589005369
full,P,all,56,10542,13,0,1081,0,0.3581676366425751,0.03181460304839922,0.6096225023427485,0.00039525796627701314
full,P,all,57,9448,56,0,768,0,0.35816997940782824,0.03181460304839922,0.6096546316947914,0.0003607858489810501
full,P,all,58,8624,36,0,258,0,0.35817148547120525,0.03181460304839922,0.6096654251489932,0.0003484863314021507
full,P,all,59,8330,26,0,445,0,0.3581725731836442,0.03181460304839922,0.6096840417657369,0.00032878200221962814
full,P,all,60,7859,15,0,434,0,0.35817320071005126,0.03181460304839922,0.6097021981964486,0.00030999804510083276
full,P,all,61,7410,22,0,1348,0,0.358174121082115,0.03181460304839922,0.6097585919028987,0.0002526839665869136
full,P,all,62,6040,40,0,807,0,0.3581757944858672,0.03181460304839922,0.6097923528236,0.0002172496421334176
full,P,all,63,5193,114,0,138,0,0.3581805636865611,0.03181460304839922,0.6097981260665452,0.00020670719849436093
full,P,all,64,4941,76,0,161,0,0.35818374315369034,0.03181460304839922,0.6098048615166479,0.00019679228126239098
full,P,all,65,4704,52,0,152,0,0.35818591857856824,0.03181460304839922,0.6098112204509064,0.00018825792212601178
full,P,all,66,4500,46,0,164,0,0.3581878429928833,0.03181460304839922,0.6098180814062906,0.0001794725524267979
full,P,all,67,4290,30,0,219,0,0.3581890980456975,0.03181460304839922,0.609827243291834,0.0001690556140691586
full,P,all,68,4041,14,0,283,0,0.35818968373701077,0.03181460304839922,0.609839082623381,0.0001566305912088418
full,P,all,69,3744,18,0,126,0,0.35819043676869927,0.03181460304839922,0.6098443538452005,0.00015060633770080944
full,P,all,70,3600,12,0,437,1,0.35819093878982494,0.03181460304839922,0.6098626357811937,0.00013182238058201404
full,P,all,71,3150,35,0,612,0,0.3581924034829425,0.03181460304839922,0.609888246986564,0.00010474648209421624
full,P,all,72,2503,37,0,168,0,0.35819395187280967,0.03181460304839922,0.6098952775135283,0.00009616756526268834
full,P,all,73,2298,22,0,48,0,0.358194872537055,0.03181460304839922,0.6098972862355182,0.00009323817902753248
full,P,all,74,2228,6,0,31,0,0.3581951236273037,0.03181460304839922,0.6098985835351366,0.00009168978916037867
full,P,all,75,2191,14,0,154,3,0.35819570950455076,0.03181460304839922,0.6099050281848539,0.00008465926219600459
full,P,all,76,2020,5,0,11,1,0.35819591905717996,0.03181460304839922,0.6099054892006381,0.00008398869378257089
full,P,all,77,2003,7,0,12,1,0.358196212577328,0.03181460304839922,0.6099059923780348,0.00008319199623795339
full,P,all,78,1983,10,0,30,0,0.35819663210327973,0.03181460304839922,0.6099072509558902,0.00008151389243083381
full,P,all,79,1943,11,0,15,2,0.35819709358182666,0.03181460304839922,0.6099078802448178,0.00008042312495620608
full,P,all,80,1915,15,0,32,0,0.35819772352797513,0.03181460304839922,0.6099092241299345,0.00007844929369096237
full,P,all,81,1868,3,0,35,0,0.35819784951720485,0.03181460304839922,0.609910694004281,0.00007685343011480788
full,P,all,82,1830,5,0,249,0,0.3581980594992543,0.03181460304839922,0.6099211511103458,0.00006618634200051215
full,P,all,83,1576,3,0,30,0,0.35819818548848403,0.03181460304839922,0.6099224110026428,0.00006480046047385168
full,P,all,84,1543,9,0,15,0,0.3581985634561731,0.03181460304839922,0.6099230409487912,0.00006379254663628043
full,P,all,85,1519,5,0,9,0,0.3581987734382226,0.03181460304839922,0.6099234189164803,0.0000632045968976972
full,P,all,86,1505,7,0,27,3,0.3581990674130919,0.03181460304839922,0.6099245528195475,0.00006177671896113794
full,P,all,87,1468,11,0,1,1,0.3581995303176618,0.03181460304839922,0.6099245949017811,0.0000612717321576409
full,P,all,88,1455,13,0,13,1,0.35820007776269136,0.03181460304839922,0.6099251423468107,0.00006017684209846656
full,P,all,89,1428,5,0,39,1,0.35820028846592,0.03181460304839922,0.6099267858319941,0.00005832265368646899
full,P,all,90,1383,6,0,38,4,0.3582005414926171,0.03181460304839922,0.6099283883344092,0.00005646712457424583
full,P,all,91,1335,7,0,26,1,0.3582008375749182,0.03181460304839922,0.6099294880686705,0.00005507130801173638
full,P,all,92,1301,3,0,5,19,0.3582009645648675,0.03181460304839922,0.609929699718586,0.000054732668146944764
full,P,all,93,1274,14,0,2,0,0.3582015660227592,0.03181460304839922,0.609929785641142,0.00005404528769925943
full,P,all,94,1258,4,0,1,0,0.35820173786787113,0.03181460304839922,0.60992982860242,0.000053830481309357764
full,P,all,95,1253,7,0,7,0,0.358202038596817,0.03181460304839922,0.6099301293313658,0.000053229023417633096
full,P,all,96,1239,9,0,24,1,0.3582024252483188,0.03181460304839922,0.6099311604020373,0.00005181130124428209
full,P,all,97,1205,7,0,7,0,0.35820272622683225,0.03181460304839922,0.6099314613805508,0.000051209344217377573
full,P,all,98,1191,7,0,3,0,0.3582030272053457,0.03181460304839922,0.6099315903713423,0.00005077937491244577
full,P,all,99,1181,3,0,37,8,0.3582031561961372,0.03181460304839922,0.6099331812577705,0.000049059497692718566
full,P,all,100,1133,13,0,9,0,0.3582037191029951,0.03181460304839922,0.6099335709625183,0.00004810688608703471
full,P,all,101,1111,2,0,8,5,0.35820380570405014,0.03181460304839922,0.6099339173667385,0.00004767388081172387
full,P,all,102,1096,11,0,15,1,0.3582042841827809,0.03181460304839922,0.6099345698377351,0.00004654293108443845
full,P,all,103,1069,5,0,4,0,0.3582045018765652,0.03181460304839922,0.6099347439927625,0.000046151082272689196
full,P,all,104,1060,12,0,2,0,0.3582050243416475,0.03181460304839922,0.6099348310702762,0.00004554153967663481
full,P,all,105,1046,10,0,10,0,0.35820545972921614,0.03181460304839922,0.6099352664578449,0.00004467076453941426
full,P,all,106,1026,3,0,3,1,0.3582055903454867,0.03181460304839922,0.6099353970741155,0.000044409531998248095
full,P,all,107,1019,9,0,0,0,0.35820598257884095,0.03181460304839922,0.6099353970741155,0.000044017298643994675
full,P,all,108,1010,3,0,2,0,0.3582061133232924,0.03181460304839922,0.6099354842370831,0.000043799391224965
full,P,all,109,1005,1,0,4,0,0.3582061569047762,0.03181460304839922,0.6099356585630183,0.000043581483805935325
full,P,all,110,1000,3,0,6,0,0.35820628764922763,0.03181460304839922,0.6099359200519212,0.000043189250451681905
full,P,all,111,991,3,0,12,0,0.35820641839367906,0.03181460304839922,0.6099364430297268,0.00004253552819459287
full,P,all,112,976,2,0,16,0,0.3582065055566467,0.03181460304839922,0.6099371403334677,0.00004175106148608604
full,P,all,113,958,1,0,18,1,0.3582065491381305,0.03181460304839922,0.6099379248001762,0.00004092301329377327
full,P,all,114,938,6,0,10,1,0.35820681090580614,0.03181460304839922,0.6099383610796356,0.000040224966158698245
full,P,all,115,921,6,0,9,0,0.35820707295770293,0.03181460304839922,0.6099387541574808,0.000039569836416699905
full,P,all,116,906,10,0,20,0,0.3582075097108643,0.03181460304839922,0.6099396276638035,0.000038259576932703225
full,P,all,117,876,3,0,6,0,0.3582076407368127,0.03181460304839922,0.6099398897157003,0.00003786649908750422
full,P,all,118,867,4,0,2,0,0.3582078154380772,0.03181460304839922,0.6099399770663326,0.000037604447190704884
full,P,all,119,861,2,0,22,0,0.3582079027887095,0.03181460304839922,0.6099409379232875,0.00003655623960350753
full,P,all,120,837,4,0,0,0,0.358208077489974,0.03181460304839922,0.6099409379232875,0.000036381538338974645
full,P,all,121,833,7,0,19,0,0.35820838321718695,0.03181460304839922,0.6099417677542941,0.000035245980119510846
full,P,all,122,807,1,0,5,0,0.3582084268925031,0.03181460304839922,0.6099419861308748,0.00003498392822271151
full,P,all,123,801,6,0,10,0,0.3582086889443999,0.03181460304839922,0.6099424228840361,0.00003428512316457994
full,P,all,124,785,2,0,6,0,0.35820877629503217,0.03181460304839922,0.609942684935933,0.00003393572063551416
full,P,all,125,777,3,0,3,0,0.3582089073209806,0.03181460304839922,0.6099428159618814,0.00003367366873871482
full,P,all,126,771,1,0,5,0,0.35820895099629674,0.03181460304839922,0.6099430343384621,0.00003341161684191549
full,P,all,127,765,3,0,2,0,0.35820908202224516,0.03181460304839922,0.6099431216890944,0.00003319324026124937
full,P,all,128,760,1,0,14,0,0.3582091256975613,0.03181460304839922,0.6099437331435202,0.00003253811051925103
full,P,all,129,745,3,0,7,0,0.35820925672350973,0.03181460304839922,0.6099440388707331,0.0000321013573579188
full,P,all,130,735,2,0,8,0,0.358209344074142,0.03181460304839922,0.6099443882732621,0.00003166460419658657
full,P,all,131,725,5,0,16,0,0.35820956245072266,0.03181460304839922,0.6099450870783203,0.00003074742255778889
full,P,all,132,704,1,0,10,0,0.3582096061260388,0.03181460304839922,0.6099455238314816,0.00003026699408032344
full,P,all,133,693,4,0,14,4,0.3582097808273033,0.03181460304839922,0.6099461352859075,0.00002948083838992543
full,P,all,134,671,0,0,3,0,0.3582097808273033,0.03181460304839922,0.6099462670929345,0.000029349031362846774
full,P,all,135,668,3,0,2,0,0.3582099126343304,0.03181460304839922,0.609946354964286,0.000029129352984382353
full,P,all,136,663,0,0,6,0,0.3582099126343304,0.03181460304839922,0.6099466185783401,0.000028865738930225048
full,P,all,137,657,1,0,14,0,0.3582099565700061,0.03181460304839922,0.6099472336777998,0.000028206703794831784
full,P,all,138,642,0,0,11,0,0.3582099565700061,0.03181460304839922,0.6099477169702324,0.000027723411362210058
full,P,all,139,631,0,0,8,0,0.3582099565700061,0.03181460304839922,0.609948068455638,0.000027371925956666983
full,P,all,140,623,1,0,1,0,0.3582100005056818,0.03181460304839922,0.6099481123913136,0.000027284054605281216
full,P,all,141,621,0,0,23,0,0.3582100005056818,0.03181460304839922,0.6099491229118545,0.000026273534064344876
full,P,all,142,598,0,0,9,0,0.3582100005056818,0.03181460304839922,0.6099495183329358,0.000025878112983108917
full,P,all,143,589,1,0,5,0,0.3582100444413575,0.03181460304839922,0.6099497380113142,0.000025614498928951612
full,P,all,144,583,0,0,8,6,0.3582100444413575,0.03181460304839922,0.6099500894967198,0.000025263013523408537
full,P,all,145,569,4,0,5,0,0.3582102220372346,0.03181460304839922,0.6099503114915662,0.000024863422799839683
full,P,all,146,560,1,0,4,0,0.3582102664362039,0.03181460304839922,0.6099504890874433,0.000024641427953412545
full,P,all,147,555,0,0,5,0,0.3582102664362039,0.03181460304839922,0.6099507110822897,0.000024419433106985403
full,P,all,148,550,5,0,20,0,0.35821048843105036,0.03181460304839922,0.6099515990616754,0.000023309458874849705
full,P,all,149,525,1,0,3,0,0.35821053283001963,0.03181460304839922,0.6099517322585832,0.000023131862997707993
full,P,all,150,521,0,0,2,0,0.35821053283001963,0.03181460304839922,0.6099518210565218,0.000023043065059137137
full,P,all,151,519,0,0,27,0,0.35821053283001963,0.03181460304839922,0.6099530198286925,0.00002184429288843058
full,P,all,152,492,0,0,2,5,0.35821053283001963,0.03181460304839922,0.6099531086266311,0.000021755494949859724
full,P,all,153,485,0,0,5,1,0.35821053283001963,0.03181460304839922,0.6099533329100842,0.000021531211496768386
full,P,all,154,479,0,0,4,2,0.35821053283001963,0.03181460304839922,0.6099535127114328,0.000021351410148152365
full,P,all,155,473,3,0,17,0,0.35821066825122566,0.03181460304839922,0.6099542800982669,0.000020448602108061355
full,P,all,156,453,0,0,8,0,0.35821066825122566,0.03181460304839922,0.6099546412214829,0.000020087478892024952
full,P,all,157,445,0,0,20,0,0.35821066825122566,0.03181460304839922,0.609955544029523,0.00001918467085193394
full,P,all,158,425,0,0,25,0,0.35821066825122566,0.03181460304839922,0.6099566725395731,0.00001805616080182018
full,P,all,159,400,1,0,2,0,0.3582107133916277,0.03181460304839922,0.6099567628203771,0.00001792073959580653
full,P,all,160,397,4,0,2,0,0.3582108939532357,0.03181460304839922,0.6099568531011812,0.000017649897183779224
full,P,all,161,391,0,0,2,0,0.3582108939532357,0.03181460304839922,0.6099569433819853,0.000017559616379770123
full,P,all,162,389,0,0,7,0,0.3582108939532357,0.03181460304839922,0.6099572593647993,0.00001724363356573827
full,P,all,163,382,0,0,27,0,0.3582108939532357,0.03181460304839922,0.6099584781556534,0.00001602484271161541
full,P,all,164,355,0,0,1,2,0.3582108939532357,0.03181460304839922,0.6099585232960554,0.00001597970230961086
full,P,all,165,352,0,0,0,14,0.3582108939532357,0.03181460304839922,0.6099585232960554,0.00001597970230961086
full,P,all,166,338,0,0,1,0,0.3582108939532357,0.03181460304839922,0.6099585705732812,0.00001593242508384278
full,P,all,167,337,1,0,4,0,0.35821094123046143,0.03181460304839922,0.6099587596821843,0.00001569603895500238
full,P,all,168,332,1,0,1,0,0.3582109885076872,0.03181460304839922,0.6099588069594101,0.000015601484503466222
full,P,all,169,330,0,0,2,0,0.3582109885076872,0.03181460304839922,0.6099589015138616,0.000015506930051930063
full,P,all,170,328,0,0,2,0,0.3582109885076872,0.03181460304839922,0.609958996068313,0.000015412375600393904
full,P,all,171,326,1,0,4,0,0.3582110357849129,0.03181460304839922,0.6099591851772161,0.000015175989471553506
full,P,all,172,321,2,0,7,0,0.35821113033936447,0.03181460304839922,0.6099595161177965,0.00001475049443964079
full,P,all,173,312,1,0,4,0,0.3582111776165902,0.03181460304839922,0.6099597052266996,0.000014514108310800394
full,P,all,174,307,1,0,6,0,0.35821122489381596,0.03181460304839922,0.6099599888900542,0.000014183167730423837
full,P,all,175,300,1,0,4,0,0.3582112721710417,0.03181460304839922,0.6099601779989573,0.00001394678160158344
full,P,all,176,295,1,0,16,0,0.35821131944826745,0.03181460304839922,0.6099609344345696,0.000013143068763526089
full,P,all,177,278,3,0,5,0,0.35821146127994474,0.03181460304839922,0.6099611708206985,0.000012764850957381452
full,P,all,178,270,2,0,2,0,0.3582115558343963,0.03181460304839922,0.6099612653751499,0.000012575742054309134
full,P,all,179,266,0,0,3,0,0.3582115558343963,0.03181460304839922,0.6099614072068272,0.000012433910377004895
full,P,all,180,263,0,0,2,0,0.3582115558343963,0.03181460304839922,0.6099615017612787,0.000012339355925468736
full,P,all,181,261,0,0,1,0,0.3582115558343963,0.03181460304839922,0.6099615490385045,0.000012292078699700657
full,P,all,182,260,0,0,2,0,0.3582115558343963,0.03181460304839922,0.609961643592956,0.000012197524248164498
full,P,all,183,258,1,0,3,1,0.35821160311162203,0.03181460304839922,0.6099617854246333,0.00001200841534509218
full,P,all,184,253,0,0,1,0,0.35821160311162203,0.03181460304839922,0.6099618328887256,0.000011960951252819088
full,P,all,185,252,0,0,1,0,0.35821160311162203,0.03181460304839922,0.609961880352818,0.000011913487160545996
full,P,all,186,251,0,0,0,0,0.35821160311162203,0.03181460304839922,0.609961880352818,0.000011913487160545996
full,P,all,187,251,1,0,2,0,0.3582116505757143,0.03181460304839922,0.6099619752810025,0.000011771094883726721
full,P,all,188,248,0,0,2,0,0.3582116505757143,0.03181460304839922,0.609962070209187,0.000011676166699180538
full,P,all,189,246,0,0,6,0,0.3582116505757143,0.03181460304839922,0.6099623549937406,0.000011391382145541988
full,P,all,190,240,0,0,1,0,0.3582116505757143,0.03181460304839922,0.609962402457833,0.000011343918053268897
full,P,all,191,239,0,0,0,0,0.3582116505757143,0.03181460304839922,0.609962402457833,0.000011343918053268897
full,P,all,192,239,0,0,3,0,0.3582116505757143,0.03181460304839922,0.6099625448501098,0.000011201525776449622
full,P,all,193,236,0,0,2,0,0.3582116505757143,0.03181460304839922,0.6099626397782943,0.000011106597591903439
full,P,all,194,234,0,0,10,0,0.3582116505757143,0.03181460304839922,0.609963114419217,0.000010631956669172522
full,P,all,195,224,1,0,19,0,0.35821169803980657,0.03181460304839922,0.6099640162369702,9.68267482371069e-6
full,P,all,196,204,0,0,6,0,0.35821169803980657,0.03181460304839922,0.6099643010215238,9.39789027007214e-6
full,P,all,197,198,2,0,0,0,0.3582117929679911,0.03181460304839922,0.6099643010215238,9.302962085525957e-6
full,P,all,198,196,0,0,1,0,0.3582117929679911,0.03181460304839922,0.6099643484856161,9.255497993252865e-6
full,P,all,199,195,1,0,1,0,0.3582118404320834,0.03181460304839922,0.6099643959497084,9.160569808706682e-6
full,P,all,200,193,0,0,12,0,0.3582118404320834,0.03181460304839922,0.6099649655188157,8.591000701429582e-6
full,P,all,201,181,0,0,2,0,0.3582118404320834,0.03181460304839922,0.6099650604470003,8.496072516883399e-6
full,P,all,202,179,0,0,0,0,0.3582118404320834,0.03181460304839922,0.6099650604470003,8.496072516883399e-6
full,P,all,203,179,0,0,0,0,0.3582118404320834,0.03181460304839922,0.6099650604470003,8.496072516883399e-6
full,P,all,204,179,0,0,0,0,0.3582118404320834,0.03181460304839922,0.6099650604470003,8.496072516883399e-6
full,P,all,205,179,1,0,8,0,0.35821188789617564,0.03181460304839922,0.6099654401597384,8.068895686425575e-6
full,P,all,206,170,0,0,2,0,0.35821188789617564,0.03181460304839922,0.609965535087923,7.973967501879391e-6
full,P,all,207,168,0,0,1,0,0.35821188789617564,0.03181460304839922,0.6099655825520153,7.9265034096063e-6
full,P,all,208,167,0,0,0,0,0.35821188789617564,0.03181460304839922,0.6099655825520153,7.9265034096063e-6
full,P,all,209,167,0,0,4,0,0.35821188789617564,0.03181460304839922,0.6099657724083843,7.736647040513933e-6
full,P,all,210,163,1,0,6,0,0.3582119353602679,0.03181460304839922,0.609966057192938,7.404398394602292e-6
full,P,all,211,156,0,0,2,0,0.3582119353602679,0.03181460304839922,0.6099661521211225,7.3094702100561085e-6
full,P,all,212,154,0,0,4,0,0.3582119353602679,0.03181460304839922,0.6099663419774916,7.119613840963742e-6
full,P,all,213,150,0,0,1,0,0.3582119353602679,0.03181460304839922,0.6099663894415839,7.07214974869065e-6
full,P,all,214,149,0,0,0,0,0.3582119353602679,0.03181460304839922,0.6099663894415839,7.07214974869065e-6
full,P,all,215,149,0,0,1,0,0.3582119353602679,0.03181460304839922,0.6099664369056762,7.024685656417559e-6
full,P,all,216,148,0,0,4,0,0.3582119353602679,0.03181460304839922,0.6099666267620453,6.834829287325193e-6
full,P,all,217,144,0,0,0,0,0.3582119353602679,0.03181460304839922,0.6099666267620453,6.834829287325193e-6
full,P,all,218,144,0,0,2,0,0.3582119353602679,0.03181460304839922,0.6099667216902298,6.73990110277901e-6
full,P,all,219,142,0,0,5,0,0.3582119353602679,0.03181460304839922,0.6099669590106912,6.502580641413552e-6
full,P,all,220,137,0,0,0,0,0.3582119353602679,0.03181460304839922,0.6099669590106912,6.502580641413552e-6
full,P,all,221,137,0,0,0,0,0.3582119353602679,0.03181460304839922,0.6099669590106912,6.502580641413552e-6
full,P,all,222,137,0,0,43,0,0.3582119353602679,0.03181460304839922,0.609968999966659,4.461624673670613e-6
full,P,all,223,94,0,0,0,0,0.3582119353602679,0.03181460304839922,0.609968999966659,4.461624673670613e-6
full,P,all,224,94,0,0,0,0,0.3582119353602679,0.03181460304839922,0.609968999966659,4.461624673670613e-6
full,P,all,225,94,0,0,0,0,0.3582119353602679,0.03181460304839922,0.609968999966659,4.461624673670613e-6
full,P,all,226,94,1,0,0,0,0.3582119828243602,0.03181460304839922,0.609968999966659,4.414160581397521e-6
full,P,all,227,93,0,0,3,0,0.3582119828243602,0.03181460304839922,0.6099691423589358,4.271768304578246e-6
full,P,all,228,90,0,0,4,0,0.3582119828243602,0.03181460304839922,0.6099693322153049,4.08191193548588e-6
full,P,all,229,86,0,0,1,0,0.3582119828243602,0.03181460304839922,0.6099693796793972,4.034447843212788e-6
full,P,all,230,85,0,0,0,0,0.3582119828243602,0.03181460304839922,0.6099693796793972,4.034447843212788e-6
full,P,all,231,85,0,0,0,0,0.3582119828243602,0.03181460304839922,0.6099693796793972,4.034447843212788e-6
full,P,all,232,85,0,0,0,0,0.3582119828243602,0.03181460304839922,0.6099693796793972,4.034447843212788e-6
full,P,all,233,85,0,0,0,0,0.3582119828243602,0.03181460304839922,0.6099693796793972,4.034447843212788e-6
full,P,all,234,85,0,0,2,0,0.3582119828243602,0.03181460304839922,0.6099694746075818,3.939519658666605e-6
full,P,all,235,83,0,0,0,0,0.3582119828243602,0.03181460304839922,0.6099694746075818,3.939519658666605e-6
full,P,all,236,83,0,0,5,0,0.3582119828243602,0.03181460304839922,0.6099697119280432,3.7021991973011467e-6
full,P,all,237,78,0,0,0,0,0.3582119828243602,0.03181460304839922,0.6099697119280432,3.7021991973011467e-6
full,P,all,238,78,0,0,23,0,0.3582119828243602,0.03181460304839922,0.6099708036021655,2.610525075020039e-6
full,P,all,239,55,0,0,0,0,0.3582119828243602,0.03181460304839922,0.6099708036021655,2.610525075020039e-6
full,P,all,240,55,0,0,1,0,0.3582119828243602,0.03181460304839922,0.6099708510662578,2.5630609827469473e-6
full,P,all,241,54,0,0,0,0,0.3582119828243602,0.03181460304839922,0.6099708510662578,2.5630609827469473e-6
full,P,all,242,54,0,0,0,0,0.3582119828243602,0.03181460304839922,0.6099708510662578,2.5630609827469473e-6
full,P,all,243,54,0,0,0,0,0.3582119828243602,0.03181460304839922,0.6099708510662578,2.5630609827469473e-6
full,P,all,244,54,0,0,0,0,0.3582119828243602,0.03181460304839922,0.6099708510662578,2.5630609827469473e-6
full,P,all,245,54,1,0,0,0,0.35821203028845244,0.03181460304839922,0.6099708510662578,2.5155968904738557e-6
full,P,all,246,53,0,0,0,0,0.35821203028845244,0.03181460304839922,0.6099708510662578,2.5155968904738557e-6
full,P,all,247,53,0,0,0,0,0.35821203028845244,0.03181460304839922,0.6099708510662578,2.5155968904738557e-6
full,P,all,248,53,0,0,1,0,0.35821203028845244,0.03181460304839922,0.6099708985303501,2.468132798200764e-6
full,P,all,249,52,0,0,0,0,0.35821203028845244,0.03181460304839922,0.6099708985303501,2.468132798200764e-6
full,P,all,250,52,0,0,0,0,0.35821203028845244,0.03181460304839922,0.6099708985303501,2.468132798200764e-6
full,P,all,251,52,0,0,0,0,0.35821203028845244,0.03181460304839922,0.6099708985303501,2.468132798200764e-6
full,P,all,252,52,0,0,0,0,0.35821203028845244,0.03181460304839922,0.6099708985303501,2.468132798200764e-6
full,P,all,253,52,0,0,0,0,0.35821203028845244,0.03181460304839922,0.6099708985303501,2.468132798200764e-6
full,P,all,254,52,0,0,3,0,0.35821203028845244,0.03181460304839922,0.609971040922627,2.325740521381489e-6
full,P,all,255,49,0,0,1,0,0.35821203028845244,0.03181460304839922,0.6099710883867193,2.2782764291083976e-6
full,P,all,256,48,0,0,0,0,0.35821203028845244,0.03181460304839922,0.6099710883867193,2.2782764291083976e-6
full,P,all,257,48,1,0,0,0,0.3582120777525447,0.03181460304839922,0.6099710883867193,2.230812336835306e-6
full,P,all,258,47,1,0,0,0,0.358212125216637,0.03181460304839922,0.6099710883867193,2.1833482445622143e-6
full,P,all,259,46,0,0,0,0,0.358212125216637,0.03181460304839922,0.6099710883867193,2.1833482445622143e-6
full,P,all,260,46,0,0,0,0,0.358212125216637,0.03181460304839922,0.6099710883867193,2.1833482445622143e-6
full,P,all,261,46,0,0,0,0,0.358212125216637,0.03181460304839922,0.6099710883867193,2.1833482445622143e-6
full,P,all,262,46,1,0,0,0,0.35821217268072925,0.03181460304839922,0.6099710883867193,2.1358841522891227e-6
full,P,all,263,45,0,0,1,0,0.35821217268072925,0.03181460304839922,0.6099711358508116,2.088420060016031e-6
full,P,all,264,44,0,0,0,0,0.35821217268072925,0.03181460304839922,0.6099711358508116,2.088420060016031e-6
full,P,all,265,44,0,0,0,0,0.35821217268072925,0.03181460304839922,0.6099711358508116,2.088420060016031e-6
full,P,all,266,44,0,0,2,0,0.35821217268072925,0.03181460304839922,0.6099712307789962,1.993491875469848e-6
full,P,all,267,42,0,0,0,0,0.35821217268072925,0.03181460304839922,0.6099712307789962,1.993491875469848e-6
full,P,all,268,42,0,0,0,0,0.35821217268072925,0.03181460304839922,0.6099712307789962,1.993491875469848e-6
full,P,all,269,42,0,0,0,0,0.35821217268072925,0.03181460304839922,0.6099712307789962,1.993491875469848e-6
full,P,all,270,42,0,0,0,0,0.35821217268072925,0.03181460304839922,0.6099712307789962,1.993491875469848e-6
full,P,all,271,42,0,0,0,0,0.35821217268072925,0.03181460304839922,0.6099712307789962,1.993491875469848e-6
full,P,all,272,42,0,0,0,0,0.35821217268072925,0.03181460304839922,0.6099712307789962,1.993491875469848e-6
full,P,all,273,42,0,0,0,0,0.35821217268072925,0.03181460304839922,0.6099712307789962,1.993491875469848e-6
full,P,all,274,42,0,0,0,0,0.35821217268072925,0.03181460304839922,0.6099712307789962,1.993491875469848e-6
full,P,all,275,42,0,0,0,0,0.35821217268072925,0.03181460304839922,0.6099712307789962,1.993491875469848e-6
full,P,all,276,42,1,0,0,0,0.3582122201448215,0.03181460304839922,0.6099712307789962,1.946027783196756e-6
full,P,all,277,41,0,0,4,0,0.3582122201448215,0.03181460304839922,0.6099714206353652,1.7561714141043897e-6
full,P,all,278,37,0,0,0,0,0.3582122201448215,0.03181460304839922,0.6099714206353652,1.7561714141043897e-6
full,P,all,279,37,0,0,0,0,0.3582122201448215,0.03181460304839922,0.6099714206353652,1.7561714141043897e-6
full,P,all,280,37,0,0,0,0,0.3582122201448215,0.03181460304839922,0.6099714206353652,1.7561714141043897e-6
full,P,all,281,37,0,0,0,0,0.3582122201448215,0.03181460304839922,0.6099714206353652,1.7561714141043897e-6
full,P,all,282,37,0,0,0,0,0.3582122201448215,0.03181460304839922,0.6099714206353652,1.7561714141043897e-6
full,P,all,283,37,0,0,1,0,0.3582122201448215,0.03181460304839922,0.6099714680994576,1.7087073218312983e-6
full,P,all,284,36,0,0,0,0,0.3582122201448215,0.03181460304839922,0.6099714680994576,1.7087073218312983e-6
full,P,all,285,36,0,0,0,0,0.3582122201448215,0.03181460304839922,0.6099714680994576,1.7087073218312983e-6
full,P,all,286,36,0,0,0,0,0.3582122201448215,0.03181460304839922,0.6099714680994576,1.7087073218312983e-6
full,P,all,287,36,0,0,0,0,0.3582122201448215,0.03181460304839922,0.6099714680994576,1.7087073218312983e-6
full,P,all,288,36,0,0,0,0,0.3582122201448215,0.03181460304839922,0.6099714680994576,1.7087073218312983e-6
full,P,all,289,36,0,0,0,0,0.3582122201448215,0.03181460304839922,0.6099714680994576,1.7087073218312983e-6
full,P,all,290,36,0,0,1,0,0.3582122201448215,0.03181460304839922,0.6099715155635499,1.6612432295582067e-6
full,P,all,291,35,0,0,0,0,0.3582122201448215,0.03181460304839922,0.6099715155635499,1.6612432295582067e-6
full,P,all,292,35,0,0,0,0,0.3582122201448215,0.03181460304839922,0.6099715155635499,1.6612432295582067e-6
full,P,all,293,35,0,0,0,0,0.3582122201448215,0.03181460304839922,0.6099715155635499,1.6612432295582067e-6
full,P,all,294,35,0,0,0,0,0.3582122201448215,0.03181460304839922,0.6099715155635499,1.6612432295582067e-6
full,P,all,295,35,0,0,0,0,0.3582122201448215,0.03181460304839922,0.6099715155635499,1.6612432295582067e-6
full,P,all,296,35,0,0,0,0,0.3582122201448215,0.03181460304839922,0.6099715155635499,1.6612432295582067e-6
full,P,all,297,35,0,0,0,0,0.3582122201448215,0.03181460304839922,0.6099715155635499,1.6612432295582067e-6
full,P,all,298,35,0,0,0,0,0.3582122201448215,0.03181460304839922,0.6099715155635499,1.6612432295582067e-6
full,P,all,299,35,0,0,0,0,0.3582122201448215,0.03181460304839922,0.6099715155635499,1.6612432295582067e-6
full,P,all,300,35,0,0,0,0,0.3582122201448215,0.03181460304839922,0.6099715155635499,1.6612432295582067e-6
full,P,all,301,35,0,0,0,0,0.3582122201448215,0.03181460304839922,0.6099715155635499,1.6612432295582067e-6
full,P,all,302,35,0,0,0,0,0.3582122201448215,0.03181460304839922,0.6099715155635499,1.6612432295582067e-6
full,P,all,303,35,0,0,0,0,0.3582122201448215,0.03181460304839922,0.6099715155635499,1.6612432295582067e-6
full,P,all,304,35,0,0,0,0,0.3582122201448215,0.03181460304839922,0.6099715155635499,1.6612432295582067e-6
full,P,all,305,35,0,0,0,0,0.3582122201448215,0.03181460304839922,0.6099715155635499,1.6612432295582067e-6
full,P,all,306,35,0,0,0,0,0.3582122201448215,0.03181460304839922,0.6099715155635499,1.6612432295582067e-6
full,P,all,307,35,0,0,0,0,0.3582122201448215,0.03181460304839922,0.6099715155635499,1.6612432295582067e-6
full,P,all,308,35,0,0,0,0,0.3582122201448215,0.03181460304839922,0.6099715155635499,1.6612432295582067e-6
full,P,all,309,35,0,0,0,0,0.3582122201448215,0.03181460304839922,0.6099715155635499,1.6612432295582067e-6
full,P,all,310,35,0,0,0,0,0.3582122201448215,0.03181460304839922,0.6099715155635499,1.6612432295582067e-6
full,P,all,311,35,0,0,0,0,0.3582122201448215,0.03181460304839922,0.6099715155635499,1.6612432295582067e-6
full,P,all,312,35,0,0,0,0,0.3582122201448215,0.03181460304839922,0.6099715155635499,1.6612432295582067e-6
full,P,all,313,35,0,0,0,0,0.3582122201448215,0.03181460304839922,0.6099715155635499,1.6612432295582067e-6
full,P,all,314,35,0,0,0,0,0.3582122201448215,0.03181460304839922,0.6099715155635499,1.6612432295582067e-6
full,P,all,315,35,0,0,0,0,0.3582122201448215,0.03181460304839922,0.6099715155635499,1.6612432295582067e-6
full,P,all,316,35,0,0,1,0,0.3582122201448215,0.03181460304839922,0.6099715630276422,1.613779137285115e-6
full,P,all,317,34,0,0,3,0,0.3582122201448215,0.03181460304839922,0.6099717054199191,1.4713868604658402e-6
full,P,all,318,31,0,0,1,0,0.3582122201448215,0.03181460304839922,0.6099717528840114,1.4239227681927485e-6
full,P,all,319,30,0,0,0,0,0.3582122201448215,0.03181460304839922,0.6099717528840114,1.4239227681927485e-6
full,P,all,320,30,0,0,3,0,0.3582122201448215,0.03181460304839922,0.6099718952762883,1.2815304913734737e-6
full,P,all,321,27,0,0,0,0,0.3582122201448215,0.03181460304839922,0.6099718952762883,1.2815304913734737e-6
full,P,all,322,27,0,0,0,0,0.3582122201448215,0.03181460304839922,0.6099718952762883,1.2815304913734737e-6
full,P,all,323,27,0,0,0,0,0.3582122201448215,0.03181460304839922,0.6099718952762883,1.2815304913734737e-6
full,P,all,324,27,0,0,0,0,0.3582122201448215,0.03181460304839922,0.6099718952762883,1.2815304913734737e-6
full,P,all,325,27,0,0,0,0,0.3582122201448215,0.03181460304839922,0.6099718952762883,1.2815304913734737e-6
full,P,all,326,27,0,0,0,0,0.3582122201448215,0.03181460304839922,0.6099718952762883,1.2815304913734737e-6
full,P,all,327,27,0,0,0,0,0.3582122201448215,0.03181460304839922,0.6099718952762883,1.2815304913734737e-6
full,P,all,328,27,0,0,0,0,0.3582122201448215,0.03181460304839922,0.6099718952762883,1.2815304913734737e-6
full,P,all,329,27,0,0,5,0,0.3582122201448215,0.03181460304839922,0.6099721325967496,1.0442100300080157e-6
full,P,all,330,22,0,0,0,0,0.3582122201448215,0.03181460304839922,0.6099721325967496,1.0442100300080157e-6
full,P,all,331,22,0,0,0,0,0.3582122201448215,0.03181460304839922,0.6099721325967496,1.0442100300080157e-6
full,P,all,332,22,0,0,0,0,0.3582122201448215,0.03181460304839922,0.6099721325967496,1.0442100300080157e-6
full,P,all,333,22,0,0,8,0,0.3582122201448215,0.03181460304839922,0.6099725123094878,6.644972918232827e-7
full,P,all,334,14,0,0,0,0,0.3582122201448215,0.03181460304839922,0.6099725123094878,6.644972918232827e-7
full,P,all,335,14,0,0,0,0,0.3582122201448215,0.03181460304839922,0.6099725123094878,6.644972918232827e-7
full,P,all,336,14,0,0,0,0,0.3582122201448215,0.03181460304839922,0.6099725123094878,6.644972918232827e-7
full,P,all,337,14,0,0,0,0,0.3582122201448215,0.03181460304839922,0.6099725123094878,6.644972918232827e-7
full,P,all,338,14,0,0,0,0,0.3582122201448215,0.03181460304839922,0.6099725123094878,6.644972918232827e-7
full,P,all,339,14,0,0,0,0,0.3582122201448215,0.03181460304839922,0.6099725123094878,6.644972918232827e-7
full,P,all,340,14,0,0,0,0,0.3582122201448215,0.03181460304839922,0.6099725123094878,6.644972918232827e-7
full,P,all,341,14,0,0,0,0,0.3582122201448215,0.03181460304839922,0.6099725123094878,6.644972918232827e-7
full,P,all,342,14,0,0,0,0,0.3582122201448215,0.03181460304839922,0.6099725123094878,6.644972918232827e-7
full,P,all,343,14,0,0,0,0,0.3582122201448215,0.03181460304839922,0.6099725123094878,6.644972918232827e-7
full,P,all,344,14,0,0,0,0,0.3582122201448215,0.03181460304839922,0.6099725123094878,6.644972918232827e-7
full,P,all,345,14,0,0,0,0,0.3582122201448215,0.03181460304839922,0.6099725123094878,6.644972918232827e-7
full,P,all,346,14,0,0,0,0,0.3582122201448215,0.03181460304839922,0.6099725123094878,6.644972918232827e-7
full,P,all,347,14,0,0,0,0,0.3582122201448215,0.03181460304839922,0.6099725123094878,6.644972918232827e-7
full,P,all,348,14,0,0,0,0,0.3582122201448215,0.03181460304839922,0.6099725123094878,6.644972918232827e-7
full,P,all,349,14,1,0,0,0,0.3582122676089138,0.03181460304839922,0.6099725123094878,6.170331995501911e-7
full,P,all,350,13,0,0,0,0,0.3582122676089138,0.03181460304839922,0.6099725123094878,6.170331995501911e-7
full,P,all,351,13,0,0,0,0,0.3582122676089138,0.03181460304839922,0.6099725123094878,6.170331995501911e-7
full,P,all,352,13,0,0,0,0,0.3582122676089138,0.03181460304839922,0.6099725123094878,6.170331995501911e-7
full,P,all,353,13,0,0,0,0,0.3582122676089138,0.03181460304839922,0.6099725123094878,6.170331995501911e-7
full,P,all,354,13,0,0,0,0,0.3582122676089138,0.03181460304839922,0.6099725123094878,6.170331995501911e-7
full,P,all,355,13,0,0,0,0,0.3582122676089138,0.03181460304839922,0.6099725123094878,6.170331995501911e-7
full,P,all,356,13,0,0,0,0,0.3582122676089138,0.03181460304839922,0.6099725123094878,6.170331995501911e-7
full,P,all,357,13,1,0,0,0,0.35821231507300605,0.03181460304839922,0.6099725123094878,5.695691072770995e-7
full,P,all,358,12,0,0,0,0,0.35821231507300605,0.03181460304839922,0.6099725123094878,5.695691072770995e-7
full,P,all,359,12,0,0,0,0,0.35821231507300605,0.03181460304839922,0.6099725123094878,5.695691072770995e-7
full,P,all,360,12,0,0,0,0,0.35821231507300605,0.03181460304839922,0.6099725123094878,5.695691072770995e-7
full,P,all,361,12,0,0,0,0,0.35821231507300605,0.03181460304839922,0.6099725123094878,5.695691072770995e-7
full,P,all,362,12,0,0,0,0,0.35821231507300605,0.03181460304839922,0.6099725123094878,5.695691072770995e-7
full,P,all,363,12,0,0,0,0,0.35821231507300605,0.03181460304839922,0.6099725123094878,5.695691072770995e-7
full,P,all,364,12,0,0,0,0,0.35821231507300605,0.03181460304839922,0.6099725123094878,5.695691072770995e-7
full,P,all,365,12,0,0,0,0,0.35821231507300605,0.03181460304839922,0.6099725123094878,5.695691072770995e-7
full,P,all,366,12,0,0,0,0,0.35821231507300605,0.03181460304839922,0.6099725123094878,5.695691072770995e-7
full,P,all,367,12,0,0,0,0,0.35821231507300605,0.03181460304839922,0.6099725123094878,5.695691072770995e-7
full,P,all,368,12,0,0,0,0,0.35821231507300605,0.03181460304839922,0.6099725123094878,5.695691072770995e-7
full,P,all,369,12,0,0,0,0,0.35821231507300605,0.03181460304839922,0.6099725123094878,5.695691072770995e-7
full,P,all,370,12,0,0,0,0,0.35821231507300605,0.03181460304839922,0.6099725123094878,5.695691072770995e-7
full,P,all,371,12,0,0,0,0,0.35821231507300605,0.03181460304839922,0.6099725123094878,5.695691072770995e-7
full,P,all,372,12,0,0,0,0,0.35821231507300605,0.03181460304839922,0.6099725123094878,5.695691072770995e-7
full,P,all,373,12,0,0,0,0,0.35821231507300605,0.03181460304839922,0.6099725123094878,5.695691072770995e-7
full,P,all,374,12,0,0,0,0,0.35821231507300605,0.03181460304839922,0.6099725123094878,5.695691072770995e-7
full,P,all,375,12,0,0,0,0,0.35821231507300605,0.03181460304839922,0.6099725123094878,5.695691072770995e-7
full,P,all,376,12,0,0,0,0,0.35821231507300605,0.03181460304839922,0.6099725123094878,5.695691072770995e-7
full,P,all,377,12,0,0,0,0,0.35821231507300605,0.03181460304839922,0.6099725123094878,5.695691072770995e-7
full,P,all,378,12,0,0,0,0,0.35821231507300605,0.03181460304839922,0.6099725123094878,5.695691072770995e-7
full,P,all,379,12,0,0,0,0,0.35821231507300605,0.03181460304839922,0.6099725123094878,5.695691072770995e-7
full,P,all,380,12,0,0,0,0,0.35821231507300605,0.03181460304839922,0.6099725123094878,5.695691072770995e-7
full,P,all,381,12,0,0,0,0,0.35821231507300605,0.03181460304839922,0.6099725123094878,5.695691072770995e-7
full,P,all,382,12,0,0,0,0,0.35821231507300605,0.03181460304839922,0.6099725123094878,5.695691072770995e-7
full,P,all,383,12,0,0,0,0,0.35821231507300605,0.03181460304839922,0.6099725123094878,5.695691072770995e-7
full,P,all,384,12,0,0,0,0,0.35821231507300605,0.03181460304839922,0.6099725123094878,5.695691072770995e-7
full,P,all,385,12,0,0,0,0,0.35821231507300605,0.03181460304839922,0.6099725123094878,5.695691072770995e-7
full,P,all,386,12,0,0,0,0,0.35821231507300605,0.03181460304839922,0.6099725123094878,5.695691072770995e-7
full,P,all,387,12,0,0,0,0,0.35821231507300605,0.03181460304839922,0.6099725123094878,5.695691072770995e-7
full,P,all,388,12,0,0,0,0,0.35821231507300605,0.03181460304839922,0.6099725123094878,5.695691072770995e-7
full,P,all,389,12,0,0,0,0,0.35821231507300605,0.03181460304839922,0.6099725123094878,5.695691072770995e-7
full,P,all,390,12,0,0,0,0,0.35821231507300605,0.03181460304839922,0.6099725123094878,5.695691072770995e-7
full,P,all,391,12,0,0,0,0,0.35821231507300605,0.03181460304839922,0.6099725123094878,5.695691072770995e-7
full,P,all,392,12,0,0,0,0,0.35821231507300605,0.03181460304839922,0.6099725123094878,5.695691072770995e-7
full,P,all,393,12,0,0,0,0,0.35821231507300605,0.03181460304839922,0.6099725123094878,5.695691072770995e-7
full,P,all,394,12,0,0,0,0,0.35821231507300605,0.03181460304839922,0.6099725123094878,5.695691072770995e-7
full,P,all,395,12,0,0,1,0,0.35821231507300605,0.03181460304839922,0.6099725597735801,5.221050150040079e-7
full,P,all,396,11,0,0,0,0,0.35821231507300605,0.03181460304839922,0.6099725597735801,5.221050150040079e-7
full,P,all,397,11,0,0,0,0,0.35821231507300605,0.03181460304839922,0.6099725597735801,5.221050150040079e-7
full,P,all,398,11,0,0,0,0,0.35821231507300605,0.03181460304839922,0.6099725597735801,5.221050150040079e-7
full,P,all,399,11,0,0,0,0,0.35821231507300605,0.03181460304839922,0.6099725597735801,5.221050150040079e-7
full,P,all,400,11,0,0,0,0,0.35821231507300605,0.03181460304839922,0.6099725597735801,5.221050150040079e-7
full,P,all,401,11,0,0,0,0,0.35821231507300605,0.03181460304839922,0.6099725597735801,5.221050150040079e-7
full,P,all,402,11,0,0,0,0,0.35821231507300605,0.03181460304839922,0.6099725597735801,5.221050150040079e-7
full,P,all,403,11,0,0,0,0,0.35821231507300605,0.03181460304839922,0.6099725597735801,5.221050150040079e-7
full,P,all,404,11,0,0,0,0,0.35821231507300605,0.03181460304839922,0.6099725597735801,5.221050150040079e-7
full,P,all,405,11,0,0,0,0,0.35821231507300605,0.03181460304839922,0.6099725597735801,5.221050150040079e-7
full,P,all,406,11,0,0,0,0,0.35821231507300605,0.03181460304839922,0.6099725597735801,5.221050150040079e-7
full,P,all,407,11,0,0,0,0,0.35821231507300605,0.03181460304839922,0.6099725597735801,5.221050150040079e-7
full,P,all,408,11,0,0,0,0,0.35821231507300605,0.03181460304839922,0.6099725597735801,5.221050150040079e-7
full,P,all,409,11,0,0,0,0,0.35821231507300605,0.03181460304839922,0.6099725597735801,5.221050150040079e-7
full,P,all,410,11,0,0,0,0,0.35821231507300605,0.03181460304839922,0.6099725597735801,5.221050150040079e-7
full,P,all,411,11,0,0,0,0,0.35821231507300605,0.03181460304839922,0.6099725597735801,5.221050150040079e-7
full,P,all,412,11,0,0,0,0,0.35821231507300605,0.03181460304839922,0.6099725597735801,5.221050150040079e-7
full,P,all,413,11,0,0,0,0,0.35821231507300605,0.03181460304839922,0.6099725597735801,5.221050150040079e-7
full,P,all,414,11,0,0,0,0,0.35821231507300605,0.03181460304839922,0.6099725597735801,5.221050150040079e-7
full,P,all,415,11,0,0,0,0,0.35821231507300605,0.03181460304839922,0.6099725597735801,5.221050150040079e-7
full,P,all,416,11,0,0,0,0,0.35821231507300605,0.03181460304839922,0.6099725597735801,5.221050150040079e-7
full,P,all,417,11,0,0,0,0,0.35821231507300605,0.03181460304839922,0.6099725597735801,5.221050150040079e-7
full,P,all,418,11,0,0,0,0,0.35821231507300605,0.03181460304839922,0.6099725597735801,5.221050150040079e-7
full,P,all,419,11,0,0,0,0,0.35821231507300605,0.03181460304839922,0.6099725597735801,5.221050150040079e-7
full,P,all,420,11,0,0,0,0,0.35821231507300605,0.03181460304839922,0.6099725597735801,5.221050150040079e-7
full,P,all,421,11,0,0,0,0,0.35821231507300605,0.03181460304839922,0.6099725597735801,5.221050150040079e-7
full,P,all,422,11,0,0,0,0,0.35821231507300605,0.03181460304839922,0.6099725597735801,5.221050150040079e-7
full,P,all,423,11,0,0,0,0,0.35821231507300605,0.03181460304839922,0.6099725597735801,5.221050150040079e-7
full,P,all,424,11,0,0,0,0,0.35821231507300605,0.03181460304839922,0.6099725597735801,5.221050150040079e-7
full,P,all,425,11,0,0,0,0,0.35821231507300605,0.03181460304839922,0.6099725597735801,5.221050150040079e-7
full,P,all,426,11,0,0,0,0,0.35821231507300605,0.03181460304839922,0.6099725597735801,5.221050150040079e-7
full,P,all,427,11,0,0,0,0,0.35821231507300605,0.03181460304839922,0.6099725597735801,5.221050150040079e-7
full,P,all,428,11,0,0,0,0,0.35821231507300605,0.03181460304839922,0.6099725597735801,5.221050150040079e-7
full,P,all,429,11,0,0,0,0,0.35821231507300605,0.03181460304839922,0.6099725597735801,5.221050150040079e-7
full,P,all,430,11,0,0,0,0,0.35821231507300605,0.03181460304839922,0.6099725597735801,5.221050150040079e-7
full,P,all,431,11,0,0,0,0,0.35821231507300605,0.03181460304839922,0.6099725597735801,5.221050150040079e-7
full,P,all,432,11,0,0,0,0,0.35821231507300605,0.03181460304839922,0.6099725597735801,5.221050150040079e-7
full,P,all,433,11,0,0,0,0,0.35821231507300605,0.03181460304839922,0.6099725597735801,5.221050150040079e-7
full,P,all,434,11,0,0,0,0,0.35821231507300605,0.03181460304839922,0.6099725597735801,5.221050150040079e-7
full,P,all,435,11,0,0,0,0,0.35821231507300605,0.03181460304839922,0.6099725597735801,5.221050150040079e-7
full,P,all,436,11,0,0,0,0,0.35821231507300605,0.03181460304839922,0.6099725597735801,5.221050150040079e-7
full,P,all,437,11,0,0,0,0,0.35821231507300605,0.03181460304839922,0.6099725597735801,5.221050150040079e-7
full,P,all,438,11,0,0,2,0,0.35821231507300605,0.03181460304839922,0.6099726547017646,4.2717683045782457e-7
full,P,all,439,9,0,0,0,0,0.35821231507300605,0.03181460304839922,0.6099726547017646,4.2717683045782457e-7
full,P,all,440,9,0,0,0,0,0.35821231507300605,0.03181460304839922,0.6099726547017646,4.2717683045782457e-7
full,P,all,441,9,0,0,0,0,0.35821231507300605,0.03181460304839922,0.6099726547017646,4.2717683045782457e-7
full,P,all,442,9,0,0,0,0,0.35821231507300605,0.03181460304839922,0.6099726547017646,4.2717683045782457e-7
full,P,all,443,9,0,0,0,0,0.35821231507300605,0.03181460304839922,0.6099726547017646,4.2717683045782457e-7
full,P,all,444,9,0,0,6,0,0.35821231507300605,0.03181460304839922,0.6099729394863183,1.4239227681927487e-7
full,P,all,445,3,0,0,0,0,0.35821231507300605,0.03181460304839922,0.6099729394863183,1.4239227681927487e-7
full,P,all,446,3,0,0,0,0,0.35821231507300605,0.03181460304839922,0.6099729394863183,1.4239227681927487e-7
full,P,all,447,3,0,0,0,0,0.35821231507300605,0.03181460304839922,0.6099729394863183,1.4239227681927487e-7
full,P,all,448,3,0,0,0,0,0.35821231507300605,0.03181460304839922,0.6099729394863183,1.4239227681927487e-7
full,P,all,449,3,0,0,0,0,0.35821231507300605,0.03181460304839922,0.6099729394863183,1.4239227681927487e-7
full,P,all,450,3,0,0,0,0,0.35821231507300605,0.03181460304839922,0.6099729394863183,1.4239227681927487e-7
full,P,all,451,3,0,0,0,0,0.35821231507300605,0.03181460304839922,0.6099729394863183,1.4239227681927487e-7
full,P,all,452,3,0,0,0,0,0.35821231507300605,0.03181460304839922,0.6099729394863183,1.4239227681927487e-7
full,P,all,453,3,0,0,0,0,0.35821231507300605,0.03181460304839922,0.6099729394863183,1.4239227681927487e-7
full,P,all,454,3,0,0,0,0,0.35821231507300605,0.03181460304839922,0.6099729394863183,1.4239227681927487e-7
full,P,all,455,3,0,0,0,0,0.35821231507300605,0.03181460304839922,0.6099729394863183,1.4239227681927487e-7
full,P,all,456,3,0,0,0,0,0.35821231507300605,0.03181460304839922,0.6099729394863183,1.4239227681927487e-7
full,P,all,457,3,0,0,0,0,0.35821231507300605,0.03181460304839922,0.6099729394863183,1.4239227681927487e-7
full,P,all,458,3,0,0,0,0,0.35821231507300605,0.03181460304839922,0.6099729394863183,1.4239227681927487e-7
full,P,all,459,3,0,0,0,0,0.35821231507300605,0.03181460304839922,0.6099729394863183,1.4239227681927487e-7
full,P,all,460,3,0,0,0,0,0.35821231507300605,0.03181460304839922,0.6099729394863183,1.4239227681927487e-7
full,P,all,461,3,0,0,0,0,0.35821231507300605,0.03181460304839922,0.6099729394863183,1.4239227681927487e-7
full,P,all,462,3,0,0,0,0,0.35821231507300605,0.03181460304839922,0.6099729394863183,1.4239227681927487e-7
full,P,all,463,3,0,0,0,0,0.35821231507300605,0.03181460304839922,0.6099729394863183,1.4239227681927487e-7
full,P,all,464,3,0,0,0,0,0.35821231507300605,0.03181460304839922,0.6099729394863183,1.4239227681927487e-7
full,P,all,465,3,0,0,0,0,0.35821231507300605,0.03181460304839922,0.6099729394863183,1.4239227681927487e-7
full,P,all,466,3,0,0,0,0,0.35821231507300605,0.03181460304839922,0.6099729394863183,1.4239227681927487e-7
full,P,all,467,3,0,0,0,0,0.35821231507300605,0.03181460304839922,0.6099729394863183,1.4239227681927487e-7
full,P,all,468,3,0,0,0,0,0.35821231507300605,0.03181460304839922,0.6099729394863183,1.4239227681927487e-7
full,P,all,469,3,0,0,0,0,0.35821231507300605,0.03181460304839922,0.6099729394863183,1.4239227681927487e-7
full,P,all,470,3,0,0,0,0,0.35821231507300605,0.03181460304839922,0.6099729394863183,1.4239227681927487e-7
full,P,all,471,3,0,0,0,0,0.35821231507300605,0.03181460304839922,0.6099729394863183,1.4239227681927487e-7
full,P,all,472,3,0,0,1,0,0.35821231507300605,0.03181460304839922,0.6099729869504106,9.492818454618326e-8
full,P,all,473,2,0,0,0,0,0.35821231507300605,0.03181460304839922,0.6099729869504106,9.492818454618326e-8
full,P,all,474,2,0,0,0,0,0.35821231507300605,0.03181460304839922,0.6099729869504106,9.492818454618326e-8
full,P,all,475,2,0,0,0,0,0.35821231507300605,0.03181460304839922,0.6099729869504106,9.492818454618326e-8
full,P,all,476,2,0,0,0,0,0.35821231507300605,0.03181460304839922,0.6099729869504106,9.492818454618326e-8
full,P,all,477,2,0,0,0,0,0.35821231507300605,0.03181460304839922,0.6099729869504106,9.492818454618326e-8
full,P,all,478,2,0,0,0,0,0.35821231507300605,0.03181460304839922,0.6099729869504106,9.492818454618326e-8
full,P,all,479,2,0,0,0,0,0.35821231507300605,0.03181460304839922,0.6099729869504106,9.492818454618326e-8
full,P,all,480,2,0,0,0,0,0.35821231507300605,0.03181460304839922,0.6099729869504106,9.492818454618326e-8
full,P,all,481,2,0,0,0,0,0.35821231507300605,0.03181460304839922,0.6099729869504106,9.492818454618326e-8
full,P,all,482,2,0,0,0,0,0.35821231507300605,0.03181460304839922,0.6099729869504106,9.492818454618326e-8
full,P,all,483,2,0,0,0,0,0.35821231507300605,0.03181460304839922,0.6099729869504106,9.492818454618326e-8
full,P,all,484,2,0,0,0,0,0.35821231507300605,0.03181460304839922,0.6099729869504106,9.492818454618326e-8
full,P,all,485,2,0,0,0,0,0.35821231507300605,0.03181460304839922,0.6099729869504106,9.492818454618326e-8
full,P,all,486,2,0,0,0,0,0.35821231507300605,0.03181460304839922,0.6099729869504106,9.492818454618326e-8
full,P,all,487,2,0,0,0,0,0.35821231507300605,0.03181460304839922,0.6099729869504106,9.492818454618326e-8
full,P,all,488,2,0,0,0,0,0.35821231507300605,0.03181460304839922,0.6099729869504106,9.492818454618326e-8
full,P,all,489,2,0,0,0,0,0.35821231507300605,0.03181460304839922,0.6099729869504106,9.492818454618326e-8
full,P,all,490,2,0,0,0,0,0.35821231507300605,0.03181460304839922,0.6099729869504106,9.492818454618326e-8
full,P,all,491,2,0,0,0,0,0.35821231507300605,0.03181460304839922,0.6099729869504106,9.492818454618326e-8
full,P,all,492,2,0,0,0,0,0.35821231507300605,0.03181460304839922,0.6099729869504106,9.492818454618326e-8
full,P,all,493,2,0,0,0,0,0.35821231507300605,0.03181460304839922,0.6099729869504106,9.492818454618326e-8
full,P,all,494,2,0,0,0,0,0.35821231507300605,0.03181460304839922,0.6099729869504106,9.492818454618326e-8
full,P,all,495,2,0,0,0,0,0.35821231507300605,0.03181460304839922,0.6099729869504106,9.492818454618326e-8
full,P,all,496,2,0,0,0,0,0.35821231507300605,0.03181460304839922,0.6099729869504106,9.492818454618326e-8
full,P,all,497,2,0,0,0,0,0.35821231507300605,0.03181460304839922,0.6099729869504106,9.492818454618326e-8
full,P,all,498,2,0,0,1,0,0.35821231507300605,0.03181460304839922,0.6099730344145029,4.746409227309163e-8
full,P,all,499,1,0,0,0,0,0.35821231507300605,0.03181460304839922,0.6099730344145029,4.746409227309163e-8
full,P,all,500,1,0,0,0,0,0.35821231507300605,0.03181460304839922,0.6099730344145029,4.746409227309163e-8
full,P,all,501,1,0,0,0,0,0.35821231507300605,0.03181460304839922,0.6099730344145029,4.746409227309163e-8
full,P,all,502,1,0,0,0,0,0.35821231507300605,0.03181460304839922,0.6099730344145029,4.746409227309163e-8
full,P,all,503,1,0,0,0,0,0.35821231507300605,0.03181460304839922,0.6099730344145029,4.746409227309163e-8
full,P,all,504,1,0,0,0,0,0.35821231507300605,0.03181460304839922,0.6099730344145029,4.746409227309163e-8
full,P,all,505,1,0,0,0,0,0.35821231507300605,0.03181460304839922,0.6099730344145029,4.746409227309163e-8
full,P,all,506,1,0,0,0,0,0.35821231507300605,0.03181460304839922,0.6099730344145029,4.746409227309163e-8
full,P,all,507,1,0,0,0,0,0.35821231507300605,0.03181460304839922,0.6099730344145029,4.746409227309163e-8
full,P,all,508,1,0,0,0,0,0.35821231507300605,0.03181460304839922,0.6099730344145029,4.746409227309163e-8
full,P,all,509,1,0,0,0,0,0.35821231507300605,0.03181460304839922,0.6099730344145029,4.746409227309163e-8
full,P,all,510,1,0,0,0,0,0.35821231507300605,0.03181460304839922,0.6099730344145029,4.746409227309163e-8
full,P,all,511,1,0,0,0,0,0.35821231507300605,0.03181460304839922,0.6099730344145029,4.746409227309163e-8
full,P,all,512,1,0,0,0,0,0.35821231507300605,0.03181460304839922,0.6099730344145029,4.746409227309163e-8
full,P,all,513,1,0,0,0,0,0.35821231507300605,0.03181460304839922,0.6099730344145029,4.746409227309163e-8
full,P,all,514,1,0,0,0,0,0.35821231507300605,0.03181460304839922,0.6099730344145029,4.746409227309163e-8
full,P,all,515,1,0,0,0,0,0.35821231507300605,0.03181460304839922,0.6099730344145029,4.746409227309163e-8
full,P,all,516,1,0,0,0,0,0.35821231507300605,0.03181460304839922,0.6099730344145029,4.746409227309163e-8
full,P,all,517,1,0,0,0,0,0.35821231507300605,0.03181460304839922,0.6099730344145029,4.746409227309163e-8
full,P,all,518,1,0,0,0,0,0.35821231507300605,0.03181460304839922,0.6099730344145029,4.746409227309163e-8
full,P,all,519,1,0,0,0,0,0.35821231507300605,0.03181460304839922,0.6099730344145029,4.746409227309163e-8
full,P,all,520,1,0,0,0,0,0.35821231507300605,0.03181460304839922,0.6099730344145029,4.746409227309163e-8
full,P,all,521,1,0,0,0,0,0.35821231507300605,0.03181460304839922,0.6099730344145029,4.746409227309163e-8
full,P,all,522,1,0,0,0,0,0.35821231507300605,0.03181460304839922,0.6099730344145029,4.746409227309163e-8
full,P,all,523,1,0,0,0,0,0.35821231507300605,0.03181460304839922,0.6099730344145029,4.746409227309163e-8
full,P,all,524,1,0,0,0,0,0.35821231507300605,0.03181460304839922,0.6099730344145029,4.746409227309163e-8
full,P,all,525,1,0,0,0,0,0.35821231507300605,0.03181460304839922,0.6099730344145029,4.746409227309163e-8
full,P,all,526,1,0,0,0,0,0.35821231507300605,0.03181460304839922,0.6099730344145029,4.746409227309163e-8
full,P,all,527,1,0,0,0,0,0.35821231507300605,0.03181460304839922,0.6099730344145029,4.746409227309163e-8
full,P,all,528,1,0,0,0,0,0.35821231507300605,0.03181460304839922,0.6099730344145029,4.746409227309163e-8
full,P,all,529,1,0,0,0,0,0.35821231507300605,0.03181460304839922,0.6099730344145029,4.746409227309163e-8
full,P,all,530,1,0,0,0,0,0.35821231507300605,0.03181460304839922,0.6099730344145029,4.746409227309163e-8
full,P,all,531,1,0,0,0,0,0.35821231507300605,0.03181460304839922,0.6099730344145029,4.746409227309163e-8
full,P,all,532,1,0,0,0,0,0.35821231507300605,0.03181460304839922,0.6099730344145029,4.746409227309163e-8
full,P,all,533,1,0,0,0,0,0.35821231507300605,0.03181460304839922,0.6099730344145029,4.746409227309163e-8
full,P,all,534,1,0,0,0,0,0.35821231507300605,0.03181460304839922,0.6099730344145029,4.746409227309163e-8
full,P,all,535,1,0,0,0,0,0.35821231507300605,0.03181460304839922,0.6099730344145029,4.746409227309163e-8
full,P,all,536,1,0,0,0,0,0.35821231507300605,0.03181460304839922,0.6099730344145029,4.746409227309163e-8
full,P,all,537,1,0,0,0,0,0.35821231507300605,0.03181460304839922,0.6099730344145029,4.746409227309163e-8
full,P,all,538,1,0,0,0,0,0.35821231507300605,0.03181460304839922,0.6099730344145029,4.746409227309163e-8
full,P,all,539,1,0,0,0,0,0.35821231507300605,0.03181460304839922,0.6099730344145029,4.746409227309163e-8
full,P,all,540,1,0,0,0,0,0.35821231507300605,0.03181460304839922,0.6099730344145029,4.746409227309163e-8
full,P,all,541,1,0,0,0,0,0.35821231507300605,0.03181460304839922,0.6099730344145029,4.746409227309163e-8
full,P,all,542,1,0,0,0,0,0.35821231507300605,0.03181460304839922,0.6099730344145029,4.746409227309163e-8
full,P,all,543,1,0,0,0,0,0.35821231507300605,0.03181460304839922,0.6099730344145029,4.746409227309163e-8
full,P,all,544,1,0,0,0,0,0.35821231507300605,0.03181460304839922,0.6099730344145029,4.746409227309163e-8
full,P,all,545,1,0,0,0,0,0.35821231507300605,0.03181460304839922,0.6099730344145029,4.746409227309163e-8
full,P,all,546,1,0,0,0,0,0.35821231507300605,0.03181460304839922,0.6099730344145029,4.746409227309163e-8
full,P,all,547,1,0,0,0,0,0.35821231507300605,0.03181460304839922,0.6099730344145029,4.746409227309163e-8
full,P,all,548,1,0,0,0,0,0.35821231507300605,0.03181460304839922,0.6099730344145029,4.746409227309163e-8
full,P,all,549,1,0,0,0,0,0.35821231507300605,0.03181460304839922,0.6099730344145029,4.746409227309163e-8
full,P,all,550,1,0,0,0,0,0.35821231507300605,0.03181460304839922,0.6099730344145029,4.746409227309163e-8
full,P,all,551,1,0,0,0,0,0.35821231507300605,0.03181460304839922,0.6099730344145029,4.746409227309163e-8
full,P,all,552,1,0,0,0,0,0.35821231507300605,0.03181460304839922,0.6099730344145029,4.746409227309163e-8
full,P,all,553,1,0,0,0,0,0.35821231507300605,0.03181460304839922,0.6099730344145029,4.746409227309163e-8
full,P,all,554,1,0,0,0,0,0.35821231507300605,0.03181460304839922,0.6099730344145029,4.746409227309163e-8
full,P,all,555,1,0,0,0,0,0.35821231507300605,0.03181460304839922,0.6099730344145029,4.746409227309163e-8
full,P,all,556,1,0,0,0,0,0.35821231507300605,0.03181460304839922,0.6099730344145029,4.746409227309163e-8
full,P,all,557,1,0,0,0,0,0.35821231507300605,0.03181460304839922,0.6099730344145029,4.746409227309163e-8
full,P,all,558,1,0,0,0,0,0.35821231507300605,0.03181460304839922,0.6099730344145029,4.746409227309163e-8
full,P,all,559,1,0,0,0,0,0.35821231507300605,0.03181460304839922,0.6099730344145029,4.746409227309163e-8
full,P,all,560,1,0,0,0,0,0.35821231507300605,0.03181460304839922,0.6099730344145029,4.746409227309163e-8
full,P,all,561,1,0,0,0,0,0.35821231507300605,0.03181460304839922,0.6099730344145029,4.746409227309163e-8
full,P,all,562,1,0,0,0,0,0.35821231507300605,0.03181460304839922,0.6099730344145029,4.746409227309163e-8
full,P,all,563,1,0,0,0,0,0.35821231507300605,0.03181460304839922,0.6099730344145029,4.746409227309163e-8
full,P,all,564,1,0,0,0,0,0.35821231507300605,0.03181460304839922,0.6099730344145029,4.746409227309163e-8
full,P,all,565,1,0,0,0,0,0.35821231507300605,0.03181460304839922,0.6099730344145029,4.746409227309163e-8
full,P,all,566,1,0,0,0,0,0.35821231507300605,0.03181460304839922,0.6099730344145029,4.746409227309163e-8
full,P,all,567,1,0,0,0,0,0.35821231507300605,0.03181460304839922,0.6099730344145029,4.746409227309163e-8
full,P,all,568,1,0,0,0,0,0.35821231507300605,0.03181460304839922,0.6099730344145029,4.746409227309163e-8
full,P,all,569,1,0,0,0,0,0.35821231507300605,0.03181460304839922,0.6099730344145029,4.746409227309163e-8
full,P,all,570,1,0,0,0,0,0.35821231507300605,0.03181460304839922,0.6099730344145029,4.746409227309163e-8
full,P,all,571,1,0,0,0,0,0.35821231507300605,0.03181460304839922,0.6099730344145029,4.746409227309163e-8
full,P,all,572,1,0,0,0,0,0.35821231507300605,0.03181460304839922,0.6099730344145029,4.746409227309163e-8
full,P,all,573,1,0,0,0,0,0.35821231507300605,0.03181460304839922,0.6099730344145029,4.746409227309163e-8
full,P,all,574,1,0,0,0,0,0.35821231507300605,0.03181460304839922,0.6099730344145029,4.746409227309163e-8
full,P,all,575,1,0,0,0,0,0.35821231507300605,0.03181460304839922,0.6099730344145029,4.746409227309163e-8
full,P,all,576,1,0,0,0,0,0.35821231507300605,0.03181460304839922,0.6099730344145029,4.746409227309163e-8
full,P,all,577,1,0,0,0,0,0.35821231507300605,0.03181460304839922,0.6099730344145029,4.746409227309163e-8
full,P,all,578,1,0,0,0,0,0.35821231507300605,0.03181460304839922,0.6099730344145029,4.746409227309163e-8
full,P,all,579,1,0,0,0,0,0.35821231507300605,0.03181460304839922,0.6099730344145029,4.746409227309163e-8
full,P,all,580,1,0,0,0,0,0.35821231507300605,0.03181460304839922,0.6099730344145029,4.746409227309163e-8
full,P,all,581,1,0,0,0,0,0.35821231507300605,0.03181460304839922,0.6099730344145029,4.746409227309163e-8
full,P,all,582,1,0,0,0,0,0.35821231507300605,0.03181460304839922,0.6099730344145029,4.746409227309163e-8
full,P,all,583,1,0,0,0,0,0.35821231507300605,0.03181460304839922,0.6099730344145029,4.746409227309163e-8
full,P,all,584,1,0,0,0,0,0.35821231507300605,0.03181460304839922,0.6099730344145029,4.746409227309163e-8
full,P,all,585,1,0,0,0,0,0.35821231507300605,0.03181460304839922,0.6099730344145029,4.746409227309163e-8
full,P,all,586,1,0,0,0,0,0.35821231507300605,0.03181460304839922,0.6099730344145029,4.746409227309163e-8
full,P,all,587,1,0,0,0,0,0.35821231507300605,0.03181460304839922,0.6099730344145029,4.746409227309163e-8
full,P,all,588,1,0,0,0,0,0.35821231507300605,0.03181460304839922,0.6099730344145029,4.746409227309163e-8
full,P,all,589,1,0,0,0,0,0.35821231507300605,0.03181460304839922,0.6099730344145029,4.746409227309163e-8
full,P,all,590,1,0,0,0,0,0.35821231507300605,0.03181460304839922,0.6099730344145029,4.746409227309163e-8
full,P,all,591,1,0,0,0,0,0.35821231507300605,0.03181460304839922,0.6099730344145029,4.746409227309163e-8
full,P,all,592,1,0,0,0,0,0.35821231507300605,0.03181460304839922,0.6099730344145029,4.746409227309163e-8
full,P,all,593,1,0,0,0,0,0.35821231507300605,0.03181460304839922,0.6099730344145029,4.746409227309163e-8
full,P,all,594,1,0,0,0,0,0.35821231507300605,0.03181460304839922,0.6099730344145029,4.746409227309163e-8
full,P,all,595,1,0,0,0,0,0.35821231507300605,0.03181460304839922,0.6099730344145029,4.746409227309163e-8
full,P,all,596,1,0,0,0,0,0.35821231507300605,0.03181460304839922,0.6099730344145029,4.746409227309163e-8
full,P,all,597,1,0,0,0,0,0.35821231507300605,0.03181460304839922,0.6099730344145029,4.746409227309163e-8
full,P,all,598,1,0,0,0,0,0.35821231507300605,0.03181460304839922,0.6099730344145029,4.746409227309163e-8
full,P,all,599,1,0,0,0,0,0.35821231507300605,0.03181460304839922,0.6099730344145029,4.746409227309163e-8
full,P,all,600,1,0,0,0,0,0.35821231507300605,0.03181460304839922,0.6099730344145029,4.746409227309163e-8
full,P,all,601,1,0,0,0,0,0.35821231507300605,0.03181460304839922,0.6099730344145029,4.746409227309163e-8
full,P,all,602,1,0,0,0,0,0.35821231507300605,0.03181460304839922,0.6099730344145029,4.746409227309163e-8
full,P,all,603,1,0,0,0,0,0.35821231507300605,0.03181460304839922,0.6099730344145029,4.746409227309163e-8
full,P,all,604,1,0,0,0,0,0.35821231507300605,0.03181460304839922,0.6099730344145029,4.746409227309163e-8
full,P,all,605,1,0,0,0,0,0.35821231507300605,0.03181460304839922,0.6099730344145029,4.746409227309163e-8
full,P,all,606,1,0,0,0,0,0.35821231507300605,0.03181460304839922,0.6099730344145029,4.746409227309163e-8
full,P,all,607,1,0,0,0,0,0.35821231507300605,0.03181460304839922,0.6099730344145029,4.746409227309163e-8
full,P,all,608,1,0,0,0,0,0.35821231507300605,0.03181460304839922,0.6099730344145029,4.746409227309163e-8
full,P,all,609,1,0,0,0,0,0.35821231507300605,0.03181460304839922,0.6099730344145029,4.746409227309163e-8
full,P,all,610,1,0,0,0,0,0.35821231507300605,0.03181460304839922,0.6099730344145029,4.746409227309163e-8
full,P,all,611,1,0,0,0,0,0.35821231507300605,0.03181460304839922,0.6099730344145029,4.746409227309163e-8
full,P,all,612,1,0,0,0,0,0.35821231507300605,0.03181460304839922,0.6099730344145029,4.746409227309163e-8
full,P,all,613,1,0,0,0,0,0.35821231507300605,0.03181460304839922,0.6099730344145029,4.746409227309163e-8
full,P,all,614,1,0,0,0,0,0.35821231507300605,0.03181460304839922,0.6099730344145029,4.746409227309163e-8
full,P,all,615,1,0,0,0,0,0.35821231507300605,0.03181460304839922,0.6099730344145029,4.746409227309163e-8
full,P,all,616,1,0,0,0,0,0.35821231507300605,0.03181460304839922,0.6099730344145029,4.746409227309163e-8
full,P,all,617,1,0,0,0,0,0.35821231507300605,0.03181460304839922,0.6099730344145029,4.746409227309163e-8
full,P,all,618,1,0,0,0,0,0.35821231507300605,0.03181460304839922,0.6099730344145029,4.746409227309163e-8
full,P,all,619,1,0,0,0,0,0.35821231507300605,0.03181460304839922,0.6099730344145029,4.746409227309163e-8
full,P,all,620,1,0,0,0,0,0.35821231507300605,0.03181460304839922,0.6099730344145029,4.746409227309163e-8
full,P,all,621,1,0,0,0,0,0.35821231507300605,0.03181460304839922,0.6099730344145029,4.746409227309163e-8
full,P,all,622,1,0,0,1,0,0.35821231507300605,0.03181460304839922,0.6099730818785952,0.0
