date,call_pairs_tested,call_violations,call_violation_rate,put_pairs_tested,put_violations,put_violation_rate,year,call_rate_30d,put_rate_30d
2000-01-03,418,0,0.0,1135,0,0.0,2000,,
2000-01-04,501,1,0.001996007984031936,1268,0,0.0,2000,,
2000-01-05,837,0,0.0,1120,0,0.0,2000,,
2000-01-06,475,0,0.0,594,0,0.0,2000,,
2000-01-07,505,0,0.0,567,10,0.01763668430335097,2000,,
2000-01-10,818,6,0.007334963325183374,785,0,0.0,2000,,
2000-01-11,307,0,0.0,946,0,0.0,2000,,
2000-01-12,423,3,0.0070921985815602835,736,1,0.001358695652173913,2000,,
2000-01-13,328,0,0.0,608,0,0.0,2000,,
2000-01-14,583,0,0.0,735,0,0.0,2000,,
2000-01-18,378,0,0.0,536,0,0.0,2000,,
2000-01-19,499,0,0.0,448,1,0.002232142857142857,2000,,
2000-01-20,216,0,0.0,455,0,0.0,2000,,
2000-01-21,282,0,0.0,321,0,0.0,2000,,
2000-01-24,399,0,0.0,761,0,0.0,2000,,
2000-01-25,517,0,0.0,766,0,0.0,2000,,
2000-01-26,207,0,0.0,479,0,0.0,2000,,
2000-01-27,688,0,0.0,674,0,0.0,2000,,
2000-01-28,729,7,0.009602194787379973,1166,0,0.0,2000,,
2000-01-31,948,0,0.0,983,0,0.0,2000,,
2000-02-01,761,0,0.0,570,0,0.0,2000,,
2000-02-02,846,6,0.0070921985815602835,598,0,0.0,2000,,
2000-02-03,634,0,0.0,648,0,0.0,2000,,
2000-02-04,554,0,0.0,669,0,0.0,2000,,
2000-02-07,219,0,0.0,523,0,0.0,2000,,
2000-02-08,459,0,0.0,715,0,0.0,2000,,
2000-02-09,656,2,0.003048780487804878,585,0,0.0,2000,,
2000-02-10,348,0,0.0,708,0,0.0,2000,,
2000-02-11,626,13,0.020766773162939296,665,0,0.0,2000,,
2000-02-14,469,0,0.0,461,0,0.0,2000,0.0018977705636820008,0.0007075840937555912
2000-02-15,565,2,0.0035398230088495575,525,0,0.0,2000,0.002015764663976986,0.0007075840937555912
2000-02-16,424,2,0.0047169811320754715,448,0,0.0,2000,0.002106463768911771,0.0007075840937555912
2000-02-17,358,2,0.00558659217877095,373,0,0.0,2000,0.0022926835082041357,0.0007075840937555912
2000-02-18,414,3,0.007246376811594203,318,0,0.0,2000,0.0025342294019239427,0.0007075840937555912
2000-02-22,695,0,0.0,775,2,0.0025806451612903226,2000,0.0025342294019239427,0.00020571612235356976
2000-02-23,336,0,0.0,651,0,0.0,2000,0.0022897306244178297,0.00020571612235356976
2000-02-24,396,0,0.0,790,0,0.0,2000,0.0022897306244178297,0.00020571612235356976
2000-02-25,221,0,0.0,484,0,0.0,2000,0.002053324005032487,0.000160426267281106
2000-02-28,441,1,0.0022675736961451248,614,0,0.0,2000,0.002128909794903991,0.000160426267281106
2000-02-29,385,0,0.0,321,0,0.0,2000,0.002128909794903991,0.000160426267281106
2000-03-01,376,2,0.005319148936170213,329,0,0.0,2000,0.002306214759442998,0.000160426267281106
2000-03-02,359,0,0.0,398,0,0.0,2000,0.002306214759442998,0.00008602150537634408
2000-03-03,527,0,0.0,663,0,0.0,2000,0.002306214759442998,0.00008602150537634408
2000-03-06,334,0,0.0,429,0,0.0,2000,0.002306214759442998,0.00008602150537634408
2000-03-07,317,2,0.006309148264984227,812,0,0.0,2000,0.0025165197016091393,0.00008602150537634408
2000-03-08,295,0,0.0,618,0,0.0,2000,0.0025165197016091393,0.00008602150537634408
2000-03-09,574,0,0.0,543,2,0.003683241252302026,2000,0.0025165197016091393,0.0002087962137864116
2000-03-10,370,0,0.0,631,0,0.0,2000,0.0025165197016091393,0.0002087962137864116
2000-03-13,210,0,0.0,621,0,0.0,2000,0.002196446542029807,0.0002087962137864116
2000-03-14,413,1,0.002421307506053269,785,0,0.0,2000,0.0022771567922315822,0.0002087962137864116
2000-03-15,604,0,0.0,633,0,0.0,2000,0.0022771567922315822,0.0002087962137864116
2000-03-16,535,0,0.0,991,6,0.006054490413723511,2000,0.0020407501728462395,0.00041061256091052867
2000-03-17,551,0,0.0,956,0,0.0,2000,0.0020407501728462395,0.00041061256091052867
2000-03-20,332,0,0.0,781,0,0.0,2000,0.0020407501728462395,0.00041061256091052867
2000-03-21,308,0,0.0,707,0,0.0,2000,0.0020407501728462395,0.00041061256091052867
2000-03-22,524,0,0.0,891,0,0.0,2000,0.0020407501728462395,0.00041061256091052867
2000-03-23,559,0,0.0,1315,0,0.0,2000,0.001939124156586077,0.00041061256091052867
2000-03-24,612,0,0.0,1268,1,0.0007886435331230284,2000,0.001939124156586077,0.00043690067868129627
2000-03-27,397,0,0.0,900,0,0.0,2000,0.0012468983844881006,0.00043690067868129627
2000-03-28,624,0,0.0,1067,0,0.0,2000,0.0012468983844881006,0.00043690067868129627
2000-03-29,346,0,0.0,628,0,0.0,2000,0.0011289042841931155,0.00043690067868129627
2000-03-30,476,0,0.0,889,0,0.0,2000,0.0009716715797905996,0.00043690067868129627
2000-03-31,543,1,0.001841620626151013,742,0,0.0,2000,0.0008468391947032682,0.00043690067868129627
2000-04-03,344,0,0.0,554,1,0.0018050541516245488,2000,0.0006052933009834615,0.0004970691504021146
2000-04-04,915,0,0.0,1249,0,0.0,2000,0.0006052933009834615,0.0004110476450257704
2000-04-05,473,0,0.0,607,0,0.0,2000,0.0006052933009834615,0.0004110476450257704
2000-04-06,399,0,0.0,702,0,0.0,2000,0.0006052933009834615,0.0004110476450257704
2000-04-07,447,0,0.0,757,0,0.0,2000,0.0006052933009834615,0.0004110476450257704
2000-04-10,315,0,0.0,566,0,0.0,2000,0.0005297075111119574,0.0004110476450257704
2000-04-11,289,0,0.0,506,0,0.0,2000,0.0005297075111119574,0.0004110476450257704
2000-04-12,487,0,0.0,913,0,0.0,2000,0.0003524025465729503,0.0004110476450257704
2000-04-13,449,4,0.008908685968819599,1163,0,0.0,2000,0.0006493587455336035,0.0004110476450257704
2000-04-14,1176,47,0.039965986394557826,2160,0,0.0,2000,0.0019815582920188644,0.0004110476450257704
2000-04-17,731,4,0.005471956224350205,1128,1,0.0008865248226950354,2000,0.002163956832830538,0.0004405984724489383
2000-04-18,763,0,0.0,1073,2,0.001863932898415657,2000,0.001953651890664397,0.0005027295690627936
2000-04-19,492,3,0.006097560975609756,439,0,0.0,2000,0.0021569039231847226,0.0005027295690627936
2000-04-20,228,0,0.0,377,0,0.0,2000,0.0021569039231847226,0.000379954860652726
2000-04-24,237,0,0.0,393,0,0.0,2000,0.0021569039231847226,0.000379954860652726
2000-04-25,394,0,0.0,673,1,0.0014858841010401188,2000,0.0021569039231847226,0.0004294843306873966
2000-04-26,402,0,0.0,485,0,0.0,2000,0.0020761936729829468,0.0004294843306873967
2000-04-27,316,0,0.0,592,0,0.0,2000,0.0020761936729829468,0.0004294843306873967
2000-04-28,395,0,0.0,644,0,0.0,2000,0.0020761936729829468,0.0002276679835632796
2000-05-01,283,0,0.0,490,0,0.0,2000,0.0020761936729829468,0.0002276679835632796
2000-05-02,328,0,0.0,645,0,0.0,2000,0.0020761936729829468,0.0002276679835632796
2000-05-03,726,0,0.0,894,0,0.0,2000,0.0020761936729829468,0.0002276679835632796
2000-05-04,383,0,0.0,624,0,0.0,2000,0.0020761936729829468,0.0002276679835632796
2000-05-05,289,0,0.0,352,0,0.0,2000,0.0020761936729829468,0.0002276679835632796
2000-05-08,238,0,0.0,347,0,0.0,2000,0.0020761936729829468,0.000201379865792512
2000-05-09,298,1,0.003355704697986577,369,0,0.0,2000,0.002188050496249166,0.000201379865792512
2000-05-10,707,15,0.021216407355021217,849,0,0.0,2000,0.002895264074749873,0.000201379865792512
2000-05-11,529,1,0.001890359168241966,478,0,0.0,2000,0.0029582760470246053,0.000201379865792512
2000-05-12,382,0,0.0,344,0,0.0,2000,0.0029582760470246053,0.000201379865792512
2000-05-15,411,0,0.0,467,2,0.004282655246252677,2000,0.002896888692819572,0.0003441350406676012
2000-05-16,697,0,0.0,593,3,0.00505902192242833,2000,0.002896888692819572,0.0004526006330277273
2000-05-17,380,4,0.010526315789473684,341,2,0.005865102639296188,2000,0.003247765885802028,0.0006481040543376002
2000-05-18,195,0,0.0,311,0,0.0,2000,0.003247765885802028,0.0006481040543376002
2000-05-19,390,0,0.0,426,0,0.0,2000,0.003247765885802028,0.0006481040543376002
2000-05-22,828,0,0.0,761,0,0.0,2000,0.003247765885802028,0.0006481040543376002
2000-05-23,559,4,0.007155635062611807,497,0,0.0,2000,0.0034862870545557547,0.0006481040543376002
2000-05-24,794,0,0.0,677,0,0.0,2000,0.0034862870545557547,0.0006481040543376002
2000-05-25,614,5,0.008143322475570033,324,0,0.0,2000,0.003757731137074756,0.0006481040543376002
2000-05-26,445,0,0.0,288,0,0.0,2000,0.0034607749381141023,0.0006481040543376002
2000-05-30,753,0,0.0,530,0,0.0,2000,0.0021285753916288415,0.0006481040543376002
2000-05-31,786,0,0.0,687,0,0.0,2000,0.001946176850817168,0.0006185532269144323
2000-06-01,530,0,0.0,751,0,0.0,2000,0.001946176850817168,0.0005564221303005771
2000-06-02,424,0,0.0,1110,0,0.0,2000,0.001742924818296843,0.0005564221303005771
2000-06-05,537,0,0.0,602,0,0.0,2000,0.001742924818296843,0.0005564221303005771
2000-06-06,387,1,0.002583979328165375,478,0,0.0,2000,0.0018290574625690222,0.0005564221303005771
2000-06-07,319,0,0.0,319,0,0.0,2000,0.0018290574625690222,0.0005068926602659065
2000-06-08,460,0,0.0,408,0,0.0,2000,0.0018290574625690222,0.0005068926602659065
2000-06-09,251,0,0.0,235,0,0.0,2000,0.0018290574625690222,0.0005068926602659065
2000-06-12,365,0,0.0,459,0,0.0,2000,0.0018290574625690222,0.0005068926602659065
2000-06-13,499,0,0.0,532,0,0.0,2000,0.0018290574625690222,0.0005068926602659065
2000-06-14,441,0,0.0,677,4,0.005908419497784343,2000,0.0018290574625690222,0.000703839976858718
2000-06-15,210,0,0.0,452,0,0.0,2000,0.0018290574625690222,0.000703839976858718
2000-06-16,370,0,0.0,301,0,0.0,2000,0.0018290574625690222,0.000703839976858718
2000-06-19,285,0,0.0,296,0,0.0,2000,0.0018290574625690222,0.000703839976858718
2000-06-20,339,0,0.0,386,0,0.0,2000,0.0018290574625690222,0.000703839976858718
2000-06-21,180,0,0.0,329,0,0.0,2000,0.0017172006393028029,0.000703839976858718
2000-06-22,177,0,0.0,441,0,0.0,2000,0.0010099870608020955,0.000703839976858718
2000-06-23,289,0,0.0,485,0,0.0,2000,0.0009469750885273632,0.000703839976858718
2000-06-26,154,0,0.0,231,0,0.0,2000,0.0009469750885273632,0.000703839976858718
2000-06-27,209,0,0.0,255,0,0.0,2000,0.0009469750885273632,0.0005610848019836287
2000-06-28,230,1,0.004347826086956522,374,0,0.0,2000,0.0010919026247592472,0.00039245073790268435
2000-06-29,360,13,0.03611111111111111,376,2,0.005319148936170213,2000,0.0019447291354804947,0.00037425228113181856
2000-06-30,135,2,0.014814814814814815,207,0,0.0,2000,0.002438556295974322,0.00037425228113181856
2000-07-03,170,1,0.0058823529411764705,214,2,0.009345794392523364,2000,0.0026346347273468714,0.0006857787608825973
2000-07-05,277,0,0.0,332,0,0.0,2000,0.0026346347273468714,0.0006857787608825973
2000-07-06,349,0,0.0,290,0,0.0,2000,0.0023961135585931436,0.0006857787608825973
2000-07-07,361,0,0.0,399,0,0.0,2000,0.0023961135585931436,0.0006857787608825973
2000-07-10,239,1,0.0041841004184100415,338,1,0.0029585798816568047,2000,0.0022641394900211444,0.0007843980902711575
2000-07-11,285,0,0.0,241,2,0.008298755186721992,2000,0.0022641394900211444,0.0010610232631618904
2000-07-12,201,0,0.0,658,0,0.0,2000,0.0022641394900211444,0.0010610232631618904
2000-07-13,189,0,0.0,308,1,0.003246753246753247,2000,0.0022641394900211444,0.0011692483713869987
2000-07-14,280,0,0.0,419,0,0.0,2000,0.0022641394900211444,0.0011692483713869987
2000-07-17,172,0,0.0,395,2,0.005063291139240506,2000,0.0022641394900211444,0.0013380247426950157
2000-07-18,204,0,0.0,252,1,0.003968253968253968,2000,0.0022641394900211444,0.0014702998749701478
2000-07-19,262,0,0.0,265,0,0.0,2000,0.0021780068457489653,0.0014702998749701478
2000-07-20,172,0,0.0,251,0,0.0,2000,0.0021780068457489653,0.0014702998749701478
2000-07-21,128,0,0.0,249,0,0.0,2000,0.0021780068457489653,0.0014702998749701478
2000-07-24,369,0,0.0,391,0,0.0,2000,0.0021780068457489653,0.0014702998749701478
2000-07-25,216,0,0.0,347,0,0.0,2000,0.0021780068457489653,0.0014702998749701478
2000-07-26,248,0,0.0,338,0,0.0,2000,0.0021780068457489653,0.0014702998749701478
2000-07-27,384,1,0.0026041666666666665,281,3,0.010676156583629894,2000,0.0022648124013045206,0.0016292244444983328
2000-07-28,437,1,0.002288329519450801,323,0,0.0,2000,0.002341090051952881,0.001629224444498333
2000-07-31,332,0,0.0,316,0,0.0,2000,0.002341090051952881,0.001629224444498333
2000-08-01,332,0,0.0,294,0,0.0,2000,0.002341090051952881,0.001629224444498333
2000-08-02,229,0,0.0,214,0,0.0,2000,0.002341090051952881,0.001629224444498333
2000-08-03,398,0,0.0,332,0,0.0,2000,0.002341090051952881,0.001629224444498333
2000-08-04,295,0,0.0,282,0,0.0,2000,0.002341090051952881,0.001629224444498333
2000-08-07,364,0,0.0,298,0,0.0,2000,0.002341090051952881,0.001629224444498333
2000-08-08,420,0,0.0,381,0,0.0,2000,0.002341090051952881,0.001629224444498333
2000-08-09,290,0,0.0,436,3,0.006880733944954129,2000,0.002341090051952881,0.0018585822426634706
2000-08-10,207,0,0.0,256,0,0.0,2000,0.0021961625157209965,0.0018585822426634706
2000-08-11,259,0,0.0,312,0,0.0,2000,0.0009924588120172931,0.0016812772781244635
2000-08-14,337,0,0.0,451,11,0.024390243902439025,2000,0.000498631651523466,0.0024942854082057645
2000-08-15,207,0,0.0,183,0,0.0,2000,0.000302553220150917,0.0021827589284549856
2000-08-16,256,0,0.0,285,1,0.0035087719298245615,2000,0.000302553220150917,0.002299717992782471
2000-08-17,191,0,0.0,254,0,0.0,2000,0.000302553220150917,0.002299717992782471
2000-08-18,263,0,0.0,230,0,0.0,2000,0.000302553220150917,0.002299717992782471
2000-08-21,177,0,0.0,346,0,0.0,2000,0.00016308320620391558,0.0022010986633939104
2000-08-22,209,0,0.0,326,0,0.0,2000,0.00016308320620391558,0.0019244734905031777
2000-08-23,392,0,0.0,310,0,0.0,2000,0.00016308320620391558,0.0019244734905031777
2000-08-24,217,0,0.0,208,0,0.0,2000,0.00016308320620391558,0.0018162483822780694
2000-08-25,139,0,0.0,189,0,0.0,2000,0.00016308320620391558,0.0018162483822780694
2000-08-28,369,0,0.0,482,0,0.0,2000,0.00016308320620391558,0.0016474720109700524
2000-08-29,203,0,0.0,300,0,0.0,2000,0.00016308320620391558,0.0015151968786949201
2000-08-30,172,0,0.0,348,0,0.0,2000,0.00016308320620391558,0.0015151968786949201
2000-08-31,268,0,0.0,395,0,0.0,2000,0.00016308320620391558,0.0015151968786949201
2000-09-01,174,0,0.0,599,0,0.0,2000,0.00016308320620391558,0.0015151968786949201
2000-09-05,218,0,0.0,358,4,0.0111731843575419,2000,0.00016308320620391558,0.0018876363572796504
2000-09-06,243,0,0.0,260,0,0.0,2000,0.00016308320620391558,0.0018876363572796504
2000-09-07,285,0,0.0,265,0,0.0,2000,0.00016308320620391558,0.0018876363572796504
2000-09-08,224,0,0.0,259,0,0.0,2000,0.00007627765064836003,0.0015317644711586539
2000-09-11,274,0,0.0,439,0,0.0,2000,0.0,0.0015317644711586539
2000-09-12,292,0,0.0,491,0,0.0,2000,0.0,0.0015317644711586539
2000-09-13,247,1,0.004048582995951417,255,0,0.0,2000,0.0001349527665317139,0.0015317644711586539
2000-09-14,320,0,0.0,246,0,0.0,2000,0.0001349527665317139,0.0015317644711586539
2000-09-15,289,0,0.0,368,0,0.0,2000,0.0001349527665317139,0.0015317644711586539
2000-09-18,478,0,0.0,306,0,0.0,2000,0.0001349527665317139,0.0015317644711586539
2000-09-19,319,0,0.0,269,0,0.0,2000,0.0001349527665317139,0.0015317644711586539
2000-09-20,237,0,0.0,342,0,0.0,2000,0.0001349527665317139,0.0015317644711586539
2000-09-21,201,0,0.0,416,2,0.004807692307692308,2000,0.0001349527665317139,0.0014626630832499266
2000-09-22,236,0,0.0,478,0,0.0,2000,0.0001349527665317139,0.0014626630832499266
2000-09-25,210,8,0.0380952380952381,124,0,0.0,2000,0.0014047940363729838,0.0014626630832499266
2000-09-26,231,4,0.017316017316017316,284,0,0.0,2000,0.001981994613573561,0.0006496549531686257
2000-09-27,217,0,0.0,161,0,0.0,2000,0.001981994613573561,0.0006496549531686257
2000-09-28,225,0,0.0,220,0,0.0,2000,0.001981994613573561,0.0005326958888411403
2000-09-29,54,0,0.0,56,0,0.0,2000,0.001981994613573561,0.0005326958888411403
2000-10-02,211,1,0.004739336492890996,177,0,0.0,2000,0.0021399724966699274,0.0005326958888411403
2000-10-03,204,3,0.014705882352941176,236,0,0.0,2000,0.0026301685751013004,0.0005326958888411403
2000-10-04,139,0,0.0,319,0,0.0,2000,0.0026301685751013004,0.0005326958888411403
2000-10-05,160,0,0.0,159,0,0.0,2000,0.0026301685751013004,0.0005326958888411403
2000-10-06,213,0,0.0,381,3,0.007874015748031496,2000,0.0026301685751013004,0.0007951630804421901
2000-10-09,166,5,0.030120481927710843,270,0,0.0,2000,0.003634184639358328,0.0007951630804421901
2000-10-10,204,4,0.0196078431372549,624,0,0.0,2000,0.004287779410600158,0.0007951630804421901
2000-10-11,319,1,0.003134796238244514,419,0,0.0,2000,0.0043922726185416415,0.0007951630804421901
2000-10-12,631,59,0.09350237717908082,674,0,0.0,2000,0.007509018524511002,0.0007951630804421901
2000-10-13,499,0,0.0,773,0,0.0,2000,0.007509018524511002,0.0007951630804421901
2000-10-16,370,0,0.0,297,0,0.0,2000,0.007509018524511002,0.0007951630804421901
2000-10-17,332,11,0.03313253012048193,684,7,0.01023391812865497,2000,0.008613436195193733,0.0007638542061459591
2000-10-18,207,1,0.004830917874396135,1035,7,0.00676328502415459,2000,0.008774466791006937,0.0009892970402844454
2000-10-19,162,0,0.0,314,0,0.0,2000,0.008774466791006937,0.0009892970402844454
2000-10-20,144,0,0.0,352,0,0.0,2000,0.008774466791006937,0.0009892970402844454
2000-10-23,191,0,0.0,247,5,0.020242914979757085,2000,0.008774466791006937,0.001664060872943015
2000-10-24,205,0,0.0,301,3,0.009966777408637873,2000,0.008774466791006937,0.0019962867865642776
2000-10-25,304,0,0.0,261,0,0.0,2000,0.008639514024475223,0.0019962867865642776
2000-10-26,284,0,0.0,442,0,0.0,2000,0.008639514024475223,0.0019962867865642776
2000-10-27,198,0,0.0,226,0,0.0,2000,0.008639514024475223,0.0019962867865642776
2000-10-30,286,0,0.0,248,3,0.012096774193548387,2000,0.008639514024475223,0.00239951259301589
2000-10-31,646,0,0.0,493,0,0.0,2000,0.008639514024475223,0.00239951259301589
2000-11-01,277,3,0.010830324909747292,331,0,0.0,2000,0.009000524854800135,0.00239951259301589
2000-11-02,236,0,0.0,214,0,0.0,2000,0.009000524854800135,0.0022392561827594805
2000-11-03,343,0,0.0,196,0,0.0,2000,0.009000524854800135,0.0022392561827594805
2000-11-06,228,0,0.0,228,0,0.0,2000,0.007730683584958863,0.0022392561827594805
2000-11-07,185,0,0.0,241,0,0.0,2000,0.007153483007758286,0.0022392561827594805
2000-11-08,262,2,0.007633587786259542,323,0,0.0,2000,0.007407935933966938,0.0022392561827594805
2000-11-09,496,2,0.004032258064516129,624,0,0.0,2000,0.007542344536117475,0.0022392561827594805
2000-11-10,439,0,0.0,594,0,0.0,2000,0.007542344536117475,0.0022392561827594805
2000-11-13,686,3,0.004373177842565598,1003,0,0.0,2000,0.007530139247773296,0.0022392561827594805
2000-11-14,446,0,0.0,463,24,0.05183585313174946,2000,0.007039943169341923,0.003967117953817796
2000-11-15,243,0,0.0,515,32,0.062135922330097085,2000,0.007039943169341923,0.006038315364821032
2000-11-16,99,0,0.0,179,0,0.0,2000,0.007039943169341923,0.006038315364821032
2000-11-17,142,0,0.0,354,0,0.0,2000,0.007039943169341923,0.005775848173219981
2000-11-20,291,0,0.0,432,0,0.0,2000,0.006035927105084896,0.005775848173219981
2000-11-21,286,0,0.0,313,0,0.0,2000,0.005382332333843065,0.005775848173219981
2000-11-22,353,3,0.0084985835694051,704,0,0.0,2000,0.005561125244881751,0.005775848173219981
2000-11-24,95,0,0.0,136,0,0.0,2000,0.0024443793389123908,0.005775848173219981
2000-11-27,414,0,0.0,328,0,0.0,2000,0.0024443793389123908,0.005775848173219981
2000-11-28,492,0,0.0,590,0,0.0,2000,0.0024443793389123908,0.005775848173219981
2000-11-29,207,0,0.0,422,0,0.0,2000,0.0013399616682296597,0.005434717568931482
2000-11-30,700,2,0.002857142857142857,799,0,0.0,2000,0.0012741691676545507,0.005209274734792995
2000-12-01,316,0,0.0,749,0,0.0,2000,0.0012741691676545507,0.005209274734792995
2000-12-04,411,0,0.0,280,0,0.0,2000,0.0012741691676545507,0.005209274734792995
2000-12-05,630,3,0.004761904761904762,838,1,0.0011933174224343676,2000,0.0014328993263847093,0.0045742881495489055
2000-12-06,443,0,0.0,898,0,0.0,2000,0.0014328993263847093,0.004242062235927643
2000-12-07,350,2,0.005714285714285714,728,0,0.0,2000,0.0016233755168608998,0.004242062235927643
2000-12-08,317,17,0.05362776025236593,1083,3,0.002770083102493075,2000,0.003410967525273097,0.0043343983393440795
2000-12-11,424,0,0.0,631,2,0.003169572107765452,2000,0.003410967525273097,0.004440050742936261
2000-12-12,263,0,0.0,545,2,0.003669724770642202,2000,0.003410967525273097,0.0041591490955060545
2000-12-13,443,3,0.006772009029345372,1523,0,0.0,2000,0.00363670115958461,0.0041591490955060545
2000-12-14,275,0,0.0,884,0,0.0,2000,0.0032756903292597,0.0041591490955060545
2000-12-15,694,4,0.005763688760806916,1398,0,0.0,2000,0.003467813287953264,0.0041591490955060545
2000-12-18,410,0,0.0,391,0,0.0,2000,0.003467813287953264,0.0041591490955060545
2000-12-19,489,1,0.002044989775051125,918,0,0.0,2000,0.0035359796137883013,0.0041591490955060545
2000-12-20,847,22,0.025974025974025976,1056,0,0.0,2000,0.004401780479589167,0.0041591490955060545
2000-12-21,649,2,0.0030816640986132513,1176,0,0.0,2000,0.004250049690000957,0.0041591490955060545
2000-12-22,566,1,0.0017667844522968198,544,0,0.0,2000,0.004174533902926981,0.0041591490955060545
2000-12-26,230,0,0.0,312,0,0.0,2000,0.004174533902926981,0.0041591490955060545
2000-12-27,661,0,0.0,468,0,0.0,2000,0.004028761308174794,0.0041591490955060545
2000-12-28,308,0,0.0,447,0,0.0,2000,0.004028761308174794,0.0024312873244477394
2000-12-29,211,0,0.0,519,0,0.0,2000,0.004028761308174794,0.0003600899134445032
2001-01-02,559,0,0.0,742,0,0.0,2001,0.004028761308174794,0.0003600899134445032
2001-01-03,763,0,0.0,1339,0,0.0,2001,0.004028761308174794,0.0003600899134445032
2001-01-04,708,4,0.005649717514124294,668,0,0.0,2001,0.00421708522531227,0.0003600899134445032
2001-01-05,516,0,0.0,1170,0,0.0,2001,0.00421708522531227,0.0003600899134445032
2001-01-08,658,0,0.0,645,0,0.0,2001,0.0039337991063321,0.0003600899134445032
2001-01-09,319,0,0.0,674,0,0.0,2001,0.0039337991063321,0.0003600899134445032
2001-01-10,405,0,0.0,433,0,0.0,2001,0.0039337991063321,0.0003600899134445032
2001-01-11,501,0,0.0,1020,0,0.0,2001,0.0039337991063321,0.0003600899134445032
2001-01-12,512,1,0.001953125,451,0,0.0,2001,0.003998903272998767,0.0003600899134445032
2001-01-16,342,0,0.0,539,0,0.0,2001,0.0039036651777606722,0.0003600899134445032
2001-01-17,533,2,0.00375234521575985,618,5,0.008090614886731391,2001,0.004028743351619334,0.0006297770763355495
2001-01-18,358,0,0.0,493,0,0.0,2001,0.004028743351619334,0.0006297770763355495
2001-01-19,462,0,0.0,525,0,0.0,2001,0.003870013192889175,0.0005899998289210707
2001-01-22,324,0,0.0,529,0,0.0,2001,0.003870013192889175,0.0005899998289210707
2001-01-23,377,0,0.0,509,0,0.0,2001,0.003679537002412984,0.0005899998289210707
2001-01-24,612,0,0.0,941,0,0.0,2001,0.0018919449940007868,0.0004976637255046349
2001-01-25,404,0,0.0,664,0,0.0,2001,0.0018919449940007868,0.00039201132191245307
2001-01-26,319,0,0.0,416,0,0.0,2001,0.0018919449940007868,0.00026968716289104636
2001-01-29,234,0,0.0,369,0,0.0,2001,0.0016662113596892746,0.00026968716289104636
2001-01-30,375,0,0.0,506,0,0.0,2001,0.0016662113596892746,0.00026968716289104636
2001-01-31,421,0,0.0,919,0,0.0,2001,0.0014740884009957105,0.00026968716289104636
2001-02-01,401,0,0.0,574,0,0.0,2001,0.0014740884009957105,0.00026968716289104636
2001-02-02,260,0,0.0,636,0,0.0,2001,0.001405922075160673,0.00026968716289104636
2001-02-05,316,0,0.0,420,0,0.0,2001,0.0005401212093598071,0.00026968716289104636
2001-02-06,373,0,0.0,595,0,0.0,2001,0.00043739907273936547,0.00026968716289104636
2001-02-07,429,0,0.0,365,0,0.0,2001,0.0003785062576628048,0.00026968716289104636
2001-02-08,392,0,0.0,484,0,0.0,2001,0.0003785062576628048,0.00026968716289104636
2001-02-09,670,11,0.016417910447761194,457,0,0.0,2001,0.0009257699392548446,0.00026968716289104636
2001-02-12,313,0,0.0,519,0,0.0,2001,0.0009257699392548445,0.00026968716289104636
2001-02-13,281,2,0.0071174377224199285,371,0,0.0,2001,0.001163017863335509,0.00026968716289104636
2001-02-14,558,0,0.0,1160,0,0.0,2001,0.001163017863335509,0.00026968716289104636
2001-02-15,137,0,0.0,394,0,0.0,2001,0.001163017863335509,0.00026968716289104636
2001-02-16,638,2,0.003134796238244514,469,0,0.0,2001,0.0010791871541395162,0.00026968716289104636
2001-02-20,509,4,0.007858546168958742,386,0,0.0,2001,0.0013411386931048075,0.00026968716289104636
2001-02-21,495,24,0.048484848484848485,973,0,0.0,2001,0.0029573003092664236,0.00026968716289104636
2001-02-22,725,1,0.001379310344827586,946,0,0.0,2001,0.0030032773207606766,0.00026968716289104636
2001-02-23,730,3,0.00410958904109589,1400,0,0.0,2001,0.0031402636221305397,0.00026968716289104636
2001-02-26,467,0,0.0,540,0,0.0,2001,0.0031402636221305397,0.00026968716289104636
2001-02-27,622,0,0.0,468,0,0.0,2001,0.0030751594554638733,0.00026968716289104636
2001-02-28,374,0,0.0,825,0,0.0,2001,0.0030751594554638733,0.00026968716289104636
2001-03-01,815,0,0.0,985,0,0.0,2001,0.0029500812816052116,0.0
2001-03-02,408,1,0.0024509803921568627,629,0,0.0,2001,0.00303178062801044,0.0
2001-03-05,250,0,0.0,512,0,0.0,2001,0.00303178062801044,0.0
2001-03-06,399,0,0.0,568,0,0.0,2001,0.00303178062801044,0.0
2001-03-07,261,0,0.0,409,0,0.0,2001,0.00303178062801044,0.0
2001-03-08,363,0,0.0,598,0,0.0,2001,0.00303178062801044,0.0
2001-03-09,500,0,0.0,810,0,0.0,2001,0.00303178062801044,0.0
2001-03-12,811,34,0.04192355117139334,1767,0,0.0,2001,0.004429232333723552,0.0
2001-03-13,702,0,0.0,2612,0,0.0,2001,0.004429232333723552,0.0
2001-03-14,803,4,0.0049813200498132005,759,0,0.0,2001,0.004595276335383992,0.0
2001-03-15,349,0,0.0,1003,0,0.0,2001,0.004595276335383992,0.0
2001-03-16,482,0,0.0,1083,0,0.0,2001,0.004595276335383992,0.0
2001-03-19,843,0,0.0,1574,0,0.0,2001,0.004595276335383992,0.0
2001-03-20,633,0,0.0,875,0,0.0,2001,0.004595276335383992,0.0
2001-03-21,1045,0,0.0,1545,0,0.0,2001,0.004595276335383992,0.0
2001-03-22,1301,20,0.015372790161414296,1944,1,0.00051440329218107,2001,0.0051077026740978014,0.000017146776406035666
2001-03-23,999,0,0.0,982,0,0.0,2001,0.0051077026740978014,0.000017146776406035666
2001-03-26,637,0,0.0,814,0,0.0,2001,0.004560438992505762,0.000017146776406035666
2001-03-27,917,0,0.0,1291,0,0.0,2001,0.004560438992505762,0.000017146776406035666
2001-03-28,495,0,0.0,852,0,0.0,2001,0.004323191068425098,0.000017146776406035666
2001-03-29,426,0,0.0,730,0,0.0,2001,0.004323191068425098,0.000017146776406035666
2001-03-30,413,0,0.0,606,0,0.0,2001,0.004323191068425098,0.000017146776406035666
2001-04-02,476,0,0.0,680,0,0.0,2001,0.004218697860483614,0.000017146776406035666
2001-04-03,836,1,0.0011961722488038277,1446,0,0.0,2001,0.0039966187298117834,0.000017146776406035666
2001-04-04,783,0,0.0,1132,0,0.0,2001,0.002380457113650167,0.000017146776406035666
2001-04-05,518,0,0.0,867,0,0.0,2001,0.002334480102155914,0.000017146776406035666
2001-04-06,682,0,0.0,650,0,0.0,2001,0.0021974938007860508,0.000017146776406035666
2001-04-09,409,0,0.0,455,0,0.0,2001,0.0021974938007860508,0.000017146776406035666
2001-04-10,562,2,0.0035587188612099642,1412,1,0.000708215297450425,2001,0.002316117762826383,0.000040753952987716506
2001-04-11,517,0,0.0,1201,0,0.0,2001,0.002316117762826383,0.000040753952987716506
2001-04-12,464,0,0.0,581,0,0.0,2001,0.002316117762826383,0.000040753952987716506
2001-04-16,310,0,0.0,1015,0,0.0,2001,0.0022344184164211547,0.000040753952987716506
2001-04-17,244,0,0.0,926,0,0.0,2001,0.0022344184164211547,0.000040753952987716506
2001-04-18,1351,0,0.0,1432,0,0.0,2001,0.0022344184164211547,0.000040753952987716506
2001-04-19,475,0,0.0,613,0,0.0,2001,0.0022344184164211547,0.000040753952987716506
2001-04-20,378,2,0.005291005291005291,615,0,0.0,2001,0.0024107852594546643,0.000040753952987716506
2001-04-23,473,0,0.0,875,0,0.0,2001,0.0024107852594546643,0.000040753952987716506
2001-04-24,328,0,0.0,697,0,0.0,2001,0.0010133335537415528,0.000040753952987716506
2001-04-25,292,0,0.0,583,0,0.0,2001,0.0010133335537415528,0.000040753952987716506
2001-04-26,258,0,0.0,619,0,0.0,2001,0.0008472895520811127,0.000040753952987716506
2001-04-27,262,0,0.0,666,0,0.0,2001,0.0008472895520811127,0.000040753952987716506
2001-04-30,581,0,0.0,914,0,0.0,2001,0.0008472895520811127,0.000040753952987716506
2001-05-01,449,0,0.0,694,0,0.0,2001,0.0008472895520811127,0.000040753952987716506
2001-05-02,581,0,0.0,614,0,0.0,2001,0.0008472895520811127,0.000040753952987716506
2001-05-03,499,0,0.0,811,0,0.0,2001,0.0008472895520811127,0.000040753952987716506
2001-05-04,454,0,0.0,504,1,0.001984126984126984,2001,0.00033486321336730274,0.00008974474271924697
2001-05-07,285,0,0.0,672,0,0.0,2001,0.00033486321336730274,0.00008974474271924697
2001-05-08,274,0,0.0,577,0,0.0,2001,0.00033486321336730274,0.00008974474271924697
2001-05-09,148,0,0.0,634,0,0.0,2001,0.00033486321336730274,0.00008974474271924697
2001-05-10,261,0,0.0,498,1,0.002008032128514056,2001,0.00033486321336730274,0.00015667914700304885
2001-05-11,252,1,0.003968253968253968,549,0,0.0,2001,0.00046713834564243506,0.00015667914700304885
2001-05-14,198,0,0.0,512,0,0.0,2001,0.00046713834564243506,0.00015667914700304885
2001-05-15,430,0,0.0,547,0,0.0,2001,0.00046713834564243506,0.00015667914700304885
2001-05-16,718,0,0.0,689,2,0.002902757619738752,2001,0.0004272659373489741,0.0002534377343276739
2001-05-17,444,0,0.0,1151,0,0.0,2001,0.0004272659373489741,0.0002534377343276739
2001-05-18,421,0,0.0,452,0,0.0,2001,0.0004272659373489741,0.0002534377343276739
2001-05-21,479,0,0.0,1070,0,0.0,2001,0.0004272659373489741,0.0002534377343276739
2001-05-22,422,0,0.0,865,0,0.0,2001,0.0004272659373489741,0.0002534377343276739
2001-05-23,354,0,0.0,1003,0,0.0,2001,0.00030864197530864197,0.00022983055774599304
2001-05-24,366,0,0.0,800,0,0.0,2001,0.00030864197530864197,0.00022983055774599304
2001-05-25,349,0,0.0,811,1,0.0012330456226880395,2001,0.00030864197530864197,0.00027093207850226105
2001-05-29,489,0,0.0,951,0,0.0,2001,0.00030864197530864197,0.00027093207850226105
2001-05-30,603,0,0.0,1013,0,0.0,2001,0.00030864197530864197,0.00027093207850226105
2001-05-31,380,0,0.0,715,0,0.0,2001,0.00030864197530864197,0.00027093207850226105
2001-06-01,280,0,0.0,526,0,0.0,2001,0.00030864197530864197,0.00027093207850226105
2001-06-04,328,0,0.0,360,0,0.0,2001,0.00013227513227513226,0.00027093207850226105
2001-06-05,352,0,0.0,625,0,0.0,2001,0.00013227513227513226,0.00027093207850226105
2001-06-06,253,0,0.0,718,2,0.002785515320334262,2001,0.00013227513227513226,0.0003637825891800698
2001-06-07,294,0,0.0,398,4,0.010050251256281407,2001,0.00013227513227513226,0.00069879096438945
2001-06-08,298,0,0.0,360,2,0.005555555555555556,2001,0.00013227513227513226,0.0008839761495746352
2001-06-11,323,0,0.0,397,0,0.0,2001,0.00013227513227513226,0.0008839761495746352
2001-06-12,329,0,0.0,988,2,0.0020242914979757085,2001,0.00013227513227513226,0.0009514525328404922
2001-06-13,337,3,0.008902077151335312,453,0,0.0,2001,0.0004290110373196427,0.0009514525328404922
2001-06-14,558,2,0.0035842293906810036,685,0,0.0,2001,0.0005484853503423428,0.0009514525328404922
2001-06-15,627,1,0.001594896331738437,636,0,0.0,2001,0.0006016485614002907,0.0009514525328404922
2001-06-18,413,0,0.0,416,0,0.0,2001,0.0006016485614002907,0.000885314966702926
2001-06-19,339,0,0.0,385,0,0.0,2001,0.0006016485614002907,0.000885314966702926
2001-06-20,248,0,0.0,431,0,0.0,2001,0.0006016485614002907,0.000885314966702926
2001-06-21,407,0,0.0,420,0,0.0,2001,0.0006016485614002907,0.000885314966702926
2001-06-22,236,0,0.0,373,3,0.00804289544235925,2001,0.0006016485614002907,0.0010864770771644324
2001-06-25,284,0,0.0,426,0,0.0,2001,0.0004693734291251584,0.0010864770771644324
2001-06-26,339,0,0.0,701,0,0.0,2001,0.0004693734291251584,0.0010864770771644324
2001-06-27,384,0,0.0,395,0,0.0,2001,0.0004693734291251584,0.0010864770771644324
2001-06-28,173,0,0.0,582,0,0.0,2001,0.0004693734291251584,0.0009897184898398073
2001-06-29,368,0,0.0,308,0,0.0,2001,0.0004693734291251584,0.0009897184898398075
2001-07-02,257,8,0.0311284046692607,463,0,0.0,2001,0.001506986918100515,0.0009897184898398075
2001-07-03,164,0,0.0,112,0,0.0,2001,0.001506986918100515,0.0009897184898398075
2001-07-05,209,0,0.0,486,0,0.0,2001,0.001506986918100515,0.0009897184898398075
2001-07-06,450,4,0.008888888888888889,1072,0,0.0,2001,0.0018032832143968114,0.0009897184898398075
2001-07-09,301,3,0.009966777408637873,718,0,0.0,2001,0.002135509128018074,0.0009897184898398075
2001-07-10,369,1,0.0027100271002710027,589,0,0.0,2001,0.002225843364693774,0.0009486169690835394
2001-07-11,374,0,0.0,965,0,0.0,2001,0.002225843364693774,0.0009486169690835394
2001-07-12,493,0,0.0,779,0,0.0,2001,0.002225843364693774,0.0009486169690835394
2001-07-13,292,0,0.0,409,0,0.0,2001,0.002225843364693774,0.0009486169690835394
2001-07-16,238,1,0.004201680672268907,368,0,0.0,2001,0.0023658993871027373,0.0009486169690835394
2001-07-17,348,0,0.0,376,0,0.0,2001,0.0023658993871027373,0.0009486169690835394
2001-07-18,153,0,0.0,843,0,0.0,2001,0.0023658993871027373,0.0009486169690835394
2001-07-19,208,0,0.0,303,0,0.0,2001,0.0023658993871027373,0.0008557664584057307
2001-07-20,67,0,0.0,342,0,0.0,2001,0.0023658993871027373,0.0005207580831963504
2001-07-23,360,1,0.002777777777777778,550,0,0.0,2001,0.0024584919796953302,0.0003355728980111653
2001-07-24,567,0,0.0,680,0,0.0,2001,0.0024584919796953302,0.0003355728980111653
2001-07-25,311,0,0.0,542,0,0.0,2001,0.0024584919796953302,0.0002680965147453083
2001-07-26,334,0,0.0,298,0,0.0,2001,0.0021617560746508197,0.0002680965147453083
2001-07-27,150,0,0.0,367,0,0.0,2001,0.0020422817616281195,0.0002680965147453083
2001-07-30,161,0,0.0,384,0,0.0,2001,0.0019891185505701717,0.0002680965147453083
2001-07-31,364,0,0.0,538,0,0.0,2001,0.0019891185505701717,0.0002680965147453083
2001-08-01,447,0,0.0,510,0,0.0,2001,0.0019891185505701717,0.0002680965147453083
2001-08-02,326,0,0.0,378,0,0.0,2001,0.0019891185505701717,0.0002680965147453083
2001-08-03,392,0,0.0,387,1,0.002583979328165375,2001,0.0019891185505701717,0.00035422915901748745
2001-08-06,197,0,0.0,437,0,0.0,2001,0.0019891185505701717,0.00008613264427217915
2001-08-07,273,0,0.0,374,0,0.0,2001,0.0019891185505701717,0.00008613264427217915
2001-08-08,402,17,0.04228855721393035,615,0,0.0,2001,0.00339873712436785,0.00008613264427217915
2001-08-09,348,1,0.0028735632183908046,504,0,0.0,2001,0.0034945225649808767,0.00008613264427217915
2001-08-10,238,0,0.0,463,3,0.0064794816414686825,2001,0.0034945225649808767,0.0003021153656544686
2001-08-13,174,0,0.0,336,0,0.0,2001,0.0034945225649808767,0.0003021153656544686
2001-08-14,202,0,0.0,259,0,0.0,2001,0.00245690907600552,0.0003021153656544686
2001-08-15,201,5,0.024875621890547265,439,7,0.015945330296127564,2001,0.0032860964723570953,0.0008336263755253874
2001-08-16,293,0,0.0,612,0,0.0,2001,0.0032860964723570953,0.0008336263755253873
2001-08-17,301,0,0.0,607,0,0.0,2001,0.002989800176060799,0.0008336263755253873
2001-08-20,580,0,0.0,623,0,0.0,2001,0.0026575742624395373,0.0008336263755253873
2001-08-21,361,7,0.019390581717451522,953,0,0.0,2001,0.003213592749678888,0.0008336263755253873
2001-08-22,336,0,0.0,585,0,0.0,2001,0.003213592749678888,0.0008336263755253873
2001-08-23,172,0,0.0,367,0,0.0,2001,0.003213592749678888,0.0008336263755253873
2001-08-24,325,0,0.0,672,0,0.0,2001,0.003213592749678888,0.0008336263755253873
2001-08-27,328,5,0.01524390243902439,527,0,0.0,2001,0.003581666808570737,0.0008336263755253873
2001-08-28,329,1,0.00303951367781155,498,0,0.0,2001,0.003682983931164456,0.0008336263755253873
2001-08-29,409,0,0.0,534,0,0.0,2001,0.003682983931164456,0.0008336263755253873
2001-08-30,727,3,0.0041265474552957355,1053,0,0.0,2001,0.0038205355130076462,0.0008336263755253873
2001-08-31,436,0,0.0,816,0,0.0,2001,0.0038205355130076462,0.0008336263755253873
2001-09-04,304,1,0.003289473684210526,1068,0,0.0,2001,0.0038375920432220717,0.0008336263755253873
2001-09-05,442,0,0.0,794,0,0.0,2001,0.0038375920432220717,0.0008336263755253873
2001-09-06,823,5,0.006075334143377886,1344,0,0.0,2001,0.0040401031813346675,0.0008336263755253873
2001-09-07,944,0,0.0,1982,0,0.0,2001,0.0040401031813346675,0.0008336263755253873
2001-09-10,917,0,0.0,1123,0,0.0,2001,0.0040401031813346675,0.0008336263755253873
2001-09-17,1202,9,0.0074875207986688855,1978,0,0.0,2001,0.004289687207956964,0.0008336263755253873
2001-09-18,1054,10,0.009487666034155597,1075,0,0.0,2001,0.004605942742428817,0.0008336263755253873
2001-09-19,1352,11,0.008136094674556213,3227,0,0.0,2001,0.004877145898247357,0.0008336263755253873
2001-09-20,1115,0,0.0,2417,0,0.0,2001,0.004877145898247357,0.0008336263755253873
2001-09-21,1684,3,0.0017814726840855108,1877,0,0.0,2001,0.004936528321050208,0.0007474937312532082
2001-09-24,1157,1,0.000864304235090752,2310,0,0.0,2001,0.0049653384622199,0.0007474937312532082
2001-09-25,880,0,0.0,1390,0,0.0,2001,0.0049653384622199,0.0007474937312532082
2001-09-26,425,1,0.002352941176470588,876,0,0.0,2001,0.0036341512609712407,0.0007474937312532082
2001-09-27,348,0,0.0,1123,0,0.0,2001,0.003538365820358214,0.0007474937312532082
2001-09-28,796,0,0.0,1399,0,0.0,2001,0.003538365820358214,0.0005315110098709187
2001-10-01,849,0,0.0,1228,0,0.0,2001,0.003538365820358214,0.0005315110098709187
2001-10-02,516,0,0.0,810,0,0.0,2001,0.003538365820358214,0.0005315110098709187
2001-10-03,811,0,0.0,2424,0,0.0,2001,0.002709178424006638,0.0
2001-10-04,878,0,0.0,1542,0,0.0,2001,0.002709178424006638,0.0
2001-10-05,327,0,0.0,1324,0,0.0,2001,0.002709178424006638,0.0
2001-10-08,570,0,0.0,968,0,0.0,2001,0.002709178424006638,0.0
2001-10-09,260,0,0.0,810,0,0.0,2001,0.0020628257000915875,0.0
2001-10-10,473,0,0.0,1291,0,0.0,2001,0.0020628257000915875,0.0
2001-10-11,986,0,0.0,1689,5,0.002960331557134399,2001,0.0020628257000915875,0.00009867771857114664
2001-10-12,630,0,0.0,1230,3,0.0024390243902439024,2001,0.0020628257000915875,0.0001799785315792767
2001-10-15,600,0,0.0,824,0,0.0,2001,0.0015546956187907745,0.0001799785315792767
2001-10-16,459,0,0.0,741,6,0.008097165991902834,2001,0.0014533784961970567,0.00044988406464270455
2001-10-17,389,0,0.0,1344,1,0.000744047619047619,2001,0.0014533784961970567,0.00047468565194429187
2001-10-18,341,0,0.0,683,0,0.0,2001,0.0013158269143538654,0.00047468565194429187
2001-10-19,359,0,0.0,574,0,0.0,2001,0.0013158269143538654,0.00047468565194429187
2001-10-22,343,0,0.0,805,0,0.0,2001,0.001206177791546848,0.00047468565194429187
2001-10-23,330,1,0.0030303030303030303,939,0,0.0,2001,0.001307187892556949,0.00047468565194429187
2001-10-24,209,0,0.0,868,0,0.0,2001,0.0011046767544443527,0.00047468565194429187
2001-10-25,416,0,0.0,1220,0,0.0,2001,0.0011046767544443527,0.00047468565194429187
2001-10-26,405,0,0.0,1173,0,0.0,2001,0.0011046767544443527,0.00047468565194429187
2001-10-29,562,4,0.0071174377224199285,1180,0,0.0,2001,0.0010923406519027206,0.00047468565194429187
2001-10-30,468,0,0.0,1258,0,0.0,2001,0.0007760851174308675,0.00047468565194429187
2001-10-31,358,0,0.0,1024,0,0.0,2001,0.000504881961612327,0.00047468565194429187
2001-11-01,699,0,0.0,998,0,0.0,2001,0.000504881961612327,0.00047468565194429187
2001-11-02,348,0,0.0,913,0,0.0,2001,0.0004454995388094766,0.00047468565194429187
2001-11-05,685,0,0.0,1513,7,0.004626569729015202,2001,0.00041668939763978496,0.0006289046429114653
2001-11-06,606,0,0.0,1202,2,0.0016638935108153079,2001,0.00041668939763978496,0.0006843677599386421
2001-11-07,729,0,0.0,1000,0,0.0,2001,0.0003382580250907653,0.0006843677599386421
2001-11-08,735,0,0.0,1165,4,0.0034334763948497852,2001,0.0003382580250907653,0.0007988169731003018
2001-11-09,585,0,0.0,801,1,0.0012484394506866417,2001,0.0003382580250907653,0.0008404316214565231
2001-11-12,328,1,0.003048780487804878,1064,0,0.0,2001,0.00043988404135092787,0.0008404316214565231
2001-11-13,737,0,0.0,1133,9,0.00794351279788173,2001,0.00043988404135092787,0.0011052153813859143
2001-11-14,676,0,0.0,689,2,0.002902757619738752,2001,0.00043988404135092787,0.001201973968710539
2001-11-15,234,0,0.0,722,0,0.0,2001,0.00043988404135092787,0.001201973968710539
2001-11-16,408,0,0.0,554,0,0.0,2001,0.00043988404135092787,0.001201973968710539
2001-11-19,497,0,0.0,718,3,0.004178272980501393,2001,0.00043988404135092787,0.001341249734727252
2001-11-20,381,0,0.0,634,0,0.0,2001,0.00043988404135092787,0.001341249734727252
2001-11-21,223,0,0.0,580,0,0.0,2001,0.00043988404135092787,0.001341249734727252
2001-11-23,254,0,0.0,309,0,0.0,2001,0.00043988404135092787,0.0012425720161561057
2001-11-26,477,0,0.0,1280,1,0.00078125,2001,0.00043988404135092787,0.0011873128698146422
2001-11-27,312,0,0.0,697,2,0.0028694404591104736,2001,0.00043988404135092787,0.0012829608851183246
2001-11-28,454,0,0.0,836,0,0.0,2001,0.00043988404135092787,0.0010130553520548969
2001-11-29,312,0,0.0,422,4,0.009478672985781991,2001,0.00043988404135092787,0.0013042095309460423
2001-11-30,439,0,0.0,735,2,0.0027210884353741495,2001,0.00043988404135092787,0.0013949124787918474
2001-12-03,385,0,0.0,653,0,0.0,2001,0.00043988404135092787,0.0013949124787918474
2001-12-04,370,0,0.0,629,0,0.0,2001,0.00043988404135092787,0.0013949124787918474
2001-12-05,703,0,0.0,2010,1,0.0004975124378109452,2001,0.0003388739403408269,0.0014114962267188788
2001-12-06,446,0,0.0,847,0,0.0,2001,0.0003388739403408269,0.0014114962267188788
2001-12-07,329,0,0.0,506,0,0.0,2001,0.0003388739403408269,0.0014114962267188788
2001-12-10,453,5,0.011037527593818985,702,0,0.0,2001,0.0007067915268014598,0.0014114962267188788
2001-12-11,403,0,0.0,657,0,0.0,2001,0.0004695436027207955,0.0014114962267188788
2001-12-12,318,0,0.0,792,0,0.0,2001,0.0004695436027207955,0.0014114962267188788
2001-12-13,515,3,0.005825242718446602,756,0,0.0,2001,0.000663718360002349,0.0014114962267188788
2001-12-14,420,0,0.0,594,0,0.0,2001,0.000663718360002349,0.0014114962267188788
2001-12-17,687,0,0.0,534,0,0.0,2001,0.000663718360002349,0.0014114962267188788
2001-12-18,457,0,0.0,693,1,0.001443001443001443,2001,0.000663718360002349,0.0013053772838517539
2001-12-19,597,0,0.0,734,3,0.004087193460490463,2001,0.000663718360002349,0.0013861539488409257
2001-12-20,340,0,0.0,661,0,0.0,2001,0.000663718360002349,0.0013861539488409257
2001-12-21,300,0,0.0,554,0,0.0,2001,0.000663718360002349,0.001271704735679266
2001-12-24,57,0,0.0,133,0,0.0,2001,0.000663718360002349,0.0012300900873230447
2001-12-26,165,0,0.0,449,0,0.0,2001,0.0005620923437421862,0.0012300900873230447
2001-12-27,247,0,0.0,404,0,0.0,2001,0.0005620923437421862,0.0009653063273936536
2001-12-28,236,0,0.0,496,2,0.004032258064516129,2001,0.0005620923437421862,0.0010029563422195662
2001-12-31,150,0,0.0,472,0,0.0,2001,0.0005620923437421862,0.0010029563422195662
2002-01-02,149,0,0.0,526,0,0.0,2002,0.0005620923437421862,0.0010029563422195662
2002-01-03,336,0,0.0,264,0,0.0,2002,0.0005620923437421862,0.0008636805762028531
2002-01-04,410,0,0.0,565,0,0.0,2002,0.0005620923437421862,0.0008636805762028531
2002-01-07,340,0,0.0,592,0,0.0,2002,0.0005620923437421862,0.0008636805762028531
2002-01-08,253,0,0.0,374,0,0.0,2002,0.0005620923437421862,0.0008636805762028531
2002-01-09,433,0,0.0,772,1,0.0012953367875647669,2002,0.0005620923437421862,0.000880816802455012
2002-01-10,276,0,0.0,481,0,0.0,2002,0.0005620923437421862,0.0007851687871513296
2002-01-11,213,0,0.0,400,0,0.0,2002,0.0005620923437421862,0.0007851687871513296
2002-01-14,265,0,0.0,659,0,0.0,2002,0.0005620923437421862,0.0004692130209585965
2002-01-15,400,0,0.0,772,3,0.0038860103626943004,2002,0.0005620923437421862,0.0005080437518692682
2002-01-16,475,2,0.004210526315789474,644,0,0.0,2002,0.0007024432209351688,0.0005080437518692682
2002-01-17,362,2,0.0055248618784530384,579,0,0.0,2002,0.0008866052835502701,0.0005080437518692682
2002-01-18,231,1,0.004329004329004329,500,0,0.0,2002,0.0010309054278504143,0.0004914600039422367
2002-01-22,391,0,0.0,551,0,0.0,2002,0.0010309054278504143,0.0004914600039422367
2002-01-23,451,0,0.0,686,0,0.0,2002,0.0010309054278504143,0.0004914600039422367
2002-01-24,410,0,0.0,498,0,0.0,2002,0.0006629878413897815,0.0004914600039422367
2002-01-25,343,0,0.0,540,0,0.0,2002,0.0006629878413897815,0.0004914600039422367
2002-01-28,374,0,0.0,612,0,0.0,2002,0.0006629878413897815,0.0004914600039422367
2002-01-29,558,0,0.0,1215,0,0.0,2002,0.00046881308410822814,0.0004914600039422367
2002-01-30,710,0,0.0,912,0,0.0,2002,0.00046881308410822814,0.0004914600039422367
2002-01-31,477,0,0.0,674,0,0.0,2002,0.00046881308410822814,0.0004914600039422367
2002-02-01,373,0,0.0,692,0,0.0,2002,0.00046881308410822814,0.0004433599558421886
2002-02-04,513,0,0.0,873,0,0.0,2002,0.00046881308410822814,0.0003071201738258399
2002-02-05,428,0,0.0,1289,0,0.0,2002,0.00046881308410822814,0.0003071201738258399
2002-02-06,464,2,0.004310344827586207,1013,0,0.0,2002,0.0006124912450277683,0.0003071201738258399
2002-02-07,604,8,0.013245033112582781,837,0,0.0,2002,0.0010539923487805278,0.0003071201738258399
2002-02-08,402,0,0.0,699,0,0.0,2002,0.0010539923487805278,0.0003071201738258399
2002-02-11,320,0,0.0,928,0,0.0,2002,0.0010539923487805278,0.0003071201738258399
2002-02-12,405,2,0.0049382716049382715,585,0,0.0,2002,0.0012186014022784702,0.00017271157167530226
2002-02-13,448,0,0.0,850,0,0.0,2002,0.0012186014022784702,0.00017271157167530226
2002-02-14,270,0,0.0,734,0,0.0,2002,0.0012186014022784702,0.00017271157167530226
2002-02-15,278,0,0.0,521,0,0.0,2002,0.0012186014022784702,0.00017271157167530226
2002-02-19,551,0,0.0,446,0,0.0,2002,0.0012186014022784702,0.00017271157167530226
2002-02-20,643,0,0.0,674,0,0.0,2002,0.0012186014022784702,0.00017271157167530226
2002-02-21,285,0,0.0,665,0,0.0,2002,0.0012186014022784702,0.00017271157167530226
2002-02-22,472,1,0.00211864406779661,468,0,0.0,2002,0.0012892228712050237,0.00012953367875647668
2002-02-25,472,0,0.0,674,0,0.0,2002,0.0012892228712050237,0.00012953367875647668
2002-02-26,320,0,0.0,501,0,0.0,2002,0.0012892228712050237,0.00012953367875647668
2002-02-27,461,0,0.0,640,0,0.0,2002,0.0012892228712050237,0.00012953367875647668
2002-02-28,272,0,0.0,399,0,0.0,2002,0.0012892228712050237,0.0
2002-03-01,519,0,0.0,823,0,0.0,2002,0.0011488719940120412,0.0
2002-03-04,775,0,0.0,1490,0,0.0,2002,0.00096470993139694,0.0
2002-03-05,611,0,0.0,991,0,0.0,2002,0.0008204097870967958,0.0
2002-03-06,588,0,0.0,996,1,0.001004016064257028,2002,0.0008204097870967958,0.00003346720214190093
2002-03-07,959,0,0.0,749,0,0.0,2002,0.0008204097870967958,0.00003346720214190093
2002-03-08,629,0,0.0,979,0,0.0,2002,0.0008204097870967958,0.00003346720214190093
2002-03-11,389,0,0.0,705,0,0.0,2002,0.0008204097870967958,0.00003346720214190093
2002-03-12,708,0,0.0,620,3,0.004838709677419355,2002,0.0008204097870967958,0.0001947575247225461
2002-03-13,567,0,0.0,647,0,0.0,2002,0.0008204097870967958,0.0001947575247225461
2002-03-14,292,0,0.0,347,0,0.0,2002,0.0008204097870967958,0.0001947575247225461
2002-03-15,463,0,0.0,626,0,0.0,2002,0.0008204097870967958,0.0001947575247225461
2002-03-18,517,0,0.0,767,0,0.0,2002,0.0008204097870967958,0.0001947575247225461
2002-03-19,223,0,0.0,461,0,0.0,2002,0.0008204097870967958,0.0001947575247225461
2002-03-20,400,0,0.0,562,0,0.0,2002,0.0008204097870967958,0.0001947575247225461
2002-03-21,343,0,0.0,810,0,0.0,2002,0.0006767316261772555,0.0001947575247225461
2002-03-22,281,0,0.0,529,0,0.0,2002,0.0002352305224244962,0.0001947575247225461
2002-03-25,448,0,0.0,461,0,0.0,2002,0.0002352305224244962,0.0001947575247225461
2002-03-26,356,0,0.0,603,0,0.0,2002,0.0002352305224244962,0.0001947575247225461
2002-03-27,320,0,0.0,536,0,0.0,2002,0.00007062146892655378,0.0001947575247225461
2002-03-28,330,0,0.0,582,0,0.0,2002,0.00007062146892655378,0.0001947575247225461
2002-04-01,194,0,0.0,492,0,0.0,2002,0.00007062146892655378,0.0001947575247225461
2002-04-02,352,0,0.0,450,0,0.0,2002,0.00007062146892655378,0.0001947575247225461
2002-04-03,591,0,0.0,674,0,0.0,2002,0.00007062146892655378,0.0001947575247225461
2002-04-04,234,0,0.0,623,0,0.0,2002,0.00007062146892655378,0.0001947575247225461
2002-04-05,464,4,0.008620689655172414,361,0,0.0,2002,0.0003579777907656342,0.0001947575247225461
2002-04-08,267,0,0.0,475,0,0.0,2002,0.00028735632183908056,0.0001947575247225461
2002-04-09,315,0,0.0,405,0,0.0,2002,0.00028735632183908056,0.0001947575247225461
2002-04-10,330,0,0.0,495,0,0.0,2002,0.00028735632183908056,0.0001947575247225461
2002-04-11,535,7,0.013084112149532711,865,0,0.0,2002,0.000723493393490171,0.0001947575247225461
2002-04-12,462,11,0.023809523809523808,681,4,0.005873715124816446,2002,0.0015171441871409646,0.0003905480288830943
2002-04-15,313,0,0.0,426,0,0.0,2002,0.0015171441871409646,0.0003905480288830943
2002-04-16,778,0,0.0,704,0,0.0,2002,0.0015171441871409646,0.0003905480288830943
2002-04-17,359,1,0.002785515320334262,428,1,0.002336448598130841,2002,0.0016099946978187735,0.000468429648820789
2002-04-18,163,0,0.0,312,0,0.0,2002,0.0016099946978187735,0.00043496244667888805
2002-04-19,227,0,0.0,431,0,0.0,2002,0.0016099946978187735,0.00043496244667888805
2002-04-22,454,0,0.0,556,0,0.0,2002,0.0016099946978187735,0.00043496244667888805
2002-04-23,383,0,0.0,485,0,0.0,2002,0.0016099946978187735,0.00043496244667888805
2002-04-24,495,0,0.0,459,0,0.0,2002,0.0016099946978187735,0.0002736721240982429
2002-04-25,529,0,0.0,825,0,0.0,2002,0.0016099946978187735,0.0002736721240982429
2002-04-26,569,3,0.005272407732864675,753,0,0.0,2002,0.0017857416222475957,0.0002736721240982429
2002-04-29,580,0,0.0,1120,0,0.0,2002,0.0017857416222475957,0.0002736721240982429
2002-04-30,594,1,0.0016835016835016834,796,0,0.0,2002,0.0018418583450309852,0.0002736721240982429
2002-05-01,461,1,0.0021691973969631237,637,0,0.0,2002,0.0019141649249297561,0.0002736721240982429
2002-05-02,286,0,0.0,572,0,0.0,2002,0.0019141649249297561,0.0002736721240982429
2002-05-03,372,0,0.0,457,0,0.0,2002,0.0019141649249297561,0.0002736721240982429
2002-05-06,464,5,0.010775862068965518,1017,0,0.0,2002,0.0022733603272286065,0.0002736721240982429
2002-05-07,488,1,0.0020491803278688526,841,0,0.0,2002,0.0023416663381575684,0.0002736721240982429
2002-05-08,543,2,0.003683241252302026,786,13,0.01653944020356234,2002,0.002464441046567636,0.0008249867975503209
2002-05-09,516,13,0.025193798449612403,412,0,0.0,2002,0.003304234328221383,0.0008249867975503208
2002-05-10,402,2,0.004975124378109453,427,0,0.0,2002,0.0034700718074916976,0.0008249867975503208
2002-05-13,514,0,0.0,464,0,0.0,2002,0.0034700718074916976,0.0008249867975503208
2002-05-14,702,0,0.0,624,0,0.0,2002,0.0034700718074916976,0.0008249867975503208
2002-05-15,460,0,0.0,493,0,0.0,2002,0.0034700718074916976,0.0008249867975503208
2002-05-16,162,0,0.0,513,0,0.0,2002,0.0034700718074916976,0.0008249867975503208
2002-05-17,298,0,0.0,482,0,0.0,2002,0.003182715485652617,0.0008249867975503208
2002-05-20,337,0,0.0,590,0,0.0,2002,0.003182715485652617,0.0008249867975503208
2002-05-21,547,3,0.005484460694698354,704,0,0.0,2002,0.003365530842142562,0.0008249867975503208
2002-05-22,311,0,0.0,603,0,0.0,2002,0.003365530842142562,0.0008249867975503208
2002-05-23,254,0,0.0,547,0,0.0,2002,0.002929393770491472,0.0008249867975503208
2002-05-24,185,0,0.0,615,0,0.0,2002,0.0021357429768406786,0.0006291962933897726
2002-05-28,398,0,0.0,615,0,0.0,2002,0.0021357429768406786,0.0006291962933897726
2002-05-29,609,3,0.0049261083743842365,799,0,0.0,2002,0.002299946589320153,0.0006291962933897726
2002-05-30,437,0,0.0,975,0,0.0,2002,0.002207096078642344,0.0005513146734520779
2002-05-31,495,0,0.0,1127,0,0.0,2002,0.002207096078642344,0.0005513146734520779
2002-06-03,569,1,0.0017574692442882249,1069,0,0.0,2002,0.002265678386785285,0.0005513146734520779
2002-06-04,906,19,0.02097130242825607,985,0,0.0,2002,0.002964721801060487,0.0005513146734520779
2002-06-05,600,0,0.0,795,0,0.0,2002,0.002964721801060487,0.0005513146734520779
2002-06-06,595,4,0.0067226890756302525,856,0,0.0,2002,0.003188811436914829,0.0005513146734520779
2002-06-07,1185,15,0.012658227848101266,1244,0,0.0,2002,0.003610752365184871,0.0005513146734520779
2002-06-10,510,6,0.011764705882352941,770,0,0.0,2002,0.0038271623035011472,0.0005513146734520779
2002-06-11,629,5,0.00794912559618442,873,0,0.0,2002,0.004092133156707294,0.0005513146734520779
2002-06-12,511,0,0.0,983,0,0.0,2002,0.0040360164339239045,0.0005513146734520779
2002-06-13,533,3,0.005628517823639775,750,0,0.0,2002,0.004151327114813126,0.0005513146734520779
2002-06-14,960,1,0.0010416666666666667,1313,0,0.0,2002,0.004186049337035349,0.0005513146734520779
2002-06-17,1072,0,0.0,1534,0,0.0,2002,0.004186049337035349,0.0005513146734520779
2002-06-18,801,0,0.0,935,0,0.0,2002,0.0038268539347364977,0.0005513146734520779
2002-06-19,651,0,0.0,1747,0,0.0,2002,0.003758547923807536,0.0005513146734520779
2002-06-20,558,0,0.0,993,0,0.0,2002,0.0036357732153974682,-1.1564823173178714e-19
2002-06-21,807,5,0.006195786864931847,1100,0,0.0,2002,0.0030025061625747838,-1.1564823173178714e-19
2002-06-24,1300,0,0.0,1041,0,0.0,2002,0.0028366686833044687,-1.1564823173178714e-19
2002-06-25,705,0,0.0,1148,0,0.0,2002,0.0028366686833044687,-1.1564823173178714e-19
2002-06-26,1125,2,0.0017777777777777779,1584,0,0.0,2002,0.0028959279425637276,-1.1564823173178714e-19
2002-06-27,801,0,0.0,1138,0,0.0,2002,0.0028959279425637276,-1.1564823173178714e-19
2002-06-28,829,0,0.0,903,0,0.0,2002,0.0028959279425637276,-1.1564823173178714e-19
2002-07-01,717,4,0.005578800557880056,1001,0,0.0,2002,0.0030818879611597292,-1.1564823173178714e-19
2002-07-02,1006,17,0.016898608349900597,1817,0,0.0,2002,0.003645174906156416,-1.1564823173178714e-19
2002-07-03,996,2,0.002008032128514056,1592,0,0.0,2002,0.003529293953950273,-1.1564823173178714e-19
2002-07-05,960,0,0.0,724,0,0.0,2002,0.003529293953950273,-1.1564823173178714e-19
2002-07-08,542,0,0.0,859,0,0.0,2002,0.003529293953950273,-1.1564823173178714e-19
2002-07-09,963,2,0.0020768431983385254,886,0,0.0,2002,0.003598522060561557,-1.1564823173178714e-19
2002-07-10,1354,18,0.013293943870014771,1805,0,0.0,2002,0.004041653522895383,-1.1564823173178714e-19
2002-07-11,1851,14,0.007563479200432199,2080,0,0.0,2002,0.004129565883763648,-1.1564823173178714e-19
2002-07-12,768,5,0.006510416666666667,1811,0,0.0,2002,0.004346579772652537,-1.1564823173178714e-19
2002-07-15,1810,14,0.0077348066298342545,1275,0,0.0,2002,0.004604406660313679,-1.1564823173178714e-19
2002-07-16,944,1,0.001059322033898305,901,0,0.0,2002,0.004581135086634015,-1.1564823173178714e-19
2002-07-17,779,1,0.0012836970474967907,2180,0,0.0,2002,0.003924881573942039,-1.1564823173178714e-19
2002-07-18,590,2,0.003389830508474576,1618,0,0.0,2002,0.004037875924224525,-1.1564823173178714e-19
2002-07-19,1189,30,0.025231286795626577,1875,0,0.0,2002,0.004654829181557736,-1.1564823173178714e-19
2002-07-22,2312,40,0.01730103806228374,3407,0,0.0,2002,0.004809589522030485,-1.1564823173178714e-19
2002-07-23,1532,17,0.011096605744125326,1992,0,0.0,2002,0.004787319517422897,-1.1564823173178714e-19
2002-07-24,2416,0,0.0,2803,0,0.0,2002,0.00452234866421675,-1.1564823173178714e-19
2002-07-25,1460,1,0.0006849315068493151,2287,0,0.0,2002,0.00454517971444506,-1.1564823173178714e-19
2002-07-26,690,0,0.0,983,0,0.0,2002,0.004357562453657068,-1.1564823173178714e-19
2002-07-29,1859,3,0.0016137708445400753,2641,0,0.0,2002,0.004376632592919515,-1.1564823173178714e-19
2002-07-30,1788,0,0.0,1787,0,0.0,2002,0.004376632592919515,-1.1564823173178714e-19
2002-07-31,1799,0,0.0,1283,0,0.0,2002,0.004376632592919515,-1.1564823173178714e-19
2002-08-01,1127,0,0.0,1339,0,0.0,2002,0.004376632592919515,-1.1564823173178714e-19
2002-08-02,1302,0,0.0,1515,0,0.0,2002,0.004376632592919515,-1.1564823173178714e-19
2002-08-05,1167,0,0.0,1737,0,0.0,2002,0.0041701063640884545,-1.1564823173178714e-19
2002-08-06,1255,0,0.0,1698,0,0.0,2002,0.0041701063640884545,-1.1564823173178714e-19
2002-08-07,1004,0,0.0,1570,0,0.0,2002,0.0041701063640884545,-1.1564823173178714e-19
2002-08-08,1640,0,0.0,1887,0,0.0,2002,0.004110847104829195,-1.1564823173178714e-19
2002-08-09,1066,3,0.0028142589118198874,1504,0,0.0,2002,0.00420465573522319,-1.1564823173178714e-19
2002-08-12,865,0,0.0,1258,0,0.0,2002,0.00420465573522319,-1.1564823173178714e-19
2002-08-13,1071,0,0.0,1307,1,0.0007651109410864575,2002,0.004018695716627189,0.000025503698036215133
2002-08-14,903,0,0.0,1974,4,0.002026342451874367,2002,0.0034554087716305026,0.00009304844643202737
2002-08-15,1208,0,0.0,1600,0,0.0,2002,0.0033884743673467,0.00009304844643202735
2002-08-16,673,0,0.0,1286,0,0.0,2002,0.0033884743673467,0.00009304844643202735
2002-08-19,1239,0,0.0,1572,0,0.0,2002,0.0033884743673467,0.00009304844643202735
2002-08-20,1082,0,0.0,1296,0,0.0,2002,0.0033192462607354164,0.00009304844643202735
2002-08-21,1084,2,0.0018450184501845018,1287,0,0.0,2002,0.002937615413407741,0.00009304844643202735
2002-08-22,972,0,0.0,1289,0,0.0,2002,0.002685499440060001,0.00009304844643202735
2002-08-23,718,0,0.0,1432,0,0.0,2002,0.002468485551171112,0.00009304844643202735
2002-08-26,939,0,0.0,1304,0,0.0,2002,0.0022106586635099704,0.00009304844643202735
2002-08-27,542,0,0.0,869,0,0.0,2002,0.0021753479290466935,0.00009304844643202735
2002-08-28,725,0,0.0,1712,0,0.0,2002,0.002132558027463467,0.00009304844643202735
2002-08-29,664,0,0.0,1604,0,0.0,2002,0.002019563677180981,0.00009304844643202735
2002-08-30,613,0,0.0,1019,0,0.0,2002,0.0011785207839934283,0.00009304844643202735
2002-09-03,1370,6,0.004379562043795621,1598,0,0.0,2002,0.0007478049167104912,0.00009304844643202735
2002-09-04,973,0,0.0,1410,0,0.0,2002,0.00037791805857298027,0.00009304844643202735
2002-09-05,700,0,0.0,942,0,0.0,2002,0.00037791805857298027,0.00009304844643202735
2002-09-06,598,0,0.0,1581,0,0.0,2002,0.00035508700834466976,0.00009304844643202735
2002-09-09,562,0,0.0,1107,0,0.0,2002,0.00035508700834466976,0.00009304844643202735
2002-09-10,1106,12,0.0108499095840868,1189,0,0.0,2002,0.0006629582996628938,0.00009304844643202735
2002-09-11,439,0,0.0,1522,0,0.0,2002,0.0006629582996628938,0.00009304844643202735
2002-09-12,612,10,0.016339869281045753,858,0,0.0,2002,0.0012076206090310857,0.00009304844643202735
2002-09-13,723,1,0.0013831258644536654,1014,0,0.0,2002,0.0012537248045128744,0.00009304844643202735
2002-09-16,520,0,0.0,830,5,0.006024096385542169,2002,0.0012537248045128744,0.000293851659283433
2002-09-17,569,1,0.0017574692442882249,2093,0,0.0,2002,0.0013123071126558152,0.000293851659283433
2002-09-18,610,0,0.0,2372,0,0.0,2002,0.0013123071126558152,0.000293851659283433
2002-09-19,723,0,0.0,1728,0,0.0,2002,0.0013123071126558152,0.000293851659283433
2002-09-20,647,0,0.0,1397,0,0.0,2002,0.0013123071126558152,0.000293851659283433
2002-09-23,852,1,0.0011737089201877935,1102,0,0.0,2002,0.0012576221129347454,0.000293851659283433
2002-09-24,1049,1,0.0009532888465204957,1096,0,0.0,2002,0.001289398407818762,0.000293851659283433
2002-09-25,911,0,0.0,1152,0,0.0,2002,0.001289398407818762,0.0002683479612472177
2002-09-26,852,0,0.0,968,0,0.0,2002,0.001289398407818762,0.00020080321285140552
2002-09-27,878,7,0.007972665148063782,996,0,0.0,2002,0.0015551539127542215,0.00020080321285140552
2002-09-30,1046,0,0.0,1445,0,0.0,2002,0.0015551539127542215,0.00020080321285140552
2002-10-01,853,0,0.0,682,0,0.0,2002,0.0015551539127542215,0.00020080321285140552
2002-10-02,597,0,0.0,681,0,0.0,2002,0.0015551539127542215,0.00020080321285140552
2002-10-03,763,0,0.0,912,0,0.0,2002,0.0014936532977480714,0.00020080321285140552
2002-10-04,978,1,0.0010224948875255625,895,0,0.0,2002,0.0015277364606655901,0.00020080321285140552
2002-10-07,871,0,0.0,1116,0,0.0,2002,0.0015277364606655901,0.00020080321285140552
2002-10-08,948,2,0.002109704641350211,906,0,0.0,2002,0.0015980599487105973,0.00020080321285140552
2002-10-09,1482,1,0.0006747638326585695,1190,0,0.0,2002,0.0016205520764658828,0.00020080321285140552
2002-10-10,1311,0,0.0,1717,0,0.0,2002,0.0016205520764658828,0.00020080321285140552
2002-10-11,1370,0,0.0,1131,0,0.0,2002,0.0016205520764658828,0.00020080321285140552
2002-10-14,925,0,0.0,1204,2,0.0016611295681063123,2002,0.0016205520764658828,0.00025617419845494927
2002-10-15,1542,0,0.0,1622,1,0.0006165228113440197,2002,0.0014745666750060288,0.00027672495883308325
2002-10-16,950,0,0.0,1349,9,0.006671608598962194,2002,0.0014745666750060288,0.0004991119121318231
2002-10-17,775,0,0.0,1138,0,0.0,2002,0.0014745666750060288,0.0004991119121318231
2002-10-18,765,0,0.0,943,0,0.0,2002,0.0014745666750060288,0.0004991119121318231
2002-10-21,879,0,0.0,1710,0,0.0,2002,0.0014745666750060288,0.0004991119121318231
2002-10-22,733,0,0.0,806,0,0.0,2002,0.0011129030222031355,0.0004991119121318231
2002-10-23,647,0,0.0,906,0,0.0,2002,0.0011129030222031355,0.0004991119121318231
2002-10-24,571,0,0.0,1097,0,0.0,2002,0.0005682407128349437,0.0004991119121318231
2002-10-25,554,0,0.0,942,0,0.0,2002,0.0005221365173531549,0.0004991119121318231
2002-10-28,462,3,0.006493506493506494,983,0,0.0,2002,0.0007385867338033714,0.0002983086992804174
2002-10-29,727,0,0.0,1206,0,0.0,2002,0.0006800044256604305,0.0002983086992804174
2002-10-30,495,0,0.0,743,0,0.0,2002,0.0006800044256604305,0.0002983086992804174
2002-10-31,499,0,0.0,1795,0,0.0,2002,0.0006800044256604305,0.0002983086992804174
2002-11-01,541,0,0.0,1608,0,0.0,2002,0.0006800044256604305,0.0002983086992804174
2002-11-04,1031,0,0.0,1830,3,0.001639344262295082,2002,0.0006408807949875041,0.00035295350802358683
2002-11-05,531,0,0.0,893,0,0.0,2002,0.0006091045001034876,0.00035295350802358683
2002-11-06,986,0,0.0,1149,3,0.0026109660574412533,2002,0.0006091045001034876,0.00043998570993829527
2002-11-07,794,4,0.005037783375314861,1069,4,0.0037418147801683817,2002,0.0007770306126139829,0.0005647128692772413
2002-11-08,769,0,0.0,1009,0,0.0,2002,0.0005112751076785236,0.0005647128692772413
2002-11-11,503,0,0.0,1002,2,0.001996007984031936,2002,0.0005112751076785236,0.0006312464687449724
2002-11-12,566,4,0.007067137809187279,1050,0,0.0,2002,0.0007468463679847662,0.0006312464687449724
2002-11-13,386,0,0.0,1036,1,0.0009652509652509653,2002,0.0007468463679847662,0.0006634215009200047
2002-11-14,562,0,0.0,1061,0,0.0,2002,0.0007468463679847662,0.0006634215009200047
2002-11-15,429,0,0.0,875,0,0.0,2002,0.0007127632050672474,0.0006634215009200047
2002-11-18,641,4,0.0062402496099844,1257,0,0.0,2002,0.0009207715254000607,0.0006634215009200047
2002-11-19,378,0,0.0,802,0,0.0,2002,0.0008504480373550537,0.0006634215009200047
2002-11-20,510,0,0.0,701,0,0.0,2002,0.000827955909599768,0.0006634215009200047
2002-11-21,845,0,0.0,1106,0,0.0,2002,0.000827955909599768,0.0006634215009200047
2002-11-22,486,0,0.0,667,0,0.0,2002,0.000827955909599768,0.0006634215009200047
2002-11-25,304,0,0.0,1435,0,0.0,2002,0.000827955909599768,0.0006080505153164609
2002-11-26,402,0,0.0,1175,3,0.002553191489361702,2002,0.000827955909599768,0.0006726061379170504
2002-11-27,573,0,0.0,1026,0,0.0,2002,0.000827955909599768,0.00045021918461831057
2002-11-29,300,0,0.0,485,0,0.0,2002,0.000827955909599768,0.0004502191846183105
2002-12-02,647,0,0.0,1024,0,0.0,2002,0.000827955909599768,0.0004502191846183105
2002-12-03,449,0,0.0,771,0,0.0,2002,0.000827955909599768,0.0004502191846183105
2002-12-04,416,0,0.0,981,0,0.0,2002,0.000827955909599768,0.0004502191846183105
2002-12-05,494,0,0.0,862,0,0.0,2002,0.000827955909599768,0.0004502191846183105
2002-12-06,535,0,0.0,977,0,0.0,2002,0.000827955909599768,0.0004502191846183105
2002-12-09,502,0,0.0,1418,0,0.0,2002,0.000827955909599768,0.0004502191846183105
2002-12-10,398,0,0.0,1230,0,0.0,2002,0.0006115056931495516,0.0004502191846183105
2002-12-11,372,0,0.0,1267,0,0.0,2002,0.0006115056931495516,0.0004502191846183105
2002-12-12,379,0,0.0,765,0,0.0,2002,0.0006115056931495516,0.0004502191846183105
2002-12-13,328,0,0.0,1224,3,0.0024509803921568627,2002,0.0006115056931495516,0.0005319185310235392
2002-12-16,340,0,0.0,958,4,0.0041753653444676405,2002,0.0006115056931495516,0.0006710973758391273
2002-12-17,474,0,0.0,902,1,0.0011086474501108647,2002,0.0006115056931495516,0.0006534074820996534
2002-12-18,381,0,0.0,646,0,0.0,2002,0.0006115056931495516,0.0006534074820996534
2002-12-19,495,0,0.0,834,0,0.0,2002,0.0006115056931495516,0.000566375280184945
2002-12-20,279,0,0.0,785,0,0.0,2002,0.00044357958063905614,0.00044164812084599895
2002-12-23,311,0,0.0,695,0,0.0,2002,0.00044357958063905614,0.00044164812084599895
2002-12-24,130,0,0.0,448,0,0.0,2002,0.00044357958063905614,0.0003751145213782677
2002-12-26,421,0,0.0,434,0,0.0,2002,0.00020800832033281356,0.0003751145213782677
2002-12-27,330,0,0.0,939,0,0.0,2002,0.00020800832033281356,0.00034293948920323554
2002-12-30,383,0,0.0,859,0,0.0,2002,0.00020800832033281356,0.00034293948920323554
2002-12-31,276,0,0.0,697,0,0.0,2002,0.00020800832033281356,0.00034293948920323554
2003-01-02,394,0,0.0,1112,0,0.0,2003,2.312964634635743e-19,0.00034293948920323554
2003-01-03,657,1,0.0015220700152207,647,0,0.0,2003,0.00005073566717402357,0.00034293948920323554
2003-01-06,891,0,0.0,1269,0,0.0,2003,0.00005073566717402357,0.00034293948920323554
2003-01-07,683,0,0.0,703,0,0.0,2003,0.00005073566717402357,0.00034293948920323554
2003-01-08,442,0,0.0,570,0,0.0,2003,0.00005073566717402357,0.00034293948920323554
2003-01-09,383,0,0.0,644,0,0.0,2003,0.00005073566717402357,0.00034293948920323554
2003-01-10,621,4,0.00644122383252818,795,0,0.0,2003,0.00026544312825829626,0.00025783310622451216
2003-01-13,457,0,0.0,677,0,0.0,2003,0.00026544312825829626,0.00025783310622451216
2003-01-14,309,0,0.0,546,1,0.0018315018315018315,2003,0.00026544312825829626,0.0003188831672745732
2003-01-15,508,0,0.0,641,0,0.0,2003,0.00026544312825829626,0.0003188831672745732
2003-01-16,551,0,0.0,762,0,0.0,2003,0.00026544312825829626,0.0003188831672745732
2003-01-17,361,0,0.0,661,0,0.0,2003,0.00026544312825829626,0.0003188831672745732
2003-01-21,386,0,0.0,734,0,0.0,2003,0.00026544312825829626,0.0003188831672745732
2003-01-22,506,0,0.0,970,0,0.0,2003,0.00026544312825829626,0.0003188831672745732
2003-01-23,464,0,0.0,1072,0,0.0,2003,0.00026544312825829626,0.0003188831672745732
2003-01-24,624,0,0.0,1564,0,0.0,2003,0.00026544312825829626,0.0003188831672745732
2003-01-27,849,0,0.0,1304,0,0.0,2003,0.00026544312825829626,0.0003188831672745732
2003-01-28,716,0,0.0,1117,0,0.0,2003,0.00026544312825829626,0.0003188831672745732
2003-01-29,530,0,0.0,1155,0,0.0,2003,0.00026544312825829626,0.00023718382086934444
2003-01-30,773,0,0.0,1209,0,0.0,2003,0.00026544312825829626,0.00009800497605375642
2003-01-31,600,0,0.0,1518,0,0.0,2003,0.00026544312825829626,0.00006105006105006093
2003-02-03,699,0,0.0,1178,0,0.0,2003,0.00026544312825829626,0.00006105006105006093
2003-02-04,784,5,0.006377551020408163,1233,0,0.0,2003,0.0004780281622719017,0.00006105006105006093
2003-02-05,778,0,0.0,999,0,0.0,2003,0.0004780281622719017,0.00006105006105006093
2003-02-06,897,0,0.0,1038,0,0.0,2003,0.0004780281622719017,0.00006105006105006093
2003-02-07,702,0,0.0,1215,0,0.0,2003,0.0004780281622719017,0.00006105006105006093
2003-02-10,1026,0,0.0,1349,0,0.0,2003,0.0004780281622719017,0.00006105006105006093
2003-02-11,737,1,0.0013568521031207597,915,0,0.0,2003,0.0005232565657092604,0.00006105006105006093
2003-02-12,995,0,0.0,1334,0,0.0,2003,0.0005232565657092604,0.00006105006105006093
2003-02-13,1676,11,0.0065632458233890216,1237,0,0.0,2003,0.0007420314264888944,0.00006105006105006093
2003-02-14,1303,15,0.011511895625479662,1079,0,0.0,2003,0.0011257612806715499,0.00006105006105006093
2003-02-18,802,3,0.003740648379052369,1091,2,0.0018331805682859762,2003,0.0011997138927992723,0.0001221560799929268
2003-02-19,552,7,0.012681159420289856,559,1,0.0017889087656529517,2003,0.0016224192068089339,0.0001817863721813585
2003-02-20,486,0,0.0,652,0,0.0,2003,0.0016224192068089339,0.0001817863721813585
2003-02-21,675,0,0.0,729,0,0.0,2003,0.0016224192068089339,0.0001817863721813585
2003-02-24,426,0,0.0,784,0,0.0,2003,0.0016224192068089339,0.0001817863721813585
2003-02-25,503,0,0.0,916,2,0.002183406113537118,2003,0.0014077117457246611,0.0002545665759659291
2003-02-26,479,0,0.0,878,0,0.0,2003,0.0014077117457246611,0.0002545665759659291
2003-02-27,493,0,0.0,692,0,0.0,2003,0.0014077117457246611,0.00019351651491586805
2003-02-28,491,0,0.0,729,0,0.0,2003,0.0014077117457246611,0.00019351651491586805
2003-03-03,703,0,0.0,878,0,0.0,2003,0.0014077117457246611,0.00019351651491586805
2003-03-04,693,0,0.0,787,0,0.0,2003,0.0014077117457246611,0.00019351651491586805
2003-03-05,577,0,0.0,932,0,0.0,2003,0.0014077117457246611,0.00019351651491586805
2003-03-06,668,0,0.0,864,0,0.0,2003,0.0014077117457246611,0.00019351651491586805
2003-03-07,761,0,0.0,990,0,0.0,2003,0.0014077117457246611,0.00019351651491586805
2003-03-10,879,0,0.0,907,0,0.0,2003,0.0014077117457246611,0.00019351651491586805
2003-03-11,716,0,0.0,1379,0,0.0,2003,0.0014077117457246611,0.00019351651491586805
2003-03-12,1248,6,0.004807692307692308,1603,0,0.0,2003,0.0015679681559810715,0.00019351651491586805
2003-03-13,1119,3,0.002680965147453083,1219,0,0.0,2003,0.0016573336608961744,0.00019351651491586805
2003-03-14,1074,0,0.0,1092,6,0.005494505494505495,2003,0.0016573336608961744,0.00037666669806605125
2003-03-17,1550,0,0.0,2290,0,0.0,2003,0.0016573336608961744,0.00037666669806605125
2003-03-18,1226,0,0.0,1163,11,0.009458297506448839,2003,0.0016573336608961744,0.0006919432816143459
2003-03-19,1350,0,0.0,1271,0,0.0,2003,0.001444748626882569,0.0006919432816143459
2003-03-20,906,0,0.0,1273,0,0.0,2003,0.001444748626882569,0.0006919432816143459
2003-03-21,1115,0,0.0,1557,0,0.0,2003,0.001444748626882569,0.0006919432816143459
2003-03-24,1184,0,0.0,1327,0,0.0,2003,0.001444748626882569,0.0006919432816143459
2003-03-25,667,0,0.0,1038,0,0.0,2003,0.001444748626882569,0.0006919432816143459
2003-03-26,484,0,0.0,664,0,0.0,2003,0.0013995202234452103,0.0006919432816143459
2003-03-27,639,0,0.0,653,0,0.0,2003,0.0013995202234452103,0.0006919432816143459
2003-03-28,408,0,0.0,482,0,0.0,2003,0.0011807453626655761,0.0006919432816143459
2003-03-31,842,0,0.0,870,0,0.0,2003,0.0007970155084829208,0.0006919432816143459
2003-04-01,652,0,0.0,933,0,0.0,2003,0.000672327229181175,0.00063083726267148
2003-04-02,861,1,0.0011614401858304297,1030,0,0.0,2003,0.00028833658803252755,0.0005712069704830483
2003-04-03,832,0,0.0,846,2,0.002364066193853428,2003,0.00028833658803252755,0.0006500091769448291
2003-04-04,708,0,0.0,602,0,0.0,2003,0.00028833658803252755,0.0006500091769448291
2003-04-07,914,0,0.0,1184,0,0.0,2003,0.00028833658803252755,0.0006500091769448291
2003-04-08,598,0,0.0,866,0,0.0,2003,0.00028833658803252755,0.0005772289731602586
2003-04-09,592,0,0.0,645,0,0.0,2003,0.00028833658803252755,0.0005772289731602586
2003-04-10,779,0,0.0,708,13,0.018361581920903956,2003,0.00028833658803252755,0.001189281703857057
2003-04-11,575,0,0.0,791,0,0.0,2003,0.00028833658803252755,0.001189281703857057
2003-04-14,750,0,0.0,707,4,0.005657708628005658,2003,0.00028833658803252755,0.0013778719914572456
2003-04-15,688,0,0.0,848,0,0.0,2003,0.00028833658803252755,0.0013778719914572456
2003-04-16,416,0,0.0,680,0,0.0,2003,0.00028833658803252755,0.0013778719914572456
2003-04-17,456,0,0.0,643,0,0.0,2003,0.00028833658803252755,0.0013778719914572456
2003-04-21,566,0,0.0,604,0,0.0,2003,0.00028833658803252755,0.0013778719914572456
2003-04-22,963,0,0.0,1426,0,0.0,2003,0.00028833658803252755,0.0013778719914572456
2003-04-23,829,0,0.0,1317,0,0.0,2003,0.00028833658803252755,0.0013778719914572456
2003-04-24,536,0,0.0,1048,0,0.0,2003,0.00012808017777611732,0.0013778719914572456
2003-04-25,650,0,0.0,1059,0,0.0,2003,0.000038714672861014555,0.0013778719914572456
2003-04-28,676,6,0.008875739644970414,1153,7,0.006071118820468344,2003,0.00033457266102669507,0.0013970924356560073
2003-04-29,747,1,0.0013386880856760374,1435,0,0.0,2003,0.0003791955972158963,0.0013970924356560073
2003-04-30,699,0,0.0,1028,0,0.0,2003,0.0003791955972158963,0.0010818158521077126
2003-05-01,638,0,0.0,1017,0,0.0,2003,0.0003791955972158963,0.0010818158521077126
2003-05-02,803,0,0.0,1076,1,0.0009293680297397769,2003,0.0003791955972158963,0.0011127947864323718
2003-05-05,646,0,0.0,962,0,0.0,2003,0.0003791955972158963,0.0011127947864323718
2003-05-06,828,0,0.0,1190,0,0.0,2003,0.0003791955972158963,0.0011127947864323718
2003-05-07,621,0,0.0,747,1,0.0013386880856760374,2003,0.0003791955972158963,0.0011574177226215733
2003-05-08,841,0,0.0,981,0,0.0,2003,0.0003791955972158963,0.0011574177226215733
2003-05-09,532,0,0.0,971,0,0.0,2003,0.0003791955972158963,0.0011574177226215733
2003-05-12,739,0,0.0,1501,5,0.0033311125916055963,2003,0.0003791955972158963,0.0012684548090084262
2003-05-13,687,0,0.0,825,3,0.0036363636363636364,2003,0.0003791955972158963,0.0013896669302205474
2003-05-14,835,0,0.0,827,2,0.0024183796856106408,2003,0.0003791955972158963,0.0014702795864075689
2003-05-15,571,0,0.0,609,1,0.0016420361247947454,2003,0.00034048092435488196,0.001525014123900727
2003-05-16,572,0,0.0,593,0,0.0,2003,0.00034048092435488196,0.0014462119174389462
2003-05-19,510,0,0.0,1062,0,0.0,2003,0.00034048092435488196,0.0014462119174389462
2003-05-20,634,0,0.0,1063,0,0.0,2003,0.00034048092435488196,0.0014462119174389462
2003-05-21,637,0,0.0,776,0,0.0,2003,0.00034048092435488196,0.0014462119174389462
2003-05-22,469,0,0.0,1021,0,0.0,2003,0.00034048092435488196,0.0014462119174389462
2003-05-23,402,0,0.0,891,0,0.0,2003,0.00034048092435488196,0.0008341591867421476
2003-05-27,646,0,0.0,1535,0,0.0,2003,0.00034048092435488196,0.0008341591867421476
2003-05-28,712,0,0.0,1386,0,0.0,2003,0.00034048092435488196,0.000645568899141959
2003-05-29,596,0,0.0,1478,1,0.0006765899864682003,2003,0.00034048092435488196,0.000668121898690899
2003-05-30,752,0,0.0,1400,0,0.0,2003,0.00034048092435488196,0.000668121898690899
2003-06-02,984,0,0.0,1834,0,0.0,2003,0.00034048092435488196,0.000668121898690899
2003-06-03,868,0,0.0,1114,1,0.0008976660682226212,2003,0.00034048092435488196,0.0006980441009649864
2003-06-04,1186,0,0.0,1500,2,0.0013333333333333333,2003,0.00034048092435488196,0.0007424885454094308
2003-06-05,1138,0,0.0,1439,1,0.0006949270326615705,2003,0.00034048092435488196,0.0007656527798314832
2003-06-06,1254,0,0.0,1821,14,0.007688083470620538,2003,0.00034048092435488196,0.0010219222288521677
2003-06-09,1041,5,0.004803073967339097,1101,1,0.0009082652134423251,2003,0.0005005833899328519,0.0010521977359669121
2003-06-10,973,1,0.0010277492291880781,1102,16,0.014519056261343012,2003,0.000238983709406774,0.0013337956506627342
2003-06-11,694,0,0.0,1162,0,0.0,2003,0.00019436077321757274,0.0013337956506627342
2003-06-12,1013,0,0.0,1082,9,0.00831792975970425,2003,0.00019436077321757274,0.0016110599759862094
2003-06-13,981,1,0.0010193679918450561,994,18,0.018108651911468814,2003,0.0002283397062790746,0.002214681706368503
2003-06-16,1226,0,0.0,1203,1,0.0008312551953449709,2003,0.0002283397062790746,0.002211411278555343
2003-06-17,929,0,0.0,1113,3,0.0026954177897574125,2003,0.0002283397062790746,0.0023012585382139236
2003-06-18,690,0,0.0,953,0,0.0,2003,0.0002283397062790746,0.0023012585382139236
2003-06-19,872,0,0.0,944,1,0.001059322033898305,2003,0.0002283397062790746,0.002291946336487999
2003-06-20,448,0,0.0,777,1,0.001287001287001287,2003,0.0002283397062790746,0.0023348463793880416
2003-06-23,679,0,0.0,993,0,0.0,2003,0.0002283397062790746,0.0023348463793880416
2003-06-24,576,0,0.0,680,0,0.0,2003,0.0002283397062790746,0.002223809293001188
2003-06-25,548,0,0.0,897,0,0.0,2003,0.0002283397062790746,0.0021025971717890672
2003-06-26,576,0,0.0,673,0,0.0,2003,0.0002283397062790746,0.002021984515602046
2003-06-27,394,0,0.0,872,0,0.0,2003,0.0002283397062790746,0.001967249978108888
2003-06-30,538,0,0.0,983,0,0.0,2003,0.0002283397062790746,0.001967249978108888
2003-07-01,572,0,0.0,1020,0,0.0,2003,0.0002283397062790746,0.001967249978108888
2003-07-02,688,0,0.0,851,3,0.0035252643948296123,2003,0.0002283397062790746,0.002084758791269875
2003-07-03,394,5,0.012690355329949238,704,0,0.0,2003,0.0006513515506107159,0.002084758791269875
2003-07-07,586,0,0.0,880,0,0.0,2003,0.0006513515506107159,0.002084758791269875
2003-07-08,654,0,0.0,831,6,0.007220216606498195,2003,0.0006513515506107159,0.002325432678153148
2003-07-09,587,0,0.0,662,6,0.00906344410876133,2003,0.0006513515506107159,0.002627547481778526
2003-07-10,604,3,0.004966887417218543,517,1,0.0019342359767891683,2003,0.0008169144645180006,0.002692022014338165
2003-07-11,434,3,0.0069124423963133645,719,0,0.0,2003,0.0010473292110617794,0.002669469014789225
2003-07-14,548,0,0.0,724,2,0.0027624309392265192,2003,0.0010473292110617794,0.002761550046096775
2003-07-15,662,0,0.0,451,5,0.011086474501108648,2003,0.0010473292110617794,0.0031310991961337304
2003-07-16,520,0,0.0,367,2,0.005449591280653951,2003,0.0010473292110617794,0.003282830036548108
2003-07-17,481,0,0.0,515,0,0.0,2003,0.0010473292110617794,0.0032383855921036633
2003-07-18,322,3,0.009316770186335404,536,0,0.0,2003,0.0013578882172729594,0.003215221357681611
2003-07-21,597,0,0.0,860,0,0.0,2003,0.0013578882172729594,0.0029589519086609265
2003-07-22,579,0,0.0,900,0,0.0,2003,0.00119778575169499,0.0029286764015461824
2003-07-23,669,0,0.0,783,0,0.0,2003,0.0011635274440553872,0.002444707859501415
2003-07-24,619,0,0.0,1185,0,0.0,2003,0.0011635274440553872,0.002444707859501415
2003-07-25,665,1,0.0015037593984962407,1236,1,0.0008090614886731392,2003,0.001213652757338595,0.002194412250467045
2003-07-28,590,0,0.0,1313,6,0.00456968773800457,2003,0.0011796738242770932,0.0017431134446849034
2003-07-29,431,0,0.0,1142,3,0.002626970227670753,2003,0.0011796738242770932,0.001802970612429096
2003-07-30,307,0,0.0,1130,0,0.0,2003,0.0011796738242770932,0.0017131233527705157
2003-07-31,651,0,0.0,1197,0,0.0,2003,0.0011796738242770932,0.0017131233527705157
2003-08-01,827,0,0.0,1281,0,0.0,2003,0.0011796738242770932,0.001677812618307239
2003-08-04,769,0,0.0,1290,0,0.0,2003,0.0011796738242770932,0.001634912575407196
2003-08-05,715,4,0.005594405594405594,1330,0,0.0,2003,0.0013661540107572797,0.001634912575407196
2003-08-06,825,1,0.0012121212121212121,1635,0,0.0,2003,0.00140655805116132,0.001634912575407196
2003-08-07,1025,0,0.0,1044,13,0.012452107279693486,2003,0.00140655805116132,0.002049982818063645
2003-08-08,505,0,0.0,629,0,0.0,2003,0.00140655805116132,0.002049982818063645
2003-08-11,636,0,0.0,551,0,0.0,2003,0.00140655805116132,0.002049982818063645
2003-08-12,540,0,0.0,701,0,0.0,2003,0.00140655805116132,0.002049982818063645
2003-08-13,658,0,0.0,495,4,0.00808080808080808,2003,0.00140655805116132,0.002319343087423915
2003-08-14,567,1,0.001763668430335097,966,0,0.0,2003,0.0014653469988391565,0.0022018342742629276
2003-08-15,475,0,0.0,367,0,0.0,2003,0.0010423351545075154,0.0022018342742629276
2003-08-18,619,0,0.0,1214,0,0.0,2003,0.0010423351545075154,0.0022018342742629276
2003-08-19,584,0,0.0,1342,0,0.0,2003,0.0010423351545075154,0.001961160387379655
2003-08-20,565,0,0.0,735,0,0.0,2003,0.0010423351545075154,0.001659045583754277
2003-08-21,702,0,0.0,1063,0,0.0,2003,0.0008767722406002307,0.001594571051194638
2003-08-22,809,0,0.0,1020,0,0.0,2003,0.0006463574940564519,0.001594571051194638
2003-08-25,537,0,0.0,812,0,0.0,2003,0.0006463574940564519,0.0015024900198870874
2003-08-26,723,0,0.0,1209,0,0.0,2003,0.0006463574940564519,0.0011329408698501325
2003-08-27,492,0,0.0,756,0,0.0,2003,0.0006463574940564519,0.0009512878271616674
2003-08-28,606,0,0.0,858,0,0.0,2003,0.0006463574940564519,0.0009512878271616674
2003-08-29,554,0,0.0,1013,0,0.0,2003,0.0003357984878452717,0.0009512878271616674
2003-09-02,1044,0,0.0,1356,2,0.0014749262536873156,2003,0.0003357984878452717,0.0010004520356179112
2003-09-03,1241,0,0.0,1415,0,0.0,2003,0.0003357984878452717,0.0010004520356179112
2003-09-04,574,0,0.0,1246,0,0.0,2003,0.0003357984878452717,0.0010004520356179112
2003-09-05,830,0,0.0,1235,2,0.0016194331983805667,2003,0.0003357984878452717,0.0010544331422305967
2003-09-08,614,0,0.0,1143,2,0.0017497812773403325,2003,0.0002856731745620637,0.0010857904685195032
2003-09-09,663,0,0.0,1164,6,0.005154639175257732,2003,0.0002856731745620637,0.0011052888497612753
2003-09-10,839,0,0.0,1160,0,0.0,2003,0.0002856731745620637,0.0010177231755055835
2003-09-11,739,0,0.0,1580,0,0.0,2003,0.0002856731745620637,0.0010177231755055835
2003-09-12,920,0,0.0,1343,0,0.0,2003,0.0002856731745620637,0.0010177231755055835
2003-09-15,490,4,0.00816326530612245,967,26,0.02688728024819028,2003,0.0005577820180994787,0.0019139658504452595
2003-09-16,845,0,0.0,1324,18,0.013595166163141994,2003,0.0005577820180994787,0.0023671380558833257
2003-09-17,947,0,0.0,1008,1,0.000992063492063492,2003,0.00037130183161929224,0.002400206838952109
2003-09-18,737,0,0.0,1414,1,0.0007072135785007072,2003,0.00033089779121525176,0.0024237806249021326
2003-09-19,560,0,0.0,974,0,0.0,2003,0.00033089779121525176,0.002008710382245683
2003-09-22,865,0,0.0,1216,0,0.0,2003,0.00033089779121525176,0.002008710382245683
2003-09-23,595,0,0.0,963,0,0.0,2003,0.00033089779121525176,0.002008710382245683
2003-09-24,769,0,0.0,1469,0,0.0,2003,0.00033089779121525176,0.002008710382245683
2003-09-25,1050,0,0.0,1712,0,0.0,2003,0.00033089779121525176,0.0017393501128854137
2003-09-26,887,0,0.0,1545,0,0.0,2003,0.00027210884353741523,0.0017393501128854137
2003-09-29,763,0,0.0,1166,0,0.0,2003,0.00027210884353741523,0.0017393501128854137
2003-09-30,986,0,0.0,1492,0,0.0,2003,0.00027210884353741523,0.0017393501128854137
2003-10-01,941,0,0.0,1367,3,0.0021945866861741038,2003,0.00027210884353741523,0.0018125030024245504
2003-10-02,1046,6,0.0057361376673040155,1361,8,0.005878030859662013,2003,0.0004633134324475491,0.0020084373644132843
2003-10-03,1330,0,0.0,1739,5,0.002875215641173088,2003,0.0004633134324475491,0.0021042778857857203
2003-10-06,437,0,0.0,758,0,0.0,2003,0.0004633134324475491,0.0021042778857857203
2003-10-07,642,4,0.006230529595015576,1119,0,0.0,2003,0.0006709977522814016,0.0021042778857857203
2003-10-08,814,0,0.0,1118,2,0.0017889087656529517,2003,0.0006709977522814016,0.0021639081779741523
2003-10-09,1110,0,0.0,1210,16,0.013223140495867768,2003,0.0006709977522814016,0.0026046795278364112
2003-10-10,629,0,0.0,670,5,0.007462686567164179,2003,0.0006709977522814016,0.002853435746741884
2003-10-13,960,0,0.0,894,11,0.012304250559284116,2003,0.0006709977522814016,0.0032635774320513545
2003-10-14,542,0,0.0,899,8,0.008898776418242492,2003,0.0006709977522814016,0.0035110391042031935
2003-10-15,510,0,0.0,800,1,0.00125,2003,0.0006709977522814016,0.00355270577086986
2003-10-16,471,0,0.0,645,0,0.0,2003,0.0006709977522814016,0.00355270577086986
2003-10-17,503,0,0.0,842,0,0.0,2003,0.0006709977522814016,0.0034987246642571744
2003-10-20,485,0,0.0,678,0,0.0,2003,0.0006709977522814016,0.0034403986216791638
2003-10-21,550,0,0.0,936,0,0.0,2003,0.0006709977522814016,0.003268577315837239
2003-10-22,778,0,0.0,966,0,0.0,2003,0.0006709977522814016,0.003268577315837239
2003-10-23,528,0,0.0,1204,0,0.0,2003,0.0006709977522814016,0.003268577315837239
2003-10-24,868,0,0.0,1041,0,0.0,2003,0.0006709977522814016,0.003268577315837239
2003-10-27,519,0,0.0,637,0,0.0,2003,0.0003988889087439866,0.002372334640897563
2003-10-28,568,0,0.0,1043,0,0.0,2003,0.0003988889087439866,0.0019191624354594969
2003-10-29,814,0,0.0,968,1,0.0010330578512396695,2003,0.0003988889087439866,0.0019205289140987029
2003-10-30,857,0,0.0,975,0,0.0,2003,0.0003988889087439866,0.0018969551281486793
2003-10-31,645,0,0.0,923,0,0.0,2003,0.0003988889087439866,0.0018969551281486793
2003-11-03,625,0,0.0,1500,11,0.007333333333333333,2003,0.0003988889087439866,0.0021413995725931235
2003-11-04,592,0,0.0,1045,0,0.0,2003,0.0003988889087439866,0.0021413995725931235
2003-11-05,543,0,0.0,1057,4,0.003784295175023652,2003,0.0003988889087439866,0.0022675427450939123
2003-11-06,829,0,0.0,1076,4,0.0037174721189591076,2003,0.0003988889087439866,0.002391458482392549
2003-11-07,541,2,0.0036968576709796672,1472,3,0.0020380434782608695,2003,0.0005221174977766422,0.0024593932650012447
2003-11-10,682,0,0.0,1211,7,0.005780346820809248,2003,0.0005221174977766422,0.0026520714923615528
2003-11-11,617,0,0.0,1021,2,0.0019588638589618022,2003,0.0005221174977766422,0.0027173669543269466
2003-11-12,717,0,0.0,872,0,0.0,2003,0.0005221174977766422,0.00264421406478781
2003-11-13,728,0,0.0,696,1,0.0014367816091954023,2003,0.0003309129088665083,0.0024961724231055893
2003-11-14,642,0,0.0,1343,0,0.0,2003,0.0003309129088665083,0.002400331901733153
2003-11-17,1245,3,0.0024096385542168677,1690,3,0.0017751479289940828,2003,0.00041123419400707057,0.002459503499366289
2003-11-18,488,6,0.012295081967213115,1189,7,0.005887300252312868,2003,0.0006133859397469885,0.0026557468411100515
2003-11-19,612,0,0.0,1559,25,0.01603592046183451,2003,0.0006133859397469885,0.00313064723098277
2003-11-20,428,0,0.0,957,0,0.0,2003,0.0006133859397469885,0.0026898758811205107
2003-11-21,641,0,0.0,822,0,0.0,2003,0.0006133859397469885,0.0024411196622150383
2003-11-24,741,0,0.0,1481,0,0.0,2003,0.0006133859397469885,0.002030977976905568
2003-11-25,822,0,0.0,976,6,0.006147540983606557,2003,0.0006133859397469885,0.00193927012908437
2003-11-26,573,0,0.0,1199,3,0.0025020850708924102,2003,0.0006133859397469885,0.0019810062981141167
2003-11-28,290,0,0.0,651,4,0.006144393241167435,2003,0.0006133859397469885,0.0021858194061530316
2003-12-01,1025,0,0.0,1748,7,0.004004576659038902,2003,0.0006133859397469885,0.0023193052947876615
2003-12-02,923,0,0.0,1227,4,0.0032599837000814994,2003,0.0006133859397469885,0.0024279714181237116
2003-12-03,893,2,0.0022396416573348264,1390,0,0.0,2003,0.0006880406616581494,0.0024279714181237116
2003-12-04,471,0,0.0,1106,0,0.0,2003,0.0006880406616581494,0.0024279714181237116
2003-12-05,738,0,0.0,1025,0,0.0,2003,0.0006880406616581494,0.0024279714181237116
2003-12-08,712,0,0.0,1085,14,0.012903225806451613,2003,0.0006880406616581494,0.002858078945005432
2003-12-09,784,3,0.003826530612244898,1237,4,0.0032336297493936943,2003,0.0008155916820663127,0.002965866603318555
2003-12-10,503,0,0.0,812,0,0.0,2003,0.0008155916820663127,0.002965866603318555
2003-12-11,1105,0,0.0,987,2,0.002026342451874367,2003,0.0008155916820663127,0.002998976090006378
2003-12-12,911,0,0.0,989,0,0.0,2003,0.0008155916820663127,0.002998976090006378
2003-12-15,1431,6,0.0041928721174004195,1152,4,0.003472222222222222,2003,0.00095535408597966,0.003114716830747119
2003-12-16,686,4,0.0058309037900874635,1274,11,0.008634222919937205,2003,0.0011497175456492421,0.003158079816967248
2003-12-17,1084,5,0.004612546125461255,758,0,0.0,2003,0.0013034690831646171,0.003158079816967248
2003-12-18,883,0,0.0,1002,0,0.0,2003,0.0013034690831646171,0.0030319366444664596
2003-12-19,612,0,0.0,1086,6,0.0055248618784530384,2003,0.0013034690831646171,0.0030921829697829243
2003-12-22,691,8,0.011577424023154847,1135,2,0.001762114537444934,2003,0.0015661546282371233,0.0030829853384223924
2003-12-23,748,0,0.0,1430,0,0.0,2003,0.0015661546282371233,0.0028903071110620844
2003-12-24,366,0,0.0,832,0,0.0,2003,0.0015661546282371233,0.002825011649096691
2003-12-26,277,0,0.0,430,2,0.004651162790697674,2003,0.0015661546282371233,0.0029800504087866136
2003-12-29,725,0,0.0,1324,8,0.006042296072507553,2003,0.0015661546282371233,0.0031335675575636856
2003-12-30,498,0,0.0,1236,6,0.0048543689320388345,2003,0.0015661546282371233,0.0032953798552983133
2003-12-31,513,0,0.0,1298,3,0.0023112480739599386,2003,0.001485833343096561,0.003313249860130508
2004-01-02,821,0,0.0,1881,0,0.0,2004,0.0010759972775227908,0.003117006518386746
2004-01-05,752,0,0.0,1853,10,0.005396654074473826,2004,0.0010759972775227908,0.0027623643054747234
2004-01-06,682,0,0.0,1362,13,0.009544787077826725,2004,0.0010759972775227908,0.0030805238747356137
2004-01-07,1119,0,0.0,1339,6,0.004480955937266617,2004,0.0010759972775227908,0.003229889072644501
2004-01-08,728,0,0.0,2049,6,0.0029282576866764276,2004,0.0010759972775227908,0.003327497662200382
2004-01-09,888,0,0.0,1422,0,0.0,2004,0.0010759972775227908,0.0031225796294134965
2004-01-12,604,0,0.0,1059,18,0.0169971671388102,2004,0.0010759972775227908,0.0036057490316774234
2004-01-13,747,5,0.006693440428380187,1417,0,0.0,2004,0.0012991119584687969,0.0034009359236385085
2004-01-14,823,0,0.0,823,17,0.020656136087484813,2004,0.0012991119584687969,0.003955987904586706
2004-01-15,537,0,0.0,664,0,0.0,2004,0.0012991119584687969,0.0038473217812506556
2004-01-16,459,0,0.0,909,3,0.0033003300330033004,2004,0.0012244572365576359,0.003957332782350766
2004-01-20,796,0,0.0,1428,0,0.0,2004,0.0012244572365576359,0.003957332782350766
2004-01-21,655,0,0.0,1326,13,0.00980392156862745,2004,0.0012244572365576359,0.0042841301679716805
2004-01-22,768,0,0.0,1770,3,0.001694915254237288,2004,0.0012244572365576359,0.003910519816231204
2004-01-23,588,0,0.0,1590,0,0.0,2004,0.0010969062161494726,0.00380273215791808
2004-01-26,457,2,0.00437636761487965,2032,5,0.0024606299212598425,2004,0.0012427851366454612,0.0038847531552934082
2004-01-27,869,0,0.0,1478,6,0.0040595399188092015,2004,0.0012427851366454612,0.003952526404191236
2004-01-28,1030,4,0.003883495145631068,1251,10,0.007993605115907274,2004,0.0013722349748331631,0.004218979908054811
2004-01-29,992,5,0.005040322580645161,1834,0,0.0,2004,0.001400483323607988,0.004103239167314071
2004-01-30,702,0,0.0,1155,0,0.0,2004,0.001206119863938406,0.0038154317366494977
2004-02-02,663,0,0.0,1506,5,0.0033200531208499337,2004,0.0010523683264230309,0.003926100174011162
2004-02-03,609,5,0.008210180623973728,1537,0,0.0,2004,0.0013260410138888215,0.003926100174011162
2004-02-04,643,0,0.0,1172,6,0.005119453924914676,2004,0.0013260410138888215,0.003912586575559884
2004-02-05,551,0,0.0,1174,7,0.00596252129471891,2004,0.00094012687978366,0.0040526001341356825
2004-02-06,648,0,0.0,805,0,0.0,2004,0.00094012687978366,0.0040526001341356825
2004-02-09,794,0,0.0,809,3,0.003708281829419036,2004,0.00094012687978366,0.00417620952844965
2004-02-10,489,0,0.0,1198,4,0.00333889816360601,2004,0.00094012687978366,0.004132467374213262
2004-02-11,558,8,0.014336917562724014,1146,17,0.014834205933682374,2004,0.0014180241318744605,0.004425531036252423
2004-02-12,901,8,0.008879023307436182,1022,28,0.0273972602739726,2004,0.0017139915754556666,0.005176960747650215
2004-02-13,681,0,0.0,1016,3,0.002952755905511811,2004,0.0017139915754556666,0.005198344342035277
2004-02-17,899,1,0.0011123470522803114,794,5,0.006297229219143577,2004,0.001751069810531677,0.005408251982673396
2004-02-18,453,4,0.008830022075055188,1084,3,0.0027675276752767526,2004,0.0020454038797001832,0.005320614436033493
2004-02-19,452,0,0.0,891,2,0.002244668911335578,2004,0.0020454038797001832,0.005077277163817122
2004-02-20,502,0,0.0,1133,0,0.0,2004,0.0020454038797001832,0.0049279119659082354
2004-02-23,621,0,0.0,1163,4,0.0034393809114359416,2004,0.0020454038797001832,0.004944949406733553
2004-02-24,727,0,0.0,1731,0,0.0,2004,0.0020454038797001832,0.004944949406733553
2004-02-25,341,0,0.0,945,0,0.0,2004,0.0020454038797001832,0.004378377168773212
2004-02-26,419,0,0.0,1131,0,0.0,2004,0.0018222891987541771,0.004378377168773212
2004-02-27,363,0,0.0,953,0,0.0,2004,0.0018222891987541771,0.003689839299190385
2004-03-01,409,0,0.0,1090,0,0.0,2004,0.0018222891987541771,0.003689839299190385
2004-03-02,588,0,0.0,1275,9,0.007058823529411765,2004,0.0018222891987541771,0.0038151224157373337
2004-03-03,432,0,0.0,1009,2,0.0019821605550049554,2004,0.0018222891987541771,0.003881194434237499
2004-03-04,416,0,0.0,1008,8,0.007936507936507936,2004,0.0018222891987541771,0.003818947313166849
2004-03-05,675,0,0.0,1566,3,0.0019157088122605363,2004,0.0018222891987541771,0.0038263070984342904
2004-03-08,367,0,0.0,1189,0,0.0,2004,0.0018222891987541771,0.0038263070984342904
2004-03-09,629,1,0.001589825119236884,1533,1,0.0006523157208088715,2004,0.001729404448899418,0.0037660299584192578
2004-03-10,776,0,0.0,1674,7,0.004181600955794504,2004,0.0017294044488994182,0.003770098659652101
2004-03-11,1092,6,0.005494505494505495,2704,6,0.0022189349112426036,2004,0.0017831047938618992,0.0035776096528299457
2004-03-12,920,11,0.011956521739130435,2249,18,0.008003557136505114,2004,0.002013644765811408,0.0038443948907134493
2004-03-15,1333,4,0.003000750187546887,1994,1,0.0005015045135406219,2004,0.0021136697720629707,0.00386111170783147
2004-03-16,1191,1,0.0008396305625524769,1600,9,0.005625,2004,0.002141657457481387,0.0039379432704698064
2004-03-17,947,1,0.0010559662090813093,1446,0,0.0,2004,0.0019031836436516397,0.0039379432704698064
2004-03-18,476,0,0.0,1057,0,0.0,2004,0.0019031836436516397,0.0037672948063059834
2004-03-19,519,0,0.0,1180,0,0.0,2004,0.0019031836436516397,0.0035685440964820193
2004-03-22,1001,0,0.0,2000,0,0.0,2004,0.0019031836436516397,0.0035685440964820193
2004-03-23,455,0,0.0,1175,0,0.0,2004,0.0019031836436516397,0.0034449347021680518
2004-03-24,803,0,0.0,921,0,0.0,2004,0.0019031836436516397,0.0033336380967145182
2004-03-25,539,0,0.0,1291,0,0.0,2004,0.0014252863915608393,0.002839164565591772
2004-03-26,553,0,0.0,1055,0,0.0,2004,0.0011293189479796332,0.001925922556459352
2004-03-29,620,0,0.0,1465,0,0.0,2004,0.0011293189479796332,0.0018274973596089583
2004-03-30,641,0,0.0,985,0,0.0,2004,0.0010922407129036228,0.0016175897189708393
2004-03-31,519,0,0.0,913,3,0.0032858707557502738,2004,0.0007979066437351165,0.0016348678216532898
2004-04-01,676,0,0.0,1262,4,0.003169572107765452,2004,0.0007979066437351165,0.0016656979282009524
2004-04-02,1043,0,0.0,1317,0,0.0,2004,0.0007979066437351165,0.0016656979282009524
2004-04-05,663,0,0.0,1043,0,0.0,2004,0.0007979066437351165,0.0015510518978197542
2004-04-06,481,0,0.0,1062,2,0.0018832391713747645,2004,0.0007979066437351165,0.0016138265368655796
2004-04-07,631,0,0.0,811,4,0.004932182490752158,2004,0.0007979066437351165,0.0017782326198906514
2004-04-08,604,0,0.0,1049,15,0.014299332697807437,2004,0.0007979066437351165,0.0022548770431508997
2004-04-12,442,0,0.0,653,32,0.04900459418070444,2004,0.0007979066437351165,0.0038883635158410475
2004-04-13,620,0,0.0,1411,3,0.002126151665485471,2004,0.0007979066437351165,0.003959235238023896
2004-04-14,792,0,0.0,825,14,0.01696969696969697,2004,0.0007979066437351165,0.004289597686033404
2004-04-15,397,0,0.0,603,0,0.0,2004,0.0007979066437351165,0.004223525667533238
2004-04-16,332,0,0.0,680,0,0.0,2004,0.0007979066437351165,0.003958975402982974
2004-04-19,756,0,0.0,933,2,0.0021436227224008574,2004,0.0007979066437351165,0.003966572533320984
2004-04-20,843,0,0.0,931,0,0.0,2004,0.0007979066437351165,0.003966572533320984
2004-04-21,630,0,0.0,976,0,0.0,2004,0.000744912473093887,0.003944828675960689
2004-04-22,676,0,0.0,1106,0,0.0,2004,0.000744912473093887,0.0038054419774342053
2004-04-23,373,0,0.0,902,0,0.0,2004,0.0005617622899437038,0.0037314774803927854
2004-04-26,556,0,0.0,654,1,0.0015290519877675841,2004,0.0001632115653060227,0.003515660642101534
2004-04-27,558,2,0.0035842293906810036,1077,6,0.005571030640668524,2004,0.0001826608720771599,0.003684644846339131
2004-04-28,688,2,0.0029069767441860465,897,0,0.0,2004,0.00025157241146494554,0.003497144846339131
2004-04-29,803,2,0.0024906600249066002,971,0,0.0,2004,0.0002993955386591219,0.003497144846339131
2004-04-30,777,0,0.0,805,0,0.0,2004,0.0002993955386591219,0.003497144846339131
2004-05-03,777,0,0.0,1074,0,0.0,2004,0.0002993955386591219,0.003497144846339131
2004-05-04,494,0,0.0,798,0,0.0,2004,0.0002993955386591219,0.003497144846339131
2004-05-05,532,1,0.0018796992481203006,906,0,0.0,2004,0.0003620521802631319,0.003497144846339131
2004-05-06,690,0,0.0,1077,0,0.0,2004,0.0003620521802631319,0.003497144846339131
2004-05-07,1009,1,0.0009910802775024777,1638,0,0.0,2004,0.0003950881895132145,0.003497144846339131
2004-05-10,1402,10,0.007132667617689016,2168,4,0.0018450184501845018,2004,0.0006328437767695149,0.003558645461345281
2004-05-11,778,0,0.0,1329,0,0.0,2004,0.0006328437767695149,0.003558645461345281
2004-05-12,1387,18,0.012977649603460706,1198,0,0.0,2004,0.001065432096884872,0.003558645461345281
2004-05-13,633,16,0.02527646129541864,855,0,0.0,2004,0.00190798080673216,0.0034491164361536053
2004-05-14,668,0,0.0,987,6,0.0060790273556231,2004,0.00190798080673216,0.0035460982777488605
2004-05-17,1055,0,0.0,894,0,0.0,2004,0.00190798080673216,0.0035460982777488605
2004-05-18,406,2,0.0049261083743842365,1048,0,0.0,2004,0.0020721844192116345,0.0035460982777488605
2004-05-19,641,3,0.0046801872074883,1307,0,0.0,2004,0.0022281906594612444,0.0034833236387030344
2004-05-20,421,6,0.014251781472684086,575,0,0.0,2004,0.0027032500418840474,0.0033189175556779626
2004-05-21,550,9,0.016363636363636365,720,0,0.0,2004,0.003248704587338593,0.002842273132417715
2004-05-24,620,4,0.0064516129032258064,780,0,0.0,2004,0.0034637583507794527,0.0012087866597275667
2004-05-25,906,0,0.0,1527,0,0.0,2004,0.0034637583507794527,0.0011379149375447173
2004-05-26,728,0,0.0,1185,5,0.004219409282700422,2004,0.0034637583507794527,0.0007129053479781658
2004-05-27,671,1,0.0014903129657228018,1222,4,0.0032733224222585926,2004,0.0035134354496368795,0.0008220160953867856
2004-05-28,553,0,0.0,1141,7,0.006134969325153374,2004,0.0035134354496368795,0.0010265150728918982
2004-06-01,771,0,0.0,1188,7,0.005892255892255892,2004,0.0035134354496368795,0.001151469511887066
2004-06-02,852,0,0.0,1400,9,0.0064285714285714285,2004,0.0035134354496368795,0.0013657552261727801
2004-06-03,591,0,0.0,935,8,0.008556149732620321,2004,0.0035134354496368795,0.001650960217260124
2004-06-04,1174,3,0.002555366269165247,1063,2,0.0018814675446848542,2004,0.0035986143252757213,0.0017136758020829528
2004-06-07,1022,10,0.009784735812133072,1270,40,0.031496062992125984,2004,0.003924772185680157,0.002763544568487152
2004-06-08,1153,3,0.0026019080659150044,1100,28,0.025454545454545455,2004,0.00401150245454399,0.003561061017379748
2004-06-09,756,5,0.006613756613756613,1183,12,0.01014370245139476,2004,0.004112486695313177,0.003713483411070623
2004-06-10,576,2,0.003472222222222222,1172,42,0.03583617747440273,2004,0.0041313282112477165,0.00490802266021738
2004-06-14,809,1,0.0012360939431396785,1086,1,0.0009208103130755065,2004,0.004089509341855486,0.004938716337319898
2004-06-15,1113,7,0.006289308176100629,1175,47,0.04,2004,0.004299152947725507,0.00627204967065323
2004-06-16,736,0,0.0,1140,14,0.012280701754385965,2004,0.004299152947725507,0.00668140639579943
2004-06-17,572,7,0.012237762237762238,676,0,0.0,2004,0.004707078355650915,0.00668140639579943
2004-06-18,407,0,0.0,1147,2,0.0017436791630340018,2004,0.004644421714046904,0.0067395290345672295
2004-06-21,671,0,0.0,810,0,0.0,2004,0.004644421714046904,0.0067395290345672295
2004-06-22,575,0,0.0,1020,0,0.0,2004,0.004611385704796822,0.0067395290345672295
2004-06-23,947,0,0.0,1203,0,0.0,2004,0.0043736301175405215,0.006678028419561079
2004-06-24,659,0,0.0,1296,0,0.0,2004,0.0043736301175405215,0.006678028419561079
2004-06-25,641,0,0.0,877,6,0.0068415051311288486,2004,0.003941041797425164,0.0069060785905987075
2004-06-28,658,0,0.0,1061,0,0.0,2004,0.0030984930875778767,0.0069060785905987075
2004-06-29,729,0,0.0,1003,3,0.0029910269192422734,2004,0.0030984930875778767,0.006803145242719346
2004-06-30,681,0,0.0,833,0,0.0,2004,0.0030984930875778767,0.006803145242719346
2004-07-01,753,2,0.0026560424966799467,1332,14,0.010510510510510511,2004,0.003022824224987734,0.007153495593069697
2004-07-02,824,0,0.0,830,0,0.0,2004,0.0028668179847381237,0.007153495593069697
2004-07-06,957,40,0.04179728317659352,1141,1,0.0008764241893076249,2004,0.003785001374868439,0.007182709732713285
2004-07-07,1025,3,0.002926829268292683,1372,0,0.0,2004,0.003337107805023649,0.007182709732713285
2004-07-08,1359,99,0.0728476821192053,668,5,0.0074850299401197605,2004,0.0055503101122229654,0.0074322107307172765
2004-07-09,817,19,0.023255813953488372,790,0,0.0,2004,0.006325503910672577,0.0074322107307172765
2004-07-12,607,6,0.009884678747940691,1200,0,0.0,2004,0.006654993202270601,0.007291563754627263
2004-07-13,371,0,0.0,786,13,0.01653944020356234,2004,0.006605316103413175,0.00773376768067072
2004-07-14,913,6,0.0065717415115005475,904,5,0.0055309734513274336,2004,0.006824374153796525,0.007713634484876523
2004-07-15,511,0,0.0,531,0,0.0,2004,0.006824374153796525,0.0075172259551346595
2004-07-16,518,0,0.0,638,0,0.0,2004,0.006824374153796525,0.007302940240848945
2004-07-19,774,0,0.0,1102,0,0.0,2004,0.006824374153796525,0.007017735249761601
2004-07-20,926,0,0.0,912,0,0.0,2004,0.006739195278157683,0.006955019664938773
2004-07-21,584,0,0.0,1575,0,0.0,2004,0.006413037417753248,0.005905150898534574
2004-07-22,1078,0,0.0,1862,0,0.0,2004,0.0063263071488894145,0.005056666050049725
2004-07-23,1106,0,0.0,1115,0,0.0,2004,0.006105848595097527,0.004718542635003233
2004-07-26,776,0,0.0,1842,0,0.0,2004,0.005990107854356786,0.003524003385856475
2004-07-27,674,17,0.025222551928783383,1514,0,0.0,2004,0.006789656453878244,0.0034933097087539583
2004-07-28,970,11,0.01134020618556701,1136,0,0.0,2004,0.006958019720860456,0.002159976375420625
2004-07-29,905,11,0.012154696132596685,1485,3,0.00202020202020202,2004,0.00736317625861368,0.0018179597176144933
2004-07-30,490,0,0.0,1116,0,0.0,2004,0.006955250850688271,0.0018179597176144933
2004-08-02,896,14,0.015625,1390,0,0.0,2004,0.007476084184021605,0.0017598370788466933
2004-08-03,588,2,0.003401360544217687,1506,0,0.0,2004,0.00758946286882886,0.0017598370788466933
2004-08-04,848,0,0.0,1417,0,0.0,2004,0.00758946286882886,0.0017598370788466933
2004-08-05,1069,6,0.005612722170252572,2553,1,0.0003916960438699569,2004,0.00777655360783728,0.0017728936136423583
2004-08-06,1722,112,0.06504065040650407,2783,0,0.0,2004,0.009944575288054083,0.0017728936136423583
2004-08-09,1105,66,0.05972850678733032,1922,0,0.0,2004,0.011935525514298427,0.0015448434426047302
2004-08-10,1378,69,0.050072568940493466,2270,1,0.0004405286343612335,2004,0.013604611145648208,0.0015595277304167713
2004-08-11,1130,67,0.05929203539823009,1463,17,0.01161995898838004,2004,0.01558101232558921,0.0018471587993880302
2004-08-12,1228,87,0.07084690553745929,1523,3,0.001969796454366382,2004,0.017942575843504522,0.0019128186812002429
2004-08-13,963,11,0.01142263759086189,1372,4,0.0029154518950437317,2004,0.018234795679977253,0.0016596500606846838
2004-08-16,714,10,0.014005602240896359,1611,22,0.013656114214773432,2004,0.018701649088007134,0.002114853867843798
2004-08-17,868,2,0.002304147465437788,1289,35,0.027152831652443754,2004,0.017385211230968606,0.0029907341166150025
2004-08-18,820,22,0.026829268292682926,1969,1,0.0005078720162519045,2004,0.018181959198448283,0.0030076631838233995
2004-08-19,666,0,0.0,1198,0,0.0,2004,0.015753703127808105,0.0027581621858194074
2004-08-20,675,0,0.0,998,0,0.0,2004,0.014978509329358493,0.0027581621858194074
2004-08-23,550,0,0.0,1087,0,0.0,2004,0.01464902003776047,0.0027581621858194074
2004-08-24,586,0,0.0,891,0,0.0,2004,0.01464902003776047,0.002206847512367329
2004-08-25,900,0,0.0,1519,5,0.0032916392363396972,2004,0.014429961987377117,0.0021322030385344044
2004-08-26,592,0,0.0,1243,0,0.0,2004,0.014429961987377117,0.0021322030385344044
2004-08-27,501,0,0.0,1181,3,0.002540220152413209,2004,0.014429961987377117,0.002216877043614845
2004-08-30,423,0,0.0,785,0,0.0,2004,0.014429961987377117,0.002216877043614845
2004-08-31,470,3,0.006382978723404255,1131,6,0.005305039787798408,2004,0.014642727944823927,0.002393711703208125
2004-09-01,690,0,0.0,902,0,0.0,2004,0.014642727944823927,0.002393711703208125
2004-09-02,1144,4,0.0034965034965034965,1128,26,0.02304964539007092,2004,0.014759278061374042,0.003162033216210489
2004-09-03,708,2,0.002824858757062147,1180,20,0.01694915254237288,2004,0.01485344001994278,0.0037270049676229183
2004-09-07,1145,43,0.03755458515283843,1252,13,0.010383386581469648,2004,0.016105259525037396,0.004073117853671907
2004-09-08,729,2,0.0027434842249657062,1328,2,0.0015060240963855422,2004,0.015355957268243474,0.004123318656884758
2004-09-09,536,0,0.0,1262,31,0.02456418383518225,2004,0.01497795039539124,0.004942124784724167
2004-09-10,530,4,0.007547169811320755,1265,5,0.003952569169960474,2004,0.014824366184682043,0.005006537023049449
2004-09-13,1044,2,0.0019157088122605363,1384,58,0.04190751445086705,2004,0.014888223145090727,0.006403454171411684
2004-09-14,774,0,0.0,1225,18,0.014693877551020407,2004,0.014367389811757393,0.0068932500897790315
2004-09-15,939,1,0.0010649627263045794,1101,9,0.008174386920980926,2004,0.014289509884493623,0.007165729653811728
2004-09-16,598,0,0.0,697,0,0.0,2004,0.014289509884493623,0.007165729653811728
2004-09-17,639,3,0.004694835680751174,997,0,0.0,2004,0.01425891366817691,0.007152673119016063
2004-09-20,658,0,0.0,944,8,0.00847457627118644,2004,0.012090891987960106,0.0074351589947222775
2004-09-21,493,0,0.0,837,3,0.0035842293906810036,2004,0.010099941761715763,0.007554633307744978
2004-09-22,802,0,0.0,1318,22,0.01669195751138088,2004,0.00843085613036598,0.008096347603645632
2004-09-23,615,0,0.0,1037,1,0.0009643201542912247,2004,0.0064544549504249775,0.007741159642509338
2004-09-24,552,0,0.0,883,0,0.0,2004,0.004092891432509668,0.0076754997606971265
2004-09-27,662,7,0.010574018126888218,739,0,0.0,2004,0.004064604117043879,0.007578318030862335
2004-09-28,583,1,0.0017152658662092624,1231,11,0.008935824532900082,2004,0.0036549262378876425,0.007420975041466557
2004-09-29,656,0,0.0,898,1,0.0011135857461024498,2004,0.0035781213223730493,0.006553000177921846
2004-09-30,494,1,0.0020242914979757085,1330,0,0.0,2004,0.002751288762549475,0.006536071110713449
2004-10-01,1130,9,0.007964601769911504,1484,27,0.018194070080862535,2004,0.0030167754882131923,0.0071425401134088675
2004-10-04,897,5,0.005574136008918618,2076,45,0.02167630057803468,2004,0.0032025800218438132,0.007865083466010024
2004-10-05,1072,36,0.033582089552238806,1215,13,0.010699588477366255,2004,0.0043219830069184395,0.008221736415255565
2004-10-06,525,28,0.05333333333333334,1390,59,0.04244604316546763,2004,0.006099760784696218,0.009636604520771152
2004-10-07,784,11,0.01403061224489796,1184,24,0.02027027027027027,2004,0.00656744785952615,0.010202558888568839
2004-10-08,1167,32,0.027420736932305057,1725,33,0.019130434782608695,2004,0.007481472423936318,0.01084024004798913
2004-10-11,472,24,0.05084745762711865,741,47,0.06342780026990553,2004,0.009176387678173607,0.012869826051905538
2004-10-12,693,0,0.0,969,26,0.026831785345717233,2004,0.009176387678173607,0.01376421889676278
2004-10-13,920,20,0.021739130434782608,861,3,0.003484320557491289,2004,0.009688259401886218,0.013703528255752544
2004-10-14,910,10,0.01098901098901099,807,0,0.0,2004,0.010054559768186585,0.013703528255752544
2004-10-15,714,0,0.0,623,0,0.0,2004,0.009938009651636468,0.012935206742750179
2004-10-18,987,14,0.014184397163120567,1065,0,0.0,2004,0.010316660931838416,0.012370234991337749
2004-10-19,1098,12,0.01092896174863388,1148,0,0.0,2004,0.009429140151698264,0.01202412210528876
2004-10-20,959,8,0.008342022940563087,1067,1,0.0009372071227741331,2004,0.009615758108884842,0.012005161539501713
2004-10-21,835,14,0.016766467065868262,797,0,0.0,2004,0.010174640344413784,0.011186355411662305
2004-10-22,643,1,0.0015552099533437014,1059,1,0.0009442870632672333,2004,0.009974908349147884,0.011086079341439199
2004-10-25,733,0,0.0,915,0,0.0,2004,0.0099110513887392,0.009689162193076964
2004-10-26,1008,0,0.0,1229,1,0.0008136696501220504,2004,0.0099110513887392,0.00922648859638035
2004-10-27,1037,0,0.0,1409,4,0.0028388928317956,2004,0.009875552631195713,0.009048638793407508
2004-10-28,943,0,0.0,1163,1,0.0008598452278589854,2004,0.009875552631195713,0.009077300301002808
2004-10-29,792,0,0.0,1194,0,0.0,2004,0.009719058108504009,0.009077300301002808
2004-11-01,967,1,0.001034126163391934,1293,5,0.0038669760247486465,2004,0.009753528980617073,0.008923713626121547
2004-11-02,1137,0,0.0,1682,4,0.0023781212841854932,2004,0.009753528980617073,0.008883510022571697
2004-11-03,1583,0,0.0,1449,38,0.026224982746721876,2004,0.009753528980617073,0.009201277530416396
2004-11-04,977,1,0.0010235414534288639,2242,37,0.01650312221231044,2004,0.009787647029064702,0.009719237599017038
2004-11-05,2179,0,0.0,1742,8,0.004592422502870264,2004,0.009787647029064702,0.009872318349112712
2004-11-08,1002,0,0.0,1085,14,0.012903225806451613,2004,0.009435179758168427,0.010302425875994432
2004-11-09,964,1,0.001037344398340249,1221,15,0.012285012285012284,2004,0.009412582375906127,0.010414065467731505
2004-11-10,1170,7,0.005982905982905983,942,14,0.014861995753715499,2004,0.009612012575336327,0.010872345801318607
2004-11-11,1415,48,0.03392226148409894,1549,50,0.03227888960619755,2004,0.010675278241540433,0.01194830878819186
2004-11-12,805,1,0.0012422360248447205,1786,123,0.06886898096304592,2004,0.010451199383371542,0.013637472484264638
2004-11-15,1894,0,0.0,1586,72,0.04539722572509458,2004,0.01026539484974092,0.014428169989166635
2004-11-16,1488,9,0.006048387096774193,985,46,0.046700507614213196,2004,0.0093476047678921,0.015628200627061533
2004-11-17,1628,3,0.0018427518427518428,946,1,0.0010570824524312897,2004,0.007631252051539383,0.014248568603293656
2004-11-18,1020,0,0.0,1029,5,0.004859086491739553,2004,0.00716356497670945,0.013734862477342631
2004-11-19,565,0,0.0,860,0,0.0,2004,0.006249540412299281,0.013097181317922342
2004-11-22,828,0,0.0,985,11,0.01116751269035533,2004,0.0045546251580619946,0.011355171731937334
2004-11-23,895,0,0.0,950,10,0.010526315789473684,2004,0.0045546251580619946,0.010811656080062548
2004-11-24,718,0,0.0,694,10,0.01440922190201729,2004,0.003829987476902574,0.011175819458213417
2004-11-26,369,0,0.0,725,17,0.023448275862068966,2004,0.0034636871106022075,0.011957428653615714
2004-11-29,621,0,0.0,1359,17,0.012509197939661517,2004,0.0034636871106022075,0.0123744019182711
2004-11-30,596,0,0.0,734,0,0.0,2004,0.002990873871831522,0.0123744019182711
2004-12-01,684,1,0.0014619883040935672,1505,19,0.012624584717607974,2004,0.0026753080903468445,0.012795221408858031
2004-12-02,610,0,0.0,1094,7,0.006398537477148081,2004,0.002397240658994742,0.01297726575400383
2004-12-03,469,0,0.0,1316,34,0.025835866261398176,2004,0.0018383584234657998,0.013838461296050436
2004-12-06,510,0,0.0,1225,44,0.035918367346938776,2004,0.0017865180916876763,0.01500426397217282
2004-12-07,932,1,0.001072961373390558,1056,24,0.022727272727272728,2004,0.001822283470800695,0.015761839729748577
2004-12-08,663,0,0.0,712,20,0.028089887640449437,2004,0.001822283470800695,0.016671046996092825
2004-12-09,523,0,0.0,1548,34,0.021963824289405683,2004,0.001822283470800695,0.017308544711346494
2004-12-10,607,1,0.0016474464579901153,768,7,0.009114583333333334,2004,0.0018771983527336989,0.01758370264819564
2004-12-13,929,0,0.0,1025,31,0.03024390243902439,2004,0.0018771983527336989,0.018591832729496452
2004-12-14,1353,0,0.0,1494,88,0.058902275769745646,2004,0.0018427274806206344,0.020426342720996353
2004-12-15,656,0,0.0,1926,39,0.020249221183800622,2004,0.0018427274806206344,0.02102204605098352
2004-12-16,696,0,0.0,1213,7,0.005770816158285243,2004,0.0018427274806206344,0.020340240498035636
2004-12-17,664,0,0.0,992,9,0.009072580645161291,2004,0.0018086094321730056,0.020092555779130664
2004-12-20,463,6,0.012958963282937365,996,4,0.004016064257028112,2004,0.002240574874937584,0.02007334383760259
2004-12-21,586,0,0.0,965,2,0.002072538860103627,2004,0.002240574874937584,0.019712320939390994
2004-12-22,851,0,0.0,1085,4,0.003686635944700461,2004,0.0022059967283262426,0.01942570839471393
2004-12-23,503,1,0.0019880715705765406,1090,6,0.005504587155963303,2004,0.0020728355812485947,0.019113794774788858
2004-12-27,573,1,0.0017452006980802793,1066,8,0.0075046904315197,2004,0.001000266888381306,0.018287988135632927
2004-12-28,418,0,0.0,962,2,0.002079002079002079,2004,0.0009588590208864819,0.016061655506164802
2004-12-29,739,0,0.0,967,1,0.001034126163391934,2004,0.0009588590208864819,0.014582885520774714
2004-12-30,771,0,0.0,1543,9,0.005832793259883344,2004,0.0007572461176606755,0.013220628375630384
2004-12-31,577,0,0.0,845,0,0.0,2004,0.0006958210562356142,0.013185392293882676
2005-01-03,1145,5,0.004366812227074236,1457,17,0.011667810569663692,2005,0.0008413814638047553,0.013412349763146814
2005-01-04,1005,2,0.001990049751243781,1574,14,0.008894536213468869,2005,0.0009077164555128815,0.013708834303595775
2005-01-05,687,2,0.002911208151382824,1404,7,0.004985754985754986,2005,0.0010047567272256422,0.013502775713442432
2005-01-06,614,4,0.006514657980456026,1189,4,0.00336417157275021,2005,0.001221911993240843,0.01326403757288498
2005-01-07,795,2,0.0025157232704402514,1102,7,0.006352087114337568,2005,0.0013057694355888515,0.012995466413295657
2005-01-10,742,1,0.0013477088948787063,819,0,0.0,2005,0.0013506930654181419,0.012213857217893358
2005-01-11,876,1,0.001141552511415525,1177,1,0.0008496176720475786,2005,0.0013887448157986592,0.011825204542306228
2005-01-12,729,32,0.0438957475994513,1206,22,0.01824212271973466,2005,0.002851936402447036,0.012433275299630715
2005-01-13,1112,65,0.05845323741007194,1261,12,0.00951625693893735,2005,0.004751644705979648,0.012329664373675029
2005-01-14,537,6,0.0111731843575419,1491,41,0.02749832327297116,2005,0.005124084184564379,0.013032990566869131
2005-01-18,715,4,0.005594405594405594,1166,13,0.011149228130360206,2005,0.005310564371044564,0.0125434359625012
2005-01-19,906,6,0.006622516556291391,1619,43,0.026559604694255712,2005,0.005531314922920944,0.012231477207411764
2005-01-20,753,3,0.00398406374501992,920,0,0.0,2005,0.005628351668641923,0.011473901449836007
2005-01-21,593,9,0.01517706576728499,1227,0,0.0,2005,0.006134253860884757,0.010537571861821025
2005-01-24,881,12,0.01362088535754824,1132,0,0.0,2005,0.006588283372803031,0.009805444385507503
2005-01-25,920,11,0.011956521739130435,1193,2,0.0016764459346186086,2005,0.006931919215507708,0.00955750647221701
2005-01-26,448,9,0.020089285714285716,1120,7,0.00625,2005,0.007601562072650566,0.00875770972424953
2005-01-27,566,2,0.0035335689045936395,932,6,0.006437768240343348,2005,0.007719347702803687,0.007008892806602787
2005-01-28,591,21,0.03553299492385787,829,0,0.0,2005,0.008903780866932283,0.006333918767142766
2005-01-31,731,0,0.0,894,11,0.012304250559284116,2005,0.008903780866932283,0.00655169991384273
2005-02-01,720,0,0.0,1202,2,0.0016638935108153079,2005,0.008903780866932283,0.006304743676031197
2005-02-02,636,8,0.012578616352201259,1160,14,0.01206896551724138,2005,0.008891102635907746,0.006573173718038306
2005-02-03,432,1,0.0023148148148148147,1048,5,0.004770992366412214,2005,0.008968263129734906,0.006663122168248592
2005-02-04,585,2,0.003418803418803419,1310,18,0.013740458015267175,2005,0.00908222324369502,0.006998249570600816
2005-02-07,606,1,0.0016501650165016502,1406,13,0.009246088193456615,2005,0.009070959691892524,0.007122966271850593
2005-02-08,517,0,0.0,1103,7,0.006346328195829556,2005,0.009012786335289846,0.007084354197327588
2005-02-09,695,0,0.0,1360,11,0.008088235294117648,2005,0.009012786335289846,0.007284661971164773
2005-02-10,500,1,0.002,1021,28,0.02742409402546523,2005,0.009079453001956513,0.008164327566567216
2005-02-11,854,1,0.00117096018735363,1061,41,0.03864278982092366,2005,0.009118485008201635,0.009257994118601894
2005-02-14,455,0,0.0,941,89,0.09458023379383634,2005,0.009118485008201635,0.012410668578396438
2005-02-15,761,3,0.003942181340341655,910,52,0.05714285714285714,2005,0.00910433064531055,0.013926503464169553
2005-02-16,519,1,0.0019267822736030828,744,59,0.0793010752688172,2005,0.009102221729389192,0.016273388099347832
2005-02-17,433,6,0.013856812933025405,642,0,0.0,2005,0.009467075222110611,0.01610719626648933
2005-02-18,252,2,0.007936507936507936,664,12,0.018072289156626505,2005,0.009514470220645674,0.016597466852618543
2005-02-22,939,6,0.006389776357827476,1236,4,0.003236245954692557,2005,0.009643605323558584,0.016493605480630377
2005-02-23,655,0,0.0,941,4,0.004250797024442083,2005,0.009598681693729294,0.016635298714778445
2005-02-24,690,1,0.0014492753623188406,1048,0,0.0,2005,0.009608939122092736,0.016606978125710194
2005-02-25,923,1,0.0010834236186348862,1057,0,0.0,2005,0.008181861656065523,0.015998907368385704
2005-02-28,651,0,0.0,1086,0,0.0,2005,0.006233420409063125,0.01568169880375446
2005-03-01,599,0,0.0,1230,12,0.00975609756097561,2005,0.005860980930478395,0.015090291280021272
2005-03-02,611,1,0.0016366612111292963,1223,6,0.004905968928863451,2005,0.005729056117702519,0.01488218263997138
2005-03-03,854,1,0.00117096018735363,1127,13,0.011535048802129548,2005,0.00554733757207126,0.01438136411023384
2005-03-04,1140,0,0.0,1598,59,0.036921151439299124,2005,0.005414535447237263,0.015612069158210479
2005-03-07,956,0,0.0,1634,57,0.03488372093023256,2005,0.004908633254994429,0.016774859855884897
2005-03-08,1043,1,0.0009587727708533077,1193,30,0.025146689019279127,2005,0.004486562835437931,0.017613082823194202
2005-03-09,732,5,0.006830601092896175,1817,7,0.003852504127682994,2005,0.00431569881389679,0.01768561809629635
2005-03-10,877,0,0.0,1143,52,0.045494313210848646,2005,0.0036460559567539326,0.018993761869991306
2005-03-11,863,13,0.015063731170336037,932,13,0.013948497854077254,2005,0.004030394698945346,0.019244119523782435
2005-03-14,597,0,0.0,855,25,0.029239766081871343,2005,0.0028459615348167496,0.020218778393178146
2005-03-15,1058,16,0.015122873345935728,1036,9,0.008687258687258687,2005,0.0033500573130146078,0.02009821199744397
2005-03-16,1016,1,0.000984251968503937,1452,25,0.01721763085399449,2005,0.0033828657119647386,0.02061666990888327
2005-03-17,665,6,0.009022556390977444,877,1,0.0011402508551881414,2005,0.003264330379923945,0.020252379420148164
2005-03-18,478,2,0.0041841004184100415,880,0,0.0,2005,0.003326639900043786,0.020093346341267755
2005-03-21,674,0,0.0,1104,1,0.0009057971014492754,2005,0.003212679786083672,0.019665524310807158
2005-03-22,869,15,0.01726121979286536,1351,1,0.0007401924500370096,2005,0.003733048278629129,0.019381994452693174
2005-03-23,1019,6,0.005888125613346418,1105,3,0.0027149321266968325,2005,0.0039293191324073435,0.019260947917055415
2005-03-24,1137,2,0.001759014951627089,653,0,0.0,2005,0.003987952964128246,0.018991340073918162
2005-03-28,492,1,0.0020325203252032522,707,0,0.0,2005,0.003989036974968355,0.018077203606402654
2005-03-29,824,12,0.014563106796116505,1174,0,0.0,2005,0.0044354418619271165,0.016789110612371864
2005-03-30,880,5,0.005681818181818182,855,7,0.008187134502923977,2005,0.004624835801321056,0.013909340636008119
2005-03-31,574,0,0.0,792,1,0.0012626262626262627,2005,0.004493429756643001,0.012046666273333756
2005-04-01,955,1,0.0010471204188481676,1025,17,0.016585365853658537,2005,0.004464107694817837,0.0099561426261618
2005-04-04,669,5,0.007473841554559043,950,8,0.008421052631578947,2005,0.004251341982202292,0.010236844380547765
2005-04-05,692,8,0.011560693641618497,540,0,0.0,2005,0.004372148172372644,0.009634434741993549
2005-04-06,832,0,0.0,810,1,0.0012345679012345679,2005,0.0041591556271117274,0.009567712140211616
2005-04-07,664,0,0.0,801,17,0.02122347066167291,2005,0.0041591556271117274,0.010133467928119309
2005-04-08,509,0,0.0,1246,19,0.015248796147672551,2005,0.004110846448367766,0.010641761133041727
2005-04-11,526,0,0.0,695,19,0.027338129496402876,2005,0.0040747323277466035,0.011553032116255158
2005-04-12,599,0,0.0,1430,34,0.023776223776223775,2005,0.0040747323277466035,0.012345572908795949
2005-04-13,732,4,0.00546448087431694,1222,23,0.018821603927986905,2005,0.004256881690223835,0.012647756454362993
2005-04-14,706,12,0.0169971671388102,1179,0,0.0,2005,0.0047688985544798645,0.01248422415673421
2005-04-15,1024,3,0.0029296875,1742,0,0.0,2005,0.004827522798234744,0.012099722529996559
2005-04-18,1287,6,0.004662004662004662,2222,0,0.0,2005,0.004982922953634899,0.010869017482019922
2005-04-19,1165,11,0.00944206008583691,1241,0,0.0,2005,0.005297658289829464,0.009706226784345502
2005-04-20,1066,27,0.025328330206378986,1695,0,0.0,2005,0.006109976871013652,0.0088680038170362
2005-04-21,1127,24,0.02129547471162378,2170,1,0.0004608294930875576,2005,0.0065921393249712395,0.00875494799588302
2005-04-22,892,6,0.006726457399103139,1220,0,0.0,2005,0.00681635457160801,0.007238470888854729
2005-04-25,856,1,0.0011682242990654205,1288,0,0.0,2005,0.006353171009232324,0.006773520960385487
2005-04-26,875,20,0.022857142857142857,1299,0,0.0,2005,0.007115075771137085,0.005798862090989776
2005-04-27,1015,52,0.05123152709359606,1254,0,0.0,2005,0.008318697562725763,0.005509286801414486
2005-04-28,961,0,0.0,1647,0,0.0,2005,0.008285889163775631,0.004935365772948003
2005-04-29,1045,0,0.0,1637,0,0.0,2005,0.007985137284076384,0.004897357411108399
2005-05-02,605,0,0.0,1287,0,0.0,2005,0.007845667270129383,0.004897357411108399
2005-05-03,815,1,0.001226993865030675,1417,1,0.0007057163020465773,2005,0.007886567065630404,0.004890688051128309
2005-05-04,810,2,0.0024691358024691358,2367,8,0.0033798056611744824,2005,0.007393497599283864,0.004978675158166224
2005-05-05,873,12,0.013745704467353952,1618,6,0.003708281829419036,2005,0.007655416894417449,0.005011786814923632
2005-05-06,888,54,0.060810810810810814,1365,4,0.0029304029304029304,2005,0.009623810089723572,0.00510946691260373
2005-05-09,505,2,0.0039603960396039604,1314,10,0.0076103500761035,2005,0.00968807261353693,0.005363145248473846
2005-05-10,1049,42,0.04003813155386082,1453,4,0.0027529249827942187,2005,0.010537240105461738,0.005454909414566987
2005-05-11,831,9,0.010830324909747292,1659,6,0.003616636528028933,2005,0.010708856996392709,0.005302559482070484
2005-05-12,762,13,0.01706036745406824,1604,4,0.0024937655860349127,2005,0.011277535911528318,0.005343597459517439
2005-05-13,848,26,0.030660377358490566,1307,5,0.0038255547054322878,2005,0.012264644476183065,0.004918270421243232
2005-05-16,699,10,0.01430615164520744,1395,83,0.05949820788530466,2005,0.012492388145871345,0.0066208422630340885
2005-05-17,568,16,0.028169014084507043,1169,79,0.06757912745936698,2005,0.013045998827300963,0.008873479845012988
2005-05-18,1509,17,0.01126573889993373,2041,222,0.1087702106810387,2005,0.013421523457298754,0.01245800127100646
2005-05-19,1127,9,0.007985803016858917,983,0,0.0,2005,0.013687716891194052,0.011750552248950696
2005-05-20,883,6,0.006795016987542469,1265,1,0.0007905138339920949,2005,0.013914217457445468,0.011268609505161346
2005-05-23,1155,29,0.025108225108225107,1425,8,0.005614035087719298,2005,0.014751158294386304,0.010544473024871893
2005-05-24,903,33,0.036544850498338874,1494,13,0.008701472556894244,2005,0.015969319977664268,0.010041981317560908
2005-05-25,813,11,0.013530135301353014,1159,10,0.008628127696289905,2005,0.016238175125232134,0.009702198776504344
2005-05-26,1134,41,0.036155202821869487,1266,2,0.001579778830963665,2005,0.016876776314667444,0.009754858070869798
2005-05-27,1048,42,0.04007633587786259,1034,8,0.007736943907156673,2005,0.01811499792726286,0.010012756201108355
2005-05-31,465,0,0.0,1195,17,0.014225941422594143,2005,0.017959597771862713,0.01048695424852816
2005-06-01,790,10,0.012658227848101266,1750,30,0.017142857142857144,2005,0.018066803363938188,0.011058382819956731
2005-06-02,647,5,0.0077279752704791345,1211,53,0.04376548307184145,2005,0.017480124866074857,0.012517232255684779
2005-06-03,1009,24,0.023785926660059464,1385,142,0.10252707581227437,2005,0.017563139931022716,0.01591944046632434
2005-06-06,495,9,0.01818181818181818,938,76,0.08102345415778252,2005,0.01794498529044655,0.018620222271583758
2005-06-07,938,13,0.013859275053304905,1178,42,0.035653650254668934,2005,0.018368020315587867,0.019808677280072722
2005-06-08,750,3,0.004,1382,30,0.02170767004341534,2005,0.017739448887016437,0.020532266281519898
2005-06-09,650,3,0.004615384615384616,1084,49,0.045202952029520294,2005,0.016185577471076056,0.022039031349170575
2005-06-10,825,0,0.0,1163,52,0.04471195184866724,2005,0.016185577471076056,0.02352942974412615
2005-06-13,799,1,0.0012515644555694619,1031,102,0.09893307468477207,2005,0.016227296286261704,0.02682719890028522
2005-06-14,993,3,0.0030211480362537764,1220,128,0.10491803278688525,2005,0.0163280012208035,0.030324466659848063
2005-06-15,1441,23,0.015961138098542677,1165,64,0.054935622317596564,2005,0.016819139361920567,0.032132130193699725
2005-06-16,744,1,0.0013440860215053765,1288,0,0.0,2005,0.016781637702555106,0.03201947000499391
2005-06-17,721,0,0.0,1376,10,0.007267441860465116,2005,0.016323447553643306,0.032138108672695447
2005-06-20,654,2,0.0030581039755351682,1085,3,0.0027649769585253456,2005,0.014398357325800786,0.032132594473632856
2005-06-21,769,6,0.007802340702210663,1273,3,0.002356637863315004,2005,0.014526422147887677,0.03195747073320658
2005-06-22,995,7,0.007035175879396985,1057,14,0.013245033112582781,2005,0.013426323625405549,0.03230720767086619
2005-06-23,1151,16,0.013900955690703735,1336,0,0.0,2005,0.013528677984770763,0.0321866531199319
2005-06-24,1123,3,0.0026714158504007124,1401,0,0.0,2005,0.013049046264648511,0.0321035276003974
2005-06-27,810,8,0.009876543209876543,724,0,0.0,2005,0.012356251793028045,0.03197600911021633
2005-06-28,834,2,0.002398081534772182,1324,6,0.004531722054380665,2005,0.011959316122680202,0.030143792915852192
2005-06-29,526,3,0.005703422053231939,828,0,0.0,2005,0.011210463054971032,0.027891155333873294
2005-06-30,576,2,0.003472222222222222,1072,0,0.0,2005,0.010950679165713982,0.024265481644505336
2005-07-01,796,9,0.011306532663316583,959,14,0.014598540145985401,2005,0.011061370153929238,0.024752099649371518
2005-07-05,988,58,0.058704453441295545,862,18,0.02088167053364269,2005,0.012791684702387673,0.0254218048726932
2005-07-06,633,6,0.009478672985781991,1109,31,0.027953110910730387,2005,0.01227069963163957,0.02616644073346024
2005-07-07,1089,1,0.0009182736455463728,1450,38,0.02620689655172414,2005,0.011083147069879819,0.026749954866621236
2005-07-08,1037,3,0.0028929604628736743,1372,27,0.01967930029154519,2005,0.010728574575263843,0.027118327286463077
2005-07-11,1060,24,0.022641509433962263,1366,34,0.024890190336749635,2005,0.010278118129000266,0.027895341003322614
2005-07-12,966,3,0.003105590062111801,1287,1,0.000777000777000777,2005,0.009045759935141907,0.027663342898984082
2005-07-13,703,2,0.002844950213371266,806,44,0.05459057071960298,2005,0.00914059160892095,0.029008830542217708
2005-07-14,756,0,0.0,962,1,0.0010395010395010396,2005,0.008718650680650909,0.02847205200543917
2005-07-15,597,0,0.0,955,8,0.008376963350785341,2005,0.00846105150496827,0.02729243468140397
2005-07-18,665,1,0.0015037593984962407,952,3,0.0031512605042016808,2005,0.007718312596249496,0.023979907504468212
2005-07-19,870,4,0.004597701149425287,1234,3,0.0024311183144246355,2005,0.007265508695169733,0.021360162976356283
2005-07-20,733,2,0.002728512960436562,1059,3,0.0028328611898017,2005,0.006894483292074121,0.02026613667419404
2005-07-21,811,12,0.014796547472256474,1215,0,0.0,2005,0.007254368207816003,0.019542547672746866
2005-07-22,537,0,0.0,943,10,0.010604453870625663,2005,0.00710052205396985,0.01838926440078371
2005-07-25,710,0,0.0,1003,6,0.005982053838484547,2005,0.00710052205396985,0.017098267800444284
2005-07-26,361,0,0.0,921,1,0.0010857763300760044,2005,0.007058803238784201,0.013836691188621082
2005-07-27,623,0,0.0,959,3,0.0031282586027111575,2005,0.006958098304242408,0.01044369871581528
2005-07-28,736,0,0.0,1527,35,0.022920759659463,2005,0.006426060367624319,0.00937653662721083
2005-07-29,1104,12,0.010869565217391304,1277,0,0.0,2005,0.006743576340820517,0.00937653662721083
2005-08-01,694,0,0.0,1428,11,0.007703081232492998,2005,0.006743576340820517,0.009391057939611758
2005-08-02,648,0,0.0,1184,27,0.022804054054054054,2005,0.0066416395416360125,0.010059027176129382
2005-08-03,668,0,0.0,1394,13,0.009325681492109038,2005,0.00638156151822899,0.010291328630422515
2005-08-04,816,6,0.007352941176470588,1569,8,0.005098789037603569,2005,0.00639215369479811,0.010019787161256543
2005-08-05,994,4,0.004024144869215292,1434,40,0.02789400278940028,2005,0.006062926667415162,0.010949587254236552
2005-08-08,664,0,0.0,1240,10,0.008064516129032258,2005,0.005973879472401805,0.011218404458537628
2005-08-09,712,11,0.01544943820224719,1210,21,0.017355371900826446,2005,0.0061596426388141595,0.011796916855231843
2005-08-10,733,1,0.001364256480218281,1291,81,0.0627420604182804,2005,0.006125181803662363,0.013737261467361834
2005-08-11,641,3,0.0046801872074883,1383,54,0.039045553145336226,2005,0.006091073975470909,0.015038779905539708
2005-08-12,652,4,0.006134969325153374,1742,173,0.09931113662456946,2005,0.00617983221223528,0.018349151126358692
2005-08-15,700,0,0.0,863,94,0.10892236384704519,2005,0.005802947790124727,0.02149327858306068
2005-08-16,971,1,0.0010298661174047373,1358,34,0.025036818851251842,2005,0.0038804615459950335,0.021631783526980985
2005-08-17,640,10,0.015625,1510,73,0.048344370860927154,2005,0.004085339113135634,0.022311492191987543
2005-08-18,456,0,0.0,560,0,0.0,2005,0.004054729991617421,0.02143792897359674
2005-08-19,437,0,0.0,643,3,0.004665629860031105,2005,0.003958297976188299,0.02093747329254627
2005-08-22,838,1,0.0011933174224343676,1309,2,0.0015278838808250573,2005,0.0032433582424707024,0.020158729744015454
2005-08-23,801,2,0.0024968789013732834,861,1,0.0011614401858304297,2005,0.003223067870446085,0.020171544390976442
2005-08-24,850,4,0.004705882352941176,1676,12,0.007159904534606206,2005,0.0032850989417650823,0.018590522184809884
2005-08-25,773,7,0.009055627425614488,1164,0,0.0,2005,0.003586953189285565,0.018555872150159847
2005-08-26,975,2,0.0020512820512820513,1325,0,0.0,2005,0.0036553292576616335,0.018276640038467004
2005-08-29,967,28,0.028955532574974147,1194,13,0.010887772194304857,2005,0.00457038836354423,0.018534523761470443
2005-08-30,1170,0,0.0,1598,0,0.0,2005,0.004417131658563387,0.01845348648432295
2005-08-31,1172,0,0.0,1284,0,0.0,2005,0.004326181226548835,0.01835905777799623
2005-09-01,797,10,0.012547051442910916,2229,16,0.007178106774338268,2005,0.00425119802557065,0.018598328003807507
2005-09-02,637,1,0.0015698587127158557,1188,2,0.0016835016835016834,2005,0.004303526649327845,0.018300962930903376
2005-09-06,875,18,0.02057142857142857,1594,18,0.011292346298619825,2005,0.004989240935042131,0.01847797267957455
2005-09-07,696,25,0.035919540229885055,1625,30,0.018461538461538463,2005,0.006186558942704965,0.0190571647506233
2005-09-08,826,1,0.0012106537530266344,1551,17,0.01096067053513862,2005,0.006226914067805854,0.01931824514837088
2005-09-09,838,6,0.007159904534606206,1473,46,0.031228784792939578,2005,0.006465577552292727,0.019595179319486768
2005-09-12,536,7,0.013059701492537313,1264,37,0.029272151898734177,2005,0.006538582094797594,0.02057091771611124
2005-09-13,1203,7,0.005818786367414797,1314,44,0.0334855403348554,2005,0.006732541640378088,0.02143033301952332
2005-09-14,1060,4,0.0037735849056603774,1028,13,0.01264591439688716,2005,0.0068583278039001,0.021091728364284423
2005-09-15,551,0,0.0,867,0,0.0,2005,0.0068583278039001,0.020780872314547453
2005-09-16,604,0,0.0,1440,6,0.004166666666666667,2005,0.006613229764684414,0.020749801568849556
2005-09-19,986,9,0.009127789046653144,1349,1,0.0007412898443291327,2005,0.006783351237265676,0.01984471113734719
2005-09-20,1014,2,0.0019723865877712033,1126,0,0.0,2005,0.006849097456858049,0.019575893933046113
2005-09-21,1081,0,0.0,1690,0,0.0,2005,0.006334116183449809,0.018997381536351898
2005-09-22,1031,0,0.0,1578,2,0.0012674271229404308,2005,0.006288640967442533,0.016948227093173895
2005-09-23,959,3,0.0031282586027111575,1146,4,0.0034904013961605585,2005,0.006236910013949962,0.015763055368201374
2005-09-26,768,4,0.005208333333333333,1332,7,0.005255255255255256,2005,0.006206022147555961,0.012627859322557567
2005-09-27,575,3,0.0052173913043478265,1101,0,0.0,2005,0.006379935191034221,0.008997113860989395
2005-09-28,720,0,0.0,1132,5,0.00441696113074205,2005,0.006345606320454064,0.008309785270305734
2005-09-29,843,0,0.0,1508,7,0.004641909814323607,2005,0.0058247729871207295,0.006853036568752284
2005-09-30,869,0,0.0,1137,0,0.0,2005,0.0058247729871207295,0.006853036568752284
2005-10-03,673,3,0.004457652303120356,1010,2,0.0019801980198019802,2005,0.005973361397224742,0.00676352217407798
2005-10-04,887,7,0.007891770011273957,1326,9,0.006787330316742082,2005,0.0061966431501860614,0.006938837055275214
2005-10-05,1317,0,0.0,1920,0,0.0,2005,0.006113413853473619,0.0069001223824142
2005-10-06,1267,4,0.0031570639305445935,1810,0,0.0,2005,0.006061786572727066,0.006661458897927326
2005-10-07,1008,18,0.017857142857142856,1141,4,0.0035056967572304996,2005,0.006355170420444678,0.006778315456501676
2005-10-10,1076,2,0.0018587360594795538,1214,9,0.007413509060955519,2005,0.006348752220717928,0.007025432425200193
2005-10-11,1038,21,0.02023121387283237,1818,9,0.0049504950495049506,2005,0.006057941597313202,0.006827523187040196
2005-10-12,1479,19,0.012846517917511832,2093,0,0.0,2005,0.006486158861230263,0.006827523187040196
2005-10-13,1194,52,0.04355108877721943,1938,0,0.0,2005,0.007937861820470911,0.006827523187040196
2005-10-14,1093,30,0.027447392497712716,1921,52,0.02706923477355544,2005,0.008434539855630972,0.007490560787014102
2005-10-17,1059,13,0.012275731822474031,1256,31,0.024681528662420384,2005,0.008791402292622909,0.008257161686311392
2005-10-18,802,2,0.0024937655860349127,1029,3,0.0029154518950437317,2005,0.008188813526443121,0.007977931872858855
2005-10-19,1532,3,0.0019582245430809398,1331,65,0.048835462058602556,2005,0.007056769670216318,0.008990395992760991
2005-10-20,704,1,0.0014204545454545455,1356,1,0.0007374631268436578,2005,0.007063763029963916,0.008649622412484494
2005-10-21,751,8,0.010652463382157125,1310,0,0.0,2005,0.007180181658215612,0.0076086629193865074
2005-10-24,1133,19,0.01676963812886143,2026,6,0.0029615004935834156,2005,0.007303846212759749,0.006731641205881483
2005-10-25,950,2,0.002105263157894737,1379,6,0.00435097897026831,2005,0.007180062105775748,0.0057604891603952445
2005-10-26,1321,30,0.022710068130204392,1460,10,0.00684931506849315,2005,0.007811278213260548,0.005567269182782111
2005-10-27,1192,54,0.04530201342281879,1365,10,0.007326007326007326,2005,0.009321345327354508,0.005811469426982355
2005-10-28,1033,2,0.001936108422071636,1545,2,0.0012944983818770227,2005,0.009385882274756896,0.005715730484156034
2005-10-31,992,2,0.0020161290322580645,1929,12,0.006220839813374806,2005,0.009148826940943728,0.005898382149790891
2005-11-01,753,3,0.00398406374501992,1849,10,0.005408328826392645,2005,0.00921588284618535,0.006078659777337312
2005-11-02,1125,10,0.008888888888888889,1877,46,0.024507192328183273,2005,0.009512179142481647,0.006895566188276755
2005-11-03,1252,0,0.0,1621,21,0.012954966070326958,2005,0.009512179142481647,0.007285150819856304
2005-11-04,620,3,0.004838709677419355,1591,39,0.02451288497800126,2005,0.009569194178305254,0.007985900272584329
2005-11-07,643,6,0.00933125972006221,1383,40,0.028922631959508314,2005,0.009706625057862883,0.008774812829392764
2005-11-08,1068,13,0.012172284644194757,1157,15,0.01296456352636128,2005,0.00993845483585778,0.00920696494693814
2005-11-09,822,15,0.01824817518248175,1754,58,0.0330672748004561,2005,0.010546727341940506,0.010161975402595277
2005-11-10,1250,11,0.0088,1652,80,0.048426150121065374,2005,0.010840060675273839,0.011621450079486667
2005-11-11,999,3,0.003003003003003003,1372,179,0.130466472303207,2005,0.010940160775373938,0.015970332489593567
2005-11-14,1003,3,0.0029910269192422734,1073,130,0.1211556383970177,2005,0.010891273262578003,0.019942847168834092
2005-11-15,1183,6,0.00507185122569738,1049,51,0.04861773117254528,2005,0.01079727596972545,0.021337193864027534
2005-11-16,1322,1,0.0007564296520423601,1074,30,0.027932960893854747,2005,0.010822490291460195,0.02226829256048936
2005-11-17,793,7,0.008827238335435058,1231,11,0.008935824532900082,2005,0.011011496104956544,0.02256615337825269
2005-11-18,981,0,0.0,1376,15,0.010901162790697675,2005,0.01041625800971845,0.0228126689127016
2005-11-21,1050,0,0.0,1742,63,0.03616532721010333,2005,0.01035430014106913,0.023771062851006528
2005-11-22,975,0,0.0,1446,34,0.02351313969571231,2005,0.009679926345308053,0.02438981767254677
2005-11-23,1492,0,0.0,1538,48,0.031209362808842653,2005,0.009251709081390991,0.02543012976617486
2005-11-25,674,6,0.008902077151335312,885,19,0.021468926553672316,2005,0.008096742027194853,0.026145760651297267
2005-11-28,1513,9,0.005948446794448116,1686,18,0.010676156583629894,2005,0.0073801105037527,0.025599324711633085
2005-11-29,912,0,0.0,1660,27,0.016265060240963854,2005,0.006970919443003565,0.0253187757642512
2005-11-30,1008,0,0.0,1147,0,0.0,2005,0.006887793923469068,0.02522159403441641
2005-12-01,739,0,0.0,1426,52,0.0364656381486676,2005,0.0068225197720330364,0.024809266570751907
2005-12-02,1133,1,0.00088261253309797,1458,51,0.03497942386831276,2005,0.006804591704954484,0.02595066526213421
2005-12-05,914,0,0.0,1580,87,0.05506329113924051,2005,0.006449509592215913,0.027786108300108896
2005-12-06,1113,3,0.0026954177897574125,1478,68,0.046008119079837616,2005,0.00598036891424578,0.02922099558631737
2005-12-07,1051,0,0.0,1686,85,0.05041518386714116,2005,0.005910193475649288,0.030756469082879802
2005-12-08,1125,16,0.014222222222222223,1881,102,0.05422647527910686,2005,0.005627265278716548,0.032335707756566925
2005-12-09,402,0,0.0,1315,86,0.06539923954372624,2005,0.00411719816462259,0.034271482163824224
2005-12-12,1111,0,0.0,1387,112,0.08074981975486661,2005,0.004052661217220202,0.03691999287625721
2005-12-13,1315,0,0.0,1454,105,0.07221458046767538,2005,0.0039854569161449326,0.03911978423140056
2005-12-14,1713,0,0.0,1851,78,0.04213938411669368,2005,0.0038526547913109357,0.04034415274107726
2005-12-15,624,0,0.0,1432,4,0.002793296089385475,2005,0.003556358495014639,0.039620356199784
2005-12-16,582,5,0.00859106529209622,1506,7,0.004648074369189907,2005,0.0038427273380845137,0.039343459809746094
2005-12-19,1272,5,0.003930817610062893,1493,9,0.006028131279303416,2005,0.0038124642691726315,0.038727301353122835
2005-12-20,793,3,0.0037831021437578815,1072,1,0.0009328358208955224,2005,0.0036275256832958205,0.037794308148502403
2005-12-21,672,2,0.002976190476190476,1576,3,0.0019035532994923859,2005,0.003320989211029011,0.03742560780760678
2005-12-22,708,4,0.005649717514124294,990,1,0.00101010101010101,2005,0.0029010406220837622,0.03635703534792827
2005-12-23,512,1,0.001953125,1040,6,0.0057692307692307696,2005,0.0026728114554170957,0.03493513803620046
2005-12-27,924,6,0.006493506493506494,1546,0,0.0,2005,0.002789161571767212,0.03058625562609356
2005-12-28,834,2,0.002398081534772182,969,3,0.0030959752321981426,2005,0.002769396725618209,0.026650933520599572
2005-12-29,518,0,0.0,1092,3,0.0027472527472527475,2005,0.002600335018094963,0.025121917573089823
2005-12-30,873,0,0.0,1377,0,0.0,2005,0.002575120696360218,0.024190818876627995
2006-01-03,1115,6,0.0053811659192825115,2114,65,0.03074739829706717,2006,0.0024602516158217995,0.024917871335433564
2006-01-04,1314,6,0.0045662100456621,1555,50,0.03215434083601286,2006,0.0026124586173438694,0.02562631060361074
2006-01-05,775,4,0.005161290322580645,1107,22,0.01987353206865402,2006,0.0027845016280965574,0.025083250765562427
2006-01-06,1393,5,0.003589375448671931,2198,190,0.08644222020018198,2006,0.002904147476385622,0.02718088678237808
2006-01-09,893,2,0.0022396416573348264,1869,56,0.0299625468164794,2006,0.002978802198296783,0.027139326249299312
2006-01-10,1095,3,0.0027397260273972603,1469,162,0.1102791014295439,2006,0.0027733904941655146,0.03009966541182836
2006-01-11,1305,5,0.0038314176245210726,2161,166,0.07681628875520592,2006,0.002702822855167946,0.03230433648421423
2006-01-12,1113,11,0.009883198562443846,1655,317,0.19154078549848944,2006,0.003032262807249408,0.03814686065946508
2006-01-13,879,26,0.02957906712172924,1388,114,0.08213256484149856,2006,0.004018231711307049,0.04088461282084836
2006-01-17,935,0,0.0,1424,216,0.15168539325842698,2006,0.004018231711307049,0.04472527132450701
2006-01-18,1012,3,0.0029644268774703555,1706,72,0.04220398593200469,2006,0.004087625522786129,0.04496609005996341
2006-01-19,750,0,0.0,1138,2,0.0017574692442882249,2006,0.004087625522786129,0.043189229330131675
2006-01-20,1189,17,0.014297729184188394,1796,11,0.006124721603563474,2006,0.004474369235933829,0.0418597827475892
2006-01-23,807,10,0.012391573729863693,1859,11,0.005917159763313609,2006,0.004887421693595951,0.04037651527746162
2006-01-24,1253,21,0.01675977653631285,1570,10,0.006369426751592357,2006,0.004972006837398972,0.03878128032654446
2006-01-25,1209,5,0.0041356492969396195,1219,2,0.0016406890894175555,2006,0.005109861813963626,0.03665599531140084
2006-01-26,974,0,0.0,1219,12,0.009844134536505332,2006,0.005109861813963626,0.034292472470788794
2006-01-27,1406,7,0.004978662873399715,1480,5,0.0033783783783783786,2006,0.00527581724307695,0.03199793240114556
2006-01-30,1046,5,0.004780114722753346,1586,26,0.01639344262295082,2006,0.005435154400502061,0.031139734351354136
2006-01-31,642,0,0.0,1489,7,0.0047011417058428475,2006,0.005435154400502061,0.03120332920523605
2006-02-01,1033,0,0.0,1285,29,0.022568093385214007,2006,0.0051487855574321876,0.03180066317243685
2006-02-02,1047,1,0.0009551098376313276,1986,16,0.008056394763343404,2006,0.005049595298351136,0.031868271955238184
2006-02-03,1136,30,0.02640845070422535,2124,28,0.013182674199623353,2006,0.005803773583700051,0.032276599901195774
2006-02-06,697,9,0.01291248206599713,1202,14,0.011647254575707155,2006,0.006134983303360273,0.03260138994373627
2006-02-07,1013,3,0.0029615004935834156,1657,47,0.028364514182257092,2006,0.006045376069342244,0.03351320371614148
2006-02-08,959,19,0.01981230448383733,1520,68,0.04473684210526316,2006,0.006640682052136821,0.034812124094009224
2006-02-09,709,9,0.012693935119887164,1794,38,0.021181716833890748,2006,0.00684736300634951,0.03551818132180558
2006-02-10,562,3,0.005338078291814947,1793,39,0.021751254880089235,2006,0.006945362898250936,0.03614002397673528
2006-02-13,592,9,0.015202702702702704,1363,34,0.024944974321349962,2006,0.007452119655007693,0.03687994802920518
2006-02-14,1103,20,0.01813236627379873,1567,101,0.06445437141033823,2006,0.008056531864134317,0.03902842707621646
2006-02-15,1040,12,0.011538461538461539,1684,47,0.027909738717339667,2006,0.008261775051440285,0.03893383842355888
2006-02-16,938,0,0.0,1561,11,0.007046764894298526,2006,0.008109568049918215,0.038096919225501735
2006-02-17,778,17,0.021850899742930592,1322,11,0.00832072617246596,2006,0.008665888363929878,0.0377118256956288
2006-02-21,1181,34,0.028789161727349702,1632,51,0.03125,2006,0.009505881239885805,0.035872085022289404
2006-02-22,1114,86,0.07719928186714542,1820,63,0.03461538461538462,2006,0.012004535913546159,0.036027179615586234
2006-02-23,907,51,0.05622932745314223,1154,47,0.04072790294627383,2006,0.013787522627737657,0.03370880633281057
2006-02-24,1032,5,0.0048449612403100775,1040,82,0.07884615384615384,2006,0.013821307414930624,0.03377646850250883
2006-02-27,1071,51,0.047619047619047616,1483,15,0.010114632501685773,2006,0.01507916905015075,0.027728930069282044
2006-02-28,1363,8,0.00586940572267058,2193,31,0.014135886912904697,2006,0.01428884700351546,0.025462374138328917
2006-03-01,1039,34,0.032723772858517804,1656,98,0.059178743961352656,2006,0.01537963943213272,0.02237881916175977
2006-03-02,949,10,0.01053740779768177,1372,99,0.07215743440233237,2006,0.015632072129473103,0.023377267444104025
2006-03-03,728,8,0.01098901098901099,2406,44,0.01828761429758936,2006,0.015998372495773468,0.023928272279214065
2006-03-06,1454,20,0.013755158184319119,1715,35,0.02040816326530612,2006,0.015980286795777825,0.024404387001272156
2006-03-07,981,10,0.010193679918450561,1814,49,0.02701212789415656,2006,0.01590702366873072,0.025107552605633583
2006-03-08,823,4,0.004860267314702308,1705,82,0.04809384164222874,2006,0.015510373361343702,0.026498366435321462
2006-03-09,824,1,0.0012135922330097086,1515,79,0.05214521452145215,2006,0.015412971459212705,0.028181850616389285
2006-03-10,1102,5,0.004537205081669692,1524,73,0.047900262467191604,2006,0.015564211628601695,0.029450388214078825
2006-03-13,787,0,0.0,1291,58,0.044926413632842756,2006,0.015398256199488371,0.03083532272256097
2006-03-14,1415,2,0.0014134275618374558,1792,33,0.018415178571428572,2006,0.015286033294124509,0.030902713920843563
2006-03-15,1874,2,0.0010672358591248667,1728,89,0.05150462962962963,2006,0.015321607822762005,0.03246283018496979
2006-03-16,1057,0,0.0,1748,12,0.006864988558352402,2006,0.015321607822762005,0.03193939335740774
2006-03-17,1211,7,0.005780346820809248,1821,12,0.006589785831960461,2006,0.015482449055534604,0.0318905063930283
2006-03-20,888,3,0.0033783783783783786,1758,11,0.006257110352673493,2006,0.01471477997800637,0.031659654264796645
2006-03-21,1052,8,0.0076045627376425855,2182,4,0.0018331805682859762,2006,0.014537849333727882,0.03133251846454927
2006-03-22,1408,24,0.017045454545454544,2040,19,0.009313725490196078,2006,0.015007314468790254,0.030697492174813903
2006-03-23,778,10,0.012853470437017995,1575,11,0.006984126984126984,2006,0.014775353333896278,0.029439068337442698
2006-03-24,982,29,0.029531568228105907,1565,20,0.012779552715654952,2006,0.015336607770836902,0.02915899620016817
2006-03-27,625,31,0.0496,1266,7,0.005529225908372828,2006,0.016812005161109738,0.02861826190111096
2006-03-28,1211,35,0.028901734104046242,1722,9,0.005226480836236934,2006,0.017268639541154523,0.027960978784940523
2006-03-29,850,3,0.0035294117647058825,2032,15,0.0073818897637795275,2006,0.016781874390851426,0.026058562730055235
2006-03-30,864,19,0.02199074074074074,1627,6,0.0036877688998156115,2006,0.017130283697594065,0.025251163736137765
2006-03-31,785,10,0.012738853503184714,1364,0,0.0,2006,0.017554912147700222,0.025016271572994478
2006-04-03,1106,25,0.022603978300180832,1751,23,0.013135351227869789,2006,0.017580014766275232,0.025176759074841275
2006-04-04,1128,6,0.005319148936170213,1522,13,0.008541392904073587,2006,0.016797681006569247,0.024419805504977063
2006-04-05,1030,17,0.01650485436893204,2094,57,0.027220630372492838,2006,0.01477453342329547,0.024173313696880673
2006-04-06,1330,14,0.010526315789473684,1695,46,0.027138643067846607,2006,0.013251099701173186,0.02372033836759976
2006-04-07,1602,2,0.0012484394506866417,2087,35,0.016770483948251078,2006,0.01313121564151907,0.021651149371003
2006-04-10,1364,0,0.0,1604,71,0.0442643391521197,2006,0.011543914054217484,0.022789472926017466
2006-04-11,1000,7,0.007,2224,70,0.03147482014388489,2006,0.011581600530128465,0.02336743736705014
2006-04-12,870,0,0.0,1752,89,0.050799086757990865,2006,0.010490808101511205,0.02308811546027141
2006-04-13,603,0,0.0,1370,95,0.06934306569343066,2006,0.010139561174921813,0.02299430316997469
2006-04-17,839,1,0.0011918951132300357,1360,108,0.07941176470588235,2006,0.009812990645729113,0.025031774850251123
2006-04-18,1146,0,0.0,2060,77,0.03737864077669903,2006,0.009354485372918477,0.025597457433964223
2006-04-19,956,0,0.0,1855,94,0.050673854447439354,2006,0.009014696042303457,0.026386181652406977
2006-04-20,863,3,0.0034762456546929316,1331,8,0.006010518407212622,2006,0.00896856198696981,0.024983404211239776
2006-04-21,992,4,0.004032258064516129,1777,56,0.031513787281935844,2006,0.009062517514686692,0.02429568996992256
2006-04-24,862,21,0.024361948955916472,1448,35,0.024171270718232045,2006,0.009723342310494919,0.02350472357829058
2006-04-25,941,12,0.012752391073326248,1503,27,0.017964071856287425,2006,0.010148422012939128,0.022605978852405402
2006-04-26,967,27,0.027921406411582212,1576,19,0.012055837563451776,2006,0.011032021307930618,0.022394000818806176
2006-04-27,1260,16,0.012698412698412698,1785,51,0.02857142857142857,2006,0.011419727202573544,0.021629560783532807
2006-04-28,999,15,0.015015015015015015,1470,16,0.010884353741496598,2006,0.011920227703074045,0.021763539622970948
2006-05-01,833,20,0.024009603841536616,1843,29,0.015735214324470972,2006,0.012527869603764957,0.022068387239387966
2006-05-02,667,1,0.0014992503748125937,1543,32,0.020738820479585224,2006,0.0124652320036461,0.02255111091028502
2006-05-03,1309,26,0.019862490450725745,1925,64,0.03324675324675325,2006,0.012873829594082205,0.023598229999567268
2006-05-04,789,2,0.0025348542458808617,1197,48,0.040100250626566414,2006,0.012390142917429748,0.024624447504112947
2006-05-05,1308,7,0.005351681957186544,2530,127,0.050197628458498025,2006,0.012140083301435367,0.026064897553258644
2006-05-08,937,8,0.008537886872998933,1652,18,0.010895883777239709,2006,0.011440293922931801,0.026002108588644803
2006-05-09,885,1,0.0011299435028248588,1812,17,0.009381898454746136,2006,0.009824625373025964,0.026130531006857246
2006-05-10,1098,0,0.0,1646,76,0.046172539489671933,2006,0.008861234236224423,0.02749539962863841
2006-05-11,2284,39,0.017075306479859893,1862,57,0.030612244897959183,2006,0.00931276406006289,0.028269744799777733
2006-05-12,1408,6,0.004261363636363636,2595,63,0.024277456647398842,2006,0.008721784823250317,0.028956067724697176
2006-05-15,1108,0,0.0,3126,158,0.05054382597568778,2006,0.008297156373144161,0.030640861923886768
2006-05-16,1198,12,0.01001669449081803,1927,76,0.03943954333160353,2006,0.007877580246165401,0.03151766832734456
2006-05-17,1901,81,0.042609153077327724,3712,24,0.00646551724137931,2006,0.009120580384203984,0.03144847247192142
2006-05-18,1154,24,0.02079722703639515,2380,0,0.0,2006,0.009263659473119423,0.030541118126171656
2006-05-19,1630,17,0.010429447852760737,2336,3,0.0012842465753424657,2006,0.009260430541895657,0.029679304909754848
2006-05-22,1542,30,0.019455252918287938,3301,0,0.0,2006,0.009867324324149033,0.02912028877814648
2006-05-23,1293,41,0.0317092034029389,2438,0,0.0,2006,0.010924297770913664,0.027644810806409157
2006-05-24,1464,19,0.012978142076502733,3001,0,0.0,2006,0.011123569173463754,0.026595650134946327
2006-05-25,1351,21,0.015544041450777202,1826,3,0.0016429353778751369,2006,0.011641703888489662,0.02495711175560914
2006-05-26,1252,34,0.027156549520766772,2651,0,0.0,2006,0.012546922205848552,0.022645676232494784
2006-05-30,1358,3,0.0022091310751104565,2652,0,0.0,2006,0.012580830071244569,0.019998617408965372
2006-05-31,1021,0,0.0,2092,0,0.0,2006,0.012580830071244569,0.018752662716408738
2006-06-01,865,4,0.004624277456647399,2509,12,0.004782781984854523,2006,0.012734972653132814,0.017222960300989243
2006-06-02,1357,26,0.01915991156963891,2747,11,0.004004368401892974,2006,0.013257761516964346,0.017156088634145254
2006-06-05,1131,2,0.0017683465959328027,1829,0,0.0,2006,0.013182297801344904,0.016105629058080724
2006-06-06,1626,12,0.007380073800738007,2724,4,0.0014684287812041115,2006,0.012616235296172288,0.015348867660179795
2006-06-07,1074,0,0.0,2858,8,0.0027991602519244225,2006,0.01219115559372808,0.014843370606701026
2006-06-08,2170,141,0.06497695852534562,3989,7,0.0017548257708698922,2006,0.013426340664186858,0.014500003546948298
2006-06-09,1260,26,0.020634920634920634,2522,10,0.003965107057890563,2006,0.013690890928737124,0.013679792829830366
2006-06-12,1384,14,0.010115606936416185,3450,4,0.0011594202898550724,2006,0.013527577326117163,0.013355628381442313
2006-06-13,1695,30,0.017699115044247787,4729,0,0.0,2006,0.013317227699540867,0.01283112123729328
2006-06-14,2238,33,0.014745308310991957,2833,10,0.0035298270384751147,2006,0.01375876296408018,0.01225748812258961
2006-06-15,2183,62,0.028401282638570773,2805,0,0.0,2006,0.01404338937034168,0.011149263014364502
2006-06-16,1162,80,0.06884681583476764,2609,5,0.0019164430816404753,2006,0.01625378808997124,0.009876469429533638
2006-06-19,1299,7,0.005388760585065435,2899,6,0.002069679199724043,2006,0.01625502404423387,0.008272204454241172
2006-06-20,1122,19,0.01693404634581105,2497,2,0.0008009611533840609,2006,0.016534896026660938,0.007935707033445984
2006-06-21,1741,132,0.07581849511774842,3117,1,0.0003208213025344883,2006,0.01902451441382506,0.007633671128372262
2006-06-22,1327,44,0.033157498116051246,1910,0,0.0,2006,0.020129764351026765,0.006094586478716532
2006-06-23,1187,45,0.037910699241786014,2082,0,0.0,2006,0.02082427744309097,0.0050741783154512245
2006-06-26,913,26,0.028477546549835708,1862,2,0.0010741138560687433,2006,0.021631483540206706,0.004300733555740221
2006-06-27,1615,134,0.08297213622291022,2171,0,0.0,2006,0.024397221414303713,0.002615939356550629
2006-06-28,1166,50,0.04288164665523156,1695,0,0.0,2006,0.025492719819784168,0.0013012879121638448
2006-06-29,2009,18,0.008959681433549029,3052,111,0.03636959370904325,2006,0.024371070764991544,0.0022980904610859763
2006-06-30,1316,12,0.00911854103343465,2253,0,0.0,2006,0.023981781231559526,0.0022980904610859763
2006-07-03,1260,27,0.02142857142857143,1911,24,0.012558869701726845,2006,0.02434841868408655,0.0026739112319654553
2006-07-05,1295,94,0.07258687258687259,2975,13,0.004369747899159664,2006,0.026119472673039372,0.0028195694952707776
2006-07-06,1046,50,0.04780114722753346,2838,33,0.011627906976744186,2006,0.026655870800525856,0.0032071663944955838
2006-07-07,1484,86,0.057951482479784364,2054,23,0.011197663096397274,2006,0.02815498214730191,0.0035804218310421594
2006-07-10,1124,69,0.06138790035587188,1899,79,0.04160084254870985,2006,0.02968311077747173,0.004912352070069984
2006-07-11,920,12,0.013043478260869565,1808,82,0.04535398230088496,2006,0.02921267506880849,0.006424151480099481
2006-07-12,1067,2,0.0018744142455482662,2136,118,0.0552434456928839,2006,0.02920151784115642,0.008265599669862279
2006-07-13,1281,6,0.00468384074941452,3373,5,0.0014823599169878447,2006,0.029357645866136903,0.008315011667095206
2006-07-14,1620,4,0.0024691358024691358,3216,15,0.0046641791044776115,2006,0.02928580781099763,0.00831105823774931
2006-07-17,868,57,0.06566820276497695,2840,21,0.007394366197183098,2006,0.03083608418417556,0.008424058164258981
2006-07-18,1912,110,0.05753138075313807,2303,50,0.021710811984368215,2006,0.03269485198941574,0.009147751897071255
2006-07-19,1382,8,0.005788712011577424,3660,100,0.0273224043715847,2006,0.032641806596443716,0.010009551083417273
2006-07-20,1007,5,0.004965243296921549,1757,0,0.0,2006,0.03280731470634111,0.009916245741686458
2006-07-21,1144,15,0.013111888111888112,2190,0,0.0,2006,0.03107847902589252,0.00985775154932413
2006-07-24,1601,6,0.0037476577139287947,3175,5,0.0015748031496062992,2006,0.03051557026185946,0.009778074752381322
2006-07-25,1067,64,0.05998125585754452,2081,2,0.0009610764055742432,2006,0.032177758559230406,0.009771463289571961
2006-07-26,1179,11,0.009329940627650551,2044,3,0.0014677103718199608,2006,0.03189878607867716,0.009820386968632626
2006-07-27,1606,31,0.019302615193026153,1969,16,0.008125952260030472,2006,0.0320506963080783,0.00997359114268447
2006-07-28,1537,15,0.009759271307742356,2432,1,0.00041118421052631577,2006,0.03142929593038402,0.009987297283035348
2006-07-31,906,29,0.03200883002207505,1756,0,0.0,2006,0.030201363069960938,0.009923415846980666
2006-08-01,836,58,0.06937799043062201,2361,2,0.0008470986869970351,2006,0.03233433739814615,0.009882663163223096
2006-08-02,754,5,0.006631299734748011,2846,20,0.007027406886858749,2006,0.03199091251111072,0.010090211354338923
2006-08-03,1115,10,0.008968609865470852,2153,12,0.00557361820715281,2006,0.029762583002701466,0.010265304584492865
2006-08-04,1267,20,0.01578531965272297,2276,10,0.004393673110720563,2006,0.029183510387257194,0.010411760354850218
2006-08-07,605,15,0.024793388429752067,1559,1,0.0006414368184733803,2006,0.02874626669352273,0.010433141582132663
2006-08-08,1019,38,0.03729146221786065,1731,15,0.008665511265164644,2006,0.029040063882456894,0.010686188162435861
2006-08-09,1228,31,0.025244299674267102,1745,54,0.030945558739255013,2006,0.02711580266416879,0.011717706787077696
2006-08-10,1038,15,0.014450867052023121,2039,19,0.009318293281020108,2006,0.026168110010728506,0.012028316563111699
2006-08-11,1119,1,0.0008936550491510277,1454,25,0.0171939477303989,2006,0.025899242464581907,0.011389128363823551
2006-08-14,1081,4,0.0037002775208140612,1831,26,0.014199890770071,2006,0.02571863368082789,0.011862458056159254
2006-08-15,1003,9,0.00897308075772682,2162,61,0.028214616096207217,2006,0.025303450658466398,0.012384316269308599
2006-08-16,1341,17,0.01267710663683818,2096,50,0.02385496183206107,2006,0.023306458460131917,0.013033823400405313
2006-08-17,1050,5,0.004761904761904762,1831,8,0.004369197160021846,2006,0.02187181704461096,0.012791866406514566
2006-08-18,788,0,0.0,1601,19,0.011867582760774516,2006,0.019940100961951483,0.012814197061993809
2006-08-21,728,0,0.0,1762,2,0.0011350737797956867,2006,0.017893837616755757,0.011465338103030003
2006-08-22,990,16,0.01616161616161616,2045,9,0.004400977995110024,2006,0.01799777554678064,0.010100237959504172
2006-08-23,926,11,0.011879049676025918,1788,1,0.0005592841163310962,2006,0.01833126339446323,0.008277432573619079
2006-08-24,602,11,0.018272425249169437,1779,5,0.002810567734682406,2006,0.01878421621112173,0.008321706167542232
2006-08-25,845,3,0.0035502958579881655,1576,11,0.006979695431472081,2006,0.018820254879639026,0.008398890045108713
2006-08-28,927,13,0.014023732470334413,2039,36,0.01765571358509073,2006,0.017098772536484275,0.008740934958038966
2006-08-29,683,2,0.0029282576866764276,2906,115,0.0395732966276669,2006,0.015278668434268889,0.00933635111281559
2006-08-30,1004,7,0.0069721115537848604,2158,17,0.007877664504170528,2006,0.015318115085675802,0.00868819311723512
2006-08-31,626,1,0.001597444089456869,1536,20,0.013020833333333334,2006,0.015205855112093648,0.009122220895012896
2006-09-01,1245,1,0.0008032128514056225,2192,80,0.0364963503649635,2006,0.014795565936744231,0.010338765907178348
2006-09-05,887,15,0.016910935738444193,1910,56,0.02931937172774869,2006,0.015234341870894745,0.011263584859783092
2006-09-06,1277,10,0.007830853563038372,2398,90,0.03753127606338615,2006,0.01349599512774454,0.012482591515043488
2006-09-07,1143,2,0.0017497812773403325,1889,13,0.006881948120698782,2006,0.013243323149400864,0.012663066106672784
2006-09-08,976,12,0.012295081967213115,1990,112,0.05628140703517588,2006,0.013009738708540433,0.014268247932510964
2006-09-11,1016,0,0.0,2222,50,0.022502250225022502,2006,0.012684429664949018,0.015004616799660836
2006-09-12,1379,1,0.0007251631617113851,2601,56,0.021530180699730873,2006,0.011641640769603563,0.015722289489651865
2006-09-13,805,0,0.0,2825,18,0.006371681415929204,2006,0.009329041088582828,0.01590644224728294
2006-09-14,835,6,0.00718562874251497,1680,6,0.0035714285714285713,2006,0.009347518722175062,0.015791242970101933
2006-09-15,1088,5,0.004595588235294118,2240,3,0.0013392857142857143,2006,0.009201751334502505,0.01565009855367303
2006-09-18,881,5,0.0056753688989784334,1752,5,0.0028538812785388126,2006,0.008864752976044353,0.01559877215926697
2006-09-19,1148,16,0.013937282229965157,2417,2,0.0008274720728175424,2006,0.00850288276938479,0.015604973334411775
2006-09-20,1295,8,0.006177606177606178,2591,5,0.0019297568506368198,2006,0.00746575423470964,0.015380448187260847
2006-09-21,1048,0,0.0,2374,8,0.003369839932603201,2006,0.006624277578900737,0.014461257560372453
2006-09-22,1131,0,0.0,1990,1,0.0005025125628140704,2006,0.006142582010499967,0.01416739820309892
2006-09-25,1173,0,0.0,2119,10,0.004719207173194903,2006,0.006112793508861599,0.013751573517858788
2006-09-26,1508,5,0.0033156498673740055,2346,18,0.0076726342710997444,2006,0.006099972587080263,0.013533998301226412
2006-09-27,1261,6,0.004758128469468675,1971,2,0.0010147133434804667,2006,0.005959474177471658,0.012627334876135519
2006-09-28,1002,5,0.00499001996007984,2154,25,0.01160631383472609,2006,0.005703237954913047,0.012219046609557686
2006-09-29,844,0,0.0,1622,0,0.0,2006,0.0055445077961828884,0.012073406704223626
2006-10-02,913,1,0.001095290251916758,1944,16,0.00823045267489712,2006,0.005581017471246781,0.011952169034694378
2006-10-03,834,0,0.0,1721,41,0.023823358512492735,2006,0.005581017471246781,0.012708445192450948
2006-10-04,1835,9,0.004904632152588556,2795,8,0.0028622540250447226,2006,0.005205784670945859,0.012657154393448772
2006-10-05,1349,0,0.0,2396,28,0.011686143572621035,2006,0.004809816348411663,0.013028049708658434
2006-10-06,1003,7,0.006979062811565304,1532,4,0.0026109660574412533,2006,0.004433370933824858,0.013021396319417063
2006-10-09,1073,30,0.027958993476234855,1231,52,0.04224207961007311,2006,0.005246994187766415,0.014196809125370432
2006-10-10,1240,18,0.014516129032258065,1631,44,0.0269773145309626,2006,0.005263407406497203,0.014507529156899493
2006-10-11,947,3,0.0031678986272439284,1459,95,0.06511309115832763,2006,0.005271395437849453,0.01535885564125485
2006-10-12,1699,0,0.0,1720,29,0.01686046511627907,2006,0.005038991719389958,0.015658282328325134
2006-10-13,1724,3,0.0017401392111368909,1934,119,0.06153050672182006,2006,0.005043748223445959,0.017275271441274696
2006-10-16,906,0,0.0,1277,32,0.025058731401722788,2006,0.0050169744617324374,0.01689401747583334
2006-10-17,1268,0,0.0,1624,31,0.019088669950738917,2006,0.004453276603784298,0.016552994083266343
2006-10-18,1318,0,0.0,2478,28,0.011299435028248588,2006,0.004192248151683019,0.015678599382095093
2006-10-19,973,0,0.0,978,0,0.0,2006,0.004133922109105008,0.015449201111405133
2006-10-20,956,0,0.0,1396,0,0.0,2006,0.0037240860435312374,0.013573154210232604
2006-10-23,821,2,0.00243605359317905,2581,21,0.008136381247578458,2006,0.0038052878299705394,0.013094291910984468
2006-10-24,1111,1,0.0009000900090009,1470,19,0.01292517006802721,2006,0.003811118724880189,0.012807458223261013
2006-10-25,1132,0,0.0,2078,43,0.020692974013474495,2006,0.003811118724880189,0.01328483464317919
2006-10-26,722,0,0.0,2590,100,0.03861003861003861,2006,0.003571597766796357,0.014452788311132858
2006-10-27,1109,0,0.0,1739,29,0.01667625071880391,2006,0.003418411492286553,0.01496402047795013
2006-10-30,1104,0,0.0,1488,3,0.0020161290322580645,2006,0.003229232528987272,0.014936095403074107
2006-10-31,921,0,0.0,1754,0,0.0,2006,0.0027646564546551003,0.014908513000646854
2006-11-01,990,8,0.00808080808080808,2196,9,0.004098360655737705,2006,0.002828096518095164,0.014980799794150216
2006-11-02,904,3,0.00331858407079646,1898,16,0.008429926238145416,2006,0.0029387159871217122,0.01514946933766829
2006-11-03,950,7,0.007368421052631579,1864,13,0.006974248927038627,2006,0.0031843300222094317,0.015365193883142442
2006-11-06,839,0,0.0,2057,143,0.06951871657754011,2006,0.0031843300222094317,0.01752517752995395
2006-11-07,1366,5,0.0036603221083455345,1862,123,0.06605800214822771,2006,0.0031958190969084825,0.019471356459191548
2006-11-08,1492,0,0.0,1493,90,0.06028131279303416,2006,0.00303721481459286,0.02144690977417667
2006-11-09,1309,0,0.0,1465,53,0.03617747440273038,2006,0.002870880815923532,0.02226594845977681
2006-11-10,561,1,0.0017825311942959,1589,96,0.06041535556954059,2006,0.0029302985224000625,0.024279793645428167
2006-11-13,1012,3,0.0029644268774703555,1720,119,0.06918604651162791,2006,0.0029926030765851817,0.026311646773319194
2006-11-14,1264,1,0.0007911392405063291,1628,111,0.06818181818181818,2006,0.0030189743846020596,0.027790262095630038
2006-11-15,2106,23,0.010921177587844255,1883,133,0.07063197026022305,2006,0.003219525899110583,0.030049252636802654
2006-11-16,1556,0,0.0,1618,5,0.0030902348578491965,2006,0.003219525899110583,0.029762722346310257
2006-11-17,808,3,0.0037128712871287127,1532,41,0.026762402088772844,2006,0.00311065284829603,0.03056777021402131
2006-11-20,923,2,0.0021668472372697724,1620,15,0.009259259259259259,2006,0.002250914640330527,0.029468342868994184
2006-11-21,1068,0,0.0,1387,10,0.007209805335255948,2006,0.0017670436725885916,0.028809425895803965
2006-11-22,738,0,0.0,2001,85,0.04247876061969016,2006,0.0016614470516804606,0.028054948211182713
2006-11-24,472,0,0.0,1269,16,0.01260835303388495,2006,0.0016614470516804606,0.027913211141769576
2006-11-27,1214,18,0.014827018121911038,3266,13,0.003980404164115126,2006,0.0020976763487062654,0.025994874389846077
2006-11-28,1056,0,0.0,2288,43,0.018793706293706292,2006,0.0020976763487062654,0.02578604021957886
2006-11-29,1645,1,0.0006079027355623101,2331,99,0.04247104247104247,2006,0.0021179397732250093,0.026565452636922313
2006-11-30,1363,3,0.0022010271460014674,2112,6,0.002840909090909091,2006,0.0021913073447583915,0.02628350177234433
2006-12-01,1322,22,0.01664145234493192,2478,95,0.03833736884584342,2006,0.0027460224229227887,0.02756141406720578
2006-12-04,1294,0,0.0,2265,60,0.026490066225165563,2006,0.0027460224229227887,0.028444416274711296
2006-12-05,1445,0,0.0,2587,67,0.025898724391186703,2006,0.002664820636483487,0.029036494379498234
2006-12-06,1263,0,0.0,2502,159,0.06354916067146282,2006,0.0026348176361834573,0.03072396073294609
2006-12-07,1996,0,0.0,2713,75,0.027644673792849243,2006,0.0026348176361834573,0.030955684058925247
2006-12-08,1123,11,0.009795191451469279,1865,73,0.039142091152815014,2006,0.0029613240178991,0.03097341914368446
2006-12-11,1803,6,0.0033277870216306157,1695,51,0.03008849557522124,2006,0.003072250251953454,0.031420493972231706
2006-12-12,2297,1,0.00043535045711797995,2670,216,0.08089887640449438,2006,0.0030867619338573868,0.03404991888463958
2006-12-13,2305,19,0.00824295010845987,1989,29,0.014580191050779286,2006,0.0033615269374727154,0.03453592525299889
2006-12-14,1808,2,0.0011061946902654867,2567,128,0.049863654070899883,2006,0.003129039824454629,0.0360614350335043
2006-12-15,1306,1,0.0007656967840735069,3653,25,0.00684369011771147,2006,0.0030439435815638642,0.0360085604961565
2006-12-18,1225,7,0.005714285714285714,2998,11,0.003669112741827885,2006,0.0029888057369523353,0.035898389289982804
2006-12-19,1366,0,0.0,2633,13,0.004937333839726547,2006,0.0029888057369523353,0.033745676532055686
2006-12-20,663,9,0.013574660633484163,2077,31,0.014925373134328358,2006,0.0033192836877902893,0.032041255564925715
2006-12-21,1158,3,0.0025906735751295338,2176,9,0.004136029411764706,2006,0.0034056394736279405,0.030169746118883393
2006-12-22,1173,8,0.0068201193520886615,1750,17,0.009714285714285713,2006,0.003632976785364229,0.029287639829268575
2006-12-26,819,12,0.014652014652014652,1596,3,0.0018796992481203006,2006,0.004061959567288187,0.02733645128522123
2006-12-27,1325,10,0.007547169811320755,2211,20,0.009045680687471733,2006,0.004214717665083201,0.025331772424416022
2006-12-28,913,0,0.0,1758,8,0.004550625711035267,2006,0.004188346357066323,0.02321073267538993
2006-12-29,1071,3,0.0028011204481792717,2372,5,0.0021079258010118043,2006,0.003917677785744157,0.020926597860082885
2007-01-03,1900,21,0.011052631578947368,3420,2,0.0005847953216374269,2007,0.004286098838375736,0.020843083208875828
2007-01-04,1623,0,0.0,2011,21,0.0104425658876181,2007,0.0041623364621381125,0.020299088668837336
2007-01-05,1075,0,0.0,2914,40,0.013726835964310227,2007,0.004090108220895786,0.020448007892339033
2007-01-08,1238,2,0.0016155088852988692,2192,15,0.006843065693430657,2007,0.004143958517072415,0.020435783237611527
2007-01-09,1353,0,0.0,1813,20,0.011031439602868174,2007,0.004143958517072415,0.01938753920371746
2007-01-10,1334,1,0.0007496251874062968,1848,7,0.003787878787878788,2007,0.0041689460233192924,0.019093523395517252
2007-01-11,1127,2,0.001774622892635315,2343,32,0.01365770379854887,2007,0.003733866182343435,0.01941610004999838
2007-01-12,1406,0,0.0,2177,47,0.021589343132751494,2007,0.003733866182343435,0.019509287944633222
2007-01-16,1197,0,0.0,1869,20,0.010700909577314071,2007,0.003713602757824691,0.018450283514842274
2007-01-17,1573,4,0.0025429116338207248,1924,37,0.019230769230769232,2007,0.0037249989074186664,0.018996612186170943
2007-01-18,750,3,0.004,1378,4,0.002902757619738752,2007,0.0033036171625876022,0.01781545847863412
2007-01-19,853,9,0.010550996483001172,1720,20,0.011627906976744186,2007,0.003655317045354308,0.01732005317035341
2007-01-22,1346,6,0.004457652303120356,2069,14,0.006766553890768487,2007,0.00380390545545832,0.016682314153672804
2007-01-23,1269,18,0.014184397163120567,2138,10,0.004677268475210477,2007,0.0042767186942290055,0.014719917747131056
2007-01-24,1108,12,0.010830324909747292,1937,39,0.020134228187919462,2007,0.004637729524553915,0.014469569560300065
2007-01-25,1366,20,0.014641288433382138,2614,4,0.001530221882172915,2007,0.0047992660906176765,0.013215840584611994
2007-01-26,1073,0,0.0,2189,9,0.004111466423024212,2007,0.004688339856563323,0.012349939612872094
2007-01-29,970,1,0.0010309278350515464,2080,6,0.0028846153846153848,2007,0.004708192435827776,0.009749464245542794
2007-01-30,881,0,0.0,1792,3,0.0016741071428571428,2007,0.004433427432212447,0.009319261448612056
2007-01-31,927,1,0.0010787486515641855,1980,0,0.0,2007,0.004432512564255737,0.007657139646248727
2007-02-01,1367,83,0.06071689831748354,2426,91,0.03751030502885408,2007,0.006430885948702738,0.008679360143286814
2007-02-02,1096,1,0.0009124087591240876,2462,35,0.01421608448415922,2007,0.006270823383530684,0.009030925868031192
2007-02-05,1085,3,0.0027649769585253456,2038,65,0.03189401373895977,2007,0.006362989282148195,0.0099294818646723
2007-02-06,1216,9,0.007401315789473684,2385,89,0.03731656184486373,2007,0.006157211120681179,0.010675854821690143
2007-02-07,1220,4,0.003278688524590164,2205,122,0.055328798185941046,2007,0.006180144952329866,0.012382280447496024
2007-02-08,1297,5,0.0038550501156515036,2336,47,0.02011986301369863,2007,0.006081309311115294,0.012729133024143118
2007-02-09,1451,1,0.0006891798759476223,2575,152,0.059029126213592235,2007,0.005615881485246393,0.014634113922992183
2007-02-12,1142,2,0.0017513134851138354,2181,84,0.03851444291609354,2007,0.005422686274372829,0.015616405997279576
2007-02-13,1615,6,0.0037151702786377707,2161,70,0.03239241092086997,2007,0.005546525283660755,0.016544465504274065
2007-02-14,1384,3,0.002167630057803468,2831,112,0.03956199222889439,2007,0.005525408937314896,0.017792934385203487
2007-02-15,1109,10,0.009017132551848512,2055,0,0.0,2007,0.005457558969744933,0.017773441207815575
2007-02-16,991,0,0.0,1845,21,0.011382113821138212,2007,0.005457558969744933,0.017804759472266243
2007-02-20,1180,1,0.000847457627118644,2499,21,0.008403361344537815,2007,0.0054858075573155545,0.017627310318273828
2007-02-21,1034,0,0.0,1984,3,0.0015120967741935483,2007,0.005431957261138926,0.017449611354299257
2007-02-22,1274,9,0.00706436420722135,2157,4,0.0018544274455261937,2007,0.0056674360680463035,0.017143710949054525
2007-02-23,1340,25,0.018656716417910446,2472,12,0.0048543689320388345,2007,0.006264339109063109,0.017179260620526528
2007-02-26,1093,6,0.0054894784995425435,1908,32,0.016771488469601678,2007,0.00638816762929335,0.017283053442894953
2007-02-27,2654,73,0.027505651846269782,4928,11,0.002232142857142857,2007,0.007305022690835676,0.016637813433707998
2007-02-28,1583,0,0.0,4185,5,0.0011947431302270011,2007,0.007305022690835676,0.016320941218805098
2007-03-01,1893,8,0.004226096143687269,4324,69,0.015957446808510637,2007,0.007361128841164561,0.016211830471396477
2007-03-02,2140,174,0.08130841121495327,5282,11,0.0020825444907232107,2007,0.009938075881663004,0.016184490033762627
2007-03-05,1731,22,0.012709416522241479,5159,7,0.0013568521031207597,2007,0.010010023216304348,0.01584212153797518
2007-03-06,1484,19,0.012803234501347708,4449,34,0.007642166779051472,2007,0.010288209289578593,0.015871308634251277
2007-03-07,1360,65,0.04779411764705882,2527,41,0.016224772457459437,2007,0.011408533305709867,0.016256225433659576
2007-03-08,1331,17,0.012772351615326822,2724,30,0.011013215859030838,2007,0.011473267529229185,0.01595219168936329
2007-03-09,1687,116,0.06876111440426794,2429,1,0.0004116920543433512,2007,0.013277261728258712,0.01591490736176897
2007-03-12,1393,8,0.00574300071787509,2657,132,0.049680090327436956,2007,0.013468695085521214,0.017433861491916062
2007-03-13,2046,23,0.011241446725317693,3012,5,0.0016600265604249668,2007,0.013809045715196753,0.01739304186444305
2007-03-14,1984,61,0.030745967741935484,3407,122,0.035808629292632815,2007,0.014833911306594604,0.01853085926943557
2007-03-15,1299,10,0.007698229407236336,2663,0,0.0,2007,0.015054560665117006,0.01853085926943557
2007-03-16,1393,54,0.038765254845656856,2770,5,0.0018050541516245488,2007,0.014322839216056116,0.017340684240194585
2007-03-19,1832,16,0.008733624454148471,2513,0,0.0,2007,0.014583546405890263,0.01686681475738928
2007-03-20,1159,13,0.011216566005176877,2953,1,0.0003386386725364037,2007,0.014865266040778648,0.01581496892184183
2007-03-21,1303,2,0.0015349194167306216,4233,56,0.013229388140798487,2007,0.014669719495020547,0.015012063131706326
2007-03-22,1507,9,0.005972130059721301,3505,8,0.002282453637660485,2007,0.014759500879524916,0.01324385164676364
2007-03-23,1218,14,0.011494252873563218,2929,13,0.004438374871969956,2007,0.015014140971455307,0.012721135375372684
2007-03-26,955,8,0.008376963350785341,3439,6,0.0017446932247746438,2007,0.015270400420616566,0.01081165427574543
2007-03-27,977,49,0.05015353121801433,2605,2,0.0007677543186180423,2007,0.016883807678379915,0.00955343132249625
2007-03-28,1489,24,0.016118200134318333,3366,8,0.0023767082590612004,2007,0.017297242006902597,0.008552907900435955
2007-03-29,819,23,0.028083028083028084,2964,9,0.003036437246963563,2007,0.01816108860774342,0.007335389401038262
2007-03-30,1134,0,0.0,3051,0,0.0,2007,0.017860517522681803,0.007335389401038262
2007-04-02,770,4,0.005194805194805195,2675,6,0.0022429906542056075,2007,0.018033677695841976,0.007030751962140509
2007-04-03,1150,0,0.0,3013,54,0.017922336541652838,2007,0.018005429108271354,0.007348051135377676
2007-04-04,798,22,0.02756892230576441,2171,22,0.010133578995854445,2007,0.01892439318513017,0.007635433876099705
2007-04-05,1100,0,0.0,2715,25,0.009208103130755065,2007,0.01868891437822279,0.007880556398940667
2007-04-09,961,0,0.0,2218,54,0.024346257889990983,2007,0.01806702383095911,0.008530286030872407
2007-04-10,697,11,0.015781922525107604,2234,16,0.007162041181736795,2007,0.018410105298477943,0.00820997112127691
2007-04-11,1247,4,0.0032076984763432237,2426,130,0.05358615004122012,2007,0.017600173519480393,0.009921771360746153
2007-04-12,1117,0,0.0,2378,122,0.051303616484440706,2007,0.017600173519480393,0.011592067139219942
2007-04-13,1529,27,0.01765860039241334,2156,166,0.07699443413729128,2007,0.018047923661104595,0.01362663338351263
2007-04-16,1259,4,0.003177124702144559,2942,312,0.10605030591434399,2007,0.01544354744401097,0.017092225430966657
2007-04-17,2035,28,0.013759213759213759,2787,275,0.0986724076067456,2007,0.01547854068524338,0.020336077281087484
2007-04-18,2418,13,0.005376344086021506,3219,148,0.04597701149425287,2007,0.015230977671399174,0.021613905438260864
2007-04-19,1368,0,0.0,1622,3,0.0018495684340320592,2007,0.013637840416497213,0.021134731970813284
2007-04-20,1770,0,0.0,2318,24,0.010353753235547885,2007,0.013212095362652988,0.021112749883363854
2007-04-23,1553,0,0.0,2692,11,0.004086181277860327,2007,0.010920058215844054,0.021235232857481086
2007-04-24,1492,0,0.0,2956,2,0.0006765899864682003,2007,0.010728624858581552,0.01960178284611546
2007-04-25,1733,3,0.0017311021350259665,3851,15,0.003895092183848351,2007,0.010411613372238494,0.019676285033562904
2007-04-26,1697,7,0.0041249263406010605,3076,15,0.004876462938881665,2007,0.009524245325527345,0.018645212821771204
2007-04-27,1334,0,0.0,2465,16,0.006490872210953347,2007,0.009267637678619468,0.018861575228802982
2007-04-30,1364,0,0.0,3747,0,0.0,2007,0.007975462517097572,0.01880140675708216
2007-05-01,782,0,0.0,3161,5,0.0015817779183802593,2007,0.007684341701959291,0.018854132687694834
2007-05-02,1159,6,0.005176876617773943,2610,6,0.0022988505747126436,2007,0.007483018722379192,0.018919473084434046
2007-05-03,1312,0,0.0,2355,17,0.007218683651804671,2007,0.007431854741821505,0.018719116268134252
2007-05-04,1665,8,0.004804804804804805,2341,17,0.007261853908586074,2007,0.007392943899990956,0.018885096277165107
2007-05-07,1192,1,0.0008389261744966443,2588,19,0.007341576506955177,2007,0.007037766343355403,0.018981869664997944
2007-05-08,1354,0,0.0,2766,50,0.018076644974692697,2007,0.006758534231662559,0.01952626805666188
2007-05-09,952,0,0.0,2419,50,0.02066969822240595,2007,0.005086749857728748,0.020189666186788142
2007-05-10,1495,3,0.002006688963210702,1996,5,0.00250501002004008,2007,0.004616366152025161,0.02019394291215411
2007-05-11,1096,0,0.0,1942,35,0.018022657054582905,2007,0.0036802652159242237,0.020693483572408085
2007-05-14,1400,0,0.0,1568,16,0.01020408163265306,2007,0.0036802652159242237,0.021033619626829855
2007-05-15,1298,0,0.0,1906,42,0.022035676810073453,2007,0.0035071050427640505,0.02169337583202545
2007-05-16,1219,0,0.0,2567,45,0.01753019088430074,2007,0.0035071050427640505,0.02168030431011371
2007-05-17,1194,0,0.0,1848,5,0.0027056277056277055,2007,0.0025881409659052374,0.02143270593377282
2007-05-18,1161,0,0.0,1846,4,0.0021668472372697724,2007,0.0025881409659052374,0.021197997403989977
2007-05-21,1527,1,0.0006548788474132286,2693,3,0.0011139992573338284,2007,0.0026099702608190114,0.020423588782901406
2007-05-22,1247,0,0.0,2573,8,0.003109211037699184,2007,0.0020839061766487576,0.020288494444766818
2007-05-23,1088,7,0.006433823529411764,3145,10,0.003179650238473768,2007,0.0021914436784177095,0.018608277784675272
2007-05-24,1675,12,0.007164179104477612,3630,5,0.0013774104683195593,2007,0.0024302496485669625,0.016944070917471233
2007-05-25,1102,1,0.0009074410163339383,2413,7,0.002900953170327393,2007,0.0018718776693643162,0.01447428821857244
2007-05-29,1250,1,0.0008,2049,1,0.0004880429477794046,2007,0.001792640179292831,0.010955546119686953
2007-05-30,1612,1,0.0006203473945409429,2483,29,0.011679420056383408,2007,0.0013546779671370704,0.008055779868008213
2007-05-31,1711,0,0.0,2359,1,0.000423908435777872,2007,0.0011754664976030202,0.006537343099392381
2007-06-01,1545,0,0.0,2442,12,0.004914004914004914,2007,0.0011754664976030202,0.006639490982058141
2007-06-04,1141,2,0.0017528483786152498,3287,33,0.010039549741405538,2007,0.001233894776890195,0.006629017532253396
2007-06-05,1834,4,0.0021810250817884407,2848,21,0.007373595505617977,2007,0.0013065956129498099,0.0067385980065119856
2007-06-06,1934,16,0.008273009307135471,3804,24,0.006309148264984227,2007,0.0015823625898543257,0.006926349949129186
2007-06-07,1742,1,0.000574052812858783,5451,7,0.001284168042560998,2007,0.0015437942791154194,0.006839319144419607
2007-06-08,1840,8,0.004347826086956522,3435,54,0.01572052401746725,2007,0.0015512242706606017,0.007200787847039127
2007-06-11,1769,0,0.0,2876,4,0.0013908205841446453,2007,0.0015512242706606017,0.007030786126145504
2007-06-12,1636,0,0.0,4397,67,0.01523766204230157,2007,0.0015512242706606017,0.007538708194222222
2007-06-13,1364,0,0.0,3218,56,0.01740211311373524,2007,0.0015512242706606017,0.008066052700734055
2007-06-14,1141,0,0.0,2111,0,0.0,2007,0.0013786617167348034,0.007989424348243634
2007-06-15,1785,14,0.00784313725490196,3544,1,0.0002821670428893905,2007,0.0016400996252315355,0.007758207127946459
2007-06-18,1287,1,0.000777000777000777,2677,1,0.00037355248412401944,2007,0.0015058394909714013,0.007528597080464389
2007-06-19,1146,44,0.038394415357766144,2428,1,0.00041186161449752884,2007,0.002757689130413718,0.0072976065840491345
2007-06-20,1306,15,0.011485451761102604,3884,1,0.00025746652935118434,2007,0.0031405375224504714,0.006703633969204417
2007-06-21,1208,6,0.004966887417218543,3538,3,0.0008479366873940079,2007,0.003306100436357756,0.006042908584704019
2007-06-22,1454,6,0.0041265474552957355,2839,3,0.0010567101091933778,2007,0.0033767623860939244,0.0059946319210091295
2007-06-25,1530,11,0.00718954248366013,2721,30,0.011025358324145534,2007,0.003616413802215929,0.00576138862999455
2007-06-26,1419,4,0.0028188865398167725,3465,54,0.015584415584415584,2007,0.0037103766868764876,0.005940733095053301
2007-06-27,1810,0,0.0,3264,5,0.0015318627450980392,2007,0.0037103766868764876,0.005257272626220787
2007-06-28,1185,3,0.002531645569620253,2404,0,0.0,2007,0.003794764872530496,0.004672932930077429
2007-06-29,1353,0,0.0,2993,0,0.0,2007,0.003794764872530496,0.0045827453398898385
2007-07-02,969,1,0.0010319917440660474,3121,6,0.0019224607497596924,2007,0.0038291645973326975,0.004574599123639503
2007-07-03,1031,11,0.01066925315227934,1886,9,0.004772004241781549,2007,0.0041629770741615675,0.004696532623121094
2007-07-05,1410,54,0.03829787234042553,2530,6,0.0023715415019762848,2007,0.0054395728188424185,0.004671943638596996
2007-07-06,1377,41,0.029774872912127815,2797,15,0.005362888809438684,2007,0.006217607798266287,0.00474471825762916
2007-07-09,1134,40,0.03527336860670194,2523,16,0.006341656757827983,2007,0.007154580781673764,0.004910193133946108
2007-07-10,1075,9,0.008372093023255815,3460,2,0.0005780346820809249,2007,0.007403402515237827,0.004832762517671225
2007-07-11,1484,12,0.008086253369272238,2376,12,0.005050505050505051,2007,0.0076462776275469015,0.00498484458776208
2007-07-12,1762,46,0.026106696935300794,3890,57,0.014652956298200515,2007,0.008495822612238895,0.005083962462489318
2007-07-13,1749,23,0.013150371640937679,4015,20,0.0049813200498132005,2007,0.008934168333603486,0.005235876182957161
2007-07-16,1736,5,0.002880184331797235,3051,51,0.01671583087512291,2007,0.009030174477996727,0.005629270381661095
2007-07-17,1326,5,0.003770739064856712,2489,61,0.02450783447167537,2007,0.009097437500871443,0.006111546539336756
2007-07-18,1419,5,0.0035236081747709656,3648,162,0.044407894736842105,2007,0.009142190270637526,0.007346023180377559
2007-07-19,1010,0,0.0,2256,0,0.0,2007,0.00886642329373301,0.0071357182382114194
2007-07-20,1025,0,0.0,2824,1,0.0003541076487252125,2007,0.00884728819997105,0.00710471622508356
2007-07-23,1284,7,0.005451713395638629,2699,2,0.0007410151908114116,2007,0.008884084443593789,0.006605399264195031
2007-07-24,1718,0,0.0,3223,0,0.0,2007,0.008884084443593789,0.006559038578056877
2007-07-25,1823,3,0.0016456390565002743,4031,6,0.0014884644008930786,2007,0.008938939078810465,0.006100731990009928
2007-07-26,2440,103,0.04221311475409836,5330,0,0.0,2007,0.010346042903947077,0.005520661552885419
2007-07-27,2038,1,0.0004906771344455348,6269,4,0.000638060296698038,2007,0.010362398808428595,0.005541930229442021
2007-07-30,1900,3,0.0015789473684210526,3925,7,0.0017834394904458599,2007,0.010153592478879231,0.005591972644360569
2007-07-31,1481,0,0.0,3992,0,0.0,2007,0.010127692452979205,0.005579520894889768
2007-08-01,1520,3,0.001973684210526316,5433,11,0.0020246640898214613,2007,0.008913668081404544,0.005633280977400567
2007-08-02,1292,0,0.0,3038,8,0.0026333113890717576,2007,0.00853081968936779,0.005712475806057919
2007-08-03,1746,3,0.001718213058419244,3857,0,0.0,2007,0.008422530544074481,0.0056842112498114526
2007-08-06,2210,36,0.016289592760180997,4418,7,0.0015844273426889996,2007,0.008827965387570656,0.005701801824261306
2007-08-07,2339,40,0.017101325352714837,4149,17,0.0040973728609303445,2007,0.00915835814987248,0.005470868975487467
2007-08-08,2591,13,0.005017367811655731,4665,56,0.012004287245444802,2007,0.009231640858933778,0.00535153136418844
2007-08-09,1838,88,0.04787812840043525,5661,22,0.0038862391803568272,2007,0.01082757847228162,0.005430010578697067
2007-08-10,2096,31,0.014790076335877863,5825,4,0.0006866952789699571,2007,0.011236192831156875,0.0054529004213293986
2007-08-13,1273,28,0.02199528672427337,3569,18,0.0050434295320818156,2007,0.011969369055299321,0.005621014739065459
2007-08-14,1783,14,0.007851934941110488,3126,0,0.0,2007,0.0121967004952008,0.005556932714073469
2007-08-15,1743,11,0.006310958118187034,3840,11,0.002864583333333333,2007,0.012051423994064392,0.005493352017125195
2007-08-16,2373,21,0.008849557522123894,5163,6,0.0011621150493898896,2007,0.011069813500121001,0.005453037802038983
2007-08-17,1929,2,0.0010368066355624676,4023,3,0.0007457121551081282,2007,0.010111877957568825,0.005299131913561297
2007-08-20,1144,2,0.0017482517482517483,3290,2,0.0006079027355623101,2007,0.00899437406228715,0.005108006779485775
2007-08-21,1075,2,0.0018604651162790699,3181,0,0.0,2007,0.00877731979872126,0.005088738956749744
2007-08-22,1672,21,0.012559808612440191,4205,4,0.0009512485136741974,2007,0.008926438306826857,0.004952097072188716
2007-08-23,1176,11,0.00935374149659864,3126,6,0.0019193857965451055,2007,0.00836800645887012,0.004527644722133535
2007-08-24,1591,26,0.016341923318667503,2209,27,0.012222725215029425,2007,0.008474391514794448,0.00476902489430741
2007-08-27,1152,7,0.006076388888888889,3022,2,0.0006618133686300463,2007,0.008580931666697501,0.004233890977424314
2007-08-28,1337,3,0.002243829468960359,3042,4,0.0013149243918474688,2007,0.008530034680167624,0.003460793974763384
2007-08-29,1573,3,0.0019071837253655435,3910,6,0.001534526854219949,2007,0.008476153865187443,0.002031681712009312
2007-08-30,1316,10,0.007598784194528876,2504,2,0.0007987220447284345,2007,0.008729446671671741,0.0020583057801669266
2007-08-31,1843,3,0.0016277807921866521,3250,0,0.0,2007,0.008783706031411294,0.002046502191876086
2007-09-04,1844,3,0.0016268980477223427,4443,13,0.002925950934053567,2007,0.008656212186480751,0.002119333383317491
2007-09-05,1373,2,0.0014566642388929353,3595,4,0.0011126564673157164,2007,0.008704767661110514,0.002156421932228015
2007-09-06,1053,1,0.000949667616334283,2767,5,0.0018070112034694614,2007,0.008681568613104982,0.002167040158980561
2007-09-07,1805,4,0.00221606648199446,5250,4,0.0007619047619047619,2007,0.007348333670701519,0.0021924369843773868
2007-09-10,1263,1,0.000791765637371338,3307,1,0.0003023888720895071,2007,0.007358369954132379,0.0021812479368904358
2007-09-11,1431,0,0.0,3613,13,0.0035981179075560477,2007,0.0073057383751850115,0.0022417372174607752
2007-09-12,1359,0,0.0,3284,21,0.006394640682095006,2007,0.0073057383751850115,0.002454891906863942
2007-09-13,1789,3,0.0016769144773616546,3879,13,0.003351379221448827,2007,0.007295846050746189,0.0024991157445848544
2007-09-14,1413,2,0.0014154281670205238,3482,13,0.003733486502010339,2007,0.007343026989646872,0.002535788248349474
2007-09-17,1405,24,0.01708185053380783,3458,73,0.021110468478889532,2007,0.007855148238826493,0.003239470530979125
2007-09-18,1894,0,0.0,4299,75,0.017445917655268667,2007,0.007312161813487126,0.0037681868747317807
2007-09-19,2188,9,0.004113345521023766,5742,183,0.03187042842215256,2007,0.006879229152430757,0.004693955393439188
2007-09-20,1328,3,0.002259036144578313,2752,2,0.0007267441860465116,2007,0.006787284763528177,0.004318037291459244
2007-09-21,826,13,0.015738498789346248,3044,21,0.006898817345597897,2007,0.005715963776491876,0.004418456563633947
2007-09-24,1229,5,0.0040683482506102524,2935,2,0.0006814310051107325,2007,0.0053585728403162895,0.004418281087838639
2007-09-25,1229,0,0.0,3152,2,0.0006345177664974619,2007,0.004625396616173843,0.00427131736231916
2007-09-26,1220,6,0.004918032786885246,3090,19,0.006148867313915857,2007,0.004527599877699668,0.0044762796061163556
2007-09-27,1219,0,0.0,2652,5,0.001885369532428356,2007,0.004317234607093434,0.004443639146086189
2007-09-28,853,1,0.0011723329425556857,2500,2,0.0008,2007,0.004061327121107827,0.004431568644439861
2007-10-01,1507,21,0.013934970139349702,3713,5,0.00134661998384056,2007,0.004491265904567401,0.004451598905397609
2007-10-02,1052,2,0.0019011406844106464,3193,3,0.0009395552771688068,2007,0.004496362202439365,0.004462653990117824
2007-10-03,842,9,0.010688836104513063,2418,2,0.0008271298593879239,2007,0.004790641235380497,0.004490224985430755
2007-10-04,943,19,0.02014846235418876,2292,4,0.0017452006980802793,2007,0.005043596360105451,0.004516690058244292
2007-10-05,1471,7,0.004758667573079538,3048,12,0.003937007874015748,2007,0.00489042722932148,0.004583944127493314
2007-10-08,964,3,0.0031120331950207467,2772,20,0.007215007215007215,2007,0.004449430891866588,0.00441702019415924
2007-10-09,1183,1,0.0008453085376162299,3280,44,0.013414634146341463,2007,0.004275061546824166,0.004842114220082954
2007-10-10,1301,0,0.0,3282,42,0.012797074954296161,2007,0.0042002672311921545,0.005224852572164577
2007-10-11,2246,15,0.006678539626001781,5107,382,0.07479929508517721,2007,0.004359312427880029,0.007667011513196485
2007-10-12,1371,6,0.00437636761487965,2502,357,0.14268585131894485,2007,0.004251898541891721,0.012396582489003697
2007-10-15,1548,19,0.01227390180878553,3468,230,0.06632064590542099,2007,0.004606769242445018,0.014607270685851066
2007-10-16,1594,0,0.0,3749,184,0.049079754601226995,2007,0.00455253930752094,0.01614573080809018
2007-10-17,1544,8,0.0051813471502590676,3875,466,0.12025806451612903,2007,0.004676695404566477,0.020117244409717287
2007-10-18,683,0,0.0,1862,3,0.001611170784103115,2007,0.004645039817355335,0.02011071639573841
2007-10-19,1388,4,0.002881844380403458,3534,4,0.0011318619128466328,2007,0.004667232413968967,0.020123048300769806
2007-10-22,1598,1,0.0006257822277847309,3840,1,0.00026041666666666666,2007,0.004661699633649414,0.020121649227255716
2007-10-23,1447,50,0.03455425017277125,2461,0,0.0,2007,0.005813507972741789,0.020001711963670513
2007-10-24,1528,40,0.02617801047120419,3476,3,0.0008630609896432681,2007,0.006686108321781929,0.019817325973922117
2007-10-25,1123,0,0.0,3040,1,0.0003289473684210526,2007,0.00663021117253654,0.01971657824548786
2007-10-26,1449,5,0.003450655624568668,3067,2,0.0006521030322791001,2007,0.006698052087788145,0.019613865463163484
2007-10-29,1322,0,0.0,2822,14,0.004961020552799433,2007,0.00612865706999455,0.019075550532293817
2007-10-30,1027,3,0.0029211295034079843,3428,0,0.0,2007,0.006226028053441483,0.01849401994378486
2007-10-31,1388,0,0.0,3757,8,0.002129358530742614,2007,0.006088916536074024,0.017502650947404528
2007-11-01,1774,29,0.016347237880496055,4975,13,0.0026130653266331657,2007,0.006558523260604617,0.017565528318757417
2007-11-02,1770,39,0.022033898305084745,3456,12,0.003472222222222222,2007,0.006768369911129233,0.01745130848131156
2007-11-05,1549,9,0.005810200129115558,4098,6,0.0014641288433382138,2007,0.006826431640412743,0.017477398409252477
2007-11-06,971,0,0.0,2742,2,0.0007293946024799417,2007,0.006826431640412743,0.017480560970451895
2007-11-07,2041,3,0.0014698677119059284,4527,20,0.004417936823503424,2007,0.006711492804580098,0.017422863287438143
2007-11-08,2299,9,0.0039147455415398,7143,0,0.0,2007,0.006841984322631426,0.017360017636357198
2007-11-09,2091,1,0.00047824007651841227,5799,0,0.0,2007,0.006818847893763517,0.017333350969690534
2007-11-12,2082,26,0.012487992315081652,5102,0,0.0,2007,0.006770615299621248,0.01728846363689585
2007-11-13,1713,3,0.0017513134851138354,4986,24,0.0048134777376654635,2007,0.006765621059644688,0.01741759438557907
2007-11-14,1535,0,0.0,2649,22,0.008305020762551907,2007,0.006409326522827585,0.017666857415684536
2007-11-15,800,0,0.0,2818,0,0.0,2007,0.005737711111021293,0.01760868405908186
2007-11-16,1059,3,0.0028328611898017,2870,2,0.0006968641114982578,2007,0.005673517564912032,0.017500679266997946
2007-11-19,2036,6,0.0029469548133595285,4574,2,0.00043725404459991256,2007,0.005668014952189992,0.017274754161317702
2007-11-20,1937,6,0.003097573567372225,4511,2,0.0004433606739082243,2007,0.0057430904531818585,0.016842378378903258
2007-11-21,1926,7,0.0036344755970924196,5176,1,0.00019319938176197836,2007,0.005864239639751605,0.01642224919315212
2007-11-23,1547,5,0.003232062055591467,2823,0,0.0,2007,0.0057493570540712614,0.013928939356979546
2007-11-26,2390,4,0.0016736401673640166,6445,0,0.0,2007,0.005659266139154074,0.009172744313014717
2007-11-27,1997,2,0.00100150225338007,4681,0,0.0,2007,0.0052835194873072245,0.006962056116167351
2007-11-28,2628,3,0.001141552511415525,5513,3,0.0005441683294032287,2007,0.0053215712376877425,0.0053442032404398924
2007-11-29,1868,4,0.0021413276231263384,3766,1,0.0002655337227827934,2007,0.005220237253449985,0.0013444522139950178
2007-11-30,2548,0,0.0,4363,0,0.0,2007,0.005220237253449985,0.0012907465211915805
2007-12-03,1459,2,0.0013708019191226869,2735,2,0.0007312614259597807,2007,0.005169869171407293,0.0012773931716286856
2007-12-04,1561,0,0.0,3933,1,0.0002542588354945334,2007,0.005149009763814469,0.0012771879105896143
2007-12-05,2199,3,0.001364256480218281,3931,3,0.0007631645891630628,2007,0.00404267664072937,0.001302626730228383
2007-12-06,2764,0,0.0,4008,6,0.0014970059880239522,2007,0.0031700762916892296,0.001323758230174406
2007-12-07,1919,2,0.0010422094841063053,3707,3,0.0008092797410304828,2007,0.0032048166078261064,0.001339769309261387
2007-12-10,2162,0,0.0,4066,1,0.00024594195769798326,2007,0.0030897947536738177,0.0013262306067753499
2007-12-11,2288,58,0.025349650349650348,6265,13,0.0020750199521149242,2007,0.0039347830986621625,0.0012300305867525329
2007-12-12,2468,24,0.009724473257698542,3871,22,0.005683285972616895,2007,0.004161561223805181,0.0014194734525064293
2007-12-13,1504,0,0.0,3828,0,0.0,2007,0.004161561223805181,0.0013484948348150088
2007-12-14,1825,11,0.006027397260273973,4267,20,0.004687133817670494,2007,0.003817566536464445,0.0014176304511829198
2007-12-17,2546,16,0.006284367635506678,5055,6,0.0011869436201780415,2007,0.003292582180811843,0.001341454497781447
2007-12-18,2390,19,0.007949790794979079,3592,15,0.0041759465478841875,2007,0.0033639018696739603,0.001431848421266313
2007-12-19,1976,7,0.00354251012145749,3911,13,0.0033239580669905395,2007,0.0034819855403892103,0.0015183338700833328
2007-12-20,1861,8,0.004298764105319721,2321,3,0.0012925463162429987,2007,0.0035762820868363364,0.0014141541865079854
2007-12-21,2727,7,0.002566923359002567,3148,1,0.0003176620076238882,2007,0.003531354680751762,0.0014247429200954483
2007-12-24,1339,17,0.012696041822255415,1835,0,0.0,2007,0.003938614738942995,0.0014247429200954483
2007-12-26,869,6,0.006904487917146145,2363,10,0.004231908590774439,2007,0.0037524979256784784,0.0015658065397879295
2007-12-27,847,3,0.0035419126328217238,2500,1,0.0004,2007,0.0038121845639354085,0.0014186906151990807
2007-12-28,812,6,0.007389162561576354,3482,4,0.0011487650775416428,2007,0.00405848998265462,0.001180148759032072
2007-12-31,1156,2,0.0017301038062283738,3063,0,0.0,2007,0.004116160109528899,0.001180148759032072
2008-01-02,3325,98,0.029473684210526315,4143,1,0.0002413709872073377,2008,0.0050041875435530535,0.0011649656548890412
2008-01-03,1759,14,0.007959067652075043,2752,0,0.0,2008,0.005171257971510236,0.001150390520069044
2008-01-04,3306,52,0.01572897761645493,5658,7,0.0012371862849063274,2008,0.0055923047731463275,0.0011768513737689809
2008-01-07,2913,0,0.0,5185,0,0.0,2008,0.00547115558657658,0.0011704113943769151
2008-01-08,3762,28,0.007442849548112706,4923,7,0.001421897217144018,2008,0.005611515169660621,0.0012178079682817157
2008-01-09,4067,12,0.0029505778214900416,6783,20,0.002948547840188707,2008,0.005654079758131489,0.0013160928962880059
2008-01-10,2846,49,0.017217146872803936,5389,31,0.005752458712191501,2008,0.006194601245445617,0.0015078415200277225
2008-01-11,2665,10,0.00375234521575985,4444,18,0.004050405040504051,2008,0.0062816276689237616,0.0016247160770644165
2008-01-14,2106,0,0.0,3801,45,0.011838989739542225,2008,0.006210250081486217,0.002010497944289731
2008-01-15,2672,5,0.0018712574850299401,3978,35,0.008798391151332328,2008,0.006272625330987215,0.002303777649334142
2008-01-16,3770,77,0.02042440318302387,7614,53,0.006960861570790649,2008,0.006907745373117254,0.002511430987495171
2008-01-17,4191,85,0.02028155571462658,5452,0,0.0,2008,0.0075837972302714735,0.0025029556929786864
2008-01-18,3982,92,0.023103967855349072,8195,0,0.0,2008,0.008308454276109167,0.0024775168733399177
2008-01-22,5337,417,0.07813378302417089,10144,9,0.000887223974763407,2008,0.010912913710248195,0.0024571908062312325
2008-01-23,5286,18,0.00340522133938706,7637,7,0.0009165902841429881,2008,0.010991680772090888,0.002460767824334983
2008-01-24,4254,13,0.0030559473436765397,5741,0,0.0,2008,0.011093545683546773,0.002452569759078384
2008-01-25,2904,9,0.0030991735537190084,5329,1,0.00018765246762994934,2008,0.010351863123682395,0.002389657509595551
2008-01-28,2609,15,0.005749329244921426,5136,11,0.002141744548286604,2008,0.010219358323256492,0.0022716061287845414
2008-01-29,2222,0,0.0,4041,3,0.0007423904974016332,2008,0.010219358323256492,0.002296352478697929
2008-01-30,2829,67,0.02368328031106398,5491,2,0.00036423238025860496,2008,0.010807887758282822,0.0021522557641175328
2008-01-31,1423,4,0.0028109627547434997,3709,22,0.005931517929361013,2008,0.010692107595590718,0.0023104082410902982
2008-02-01,2908,4,0.001375515818431912,6521,10,0.0015335071308081583,2008,0.010472965096372478,0.002222326927187764
2008-02-04,2049,0,0.0,4343,0,0.0,2008,0.010354881425657231,0.002111528324954746
2008-02-05,2915,8,0.0027444253859348197,4568,1,0.00021891418563922942,2008,0.010303070135011066,0.002075740587267954
2008-02-06,2212,4,0.0018083182640144665,3962,0,0.0,2008,0.010277783298511462,0.0020651518536804908
2008-02-07,2290,0,0.0,4341,1,0.000230361667818475,2008,0.009854581904436282,0.0020728305759411068
2008-02-08,1952,6,0.0030737704918032786,4808,3,0.0006239600665557404,2008,0.009726891323591521,0.001952565625133817
2008-02-11,2162,30,0.013876040703052728,5076,11,0.0021670606776989757,2008,0.010071362259265887,0.0020114676477237825
2008-02-12,2340,19,0.00811965811965812,4413,24,0.005438477226376614,2008,0.010095712111201947,0.0021544580526849486
2008-02-13,1578,5,0.0031685678073510772,3918,7,0.0017866258295048494,2008,0.01014366091123937,0.0022140122470017767
2008-02-14,1065,0,0.0,2418,0,0.0,2008,0.009161204770888493,0.002205966547428199
2008-02-15,1119,0,0.0,3130,0,0.0,2008,0.008895902515819324,0.002205966547428199
2008-02-19,2064,0,0.0,3197,3,0.0009383797309978105,2008,0.008371603261937494,0.002196006328964582
2008-02-20,1970,77,0.03908629441624366,3529,0,0.0,2008,0.00967447974247895,0.002196006328964582
2008-02-21,2058,11,0.005344995140913508,3152,0,0.0,2008,0.009604551262238975,0.002148609755059781
2008-02-22,2430,25,0.0102880658436214,3238,5,0.0015441630636195182,2008,0.009849134196310023,0.0021017969291741417
2008-02-25,2221,40,0.018009905447996397,3999,10,0.002500625156289072,2008,0.009875559482149769,0.001993402477310727
2008-02-26,3367,16,0.004752004752004752,5750,1,0.00017391304347826088,2008,0.009908881466691267,0.0018641860774098675
2008-02-27,1982,0,0.0,3802,3,0.0007890583903208837,2008,0.009908881466691267,0.0014958550324358226
2008-02-28,1408,0,0.0,3656,0,0.0,2008,0.009846506217190269,0.001202575327391412
2008-02-29,2796,0,0.0,6372,0,0.0,2008,0.009165692777756139,0.0009705466083650569
2008-03-03,2639,3,0.0011367942402425162,5245,0,0.0,2008,0.008527534061943337,0.0009705466083650569
2008-03-04,3388,2,0.0005903187721369539,6197,0,0.0,2008,0.007777079092502933,0.0009705466083650569
2008-03-05,2440,0,0.0,3706,0,0.0,2008,0.005172619658363904,0.0009409724758729434
2008-03-06,2253,0,0.0,6404,0,0.0,2008,0.005059112280384335,0.0009104194664015104
2008-03-07,3672,11,0.0029956427015250544,8073,0,0.0,2008,0.005057102125645952,0.0009104194664015104
2008-03-10,3960,4,0.00101010101010101,5633,0,0.0,2008,0.004987466374192019,0.0009041643841471787
2008-03-11,3808,2,0.0005252100840336134,6382,2,0.00031338138514572234,2008,0.004813329068829092,0.000843218945375816
2008-03-12,2722,17,0.006245407788390889,4595,7,0.0015233949945593036,2008,0.005021509328442122,0.0008692524286144051
2008-03-13,3362,20,0.00594883997620464,7328,2,0.0002729257641921397,2008,0.004430361317280143,0.0008662088747455228
2008-03-14,3463,56,0.016170950043315046,8473,58,0.006845273220819072,2008,0.004875694226899195,0.0008966673844607914
2008-03-17,4297,125,0.02909006283453572,10412,29,0.0027852477910103725,2008,0.005799512460769322,0.0009383920731341986
2008-03-18,3325,35,0.010526315789473684,7362,84,0.011409942950285249,2008,0.006150389653751778,0.0013187235048103736
2008-03-19,2908,19,0.006533700137551582,7721,50,0.006475845097785261,2008,0.0062766988121390034,0.0015272878685485746
2008-03-20,1843,1,0.0005425935973955507,5690,13,0.0022847100175746923,2008,0.006234507989918372,0.0016034448691343976
2008-03-24,2665,0,0.0,5808,11,0.001893939393939394,2008,0.006234507989918372,0.001658897460005095
2008-03-25,2554,1,0.00039154267815191856,4486,0,0.0,2008,0.006145100396129994,0.0016380987911199037
2008-03-26,1568,11,0.00701530612244898,3625,2,0.0005517241379310345,2008,0.005916409243443202,0.0015842542397943055
2008-03-27,1729,4,0.002313475997686524,3740,1,0.00026737967914438503,2008,0.005722869839377482,0.0014118843215532313
2008-03-28,1957,3,0.0015329586101175269,3240,0,0.0,2008,0.0056683495328030305,0.001352330127236403
2008-03-31,1399,0,0.0,3479,4,0.0011497556769186547,2008,0.0056683495328030305,0.0013906553164670247
2008-04-01,4010,0,0.0,4926,9,0.0018270401948842874,2008,0.0056683495328030305,0.001451556656296501
2008-04-02,3215,2,0.0006220839813374805,4415,6,0.0013590033975084937,2008,0.00568908566551428,0.0014655774451801905
2008-04-03,1663,0,0.0,3013,3,0.0009956853634251576,2008,0.0043862091849728255,0.0014987669572943626
2008-04-04,2216,1,0.0004512635379061372,3761,0,0.0,2008,0.004223084798205912,0.0014987669572943626
2008-04-07,2097,1,0.0004768717215069146,5041,14,0.0027772267407260463,2008,0.0038960449941354293,0.00153986907986458
2008-04-08,1522,6,0.003942181340341655,3171,18,0.005676442762535478,2008,0.003427120857213605,0.0016457296667394602
2008-04-09,1719,1,0.0005817335660267597,3295,5,0.0015174506828528073,2008,0.0032881118176810047,0.0016905142547186118
2008-04-10,1690,1,0.000591715976331361,3476,5,0.0014384349827387803,2008,0.0033078356835587173,0.0017121601411325415
2008-04-11,2324,2,0.0008605851979345956,4214,9,0.0021357380161366873,2008,0.003336521856823204,0.001783351408337098
2008-04-14,1894,17,0.00897571277719113,2871,17,0.0059212817833507484,2008,0.0036357122827295747,0.0019807274677821228
2008-04-15,1838,0,0.0,2375,0,0.0,2008,0.0035978191413881576,0.0019807274677821228
2008-04-16,2126,17,0.00799623706491063,4813,104,0.021608144608352378,2008,0.0038446830844806137,0.0027009989547272023
2008-04-17,1446,0,0.0,2336,2,0.0008561643835616438,2008,0.0038446830844806137,0.0027295377675125906
2008-04-18,2887,5,0.0017319016279875303,4986,11,0.002206177296430004,2008,0.0039024131387468642,0.0028030770107269234
2008-04-21,2991,0,0.0,3987,5,0.001254075746175069,2008,0.0038025583820293623,0.002844879535599426
2008-04-22,1721,1,0.0005810575246949448,3415,0,0.0,2008,0.003788256932515827,0.002844879535599426
2008-04-23,1184,2,0.0016891891891891893,3709,6,0.0016176867080075492,2008,0.0038270562360210128,0.00288835637969482
2008-04-24,2020,4,0.0019801980198019802,3815,13,0.0034076015727391874,2008,0.003684882577068049,0.0029511632656341494
2008-04-25,1775,2,0.0011267605633802818,3548,6,0.0016910935738444193,2008,0.0035241465966405704,0.0029984355259558924
2008-04-28,1730,2,0.0011560693641618498,3900,5,0.001282051282051282,2008,0.003023650574002131,0.0028129947946636323
2008-04-29,1721,0,0.0,3760,5,0.0013297872340425532,2008,0.00205398181285094,0.002764479442764706
2008-04-30,2132,9,0.004221388367729831,4515,3,0.000664451827242525,2008,0.0018438175654594785,0.0024062964053299476
2008-05-01,2328,4,0.001718213058419244,4386,32,0.00729594163246694,2008,0.0016833013294884004,0.002433632956486004
2008-05-02,2837,29,0.010222065562213606,4178,21,0.005026328386787937,2008,0.0020059503949823357,0.0025250202354597786
2008-05-05,1198,7,0.005843071786310518,3597,86,0.023908812899638587,2008,0.0022007194545260195,0.0032588493523164185
2008-05-06,2432,1,0.00041118421052631577,4172,65,0.01558005752636625,2008,0.002201374172271833,0.003778184603195294
2008-05-07,2208,25,0.011322463768115942,5139,11,0.0021404942595835766,2008,0.0023449460937940646,0.003831143607250378
2008-05-08,1680,1,0.0005952380952380953,3190,20,0.006269592476489028,2008,0.0022876714970457837,0.004031217367161866
2008-05-09,1698,4,0.002355712603062426,4028,63,0.01564051638530288,2008,0.002315096630143947,0.004552567913338629
2008-05-12,1628,8,0.004914004914004914,3111,63,0.020250723240115717,2008,0.002478896793944111,0.005189266832111864
2008-05-13,1518,3,0.001976284584980237,2981,34,0.011405568601140557,2008,0.0025447729467767853,0.005508551112320407
2008-05-14,1468,0,0.0,4307,80,0.01857441374506617,2008,0.0025240368140655362,0.006082398123905663
2008-05-15,1529,0,0.0,2122,19,0.008953817153628653,2008,0.0025240368140655362,0.006347669183579112
2008-05-16,1649,12,0.0072771376591873865,3711,11,0.0029641606036108865,2008,0.002751565951441578,0.0064464745370328095
2008-05-19,2396,24,0.01001669449081803,5194,8,0.0015402387370042356,2008,0.0030695600437519485,0.006405241603575415
2008-05-20,2062,19,0.00921435499515034,4122,7,0.001698204754973314,2008,0.0032452991655789044,0.006272633669990009
2008-05-21,2181,4,0.0018340210912425492,5067,3,0.0005920663114268798,2008,0.003287042083086098,0.006241787524275812
2008-05-22,1539,5,0.003248862897985705,4127,3,0.000726920281075842,2008,0.0033756136471412425,0.006218070367553714
2008-05-23,2624,107,0.040777439024390245,4829,1,0.0002070822116380203,2008,0.0047061754413564305,0.006153781840737092
2008-05-27,2033,46,0.02262666010821446,3892,5,0.0012846865364850976,2008,0.005161207019057209,0.00599922866584157
2008-05-28,1880,56,0.029787234042553193,3695,7,0.0018944519621109607,2008,0.006154114820475649,0.006062377064578602
2008-05-29,2058,17,0.00826044703595724,3724,7,0.0018796992481203006,2008,0.006162921819510535,0.005404762219237533
2008-05-30,1656,2,0.0012077294685990338,3052,16,0.005242463958060288,2008,0.006203179468463836,0.005550972205054155
2008-06-02,2072,72,0.03474903474903475,3214,6,0.001866832607342875,2008,0.007303750572498743,0.005539660715417917
2008-06-03,1830,115,0.06284153005464481,4620,1,0.00021645021645021645,2008,0.009398468240986902,0.005505073197760421
2008-06-04,1475,16,0.010847457627118645,3795,24,0.006324110671936759,2008,0.00974068157773436,0.005715876886824981
2008-06-05,2361,62,0.02626005929690809,3563,19,0.005332584900364861,2008,0.01055971058132499,0.005839706826570224
2008-06-06,3328,132,0.039663461538461536,6331,0,0.0,2008,0.011815819365280308,0.005726120107478917
2008-06-09,2829,69,0.024390243902439025,4747,6,0.0012639561828523278,2008,0.0125912688099156,0.005711882194445847
2008-06-10,2203,23,0.01044030866999546,4029,9,0.0022338049143708115,2008,0.012900743453443388,0.005743607315523165
2008-06-11,2939,5,0.001701258931609391,6228,14,0.00224791265253693,2008,0.012957452084497034,0.0057742114961396454
2008-06-12,2965,22,0.007419898819561552,3961,16,0.004039383993940924,2008,0.013064069099558092,0.005886709235029592
2008-06-13,2889,166,0.057459328487365874,3294,17,0.0051608986035215545,2008,0.014922106280522979,0.005815541134064745
2008-06-16,2236,25,0.011180679785330949,3292,4,0.001215066828675577,2008,0.014954060087960222,0.005688499082127666
2008-06-17,2077,29,0.013962445835339432,4431,80,0.018054615211013314,2008,0.01522470588959452,0.005493359159173491
2008-06-18,2549,22,0.008630835621812475,3752,71,0.018923240938166313,2008,0.015498694269970727,0.0056047986062334925
2008-06-19,2752,24,0.00872093023255814,3814,3,0.0007865757734661773,2008,0.015411976485452132,0.005559667990029579
2008-06-20,3270,64,0.019571865443425075,5324,25,0.004695717505634861,2008,0.0160445307303917,0.005507205491001106
2008-06-23,2612,54,0.020673813169984685,3614,1,0.0002767017155506364,2008,0.01665513408262244,0.004995078335342699
2008-06-24,2791,82,0.0293801504836976,5407,0,0.0,2008,0.017470672268278864,0.004320054227338842
2008-06-25,2266,47,0.020741394527802295,3588,0,0.0,2008,0.018096175933039596,0.003939868607300823
2008-06-26,4219,93,0.02204313818440389,6465,4,0.0006187161639597834,2008,0.01883094720585306,0.0033413453545972772
2008-06-27,5058,368,0.07275603005140371,4959,0,0.0,2008,0.02125614820756652,0.0030428847828096552
2008-06-30,2724,55,0.020190895741556535,4649,0,0.0,2008,0.02168660681031216,0.002944079429355959
2008-07-01,3281,31,0.009448338921060652,6047,0,0.0,2008,0.021667661624653577,0.0028927381381224845
2008-07-02,3920,138,0.03520408163265306,5328,3,0.0005630630630630631,2008,0.022533985845903666,0.002854900081725476
2008-07-03,3116,86,0.027599486521181,4339,4,0.0009218713989398478,2008,0.023392834693568284,0.0028658935846425757
2008-07-07,4520,89,0.019690265486725665,7213,18,0.002495494246499376,2008,0.023940881446526285,0.002924846050156693
2008-07-08,3724,164,0.04403866809881848,4485,12,0.0026755852842809363,2008,0.024049589082340558,0.0030071294859114568
2008-07-09,4057,118,0.029085531180675375,4039,3,0.0007427581084426838,2008,0.024264884784755917,0.0029890652049767096
2008-07-10,3407,35,0.01027296742001761,3938,11,0.002793296089385475,2008,0.023614409230671398,0.0030190266758858605
2008-07-11,4424,312,0.0705244122965642,5482,58,0.010580080262677856,2008,0.025689874739358298,0.003309039376371112
2008-07-14,3565,90,0.025245441795231416,4282,4,0.0009341429238673517,2008,0.02649113181691271,0.0031654286752313475
2008-07-15,5175,253,0.04888888888888889,7883,0,0.0,2008,0.026962460288241185,0.003103200921653252
2008-07-16,3595,136,0.03783031988873435,5351,8,0.0014950476546439918,2008,0.02612875328271084,0.0031458208362597105
2008-07-17,2290,51,0.0222707423580786,3822,12,0.0031397174254317113,2008,0.0265095294404095,0.003039674394709543
2008-07-18,2079,45,0.021645021645021644,3037,10,0.0032927230819888046,2008,0.026355694852013285,0.002971679000763674
2008-07-21,1830,0,0.0,3351,1,0.0002984183825723665,2008,0.025033579467397902,0.002981626280182753
2008-07-22,2189,0,0.0,3145,8,0.0025437201907790143,2008,0.0242205713373166,0.0030242850804469757
2008-07-23,2740,6,0.0021897810218978104,4476,0,0.0,2008,0.02394555374904668,0.002949824916634615
2008-07-24,2306,0,0.0,4280,1,0.00023364485981308412,2008,0.023888845117993034,0.002882682656877154
2008-07-25,1432,0,0.0,2501,4,0.001599360255897641,2008,0.023641515157340982,0.0028013485322757113
2008-07-28,2377,0,0.0,3792,0,0.0,2008,0.02172620420776212,0.0026293185788249926
2008-07-29,2325,0,0.0,4231,10,0.002363507445048452,2008,0.02135351488158442,0.0026675999327040885
2008-07-30,2379,6,0.0025220680958385876,4472,15,0.0033542039355992843,2008,0.02097216895693439,0.0021775862235236206
2008-07-31,2166,15,0.006925207756232687,4230,10,0.002364066193853428,2008,0.0209153146947484,0.0016256137320465247
2008-08-01,2140,5,0.002336448598130841,3282,5,0.0015234613040828763,2008,0.020702498640267485,0.0016501765830670813
2008-08-04,1865,5,0.002680965147453083,4563,2,0.00043830813061582295,2008,0.020139468630401756,0.0015082629372331134
2008-08-05,2006,0,0.0,4600,19,0.004130434782608695,2008,0.019450341524735595,0.0016367207061350486
2008-08-06,2781,7,0.0025170801869830997,4675,30,0.006417112299465241,2008,0.018554905848178448,0.0018506244494505566
2008-08-07,2198,11,0.005004549590536852,3273,17,0.005194011610143599,2008,0.018030344350269602,0.0020237581697886767
2008-08-08,2664,13,0.00487987987987988,4514,4,0.0008861320336730173,2008,0.0174582357401188,0.0020326720321124513
2008-08-11,2333,0,0.0,6197,40,0.006454736162659351,2008,0.015033034738405344,0.002247829904201096
2008-08-12,1789,0,0.0,3134,70,0.022335673261008295,2008,0.014360004880353461,0.002992352346234706
2008-08-13,2007,0,0.0,3995,99,0.024780976220275343,2008,0.014045060249651438,0.003818384886910551
2008-08-14,1900,0,0.0,2930,6,0.0020477815699658703,2008,0.012871590861896336,0.003867875503807311
2008-08-15,2023,1,0.0004943153732081067,3380,1,0.0002958579881656805,2008,0.011968085156963905,0.0038470083901148383
2008-08-18,2514,0,0.0,3594,2,0.0005564830272676684,2008,0.011311742974073051,0.003782374682807115
2008-08-19,2414,30,0.012427506213753107,4185,1,0.00023894862604540023,2008,0.010258037577904205,0.0037011534608659305
2008-08-20,2463,44,0.017864393016646368,3830,1,0.0002610966057441253,2008,0.009883999639103238,0.0036850980774426455
2008-08-21,1765,14,0.00793201133144476,3754,14,0.0037293553542887587,2008,0.009805967769484142,0.0037163000529394216
2008-08-22,2128,5,0.002349624060150376,3025,1,0.00033057851239669424,2008,0.007533474828270348,0.0033746499945967166
2008-08-25,2521,4,0.0015866719555731853,4019,2,0.0004976362279173924,2008,0.006744849166948407,0.003360099771398384
2008-08-26,1703,1,0.0005871990604815032,2504,3,0.0011980830670926517,2008,0.005134792839334828,0.003400035873634806
2008-08-27,2212,0,0.0,3075,2,0.0006504065040650406,2008,0.003873782176377016,0.003371881168615508
2008-08-28,2583,9,0.003484320557491289,3100,9,0.002903225806451613,2008,0.003247568116357439,0.0033639981146495043
2008-08-29,2112,3,0.0014204545454545455,4350,3,0.000689655172413793,2008,0.0025734158797052027,0.003277229184330337
2008-09-02,2453,10,0.0040766408479412965,4601,28,0.006085633557922191,2008,0.0027093039079699125,0.0034701363568419978
2008-09-03,3033,5,0.0016485328058028356,4346,17,0.003911642890013806,2008,0.0027642550014966736,0.0035157337801498246
2008-09-04,4273,12,0.002808331383103206,7977,31,0.003886172746646609,2008,0.002784873346870187,0.0036452728717047116
2008-09-05,4827,3,0.0006215040397762585,6557,25,0.003812719231355803,2008,0.0028055901481960624,0.0037645753507561355
2008-09-08,4043,40,0.009893643334157804,5971,4,0.000669904538603249,2008,0.003135378259334656,0.003733593493512989
2008-09-09,3806,15,0.003941145559642669,6923,1,0.0001444460494005489,2008,0.0032667497779894114,0.0037384083618263405
2008-09-10,3776,9,0.0023834745762711866,6320,12,0.0018987341772151898,2008,0.0033461989305317843,0.0037229159195652315
2008-09-11,4338,12,0.0027662517289073307,4698,22,0.004682843763303533,2008,0.003354338384967409,0.0037672039138220404
2008-09-12,3498,12,0.003430531732418525,4835,25,0.005170630816959669,2008,0.0032378491841736036,0.0038607560679255813
2008-09-15,5088,331,0.06505503144654089,5840,23,0.003938356164383562,2008,0.0053284686124539385,0.003941252563268938
2008-09-16,6734,0,0.0,10107,0,0.0,2008,0.005239103107538836,0.0039266422922484105
2008-09-17,6791,427,0.06287733765277573,8073,7,0.0008670878236095627,2008,0.00733501436263136,0.0038178640602817724
2008-09-18,7016,164,0.023375142531356898,10854,1,0.00009213193292795283,2008,0.00803028310744382,0.003607031381397196
2008-09-19,6147,20,0.003253619651862697,6856,26,0.003792298716452742,2008,0.007971918776154682,0.0035603076182741675
2008-09-22,6313,169,0.026770156819261842,7950,8,0.0010062893081761006,2008,0.00870159467413408,0.0035643128607576037
2008-09-23,5545,138,0.024887285843101892,7321,4,0.0005463734462505122,2008,0.009531170868904143,0.003367367436877309
2008-09-24,4447,18,0.00404767258826175,5400,0,0.0,2008,0.009666093288512869,0.0026228449948436992
2008-09-25,5355,17,0.0031746031746031746,5557,7,0.00125967248515386,2008,0.009771913394332974,0.0018388015370063165
2008-09-26,4036,17,0.00421209117938553,5636,0,0.0,2008,0.009912316433645825,0.0017705421513407875
2008-09-29,6235,121,0.019406575781876503,6935,33,0.004758471521268926,2008,0.010542725113934772,0.0019192959357775623
2008-09-30,6652,150,0.02254960914010824,8420,20,0.0023752969121140144,2008,0.011294378751938379,0.001979923065272441
2008-10-01,4924,35,0.00710804224207961,5990,1,0.0001669449081803005,2008,0.01111706328621593,0.001977522941343604
2008-10-02,5256,221,0.04204718417047184,7069,2,0.00028292544914415053,2008,0.01192315632467678,0.001978250569456938
2008-10-03,5600,174,0.031071428571428573,7690,6,0.0007802340702210664,2008,0.01269447023267624,0.0018799465266546818
2008-10-06,15264,1111,0.0727856394129979,9636,0,0.0,2008,0.015042337411104492,0.001868927242908125
2008-10-07,10245,773,0.07545143972669595,7624,1,0.00013116474291710389,2008,0.01750449633680858,0.0018567115267414489
2008-10-08,8954,369,0.04121063211972303,16583,8,0.0004824217572212507,2008,0.018858610772116632,0.0018328561497457355
2008-10-09,13958,2249,0.16112623585040836,7410,1,0.0001349527665317139,2008,0.024229485300463576,0.0018156743584946248
2008-10-10,14434,989,0.06851877511431342,9657,13,0.0013461737599668635,2008,0.02639730045235765,0.0017637726236117998
2008-10-13,14038,617,0.043952129933038896,8420,58,0.006888361045130641,2008,0.027815022965277127,0.0019703961527023613
2008-10-14,9454,283,0.029934419293420774,12206,70,0.005734884483041127,2008,0.028676948913459777,0.0019587045168729927
2008-10-15,7467,532,0.07124681933842239,15593,9,0.0005771820688770602,2008,0.03099689179788043,0.001847555822835101
2008-10-16,4256,47,0.011043233082706766,8568,7,0.0008169934640522876,2008,0.03127138852120055,0.0017452498467486236
2008-10-17,5980,15,0.002508361204013378,8284,16,0.001931434089811685,2008,0.03133428376000845,0.0016825403420304866
2008-10-20,4173,117,0.028037383177570093,4649,21,0.004517100451710045,2008,0.031939075088122194,0.0018107802058007127
2008-10-21,4175,189,0.04526946107784431,5857,5,0.0008536793580331228,2008,0.033316685605395586,0.0018344213160884652
2008-10-22,6654,197,0.02960625187856928,7604,7,0.000920568122041031,2008,0.03422411151547219,0.0018018157809159933
2008-10-23,5382,116,0.021553325901151988,8587,39,0.004541749155700477,2008,0.03485034732121368,0.0017971126273292248
2008-10-24,3842,128,0.03331598125976054,8231,10,0.0012149192078726764,2008,0.03584652897212507,0.0016652555736929918
2008-10-27,3966,60,0.015128593040847202,8319,3,0.0003606202668589975,2008,0.03418231435860195,0.0015459977104421729
2008-10-28,7054,18,0.0025517436915225406,8465,22,0.002598936798582398,2008,0.0342673724816527,0.0016326289370615862
2008-10-29,6614,35,0.005291805261566375,7402,1,0.00013509862199405565,2008,0.032347854735279055,0.001608229297007736
2008-10-30,3783,5,0.0013217023526301878,7056,0,0.0,2008,0.03161274006265483,0.0016051582325768041
2008-10-31,5599,261,0.046615467047687084,5671,4,0.0007053429730206313,2008,0.03305813497584898,0.0015022597077957338
2008-11-03,3130,136,0.043450479233226834,6064,22,0.0036279683377308707,2008,0.033614145722981145,0.0015896490087808927
2008-11-04,5988,182,0.030394121576486306,9525,31,0.0032545931758530184,2008,0.033797706914093964,0.0016799229997676432
2008-11-05,3934,119,0.030249110320284697,7478,5,0.0006686279753944905,2008,0.03467108817182806,0.0017022105989474596
2008-11-06,5154,359,0.0696546371750097,10509,9,0.0008564087924636027,2008,0.036887089305174946,0.0016887684758577842
2008-11-07,3555,368,0.10351617440225035,6516,14,0.002148557397176182,2008,0.040197225412603774,0.001760387055763657
2008-11-10,4759,494,0.10380332002521538,5176,10,0.0019319938176197836,2008,0.04301045022071506,0.0016661711323086854
2008-11-11,4931,181,0.03670655039545731,7137,16,0.002241838307412078,2008,0.04348234826256003,0.0016617225121519543
2008-11-12,5075,62,0.012216748768472906,6842,3,0.0004384682841274481,2008,0.043652638480106476,0.0016707732913501924
2008-11-13,7295,207,0.028375599725839615,5576,28,0.005021520803443328,2008,0.04319691899861874,0.0018287264698268319
2008-11-14,4981,250,0.05019072475406545,7013,27,0.0038499928703835734,2008,0.0438342288713733,0.001931051763165582
2008-11-17,4041,127,0.031427864390002475,6101,11,0.0018029831175217178,2008,0.042455636370606786,0.001991151200416306
2008-11-18,5452,97,0.017791636096845195,7821,2,0.0002557217747091165,2008,0.04053364291627843,0.0019953031014760397
2008-11-19,5092,87,0.017085624509033778,6577,17,0.0025847650904667783,2008,0.03972947599592212,0.002065381212584224
2008-11-20,6632,141,0.0212605548854041,6879,0,0.0,2008,0.03506728663042198,0.002060882787033167
2008-11-21,5727,36,0.006286013619696176,7704,7,0.0009086188992731049,2008,0.032992861247268065,0.0020462976250100414
2008-11-24,6027,27,0.004479840716774514,7496,0,0.0,2008,0.03167711827339259,0.0018166855901723534
2008-11-25,4117,42,0.010201603109059995,6685,0,0.0,2008,0.0310193577339139,0.0016255227740709823
2008-11-26,4520,2,0.0004424778761061947,5506,7,0.0012713403559752997,2008,0.02865921301850336,0.0016486613836409238
2008-11-28,2057,0,0.0,3972,14,0.003524672708962739,2008,0.0282911052490798,0.0017389173584712724
2008-12-01,3358,21,0.006253722453841573,6945,0,0.0,2008,0.028415950624074076,0.0016745362221442161
2008-12-02,3692,23,0.006229685807150596,5322,0,0.0,2008,0.027689027378393422,0.0015239662070872146
2008-12-03,3145,7,0.0022257551669316376,5211,2,0.00038380349261178274,2008,0.026254237181362997,0.0015083036782398364
2008-12-04,3669,85,0.02316707549741074,5881,0,0.0,2008,0.026039597968657718,0.0014776180741718022
2008-12-05,4741,0,0.0,6546,0,0.0,2008,0.02532115377195265,0.001326226435648453
2008-12-08,6566,34,0.005178190679256778,9234,8,0.0008663634394628547,2008,0.02438322741926919,0.0013146079100347923
2008-12-09,3285,14,0.00426179604261796,4961,1,0.00020157226365652087,2008,0.02402100085266155,0.0013093063099280432
2008-12-10,3168,26,0.008207070707070708,4432,25,0.005640794223826715,2008,0.02420951175317982,0.001410701557436187
2008-12-11,3613,65,0.01799058953778024,4630,32,0.006911447084233261,2008,0.024632804562386947,0.0016365798395108272
2008-12-12,3095,65,0.0210016155088853,5884,49,0.00832766825288919,2008,0.02528880166759545,0.0019141687812738002
2008-12-15,2781,44,0.015821646889608056,4408,5,0.001134301270417423,2008,0.024262340995659486,0.0019284673911870267
2008-12-16,3783,10,0.0026434047052603755,6450,106,0.016434108527131782,2008,0.022902105178060603,0.0023553387308337236
2008-12-17,3551,30,0.00844832441565756,5848,58,0.009917920656634747,2008,0.02217057860603298,0.0025774496468597818
2008-12-18,2875,0,0.0,4427,21,0.0047436187034108875,2008,0.021162274928690154,0.0027132826711269943
2008-12-19,2513,19,0.007560684440907282,4690,46,0.009808102345415778,2008,0.019092476504220073,0.0030116724562254
2008-12-22,3414,100,0.029291154071470416,4158,68,0.016354016354016353,2008,0.016618309159860744,0.0034851877547867395
2008-12-23,1447,15,0.010366275051831375,3116,18,0.005776636713735558,2008,0.013503740994081278,0.0036133425179905986
2008-12-24,740,2,0.002702702702702703,988,0,0.0,2008,0.012370279404322788,0.003538614574410196
2008-12-26,743,5,0.006729475100942127,1902,17,0.008937960042060988,2008,0.012187370282071763,0.0038219309663413137
2008-12-29,1816,17,0.009361233480176211,3977,19,0.004777470455116922,2008,0.011553558073882983,0.0038137959547304336
2008-12-30,2896,47,0.0162292817679558,3146,33,0.01048951048951049,2008,0.010421509974345995,0.004035113208701331
2008-12-31,2916,33,0.01131687242798354,4458,44,0.00986989681471512,2008,0.00975114357561203,0.0043040103319411105
2009-01-02,3821,0,0.0,6575,95,0.014448669201520912,2009,0.009158089039050524,0.0047771085795015045
2009-01-05,3156,17,0.005386565272496832,5553,44,0.007923644876643255,2009,0.008768120397832625,0.0049550712390407205
2009-01-06,2900,2,0.000689655172413793,4968,11,0.002214170692431562,2009,0.008082423740732949,0.005028876928788439
2009-01-07,1154,40,0.03466204506065858,2957,30,0.010145417653026716,2009,0.009028291455431695,0.005336770220580225
2009-01-08,2739,130,0.04746257758305951,4154,5,0.001203659123736158,2009,0.010461049350974529,0.00537689219137143
2009-01-09,2935,66,0.022487223168654175,5972,41,0.006865371734762224,2009,0.010870570019627667,0.005605737915863505
2009-01-12,2915,40,0.0137221269296741,7968,20,0.0025100401606425703,2009,0.011313224988079932,0.005647027909352414
2009-01-13,2156,129,0.05983302411873841,5540,25,0.004512635379061372,2009,0.013307659125371211,0.005679959998355702
2009-01-14,3251,75,0.023069824669332512,7429,55,0.007403419033517297,2009,0.013868195865887577,0.005926740632806279
2009-01-15,3946,49,0.012417638114546376,5638,51,0.009045760908123448,2009,0.01407446094280077,0.006228265996410394
2009-01-16,3033,36,0.011869436201780416,5035,23,0.004568023833167826,2009,0.014395916977295729,0.0063677400077622615
2009-01-20,3953,32,0.008095117632178092,6225,3,0.00048192771084337347,2009,0.013893518381787975,0.006383804264790374
2009-01-21,3692,97,0.02627302275189599,5386,14,0.0025993316004456,2009,0.014769285806851173,0.006470448651471894
2009-01-22,2459,92,0.03741358275721838,3587,9,0.002509060496236409,2009,0.01584379887611656,0.006525205220031013
2009-01-23,2465,105,0.04259634888438134,4149,24,0.005784526391901663,2009,0.01712161730417534,0.006711303690972517
2009-01-26,2473,70,0.028305701577031946,3428,0,0.0,2009,0.01779157166650738,0.0065232772168449605
2009-01-27,1844,3,0.0016268980477223427,3741,4,0.0010692328254477412,2009,0.01724611528350545,0.006328536741552109
2009-01-28,3106,37,0.011912427559562138,6327,7,0.001106369527422159,2009,0.016943142351861347,0.006087826784036541
2009-01-29,2678,44,0.016430171769977596,4784,4,0.0008361204013377926,2009,0.016963426514540327,0.006077887421733888
2009-01-30,2881,159,0.055189170426935094,4796,6,0.0012510425354462051,2009,0.018714952038596154,0.005571785222011035
2009-02-02,3138,305,0.09719566602931803,5500,16,0.002909090909090909,2009,0.021673196759051504,0.005338157563759574
2009-02-03,3223,273,0.08470369221222464,4708,18,0.0038232795242141037,2009,0.02449665316612566,0.005307479591119681
2009-02-04,3355,227,0.0676602086438152,6606,49,0.007417499243112322,2009,0.026499970639555923,0.005227792821042898
2009-02-05,2890,47,0.016262975778546712,7122,15,0.0021061499578770007,2009,0.0260656980297918,0.004752863941171586
2009-02-06,4261,24,0.005632480638347806,6482,61,0.009410675717371182,2009,0.025907904882675678,0.004873998574626107
2009-02-09,3212,69,0.021481942714819426,4819,71,0.014733347167462128,2009,0.026533879549746234,0.005365110146874844
2009-02-10,5178,355,0.06855928930088838,7692,33,0.004290171606864275,2009,0.02859487335641111,0.005210183865701621
2009-02-11,2859,231,0.080797481636936,5066,33,0.006514015001973944,2009,0.030976081628303107,0.005268068683930189
2009-02-12,3925,116,0.029554140127388533,5878,128,0.021776114324600204,2009,0.03142024357361753,0.005644288811766513
2009-02-13,2544,90,0.03537735849056604,5564,26,0.004672897196261682,2009,0.03222225977570361,0.005471055491151399
2009-02-17,3244,46,0.014180024660912454,6893,16,0.0023211954156390543,2009,0.032694927264400694,0.005066806364955337
2009-02-18,3390,216,0.06371681415929203,6124,64,0.010450685826257348,2009,0.03463926889396053,0.005151041063275807
2009-02-19,2343,152,0.06487409304310712,4101,7,0.001706900755913192,2009,0.03677875015631697,0.00513413206539186
2009-02-20,4674,420,0.08985879332477535,6012,7,0.001164337990685296,2009,0.03861864176512087,0.0048347627433138135
2009-02-23,3093,11,0.003556417717426447,7013,2,0.00028518465706544986,2009,0.0371551031029331,0.004804146927758123
2009-02-24,3567,25,0.007008690776562938,5563,3,0.0005392773683264426,2009,0.036639152023196724,0.004593277115543596
2009-02-25,2748,44,0.01601164483260553,3950,4,0.0010126582278481013,2009,0.03671546928662777,0.004543364384450447
2009-02-26,2517,58,0.023043305522447356,5157,3,0.0005817335660267597,2009,0.03548914533341808,0.004412334324015961
2009-02-27,3652,81,0.02217962760131435,4650,1,0.00021505376344086021,2009,0.03545947209781746,0.004172722148346746
2009-03-02,5729,192,0.033513702216791764,7383,6,0.0008126777732629012,2009,0.03616267423455898,0.0038982860438513947
2009-03-03,4808,64,0.013311148086522463,7342,0,0.0,2009,0.03621073129738372,0.0037460185827458007
2009-03-04,3660,48,0.013114754098360656,6999,4,0.0005715102157451065,2009,0.036378052512923136,0.003749004666242525
2009-03-05,4671,47,0.010062085206593878,7088,8,0.001128668171557562,2009,0.03583768792807973,0.003699982551946257
2009-03-06,5106,70,0.013709361535448493,7119,5,0.0007023458350891979,2009,0.0350475472206874,0.0036397587299080163
2009-03-09,3551,68,0.019149535342157138,7312,0,0.0,2009,0.03426598676927993,0.003446941183511294
2009-03-10,4433,50,0.011279043537108053,6649,69,0.01037750037599639,2009,0.03369843150128247,0.0037928578627111744
2009-03-11,4198,4,0.0009528346831824678,5191,10,0.0019264110961279136,2009,0.03367596272246447,0.0038214304717338467
2009-03-12,5651,79,0.013979826579366484,7081,55,0.007767264510662336,2009,0.03374487602312461,0.004043460304508519
2009-03-13,4577,5,0.0010924186148131964,6613,14,0.0021170421896264933,2009,0.03323361758461914,0.004086157697451476
2009-03-16,6141,106,0.017261032405145742,6819,35,0.005132717407244464,2009,0.03196934631722616,0.004215546859844751
2009-03-17,3370,7,0.0020771513353115725,6047,74,0.012237473127170499,2009,0.028798729160759276,0.004526492933780738
2009-03-18,4703,33,0.0070167977886455455,8705,113,0.012981045376220563,2009,0.026209166013306636,0.004831751795514286
2009-03-19,3596,0,0.0,5622,47,0.008360014229811455,2009,0.023953825725179463,0.004863168961737591
2009-03-20,4114,3,0.0007292173067574137,6077,18,0.00296198782293895,2009,0.02343603377611982,0.004891696890572989
2009-03-23,6781,24,0.0035393009880548593,8781,189,0.02152374444824052,2009,0.023366261121110055,0.005295465848268633
2009-03-24,5641,35,0.006204573657152987,7462,40,0.005360493165371214,2009,0.022857015485854507,0.00498303738153227
2009-03-25,5766,68,0.011793270898369753,7363,68,0.009235366019285617,2009,0.02096481487243722,0.005147877195279648
2009-03-26,4877,4,0.0008201763379126512,6020,66,0.010963455149501661,2009,0.018298904695803107,0.005296191866863905
2009-03-27,3341,7,0.0020951810835079317,6286,146,0.02322621699013681,2009,0.017383606061007088,0.005344528622381791
2009-03-30,4020,15,0.0037313432835820895,6028,24,0.003981420039814201,2009,0.016328738887440956,0.005321479383833543
2009-03-31,3016,24,0.007957559681697613,6199,60,0.009678980480722698,2009,0.016121323388133796,0.005566738886002997
2009-04-01,3202,5,0.001561524047470331,6202,39,0.006288294098677846,2009,0.014049480384406406,0.00542799249508368
2009-04-02,6584,33,0.005012150668286756,7440,49,0.006586021505376344,2009,0.012054082305245727,0.0055906298533991185
2009-04-03,3584,3,0.0008370535714285714,5965,94,0.01575859178541492,2009,0.009086690980134168,0.0060771049798901055
2009-04-06,2964,1,0.00033738191632928474,5870,204,0.03475298126064736,2009,0.008979389786764262,0.007226031533342836
2009-04-07,3465,9,0.0025974025974025974,5457,52,0.009529045262964999,2009,0.008832346847458919,0.0075256904631641214
2009-04-08,3520,27,0.007670454545454545,5766,62,0.010752688172043012,2009,0.00855430717122055,0.007850358127970618
2009-04-09,5235,28,0.005348615090735435,5516,56,0.01015228426395939,2009,0.007964484156830154,0.008169376484568372
2009-04-13,4031,11,0.0027288514016373107,4627,45,0.009725524097687486,2009,0.007316124950174253,0.008486392162376594
2009-04-14,3877,11,0.002837245292752128,4167,61,0.014638828893688505,2009,0.006293576386039599,0.00894726386639078
2009-04-15,3834,4,0.0010432968179447052,3156,58,0.018377693282636248,2009,0.005884648010420339,0.009559853642478657
2009-04-16,3261,0,0.0,4522,49,0.010835913312693499,2009,0.005447489540474984,0.009902000412376936
2009-04-17,3374,0,0.0,5910,86,0.01455160744500846,2009,0.005112086700255188,0.010349431721491966
2009-04-20,3752,4,0.0010660980810234541,9180,43,0.004684095860566449,2009,0.004690644585107688,0.010482156722341207
2009-04-21,3081,1,0.0003245699448231094,5292,4,0.0007558578987150416,2009,0.004063145738529886,0.010507351985631708
2009-04-22,3704,1,0.0002699784017278618,5607,5,0.0008917424647761727,2009,0.0036961769006838797,0.0101911600552577
2009-04-23,2472,1,0.0004045307443365696,4022,13,0.0032322227747389356,2009,0.00367790010272235,0.010234687111211402
2009-04-24,3407,0,0.0,5623,14,0.002489774141917126,2009,0.003211905883410134,0.010058770765586561
2009-04-27,2922,4,0.0013689253935660506,5804,4,0.0006891798759476223,2009,0.003221122776035229,0.0100111753551306
2009-04-28,2713,0,0.0,5030,3,0.0005964214711729623,2009,0.002645755029197038,0.00985996549059488
2009-04-29,3087,3,0.0009718172983479105,5384,4,0.0007429420505200594,2009,0.0026089105612982486,0.009476814454706535
2009-04-30,3499,0,0.0,6193,21,0.00339092523817213,2009,0.0023750173016767306,0.009157143783438253
2009-05-01,1752,10,0.005707762557077625,4916,11,0.0022375915378356386,2009,0.002565276053579318,0.00895306302703906
2009-05-04,5245,2,0.00038131553860819826,6893,83,0.012041201218627593,2009,0.0025536793279743444,0.009255703473562015
2009-05-05,3332,4,0.0012004801920768306,6267,10,0.0015956598053295037,2009,0.0024757186347750767,0.00859143398546498
2009-05-06,4112,2,0.00048638132295719845,6192,51,0.008236434108527133,2009,0.0022851122236352173,0.00868729868357018
2009-05-07,5133,9,0.0017533606078316774,7926,20,0.0025233409033560434,2009,0.001950448547283948,0.008463564513039193
2009-05-08,4075,0,0.0,7255,38,0.00523776705720193,2009,0.001923109336020193,0.008272708243295868
2009-05-11,4053,4,0.0009869232667160128,5668,13,0.0022935779816513763,2009,0.0018861674087937955,0.007574953609679687
2009-05-12,2872,4,0.001392757660167131,5626,44,0.007820831852115179,2009,0.0018082145546799637,0.007702934003423052
2009-05-13,3630,10,0.0027548209366391185,5502,29,0.0052708106143220645,2009,0.0016347899298446804,0.007555995007876365
2009-05-14,2907,1,0.0003439972480220158,3965,1,0.00025220680958385876,2009,0.0015942057031964032,0.007354792098239899
2009-05-15,2915,3,0.0010291595197255575,4376,28,0.006398537477148081,2009,0.0014614393315776966,0.00734854263063229
2009-05-18,2816,0,0.0,6776,75,0.011068476977567887,2009,0.001433537545863411,0.007192205470370722
2009-05-19,3051,2,0.0006555227794165847,5877,56,0.00952867109069253,2009,0.0014441422412996541,0.0063513951313722275
2009-05-20,3336,50,0.01498800959232614,6682,16,0.002394492666866208,2009,0.0018571624744637722,0.0061135767115022685
2009-05-21,2895,7,0.0024179620034542313,5715,15,0.0026246719160104987,2009,0.0016820793897304284,0.005842642836301185
2009-05-22,1857,15,0.008077544426494346,4056,5,0.001232741617357002,2009,0.0017730437009223921,0.005545324748081105
2009-05-26,3944,9,0.002281947261663286,5843,24,0.004107479034742427,2009,0.0017581468962565914,0.00535805657931627
2009-05-27,2675,90,0.03364485981308411,5459,12,0.002198204799413812,2009,0.0027850673802676577,0.004943369109507113
2009-05-28,2933,120,0.040913740197749744,4187,7,0.0016718414139001673,2009,0.004114082159594493,0.004386507380549244
2009-05-29,3003,43,0.01431901431901432,4971,403,0.08107020720177027,2009,0.00459138263689497,0.006727650510185136
2009-06-01,6645,14,0.002106847253574116,8073,123,0.015235971757710888,2009,0.004661610878680774,0.006750462653941884
2009-06-02,4221,34,0.008054963278843875,5773,155,0.026849125238177726,2009,0.004894573051941454,0.007489296966528927
2009-06-03,3871,13,0.003358305347455438,6902,70,0.010141987829614604,2009,0.004995697565362531,0.007802167964225578
2009-06-04,3880,6,0.0015463917525773195,5275,65,0.012322274881516588,2009,0.005038244677057514,0.008183185711450259
2009-06-05,4413,14,0.0031724450487196918,5310,60,0.011299435028248588,2009,0.0051305084872036175,0.008452092786567248
2009-06-08,3466,187,0.05395268320830929,5562,132,0.023732470334412083,2009,0.006928931260813927,0.009160182659650412
2009-06-09,3405,105,0.030837004405286344,5313,211,0.03971390927912667,2009,0.007911200561204604,0.010461006973089713
2009-06-10,3160,46,0.014556962025316455,5400,163,0.030185185185185186,2009,0.008396432628715152,0.011447299096890122
2009-06-11,3697,60,0.016229375169055992,6799,110,0.01617884983085748,2009,0.008905017891072089,0.011961829356234703
2009-06-12,3975,28,0.007044025157232704,4697,108,0.02299340004258037,2009,0.009139818729646513,0.012615245183048312
2009-06-15,4926,51,0.010353227771010963,6164,132,0.021414665801427646,2009,0.009294667570110956,0.01325448099183471
2009-06-16,3916,46,0.01174668028600613,7923,62,0.00782531869241449,2009,0.009673513061690887,0.013113951574294274
2009-06-17,3723,76,0.0204136449100188,7018,80,0.011399259048161869,2009,0.010313951885622287,0.01344073821572202
2009-06-18,3333,22,0.006600660066006601,3979,7,0.0017592359889419453,2009,0.010517761177057267,0.013224831611735847
2009-06-19,3680,70,0.019021739130434784,4681,15,0.003204443494979705,2009,0.011093373794477371,0.013247535031456635
2009-06-22,3250,6,0.0018461538461538461,7154,18,0.002516074923119933,2009,0.011154912256015833,0.013156811960320569
2009-06-23,2783,9,0.0032339202299676607,5765,14,0.0024284475281873374,2009,0.011229812154790885,0.013161307611871766
2009-06-24,3018,39,0.012922465208747515,5937,12,0.00202122283981809,2009,0.011614135739743566,0.012967987311461864
2009-06-25,2910,40,0.013745704467353952,5692,32,0.005621925509486999,2009,0.011980498524100729,0.012979691141300697
2009-06-26,2779,9,0.0032385750269881253,3862,0,0.0,2009,0.012076984450066264,0.012971284247647902
2009-06-29,2457,1,0.000407000407000407,4625,31,0.006702702702702703,2009,0.012056245812975427,0.012981423088499722
2009-06-30,2386,91,0.038139145012573344,6095,59,0.009680065627563577,2009,0.013327550646727871,0.012935142710166244
2009-07-01,2484,6,0.0024154589371980675,4776,7,0.0014656616415410384,2009,0.013386215185320587,0.01266637572852786
2009-07-02,2621,8,0.003052270125906143,5965,31,0.005196982397317687,2009,0.012988357203106586,0.012759792052876244
2009-07-06,3138,33,0.010516252390057362,5392,59,0.01094213649851632,2009,0.013258300215993358,0.013037040872293104
2009-07-07,3694,96,0.02598808879263671,6291,44,0.0069941185821014145,2009,0.013855318361531437,0.013229086771117919
2009-07-08,4573,113,0.024710255849551718,6673,36,0.0053948748688745695,2009,0.014602928647794384,0.013271999965588989
2009-07-09,1787,15,0.008393956351426972,4710,10,0.0021231422505307855,2009,0.013761231865739148,0.013269497880626221
2009-07-10,2300,34,0.014782608695652174,4671,24,0.005138086062941554,2009,0.012890194149002561,0.013385039368927602
2009-07-13,2305,2,0.0008676789587852494,5349,9,0.0016825574873808188,2009,0.012441816303661592,0.010738784378447953
2009-07-14,2857,7,0.002450122506125306,5311,16,0.0030126153266804745,2009,0.012453258812079964,0.010331339164080272
2009-07-15,3591,8,0.002227791701475912,6994,73,0.01043751787246211,2009,0.012259019759501033,0.009784285585223085
2009-07-16,3387,2,0.000590493061706525,4537,42,0.009257218426272867,2009,0.012166759349976068,0.00975479327177836
2009-07-17,2954,2,0.0006770480704129993,4945,63,0.012740141557128413,2009,0.012137781227237259,0.009768722160965422
2009-07-20,3292,6,0.0018226002430133657,5207,20,0.003840983291722681,2009,0.012092786400380381,0.009520107103081226
2009-07-21,3592,0,0.0,5226,48,0.009184845005740528,2009,0.01029436362677007,0.009035186258792172
2009-07-22,2669,2,0.0007493443237167478,4654,5,0.0010743446497636442,2009,0.009291441624051083,0.007747200771146739
2009-07-23,5846,1,0.00017105713308244953,6547,18,0.0027493508477165114,2009,0.008811911460976618,0.0068326729598977825
2009-07-24,4136,0,0.0,5562,34,0.006112909025530385,2009,0.00827093228867475,0.006497141599720212
2009-07-27,3338,0,0.0,3898,73,0.018727552591072345,2009,0.008036131450100327,0.006354946684669946
2009-07-28,3006,0,0.0,4451,13,0.0029206919793304874,2009,0.007691023857733296,0.0057384808906000406
2009-07-29,2675,12,0.004485981308411215,4933,12,0.002432596797080884,2009,0.007449000558480132,0.00555872349408892
2009-07-30,5298,0,0.0,6767,10,0.0014777597162701345,2009,0.006768545728146172,0.0052280068496925285
2009-07-31,4102,0,0.0,4859,19,0.00391026960279893,2009,0.006548523725945952,0.005299707970154428
2009-08-03,4590,0,0.0,5183,37,0.0071387227474435655,2009,0.005914465754931459,0.0054308506119032235
2009-08-04,4701,2,0.00042544139544777704,6685,75,0.011219147344801795,2009,0.005867108673241256,0.005720953025959286
2009-08-05,3249,0,0.0,5662,58,0.010243730130695867,2009,0.005759311332242335,0.005981462446042903
2009-08-06,3487,17,0.004875250932033267,5382,120,0.022296544035674472,2009,0.00549107085635186,0.006657306485904782
2009-08-07,4730,20,0.004228329809725159,7161,144,0.020108923334729786,2009,0.005173825034430899,0.007140206413412876
2009-08-10,2299,1,0.00043497172683775554,5150,144,0.02796116504854369,2009,0.005080371591092554,0.008072245248364331
2009-08-11,3749,21,0.005601493731661776,5646,106,0.0187743535246192,2009,0.005253521368581266,0.008474633609094883
2009-08-12,3468,0,0.0,6065,182,0.030008244023083264,2009,0.003982216534828822,0.009152239555612205
2009-08-13,2939,0,0.0,4202,178,0.04236078058067587,2009,0.0039017012369222193,0.0105154101869167
2009-08-14,3074,20,0.006506180871828237,5233,103,0.019682782342824383,2009,0.004016831595119622,0.010998270185100254
2009-08-17,3937,1,0.000254000508001016,6480,45,0.006944444444444444,2009,0.0036747565323844112,0.010865013783297859
2009-08-18,2650,8,0.0030188679245283017,4726,73,0.015446466356326703,2009,0.0029091158367807973,0.011146758709105368
2009-08-19,4708,78,0.01656754460492778,5587,50,0.008949346697691068,2009,0.0026376921286266663,0.011265241103399253
2009-08-20,2955,1,0.00033840947546531303,4376,12,0.002742230347349177,2009,0.0023691738994279445,0.0112858773732932
2009-08-21,4577,22,0.004806641905178064,6704,29,0.004325775656324582,2009,0.0020366416730788076,0.0112588003597393
2009-08-24,4815,63,0.013084112149532711,7102,60,0.00844832441565756,2009,0.0024438561127703893,0.01148432592401519
2009-08-25,3631,0,0.0,5593,66,0.011800464866797783,2009,0.002362185362566212,0.011777254242019102
2009-08-26,4341,57,0.013130615065653075,4966,53,0.01067257349979863,2009,0.0027256128080387844,0.011785089429596987
2009-08-27,3388,52,0.015348288075560802,5972,102,0.01707970529135968,2009,0.0032175393085005933,0.012045838991766545
2009-08-28,2762,4,0.001448225923244026,6885,86,0.012490922294843863,2009,0.0032432452369282948,0.012037531683023728
2009-08-31,2607,9,0.0034522439585730723,6381,88,0.013790941858642845,2009,0.003297566694113618,0.012369196968587733
2009-09-01,4719,32,0.0067810976901886,8484,14,0.0016501650165016502,2009,0.0035236032837865712,0.012118040968946439
2009-09-02,3387,31,0.009152642456451136,5465,7,0.0012808783165599268,2009,0.0038037132215443846,0.012124925424506315
2009-09-03,2763,88,0.031849439015562794,4521,38,0.0084052200840522,2009,0.004859659284293729,0.012313454399050834
2009-09-04,3206,30,0.009357454772301934,5030,70,0.013916500994035786,2009,0.005171574443370461,0.012573574131334348
2009-09-08,2913,11,0.0037761757638173706,6023,73,0.0121202058774697,2009,0.00529744696883104,0.012353329240880928
2009-09-09,2739,23,0.008397225264695144,5803,21,0.0036188178528347406,2009,0.005577354477654211,0.012376600103331071
2009-09-10,3440,5,0.0014534883720930232,6212,71,0.011429491307147457,2009,0.005476271379776938,0.012676496586999956
2009-09-11,4185,5,0.0011947431302270011,5987,57,0.009520628027392683,2009,0.0055160961507845045,0.012944592197370708
2009-09-14,4397,59,0.013418239708892426,4315,40,0.009269988412514484,2009,0.005963370807747586,0.013123249491027892
2009-09-15,6131,15,0.0024465829391616374,4966,33,0.0066451872734595244,2009,0.006044923572386307,0.013106798308561759
2009-09-16,5927,1,0.00016871941960519654,7124,25,0.0035092644581695676,2009,0.0060363661731915545,0.012849802212340684
2009-09-17,6495,36,0.005542725173210162,5686,88,0.015476609215617306,2009,0.0062211236789652255,0.013024231515171398
2009-09-18,3525,5,0.0014184397163120568,4016,8,0.00199203187250996,2009,0.006105896638441186,0.012347414443065913
2009-09-21,3890,6,0.0015424164524421595,5669,2,0.0003527959075674722,2009,0.006016366193198419,0.011688876862160504
2009-09-22,3659,11,0.003006285870456409,5411,14,0.00258732212160414,2009,0.0061020766646523745,0.010843082097929186
2009-09-23,4017,0,0.0,6012,56,0.009314703925482368,2009,0.0059153602069303155,0.010527760444624624
2009-09-24,2581,2,0.0007748934521503294,5888,14,0.002377717391304348,2009,0.0059411899886686595,0.009606742890231995
2009-09-25,2894,1,0.0003455425017277125,4924,11,0.0022339561332250205,2009,0.005952708072059583,0.008269182075316966
2009-09-28,2385,2,0.0008385744234800838,4792,12,0.0025041736227045075,2009,0.005763787857114645,0.007696561784646302
2009-09-29,1956,7,0.0035787321063394683,3521,30,0.008520306731042317,2009,0.005874612243725927,0.007749090527532898
2009-09-30,2347,5,0.0021303792074989347,5402,27,0.004998148833765272,2009,0.00584499595315828,0.007400813276780852
2009-10-01,3911,0,0.0,7639,16,0.002094514988872889,2009,0.005292744466327355,0.007172318886486912
2009-10-02,3443,8,0.0023235550392099913,6971,1,0.00014345144168698896,2009,0.005358915985118844,0.0070856929229648384
2009-10-05,2492,4,0.0016051364365971107,4693,18,0.0038354996803750267,2009,0.005252199136166145,0.007069350390433187
2009-10-06,3161,2,0.0006327111673521037,6643,47,0.00707511666415776,2009,0.004837152436760125,0.007023576798716527
2009-10-07,2610,1,0.0003831417624521073,3882,35,0.009015971148892323,2009,0.004849923828841862,0.006930760341453011
2009-10-08,2816,0,0.0,5342,40,0.007487832272557095,2009,0.00441223665998676,0.006824602300544961
2009-10-09,2011,2,0.000994530084535057,4107,31,0.00754808862916971,2009,0.003933778060285902,0.006506881745138628
2009-10-12,3009,12,0.003988035892323031,5216,66,0.012653374233128834,2009,0.004018438392588535,0.006512296809748128
2009-10-13,3234,0,0.0,3808,34,0.008928571428571428,2009,0.003903363593969432,0.006350217795412413
2009-10-14,5358,1,0.0001866368047779022,6636,3,0.0004520795660036166,2009,0.0036835482311224094,0.0063102816137291465
2009-10-15,2826,1,0.00035385704175513094,4364,9,0.002062328139321723,2009,0.0033902553839658756,0.00633632994115454
2009-10-16,2860,3,0.001048951048951049,5307,5,0.000942151874882231,2009,0.0023635724517454843,0.006087561000848873
2009-10-19,2993,8,0.0026729034413631807,5985,17,0.0028404344193817877,2009,0.002140754074047526,0.00571835878169374
2009-10-20,3570,6,0.0016806722689075631,5526,5,0.0009048136083966703,2009,0.0020709039575505326,0.005344512372724639
2009-10-21,2329,8,0.0034349506225848005,5570,12,0.0021543985637342907,2009,0.001905494802813521,0.0052956983964212905
2009-10-22,1872,0,0.0,5378,6,0.0011156563778356265,2009,0.0018570451904104202,0.004951903898777563
2009-10-23,1896,0,0.0,5176,6,0.00115919629057187,2009,0.0018172204194028536,0.004673189507550202
2009-10-26,3435,2,0.0005822416302765648,6593,3,0.0004550280600637039,2009,0.0013893538167823248,0.0043793574958018435
2009-10-27,2848,2,0.0007022471910112359,4900,5,0.0010204081632653062,2009,0.001331209291843978,0.004191864858795369
2009-10-28,3481,5,0.0014363688595231256,8128,9,0.0011072834645669291,2009,0.0013734642731745754,0.0041117988256752815
2009-10-29,3465,1,0.0002886002886002886,5734,8,0.0013951866062085804,2009,0.001198326777020913,0.0036424180720283235
2009-10-30,5158,35,0.006785575804575417,9110,25,0.0027442371020856204,2009,0.0013772313132963585,0.0036674915796808456
2009-11-02,3794,9,0.0023721665788086453,10067,18,0.0017880202642296613,2009,0.001404889650841908,0.0037153323915695854
2009-11-03,2419,4,0.0016535758577924762,6880,7,0.0010174418604651163,2009,0.0013597993170864436,0.003663003049531618
2009-11-04,2633,6,0.002278769464489176,5286,7,0.0013242527430949679,2009,0.0014357582992360828,0.003396654676785371
2009-11-05,2444,3,0.0012274959083469722,4963,12,0.0024178924037880313,2009,0.001450845047775971,0.003397993843868161
2009-11-06,2239,5,0.0022331397945511387,4887,41,0.008389605074687948,2009,0.0015137649575367518,0.003603182141916925
2009-11-09,3745,0,0.0,6444,88,0.013656114214773432,2009,0.0014858124767540824,0.003974913494985889
2009-11-10,3358,1,0.0002977963073257892,4747,57,0.012007583737097115,2009,0.0013764479501202932,0.004091156061854382
2009-11-11,3209,25,0.007790588968526021,5049,44,0.008714596949891068,2009,0.001565121608821196,0.004215037665725242
2009-11-12,2813,3,0.001066477070742979,5341,43,0.008050926792735443,2009,0.0016006708445126284,0.004413584725853994
2009-11-13,1893,2,0.0010565240359218173,3935,15,0.0038119440914866584,2009,0.0015584364777363562,0.00453586781418065
2009-11-16,2753,3,0.0010897203051216855,5840,26,0.004452054794520548,2009,0.0015412559400205085,0.004556419651318834
2009-11-17,2249,0,0.0,4555,11,0.002414928649835346,2009,0.0015201655677754384,0.0044010800508414195
2009-11-18,2283,0,0.0,3941,27,0.006851053032225323,2009,0.0015073941756937016,0.0043289161136191865
2009-11-19,2280,24,0.010526315789473684,4708,34,0.007221750212404418,2009,0.0018582713686761576,0.004320046711614098
2009-11-20,2399,23,0.009587328053355566,5349,38,0.0071041316133856796,2009,0.002144697967636841,0.004305248144421296
2009-11-23,3138,11,0.003505417463352454,6040,34,0.005629139072847682,2009,0.0021286106866711552,0.004071106972411924
2009-11-24,2398,5,0.002085070892410342,4336,113,0.02606088560885609,2009,0.0021981130497515005,0.004642184111754747
2009-11-25,2489,1,0.0004017677782241864,5113,68,0.013299432818306279,2009,0.0022052840821997093,0.005070429220164835
2009-11-27,3190,20,0.006269592476489028,6089,203,0.03333880768599113,2009,0.002402475263357506,0.006112978538387148
2009-11-30,2903,2,0.0006889424733034792,5288,11,0.00208018154311649,2009,0.002390474977502587,0.006150912860661624
2009-12-01,2713,0,0.0,5049,73,0.014458308575955635,2009,0.0023013781961238144,0.006538175332547419
2009-12-02,2355,20,0.008492569002123142,4587,66,0.014388489208633094,2009,0.0025284414205643336,0.006987631185888633
2009-12-03,2145,7,0.0032634032634032634,5575,68,0.012197309417040359,2009,0.002522723175258283,0.007322394880998836
2009-12-04,3344,48,0.014354066985645933,6639,196,0.029522518451574033,2009,0.0030011920747798136,0.008269290283456781
2009-12-07,2314,3,0.0012964563526361278,4775,83,0.017382198952879582,2009,0.003044407286534351,0.00881005703886704
2009-12-08,4102,24,0.005850804485616773,6131,119,0.019409557984015658,2009,0.0032200260483790247,0.009441874702998771
2009-12-09,2760,108,0.0391304347826087,5237,64,0.012220737063204125,2009,0.004500965634765607,0.009815218999663398
2009-12-10,2012,0,0.0,5009,28,0.005589938111399481,2009,0.004453086672781503,0.009964640821224483
2009-12-11,3163,41,0.012962377489724945,4637,29,0.006254043562648264,2009,0.004875545912818992,0.010126602719772473
2009-12-14,2671,39,0.014601272931486334,4642,51,0.010986643688065489,2009,0.005136069150382688,0.010401349605971803
2009-12-15,2790,28,0.01003584229390681,5799,37,0.0063804104155888944,2009,0.005391525007552628,0.010554429277683778
2009-12-16,3560,8,0.0022471910112359553,4022,28,0.0069617105917454,2009,0.005411312179334077,0.010752571568726452
2009-12-17,3781,5,0.0013224014810896587,4466,0,0.0,2009,0.005379433246554092,0.010708429810623287
2009-12-18,3503,37,0.0105623751070511,6655,53,0.007963936889556725,2009,0.005690595886510897,0.01089329796014891
2009-12-21,4212,43,0.010208926875593542,6787,16,0.0023574480624723735,2009,0.005956455455878977,0.010692226059741726
2009-12-22,2368,30,0.01266891891891892,5073,41,0.00808200275970826,2009,0.0063787527531762745,0.010506422344572885
2009-12-23,2532,3,0.001184834123222749,5126,116,0.02262973078423722,2009,0.00640832068037284,0.010860493912810888
2009-12-24,2235,25,0.011185682326621925,3372,90,0.026690391459074734,2009,0.006521490458976037,0.01145968706311701
2009-12-28,2797,47,0.016803718269574545,4477,59,0.013178467723922269,2009,0.007046065165603755,0.01163060509415657
2009-12-29,2598,28,0.01077752117013087,5321,163,0.03063333959781996,2009,0.007370098403410724,0.012524651611034348
2009-12-30,2620,77,0.029389312977099236,5049,138,0.027332144979203804,2009,0.008313418159143307,0.013287321283857123
2009-12-31,1707,46,0.026947861745752782,4489,151,0.03363778124303854,2009,0.009211680217335068,0.014328083036963897
2010-01-04,3893,31,0.007963010531723606,6088,86,0.014126149802890934,2010,0.009477113901725854,0.01457058626265275
2010-01-05,2870,34,0.011846689895470384,5023,89,0.01771849492335258,2010,0.009521126371925747,0.01492047775301769
2010-01-06,3548,31,0.008737316798196167,6672,31,0.004646282973621103,2010,0.009492792663420433,0.014838549465025537
2010-01-07,3756,16,0.004259850905218318,4528,14,0.0030918727915194345,2010,0.009517940444815961,0.014753973922314595
2010-01-08,3438,5,0.0014543339150668994,4947,31,0.006266424095411361,2010,0.009496915878904512,0.014094158538533104
2010-01-11,3079,0,0.0,4462,25,0.005602868668758404,2010,0.009483523619630372,0.013837606400214841
2010-01-12,3426,14,0.004086398131932283,5339,28,0.005244427795467316,2010,0.009410750474811816,0.012901127070530715
2010-01-13,3514,0,0.0,4354,33,0.00757923748277446,2010,0.0093877857257017,0.013084428935185981
2010-01-14,3537,59,0.016680802940344925,3533,19,0.00537786583639966,2010,0.009943812490379863,0.012781747510534115
2010-01-15,2968,0,0.0,6327,35,0.005531847637110795,2010,0.009660726856975757,0.012486526124816705
2010-01-19,3472,120,0.03456221198156682,6781,47,0.006931131101607433,2010,0.010704020480914542,0.012310986847635605
2010-01-20,3216,4,0.0012437810945273632,6825,25,0.003663003663003663,2010,0.010267010951210593,0.011449003021349928
2010-01-21,2761,1,0.0003621876131836291,8757,13,0.0014845266643827796,2010,0.010235868659895508,0.010919080611733368
2010-01-22,4246,67,0.01577955723033443,11834,31,0.002619570728409667,2010,0.01056682708471943,0.010359414369879836
2010-01-25,3581,112,0.03127617983803407,6880,16,0.002325581395348837,2010,0.010305018586566942,0.010029575847617992
2010-01-26,2920,10,0.003424657534246575,6442,23,0.0035703197764669356,2010,0.010419173837708493,0.009962255236453575
2010-01-27,3375,37,0.010962962962962963,5772,32,0.005544005544005544,2010,0.01035252668681643,0.009938587302498815
2010-01-28,3000,12,0.004,6619,9,0.0013597220123885783,2010,0.009999150922433551,0.009617689913309586
2010-01-29,3974,61,0.015349773527931555,7192,17,0.002363737486095662,2010,0.010176281963567709,0.009483800815659811
2010-02-01,2577,8,0.0031043849437330227,5930,25,0.0042158516020236085,2010,0.010204855094650944,0.009392272182669085
2010-02-02,2603,45,0.017287744909719554,6298,54,0.008574150523975865,2010,0.010737033208938608,0.009678077200134947
2010-02-03,2385,17,0.007127882599580713,5843,58,0.009926407667294199,2010,0.010622550125356262,0.009743492892726196
2010-02-04,5186,113,0.021789433089086,11775,46,0.003906581740976646,2010,0.011008566999139343,0.009795130682009674
2010-02-05,6519,160,0.02454364166283172,13266,97,0.007311925222372983,2010,0.011404391090603103,0.009769461430765162
2010-02-08,3033,94,0.030992416749093307,7107,14,0.0019698888419867736,2010,0.012397977178132123,0.00908080003269015
2010-02-09,4352,156,0.035845588235294115,7067,24,0.0033960662232913543,2010,0.01321997404175453,0.008304322524830703
2010-02-10,3536,77,0.02177601809954751,6560,10,0.001524390243902439,2010,0.013385717369420295,0.007915853275496708
2010-02-11,3469,122,0.035168636494667053,5159,20,0.0038767202946307423,2010,0.014198754546904835,0.0070239659653904005
2010-02-12,2694,10,0.003711952487008166,4499,12,0.0026672593909757725,2010,0.013342842530568465,0.006201803112449467
2010-02-16,3507,92,0.02623324779013402,5733,25,0.004360718646432932,2010,0.01331902206538117,0.005225901025895946
2010-02-17,2886,89,0.030838530838530838,6238,6,0.0009618467457518436,2010,0.014081539408941413,0.00478709092399131
2010-02-18,3072,111,0.0361328125,4533,36,0.007941760423560556,2010,0.0148910768290924,0.004461199773998242
2010-02-19,3310,29,0.008761329305135951,6063,35,0.005772719775688603,2010,0.014891877245990393,0.0044987476674004925
2010-02-22,2977,42,0.0141081625797783,6208,32,0.005154639175257732,2010,0.01522015430180906,0.004567506546858435
2010-02-23,3310,39,0.011782477341389729,7644,45,0.005886970172684459,2010,0.015564425749353154,0.004554858082767539
2010-02-24,2709,22,0.008121077888519748,6276,19,0.003027405991077119,2010,0.015835128345637148,0.004469009326844829
2010-02-25,3191,7,0.0021936696960200563,6064,18,0.002968337730870712,2010,0.015772037397773404,0.004393139658024943
2010-02-26,3426,51,0.0148861646234676,5672,15,0.002644569816643159,2010,0.016268242885222325,0.004228650735820566
2010-03-01,3487,29,0.008316604531115572,5668,30,0.00529287226534933,2010,0.015989436271581347,0.0042258176167855556
2010-03-02,3878,33,0.00850954100051573,7042,20,0.0028401022436807723,2010,0.016273087638265203,0.004136092770337887
2010-03-03,3236,41,0.012669962917181705,6866,0,0.0,2010,0.0155433460027857,0.0039050550669509723
2010-03-04,2245,9,0.004008908685968819,4930,12,0.002434077079107505,2010,0.015635516922500415,0.0038640908474877676
2010-03-05,5205,76,0.014601344860710855,7964,59,0.0074083375188347565,2010,0.01611015549741799,0.004061551209302834
2010-03-08,4477,44,0.009828009828009828,6469,28,0.004328335136806307,2010,0.01591177058400717,0.004118510022916055
2010-03-09,4099,30,0.007318858258111734,5426,10,0.0018429782528566164,2010,0.01511319319800976,0.0041024232514996475
2010-03-10,5358,50,0.00933184023889511,6180,67,0.010841423948220064,2010,0.01531009928816471,0.004344793390558085
2010-03-11,3547,27,0.007612066535100085,4674,46,0.009841677364142062,2010,0.01519840274056928,0.004488049117895969
2010-03-12,3701,9,0.002431775195893002,5020,33,0.006573705179282869,2010,0.015146128580432381,0.004661848556792445
2010-03-15,2717,13,0.004784688995215311,4970,50,0.01006036217303823,2010,0.014793959096008504,0.0049184027130238644
2010-03-16,4743,58,0.01222854733291166,5723,26,0.004543071815481391,2010,0.01509809784231446,0.004929310053472457
2010-03-17,4570,35,0.007658643326039387,6529,64,0.009802419972430693,2010,0.01477712778952512,0.004970252368420951
2010-03-18,3454,26,0.007527504342790967,4854,13,0.0026782035434693035,2010,0.014790448514298797,0.004728645564293454
2010-03-19,3105,6,0.001932367149758454,6058,62,0.010234400792340706,2010,0.014128546316321211,0.004939572866005591
2010-03-22,3331,0,0.0,6190,56,0.009046849757673668,2010,0.013310424927560153,0.004997403683848946
2010-03-23,4048,6,0.0014822134387351778,6788,66,0.009723040659988214,2010,0.012326751483881548,0.0052558420777823285
2010-03-24,3129,0,0.0,5694,22,0.003863716192483316,2010,0.01113189854270508,0.005271430410088726
2010-03-25,4982,6,0.0012043356081894822,7390,16,0.002165087956698241,2010,0.010446175792993144,0.005292787000515253
2010-03-26,2748,10,0.00363901018922853,5546,8,0.00144248106743599,2010,0.009395188249478525,0.005211645692942094
2010-03-29,2752,0,0.0,4556,23,0.00504828797190518,2010,0.009271456499911589,0.005291013312306408
2010-03-30,2036,0,0.0,4860,59,0.01213991769547325,2010,0.00839701490690712,0.005550319947274419
2010-03-31,2287,25,0.010931351114997814,5002,42,0.008396641343462616,2010,0.007733442249456019,0.005798146433864778
2010-04-01,2793,29,0.010383100608664519,5657,141,0.024924871840197985,2010,0.006875118519744839,0.006364250147752692
2010-04-05,2563,4,0.0015606710885680843,5141,62,0.012059910523244505,2010,0.006635096579192576,0.006573823172671221
2010-04-06,3222,37,0.011483550589695841,5092,49,0.0096229379418696,2010,0.006547609512856493,0.006722766464891618
2010-04-07,2462,2,0.0008123476848090983,5448,14,0.0025697503671071953,2010,0.006181938524303806,0.006612192471372375
2010-04-08,2393,1,0.0004178854993731718,5435,14,0.0025758969641214353,2010,0.005925165444665587,0.006597142170473853
2010-04-09,2238,8,0.0035746201966041107,4835,22,0.004550155118924508,2010,0.005971197128018388,0.006649869416742313
2010-04-12,3065,1,0.0003262642740619902,5074,4,0.0007883326763894363,2010,0.005485867116371534,0.006587994845400523
2010-04-13,2639,2,0.0007578628268283441,4268,13,0.0030459231490159327,2010,0.0052339090595619605,0.006513096541522742
2010-04-14,3825,3,0.000784313725490196,6731,75,0.01114247511513891,2010,0.004976401483727776,0.00678984230390468
2010-04-15,2982,4,0.0013413816230717639,3779,10,0.0026462026991267533,2010,0.004598782107257445,0.006878049060542238
2010-04-16,3177,40,0.012590494176896443,6512,12,0.0018427518427518428,2010,0.004884834956955032,0.006858338219330382
2010-04-19,2606,0,0.0,6794,17,0.002502207830438622,2010,0.004398123461598003,0.006694800563050512
2010-04-20,2991,2,0.0006686726847208291,4277,41,0.009586158522328735,2010,0.0040928122234883705,0.0068700613425679265
2010-04-21,2700,10,0.003703703703703704,6990,62,0.008869814020028613,2010,0.003972307071674769,0.0071042892014736595
2010-04-22,2780,12,0.004316546762589928,4651,111,0.02386583530423565,2010,0.0038051306224645967,0.007538436246674178
2010-04-23,3458,28,0.008097165991902834,5135,46,0.008958130477117819,2010,0.0038213006043580212,0.00750898468377337
2010-04-26,2953,0,0.0,5712,59,0.010329131652661064,2010,0.003740241431161588,0.00763416556621931
2010-04-27,3441,0,0.0,8971,44,0.004904692899342325,2010,0.003580751797987744,0.00746230992376278
2010-04-28,2852,1,0.0003506311360448808,8234,1,0.00012144765606023804,2010,0.003184821258092185,0.007314922451782075
2010-04-29,2039,2,0.000980872976949485,4628,33,0.007130509939498704,2010,0.0029622289131225215,0.007225858784017675
2010-04-30,3301,1,0.0003029385034837928,8418,31,0.003682584937039677,2010,0.0027214100518122824,0.007259338163803355
2010-05-03,2844,6,0.002109704641350211,4523,13,0.00287419854079151,2010,0.0027273213015320077,0.007013998088751714
2010-05-04,4025,3,0.0007453416149068323,13232,22,0.0016626360338573155,2010,0.002752166022028902,0.00676785763129117
2010-05-05,4137,15,0.0036258158085569255,11093,78,0.00703146128188948,2010,0.002823619434356294,0.006678138318687878
2010-05-06,8582,69,0.008040083896527616,17366,660,0.03800529770816538,2010,0.003091622230907214,0.00781619103587728
2010-05-07,8389,89,0.010609131004887352,25802,7,0.00027129679869777537,2010,0.0034051154107971435,0.007753064663943932
2010-05-10,6320,119,0.018829113924050633,15736,156,0.009913573970513472,2010,0.00391145220195788,0.00803543442737985
2010-05-11,5340,32,0.00599250936329588,11879,79,0.006650391447091506,2010,0.004111202514067743,0.008088837876552726
2010-05-12,4523,67,0.014813177094848551,9788,40,0.004086636697997548,2010,0.004604975083896028,0.00782039517663687
2010-05-13,4432,84,0.01895306859205776,10035,68,0.006776283009466866,2010,0.0048723656664646925,0.007766383232170344
2010-05-14,4118,2,0.00048567265662943174,13111,16,0.0012203493249942797,2010,0.004542451401396857,0.006976232481663553
2010-05-17,4227,76,0.01797965460137213,9803,19,0.0019381821891257779,2010,0.005089750851823658,0.00663884153719293
2010-05-18,3639,13,0.003572410002748008,12111,88,0.007266121707538601,2010,0.004826046165592063,0.006560280996048563
2010-05-19,4692,38,0.008098891730605285,17218,54,0.0031362527587408527,2010,0.005068930967118603,0.006579164409103018
2010-05-20,5731,170,0.02966323503751527,20847,2,0.00009593706528517292,2010,0.00604377595172334,0.00649649907914181
2010-05-21,7195,400,0.05559416261292564,19848,3,0.00015114873035066505,2010,0.007777760698934057,0.006349865532856015
2010-05-24,5075,81,0.015960591133004926,12066,9,0.0007458975634012929,2010,0.008298904927565489,0.006348451029089743
2010-05-25,6919,88,0.012718600953895072,15865,6,0.0003781909864481563,2010,0.008697596198467713,0.006259526623670817
2010-05-26,4420,150,0.033936651583710405,12332,11,0.0008919883230619526,2010,0.009802674127075053,0.005917843730601585
2010-05-27,4093,159,0.03884681162961153,11083,27,0.0024361634936389065,2010,0.011052855127293044,0.005910842423751991
2010-05-28,3931,54,0.013736962604935132,8826,6,0.0006798096532970768,2010,0.011091070741561003,0.0058720776841034985
2010-06-01,3375,77,0.022814814814814816,9673,4,0.00041352217512664115,2010,0.011851564568721495,0.005802454828926431
2010-06-02,3810,80,0.02099737532808399,8694,22,0.0025304807913503567,2010,0.012529187990166935,0.005567265571227153
2010-06-03,3597,57,0.0158465387823186,8553,107,0.012510230328539694,2010,0.012933949159454098,0.005688612781510855
2010-06-04,4493,64,0.01424438014689517,12926,4,0.00030945381401825775,2010,0.01326487693893094,0.004903400065170276
2010-06-07,4839,238,0.049183715643728046,9465,8,0.0008452192287374538,2010,0.014634428593991779,0.004632969690224264
2010-06-08,4461,30,0.006724949562878279,13059,30,0.002297266253158741,2010,0.014858593579421054,0.004365240843574187
2010-06-09,3771,28,0.007425086184036065,8842,56,0.006333408731056322,2010,0.015106096452222257,0.004412864704631319
2010-06-10,4371,84,0.019217570350034317,7836,8,0.0010209290454313426,2010,0.015734994426021904,0.004442847417610357
2010-06-11,3473,17,0.0048949035416066804,7704,24,0.003115264797507788,2010,0.015865462111510478,0.004309005912877325
2010-06-14,3271,55,0.01681442983797004,10331,30,0.002903881521633917,2010,0.016415845155993352,0.0042830491323638
2010-06-15,4825,103,0.021347150259067357,10221,36,0.0035221602582917524,2010,0.017057093343250593,0.004304647856280475
2010-06-16,3588,25,0.006967670011148272,9334,12,0.0012856224555388902,2010,0.01726450428979197,0.004292080737003195
2010-06-17,2442,19,0.007780507780507781,5124,11,0.002146760343481655,2010,0.017402994022190334,0.004129257372389601
2010-06-18,3234,64,0.019789734075448363,6997,26,0.0037158782335286553,2010,0.01779464902815436,0.002986276723235043
2010-06-21,3263,2,0.0006129328838492185,9736,6,0.0006162695152013147,2010,0.01746144242411975,0.0029977758137851606
2010-06-22,3199,0,0.0,9672,7,0.0007237386269644334,2010,0.016833805293318065,0.002691447969000193
2010-06-23,3534,4,0.0011318619128466328,7062,9,0.001274426508071368,2010,0.016671783711636422,0.0025122491376995217
2010-06-24,3738,10,0.002675227394328518,10438,1,0.00009580379383023568,2010,0.016267185388285758,0.0023792213742272776
2010-06-25,2794,36,0.012884753042233358,8134,5,0.0006147037128104253,2010,0.016064908203291612,0.002173835397672063
2010-06-28,2303,1,0.0004342162396873643,4949,9,0.0018185492018589614,2010,0.016063192989393543,0.002193775393567553
2010-06-29,4749,4,0.0008422825858075384,14915,4,0.0002681863895407308,2010,0.01549194725554139,0.0021381088669147176
2010-06-30,3497,16,0.004575350300257364,10564,19,0.0017985611510791368,2010,0.0155253785987917,0.001955856848366069
2010-07-01,5082,29,0.005706414797323888,14997,47,0.003133960125358405,2010,0.015445629367682321,0.0019557804272533207
2010-07-02,3278,5,0.001525320317266626,7311,13,0.0017781425249623855,2010,0.014507698877007367,0.0020118539425758946
2010-07-06,4136,14,0.0033849129593810446,9703,3,0.00030918272699165207,2010,0.012767390555222547,0.0020171217424639273
2010-07-07,4751,31,0.006524942117448958,9411,20,0.0021251726702794602,2010,0.012452868921370682,0.0020630975793598664
2010-07-08,3532,13,0.003680634201585504,6228,2,0.0003211303789338471,2010,0.012151603362960362,0.002061195559109389
2010-07-09,2979,11,0.0036925142665323934,5287,13,0.0024588613580480423,2010,0.011143465452387761,0.0021134246602755925
2010-07-12,2755,5,0.0018148820326678765,6220,8,0.0012861736334405145,2010,0.009909067799156308,0.002075091664935646
2010-07-13,4319,19,0.004399166473720769,6428,21,0.003266957062850031,2010,0.009597807928115827,0.0021613299119207442
2010-07-14,2773,12,0.00432744320230797,6155,13,0.0021121039805036554,2010,0.008981562207698933,0.0022179493054333118
2010-07-15,2620,11,0.004198473282442748,5856,17,0.0029030054644808745,2010,0.00842159880617756,0.002230366794537662
2010-07-16,3053,22,0.007206026858827383,6620,0,0.0,2010,0.008133581742061184,0.0018133591169196721
2010-07-19,2453,2,0.0008153281695882593,5834,42,0.007199177236887213,2010,0.007685946676150954,0.0020430165643486376
2010-07-20,2848,8,0.0028089887640449437,6255,13,0.0020783373301358913,2010,0.006140122446828183,0.0020841205010619186
2010-07-21,2896,11,0.003798342541436464,5926,14,0.002362470469119136,2010,0.00604256887944679,0.002086293974927265
2010-07-22,2954,37,0.012525389302640487,6194,7,0.0011301259283177268,2010,0.006212578983400271,0.0019128512148359786
2010-07-23,3168,17,0.005366161616161616,5732,23,0.004012561060711794,2010,0.005750865358937847,0.002012572282011994
2010-07-26,2564,19,0.0074102964118564745,5286,31,0.005864547862277715,2010,0.005834711787946174,0.0021042150508376583
2010-07-27,3373,5,0.0014823599169878447,6836,31,0.004534815681685196,2010,0.005323642790580101,0.002158579522839367
2010-07-28,2270,6,0.0026431718061674008,4812,89,0.0184954280964256,2010,0.004700176842150103,0.002657688450777162
2010-07-29,2869,12,0.004182642035552457,6298,91,0.014449031438551922,2010,0.004607342576296908,0.00309646875021093
2010-07-30,2203,35,0.015887426236949616,4802,32,0.006663890045814244,2010,0.004877573191511636,0.003247039740288683
2010-08-02,2881,12,0.004165220409580007,7204,43,0.005968906163242643,2010,0.004356756069316025,0.003322140671279149
2010-08-03,1945,1,0.0005141388174807198,3691,24,0.006502302898943376,2010,0.004353462933770408,0.003518341784070551
2010-08-04,2706,21,0.007760532150776054,4177,7,0.0016758439071103662,2010,0.004612147338796276,0.003550078626742082
2010-08-05,2498,45,0.018014411529223378,4804,47,0.009783513738551207,2010,0.0051748989926755,0.0038337148677580766
2010-08-06,2690,13,0.0048327137546468404,6281,32,0.005094730138512976,2010,0.005246815204686112,0.004000345745914169
2010-08-09,2799,20,0.007145409074669525,5195,20,0.0038498556304138597,2010,0.00505550373910065,0.004108184143167616
2010-08-10,2295,51,0.022222222222222223,4727,17,0.0035963613285381847,2010,0.005781770605185145,0.004167444547390257
2010-08-11,3070,35,0.011400651465798045,6065,12,0.001978565539983512,2010,0.006133716234518163,0.00422445718573835
2010-08-12,3222,91,0.02824332712600869,5852,3,0.0005126452494873548,2010,0.006922648795376541,0.004181593322351958
2010-08-13,3099,118,0.03807679896740884,4545,4,0.0008800880088008801,2010,0.008001661601046038,0.004106464251800039
2010-08-16,3005,37,0.012312811980033278,6023,20,0.0033206043499916984,2010,0.008361244656471593,0.004157879645967683
2010-08-17,2488,130,0.0522508038585209,6587,13,0.0019735843327766812,2010,0.009990107686442923,0.004213359699493851
2010-08-18,2478,65,0.026230831315577078,5771,10,0.0017328019407381737,2010,0.01064697065971386,0.0042002806751758074
2010-08-19,3069,56,0.018246985988921473,5855,12,0.002049530315969257,2010,0.011132515719291724,0.004257894006410321
2010-08-20,3232,22,0.006806930693069307,7030,17,0.0024182076813655763,2010,0.011236329600176289,0.00425653888385424
2010-08-23,3139,19,0.006052883083784644,6094,1,0.00016409583196586806,2010,0.01137759630188018,0.004219136290471752
2010-08-24,3549,50,0.014088475626937165,8440,9,0.0010663507109004739,2010,0.011700573273654062,0.004145782745406766
2010-08-25,3819,9,0.002356637863315004,9139,15,0.001641317430791115,2010,0.011634879762354297,0.0041300898604163475
2010-08-26,2527,2,0.0007914523149980214,6151,1,0.00016257519102584944,2010,0.011521312396772804,0.004038742184634513
2010-08-27,3195,83,0.025978090766823163,6558,17,0.00259225373589509,2010,0.012147047860372663,0.004125150642497684
2010-08-30,1889,14,0.007411328745367919,6087,2,0.0003285690816494168,2010,0.012366914546231986,0.003896130370656423
2010-08-31,2746,21,0.00764748725418791,6807,11,0.0016159835463493463,2010,0.012528197829236752,0.0038807185778635387
2010-09-01,3495,11,0.0031473533619456365,6748,12,0.0017783046828689982,2010,0.012506498189920391,0.0038612463849885337
2010-09-02,2990,3,0.001003344481605351,6536,4,0.0006119951040391676,2010,0.012122430029219219,0.003843975357512582
2010-09-03,3917,70,0.017870819504723003,6819,9,0.0013198416190057193,2010,0.012539251958837932,0.0037542180427890463
2010-09-07,3207,21,0.006548175865294668,5787,7,0.0012096077414895455,2010,0.012510514607285871,0.003599053372096107
2010-09-08,3162,40,0.01265022137887413,6514,23,0.0035308566165182685,2010,0.012882776656015416,0.003565588069923876
2010-09-09,3747,48,0.012810248198558846,6926,7,0.0010106843777071904,2010,0.013221679202428465,0.0029827632792999294
2010-09-10,2738,29,0.010591672753834916,6434,8,0.0012433944668946222,2010,0.013435313559704546,0.002542575380244686
2010-09-13,5146,105,0.020404197434900895,8375,48,0.00573134328358209,2010,0.013585872599636254,0.0025114904881702806
2010-09-14,5375,115,0.021395348837209303,5923,22,0.003714333952388992,2010,0.014160210213890566,0.002436338081141826
2010-09-15,3357,63,0.01876675603217158,6688,14,0.0020933014354066986,2010,0.014768630787713594,0.0022893713656906033
2010-09-16,3087,62,0.02008422416585682,6441,35,0.005433938829374321,2010,0.015179420521549618,0.002414641196432735
2010-09-17,3290,31,0.009422492401215805,5638,10,0.0017736786094359701,2010,0.014893023217282699,0.0021476466921288937
2010-09-20,5534,5,0.0009035056017347307,9989,103,0.010311342476724397,2010,0.01476204961218563,0.002321533770069274
2010-09-21,4722,10,0.0021177467174925877,8031,57,0.007097497198356369,2010,0.014594460866946398,0.002429788489000691
2010-09-22,3185,10,0.0031397174254317113,6645,29,0.00436418359668924,2010,0.013958377373720047,0.0024553825646057266
2010-09-23,2754,12,0.004357298474945534,7945,45,0.005663939584644431,2010,0.01372359894069163,0.0025782283660944244
2010-09-24,4692,50,0.010656436487638534,6182,38,0.0061468780329990294,2010,0.013137369252745957,0.002766036125544813
2010-09-27,3578,34,0.009502515371716043,5500,44,0.008,2010,0.012184893132889531,0.0030033665252514508
2010-09-28,3241,13,0.004011107682813947,5026,39,0.007759649820931158,2010,0.011908169656315555,0.003151334707616099
2010-09-29,2382,4,0.0016792611251049538,5249,5,0.0009525623928367308,2010,0.010222451565201688,0.0031173006429514338
2010-09-30,3336,16,0.004796163069544364,6786,31,0.004568228706159741,2010,0.009507962623667265,0.003211814868465486
2010-10-01,2877,32,0.011122697254084116,4083,49,0.012000979671809943,2010,0.00927048633250602,0.003543529846993509
2010-10-04,2771,3,0.0010826416456153013,4623,2,0.00043261951113995244,2010,0.009079676697590888,0.0034773435746526552
2010-10-05,4527,11,0.0024298652529268832,5822,12,0.0020611473720371005,2010,0.008958909436562296,0.0035405786259883627
2010-10-06,3090,28,0.009061488673139158,4729,4,0.0008458447874814971,2010,0.00879134320476903,0.0035332284285410635
2010-10-07,3108,14,0.0045045045045045045,4288,4,0.0009328358208955224,2010,0.008862938759475343,0.003509612374877877
2010-10-08,3560,19,0.0053370786516853935,4109,10,0.002433682161109759,2010,0.009014459637364924,0.003585315940547341
2010-10-11,1847,3,0.0016242555495397943,3855,49,0.01271076523994812,2010,0.008202665130122145,0.003922599657349108
2010-10-12,2829,17,0.006009190526687876,4019,10,0.002488181139586962,2010,0.008155927189499477,0.003994586725947027
2010-10-13,4199,24,0.0057156465825196475,6654,60,0.009017132551848512,2010,0.008091532500443869,0.004241291692796998
2010-10-14,1953,0,0.0,4348,18,0.004139834406623735,2010,0.007986620721712346,0.00432000935025549
2010-10-15,2237,1,0.0004470272686633885,4925,4,0.0008121827411167512,2010,0.007968076814614282,0.004326682271491409
2010-10-18,2908,13,0.004470426409903714,5020,11,0.0021912350597609563,2010,0.007521397044786971,0.004355728719516584
2010-10-19,3191,2,0.0006267627702914447,6519,13,0.0019941708851050773,2010,0.0073240166082868645,0.004381880824303769
2010-10-20,2625,5,0.0019047619047619048,5366,15,0.002795378307864331,2010,0.0069658346258164566,0.004357364880681971
2010-10-21,2976,6,0.0020161290322580645,5705,31,0.005433829973707274,2010,0.006606030653606431,0.004504803067215306
2010-10-22,2192,15,0.006843065693430657,4235,42,0.009917355371900827,2010,0.006481077084926289,0.0047939350973821805
2010-10-25,3420,14,0.004093567251461989,6495,16,0.0024634334103156275,2010,0.005937389412144991,0.004685004768273298
2010-10-26,1998,0,0.0,4194,10,0.002384358607534573,2010,0.005224211117571348,0.004640672256778151
2010-10-27,3091,8,0.002588159171789065,5637,16,0.0028383892141209863,2010,0.004684924555558597,0.004665508516068627
2010-10-28,2612,3,0.0011485451761102604,5543,30,0.0054122316435143425,2010,0.004053735255900379,0.004664784943206627
2010-10-29,2336,9,0.003852739726027397,4135,19,0.004594921402660218,2010,0.003868076833394099,0.004758826369647436
2010-11-01,2843,2,0.0007034822370735139,5237,18,0.00343708229902616,2010,0.0038614093879053915,0.004529684363724162
2010-11-02,3096,3,0.0009689922480620155,5080,29,0.005708661417322835,2010,0.0038231175722577056,0.004483389837689711
2010-11-03,3195,13,0.004068857589984351,4703,151,0.03210716563895386,2010,0.003854088911076127,0.005408155905765198
2010-11-04,5829,66,0.011322696860524962,7407,104,0.014040772242473337,2010,0.004086268857262108,0.005687383661026161
2010-11-05,5528,42,0.007597684515195369,5994,46,0.007674341007674341,2010,0.003984310458180669,0.005738299093515338
2010-11-08,3394,29,0.00854449027695934,4837,34,0.007029150299772587,2010,0.003952376288355446,0.0057059374368410905
2010-11-09,3306,45,0.013611615245009074,6000,85,0.014166666666666666,2010,0.004272393207095283,0.005919504665032275
2010-11-10,2623,10,0.003812428516965307,4319,45,0.010419078490391294,2010,0.004343498786823962,0.006235055201617426
2010-11-11,2696,25,0.009272997032640949,5061,69,0.013633669235328987,2010,0.004492726585593848,0.006537236552589735
2010-11-12,2917,68,0.023311621528968117,5853,61,0.010422005808986844,2010,0.0048990240614233144,0.0064846040904956315
2010-11-15,2672,51,0.01908682634730539,4092,13,0.003176930596285435,2010,0.005499163551479651,0.006576081126667148
2010-11-16,5135,119,0.02317429406037001,6736,19,0.0028206650831353918,2010,0.006190644511727755,0.006601398383703758
2010-11-17,2655,27,0.010169491525423728,4738,10,0.002110595187842972,2010,0.006227577940137241,0.0066435567303824725
2010-11-18,2667,69,0.025871766029246346,2571,5,0.0019447685725398677,2010,0.006939819990961969,0.006677287822103952
2010-11-19,1879,0,0.0,4613,7,0.0015174506828528073,2010,0.006761917369239123,0.0066467467728287205
2010-11-22,2648,3,0.0011329305135951663,5758,34,0.005904828065300452,2010,0.006745539868040968,0.006419882200340464
2010-11-23,3226,34,0.010539367637941723,7574,35,0.0046210720887245845,2010,0.00689654577174943,0.006490978565311718
2010-11-24,3469,15,0.004324012683770539,4300,7,0.0016279069767441861,2010,0.006850157975124459,0.006244671046141574
2010-11-26,1389,8,0.005759539236861051,3354,8,0.002385211687537269,2010,0.007042142616353162,0.006186183622172025
2010-11-29,2430,2,0.0008230452674897119,5386,4,0.0007426661715558856,2010,0.007054676549647371,0.006183866403186663
2010-11-30,2605,2,0.0007677543186180423,5353,7,0.0013076779376050812,2010,0.006931254146604516,0.006154414499114801
2010-12-01,4441,33,0.007430758838099527,5535,7,0.0012646793134598012,2010,0.0071580540155314525,0.006130098113393291
2010-12-02,5281,52,0.009846619958341223,5065,59,0.011648568608094769,2010,0.00742278261731743,0.006425204456734305
2010-12-03,3514,2,0.0005691519635742744,5051,55,0.010888932884577311,2010,0.007374550048361303,0.006607041220429974
2010-12-06,2415,5,0.002070393374741201,4317,158,0.036599490386842716,2010,0.007215460971071655,0.007496445720928038
2010-12-07,3919,1,0.00025516713447307985,5899,39,0.006611290049160875,2010,0.007087514300505357,0.007634707608889545
2010-12-08,3708,9,0.0024271844660194173,4326,41,0.009477577438742488,2010,0.007168420449372672,0.007871148236596476
2010-12-09,2767,16,0.005782435851102277,3968,70,0.017641129032258066,2010,0.007274896338683111,0.008364572897201045
2010-12-10,5248,17,0.0032393292682926828,6020,194,0.03222591362126246,2010,0.00734458914175586,0.009258362296459316
2010-12-13,5679,7,0.0012326113752421201,5825,163,0.02798283261802575,2010,0.007257251530063017,0.0100379593369715
2010-12-14,3131,22,0.007026509102523155,5059,49,0.009685708638070766,2010,0.007468019092244671,0.010246246881606321
2010-12-15,4790,19,0.003966597077244259,5804,73,0.012577532736044108,2010,0.007567939253217412,0.01047520925889703
2010-12-16,4063,31,0.007629830174747723,4465,13,0.0029115341545352742,2010,0.007686638339376192,0.009502021542749742
2010-12-17,4745,22,0.004636459430979979,5823,42,0.0072127769191138585,2010,0.007463763758391359,0.00927442169863776
2010-12-20,3456,18,0.005208333333333333,6366,123,0.01932139491046183,2010,0.007384118718995958,0.009662656828730678
2010-12-21,4337,39,0.008992391053723773,7023,48,0.006834686031610423,2010,0.007399048744888105,0.009656174686458605
2010-12-22,3538,22,0.006218202374222725,4671,59,0.012631128238064655,2010,0.007152601649195229,0.00960499007217187
2010-12-23,1984,0,0.0,4467,193,0.04320573091560331,2010,0.007025520698629718,0.010697878486345605
2010-12-27,2360,35,0.014830508474576272,3772,38,0.01007423117709438,2010,0.007210771080027561,0.01057923055107112
2010-12-28,2387,0,0.0,3722,255,0.06851155292853305,2010,0.006433717029061957,0.012515548788389326
2010-12-29,2401,16,0.006663890045814244,3504,142,0.04052511415525114,2010,0.006019619152345586,0.01376048824035485
2010-12-30,3025,58,0.019173553719008266,3429,72,0.02099737532808399,2010,0.005886261140966862,0.014366378581853136
2010-12-31,1885,0,0.0,3017,18,0.005966191581040769,2010,0.005547278090119404,0.014494898461626394
2011-01-03,3863,102,0.02640434895159203,6374,43,0.00674615625980546,2011,0.005565030854197594,0.014654944717868582
2011-01-04,2755,11,0.003992740471869328,6222,237,0.038090646094503376,2011,0.005698122203259904,0.015874051231590268
2011-01-05,3262,40,0.012262415695892091,4706,147,0.03123671908202295,2011,0.006069105042669802,0.01671844759881435
2011-01-06,3782,41,0.010840824960338445,5579,42,0.0075282308657465494,2011,0.006079153620083026,0.01681535289138175
2011-01-07,3390,16,0.00471976401179941,5192,180,0.03466872110939907,2011,0.006092345331017321,0.017916713362470246
2011-01-10,3462,9,0.0025996533795493936,5054,121,0.023941432528690146,2011,0.005987015802440266,0.018635254057175345
2011-01-11,3456,36,0.010416666666666666,4625,80,0.017297297297297298,2011,0.006306803182412831,0.019187075094700055
2011-01-12,4171,34,0.008151522416686647,5278,80,0.015157256536566882,2011,0.006552928785681785,0.01964872771466545
2011-01-13,2110,8,0.0037914691943127963,4983,136,0.027292795504716034,2011,0.006431619130888894,0.020516331587707323
2011-01-14,2475,16,0.006464646464646465,4961,98,0.019754081838339044,2011,0.006318886681099068,0.0207865153620488
2011-01-18,3292,15,0.004556500607533414,5045,145,0.028741328047571853,2011,0.006451798302564374,0.021381595200815284
2011-01-19,2756,93,0.03374455732946299,7915,276,0.03487049905243209,2011,0.007507603767721765,0.021323962156334926
2011-01-20,2236,37,0.016547406082289804,4219,57,0.013510310500118512,2011,0.008050678399315657,0.021553929504700184
2011-01-21,3336,25,0.00749400479616307,4848,59,0.01216996699669967,2011,0.008219572410320446,0.021643675823298757
2011-01-24,2790,22,0.007885304659498209,6273,65,0.010361868324565598,2011,0.008289668037266976,0.02140103379970901
2011-01-25,2762,16,0.005792903692976104,5993,122,0.020357083263807776,2011,0.008374787184756424,0.021005406121127182
2011-01-26,3275,38,0.011603053435114504,5565,77,0.013836477987421384,2011,0.008720468586752168,0.020533860966773707
2011-01-27,3392,36,0.01061320754716981,7286,154,0.02113642602250892,2011,0.008840025201573724,0.020915551546254976
2011-01-28,4033,24,0.005950905033473841,11317,347,0.03066183617566493,2011,0.008906168800114711,0.021518361660909
2011-01-31,3128,16,0.005115089514066497,6360,24,0.0037735849056603774,2011,0.008822344111425339,0.021547096685946506
2011-02-01,4124,50,0.01212415130940834,7482,117,0.015637530072173216,2011,0.009071933840706281,0.021827921791048487
2011-02-02,2357,18,0.007636826474331778,4769,51,0.010694065841895575,2011,0.009152883612072896,0.021540344155429613
2011-02-03,2994,5,0.0016700066800267202,5301,96,0.018109790605546124,2011,0.008908804132949663,0.021916180974560804
2011-02-04,2317,20,0.008631851532153647,4856,90,0.018533772652388796,2011,0.008989259104880692,0.022112935788371604
2011-02-07,3721,26,0.006987368986831497,6164,52,0.008436080467229072,2011,0.009222171404441742,0.020953947440092466
2011-02-08,3287,37,0.011256464861575905,5834,142,0.024340075419952006,2011,0.00910303661734173,0.02142947558152105
2011-02-09,2647,31,0.011711371363808084,5601,39,0.006963042313872523,2011,0.009493415662802,0.019377858561032368
2011-02-10,1510,14,0.009271523178807948,4018,26,0.006470881035340966,2011,0.009580336767235123,0.018242717457035363
2011-02-11,3469,31,0.008936292879792447,6465,66,0.010208816705336427,2011,0.009239094739261263,0.017883098836277107
2011-02-14,3054,34,0.011132940406024885,5120,51,0.0099609375,2011,0.009610192752795425,0.01801625703357575
2011-02-15,1771,10,0.00564652738565782,5476,69,0.012600438276113951,2011,0.008918265367264287,0.018211399767452698
2011-02-16,4536,38,0.00837742504409171,8292,80,0.00964785335262904,2011,0.009064421519671696,0.01726330667605689
2011-02-17,4645,10,0.002152852529601722,5688,60,0.010548523206751054,2011,0.008727436080795351,0.01657370014688116
2011-02-18,3660,14,0.003825136612021858,7495,67,0.008939292861907939,2011,0.008493579802518133,0.016620735546753206
2011-02-22,5746,33,0.005743125652627915,14715,44,0.0029901461094121646,2011,0.008527691857212416,0.015564783046753643
2011-02-23,3754,9,0.002397442727757059,10237,14,0.001367588160593924,2011,0.008520951502152672,0.0148123215678171
2011-02-24,3752,0,0.0,9444,4,0.00042354934349851756,2011,0.00817372927993045,0.014249863302690477
2011-02-25,3476,149,0.04286536248561565,6710,118,0.017585692995529062,2011,0.009330857282228083,0.014330811184655881
2011-02-28,3558,25,0.0070264193367060145,7326,204,0.027846027846027847,2011,0.009438688953641191,0.014349252262699608
2011-03-01,4436,49,0.011045987376014428,10374,77,0.007422402159244264,2011,0.009591400317353454,0.01393819627339645
2011-03-02,3599,36,0.01000277854959711,7610,20,0.002628120893561104,2011,0.009772942915422246,0.013067756034929425
2011-03-03,4819,28,0.005810334094210417,8919,119,0.013342302948761072,2011,0.008841802140913825,0.012350149498140391
2011-03-04,2874,14,0.0048712595685455815,8559,231,0.02698913424465475,2011,0.008452597257122352,0.012799443622958265
2011-03-07,3317,42,0.012662044015676817,8039,64,0.007961189202637144,2011,0.008624865231106144,0.01265915102982285
2011-03-08,3697,1,0.0002704895861509332,7247,105,0.014488753967158824,2011,0.008371038061994568,0.012796713884575955
2011-03-09,4112,19,0.004620622568093385,5808,32,0.005509641873278237,2011,0.008331962024498478,0.012301799171558304
2011-03-10,4877,3,0.0006151322534344885,8653,106,0.01225008667514157,2011,0.007965697985109144,0.012248919461148977
2011-03-11,3814,6,0.0015731515469323545,6652,46,0.006915213469633193,2011,0.007664362785101228,0.011774879042719786
2011-03-14,3728,40,0.01072961373390558,7133,25,0.0035048366746109633,2011,0.00782365307511562,0.010869645726017986
2011-03-15,6514,79,0.012127724900214921,13575,136,0.01001841620626151,2011,0.008057407587987234,0.011077806769371359
2011-03-16,5645,20,0.00354295837023915,18254,236,0.012928673167524926,2011,0.007771367823348261,0.010987511539216416
2011-03-17,4195,19,0.004529201430274136,11210,31,0.0027653880463871542,2011,0.007667780321879673,0.010723222279366135
2011-03-18,3525,19,0.005390070921985815,10079,48,0.0047623772199622974,2011,0.0077917824632783095,0.010278308499846674
2011-03-21,5136,37,0.00720404984423676,9751,82,0.008409393908317096,2011,0.007744189073681079,0.009940829208377617
2011-03-22,3432,1,0.0002913752913752914,8883,128,0.01440954632443994,2011,0.007520989283832539,0.010139944736951312
2011-03-23,3790,29,0.007651715039577837,7959,139,0.01746450559115467,2011,0.007400830956432605,0.009910759075991402
2011-03-24,4360,25,0.005733944954128441,10644,191,0.017944381811349115,2011,0.007201583409443282,0.010276803725907287
2011-03-25,4147,1,0.00024113817217265494,8980,293,0.032628062360801784,2011,0.006900570575888773,0.011148709770089315
2011-03-28,3470,20,0.005763688760806916,7278,98,0.013465237702665568,2011,0.006794817105255922,0.011257257136666953
2011-03-29,2393,4,0.001671541997492687,6348,123,0.019376181474480152,2011,0.006479437158304849,0.011571098602482958
2011-03-30,4277,2,0.00046761748889408465,6767,89,0.013152061474804197,2011,0.006306806828412724,0.011589486042439302
2011-03-31,2163,7,0.003236245954692557,5765,46,0.00797918473547268,2011,0.006135434192099418,0.011533863755200753
2011-04-01,3698,0,0.0,7694,142,0.018455939693267483,2011,0.006063672441112695,0.011797444304751301
2011-04-04,2725,15,0.005504587155963303,5447,65,0.011933174224343675,2011,0.006119654125910743,0.011897240350165827
2011-04-05,2452,11,0.004486133768352365,5916,58,0.00980392156862745,2011,0.006077754396434891,0.012124366198806337
2011-04-06,2517,10,0.003972983710766786,5506,39,0.007083181983290956,2011,0.006130272429201882,0.012314885992896237
2011-04-07,2454,30,0.012224938875305624,5196,110,0.021170130869899922,2011,0.006537770391712069,0.013006438710442951
2011-04-08,3310,9,0.002719033232628399,6201,13,0.0020964360587002098,2011,0.005199559416612495,0.012490130145881989
2011-04-11,2036,23,0.011296660117878193,5313,42,0.007905138339920948,2011,0.005341900775984901,0.01182543382901176
2011-04-12,2543,14,0.005505308690523005,5760,10,0.001736111111111111,2011,0.005157211486468519,0.011635890794073987
2011-04-13,3373,70,0.020753038837829824,4444,21,0.004725472547254726,2011,0.005515553496076276,0.011705802515863775
2011-04-14,1819,12,0.006597031335898846,5126,9,0.001755754974639095,2011,0.005541776737465891,0.011319584250059708
2011-04-15,2688,31,0.011532738095238096,6630,21,0.003167420814479638,2011,0.005763826021688975,0.01052552713572054
2011-04-18,3315,36,0.01085972850678733,8050,55,0.0068322981366459624,2011,0.005703748838059325,0.010487897433520832
2011-04-19,2803,65,0.023189439885836605,5497,45,0.008186283427323995,2011,0.006467713848048848,0.010277815082193005
2011-04-20,3735,22,0.005890227576974565,7271,48,0.006601567872369688,2011,0.006510034015011554,0.010314212615496053
2011-04-21,3279,40,0.012198841110094541,5930,192,0.03237774030354131,2011,0.006896157643566889,0.01098513440310938
2011-04-25,2434,15,0.006162695152013147,5747,50,0.008700191404210893,2011,0.007049142430402915,0.011044633667595302
2011-04-26,3465,16,0.004617604617604618,6905,175,0.025343953656770456,2011,0.006845408793192884,0.011772604233667282
2011-04-27,3848,4,0.0010395010395010396,6247,68,0.010885224907955819,2011,0.006475801331169088,0.011801497857057095
2011-04-28,4032,11,0.002728174603174603,8139,212,0.026047425973706843,2011,0.0064486418722669355,0.012238789617263159
2011-04-29,5750,39,0.006782608695652174,11238,197,0.017529809574657412,2011,0.006523755447779537,0.012730937001538833
2011-05-02,3602,13,0.003609106052193226,8662,136,0.01570076194874163,2011,0.006464389952119784,0.013095549825831478
2011-05-03,3165,2,0.000631911532385466,9348,173,0.0185066324347454,2011,0.006245318675058075,0.01343212444337909
2011-05-04,3222,11,0.003414028553693358,7118,122,0.01713964596796853,2011,0.006349407117135344,0.01352312776483004
2011-05-05,3886,11,0.0028306742151312406,10724,131,0.012215591197314435,2011,0.006188705756320456,0.013348163951702035
2011-05-06,3884,23,0.00592173017507724,9422,106,0.011250265336446614,2011,0.006194965263685417,0.013125026735871952
2011-05-09,2822,0,0.0,5176,23,0.004443585780525503,2011,0.0061869273246129945,0.012185544183196074
2011-05-10,2957,35,0.011836320595197836,6461,33,0.005107568487850178,2011,0.006389348385759359,0.011906955209368896
2011-05-11,3158,8,0.00253324889170361,6797,101,0.014859496836839783,2011,0.006418071948899723,0.011756399054780882
2011-05-12,2553,13,0.0050920485703094395,6074,21,0.003457359236088245,2011,0.0065722196516135685,0.011433242313490351
2011-05-13,2476,11,0.0044426494345718905,5334,25,0.004686914135733034,2011,0.006612433100942879,0.011323499960165694
2011-05-16,2912,59,0.020260989010989012,6631,19,0.0028653295128939827,2011,0.007287799401309179,0.010803812954153245
2011-05-17,3411,31,0.00908824391673996,6297,15,0.0023820867079561697,2011,0.007407254626668401,0.010485443370273663
2011-05-18,2727,25,0.009167583425009167,5292,31,0.005857898715041572,2011,0.007563302948556961,0.010353909275154134
2011-05-19,3597,13,0.003614122880177926,4972,17,0.003419147224456959,2011,0.0075513409208706654,0.010231774783193
2011-05-20,3051,45,0.014749262536873156,7479,27,0.0036101083032490976,2011,0.007635485042922917,0.009646440697637973
2011-05-23,4905,274,0.055861365953109074,6641,10,0.001505797319680771,2011,0.009406896133605605,0.009626752739670657
2011-05-24,3109,52,0.016725635252492762,5063,34,0.006715386134702746,2011,0.009587861971426092,0.00958709433283005
2011-05-25,3483,28,0.008039046798736722,5079,14,0.002756448119708604,2011,0.00967231990836655,0.009621105566449966
2011-05-26,3589,118,0.032878239063806075,6875,5,0.0007272727272727272,2011,0.010076493249232423,0.009487832239117233
2011-05-27,3618,113,0.03123272526257601,7094,55,0.007753030730194531,2011,0.01089768304678833,0.009687741430969083
2011-05-31,3686,106,0.02875746066196419,7361,78,0.010596386360548838,2011,0.011471840465679199,0.009935373615838055
2011-06-01,3902,165,0.04228600717580728,8513,190,0.022318806531187594,2011,0.012519383087979863,0.010451590562322775
2011-06-02,4235,328,0.07744982290436836,8712,12,0.0013774104683195593,2011,0.014328062521930921,0.010224628130355962
2011-06-03,4095,197,0.04810744810744811,7038,27,0.0038363171355498722,2011,0.01573530320628004,0.010132453105795301
2011-06-06,4432,242,0.0546028880866426,8779,10,0.0011390818999886091,2011,0.01714877143883164,0.009091164492343545
2011-06-07,4136,64,0.015473887814313346,8581,27,0.0031464864234937652,2011,0.01745914452757498,0.008906040992986307
2011-06-08,3813,117,0.03068450039339103,7959,36,0.004523181304183943,2011,0.01832804105343453,0.008212015247900089
2011-06-09,4817,61,0.012663483495951837,6398,37,0.00578305720537668,2011,0.018715507135316223,0.00804194299114745
2011-06-10,5443,179,0.03288627595076245,10508,123,0.011705367339170157,2011,0.019720777180235818,0.007563874369996228
2011-06-13,4449,81,0.01820633850303439,7625,25,0.003278688524590164,2011,0.020101568173815223,0.007088837001660654
2011-06-14,8207,284,0.03460460582429633,11067,22,0.001987891930965935,2011,0.021134751499551997,0.006631741334401464
2011-06-15,5124,91,0.017759562841530054,13526,152,0.011237616442407216,2011,0.021705673209856814,0.006389440801323524
2011-06-16,4339,147,0.03387877391103941,11043,168,0.015213257267046998,2011,0.02272116472176835,0.00632522784462614
2011-06-17,4441,251,0.05651880207160549,9545,31,0.003247773703509691,2011,0.024510768983650826,0.006026300594832649
2011-06-20,4407,153,0.03471749489448604,8968,28,0.0031222123104371097,2011,0.025470627807631117,0.0057553654939656645
2011-06-21,5974,205,0.03431536658855038,9272,40,0.004314063848144953,2011,0.0266144733605828,0.005751048096219647
2011-06-22,3855,82,0.021271076523994813,6945,38,0.005471562275017999,2011,0.02692896522487603,0.005763181222458574
2011-06-23,6005,33,0.005495420482930891,10900,109,0.01,2011,0.027027704277916943,0.005601197994563915
2011-06-24,4156,135,0.03248315688161694,8809,30,0.0034056079010103303,2011,0.02794074122162719,0.005599472950061317
2011-06-27,3819,7,0.001832940560356114,8776,61,0.00695077484047402,2011,0.027853750925819997,0.005674934973552684
2011-06-28,4926,27,0.0054811205846528625,8579,72,0.008392586548548782,2011,0.027361088644942126,0.005859176874741178
2011-06-29,5408,49,0.009060650887573964,9219,348,0.03774812886430198,2011,0.02736016887730326,0.007038044946619371
2011-06-30,5175,147,0.028405797101449276,8466,388,0.04583038034490905,2011,0.02800144266651793,0.008370461000948288
2011-07-01,7962,378,0.04747550866616428,10111,756,0.07477005241815844,2011,0.02946348885938414,0.010748824507405002
2011-07-05,4575,66,0.014426229508196721,6444,121,0.01877715704531347,2011,0.029452721091761593,0.011254392798807149
2011-07-06,3286,13,0.003956177723676202,5787,92,0.01589770174529117,2011,0.0277225481507805,0.011734122946327497
2011-07-07,5917,43,0.007267196214297786,7120,222,0.031179775280898877,2011,0.027407266849507332,0.012549602584534032
2011-07-08,3819,51,0.01335428122545169,5768,86,0.014909847434119279,2011,0.027584441330397832,0.012954715895014391
2011-07-11,2927,10,0.0034164673727365906,6658,2,0.00030039050765995795,2011,0.026602382274028846,0.012940486487693964
2011-07-12,3610,47,0.01301939058171745,5783,13,0.0022479681826041847,2011,0.025995271118000228,0.012756984402774283
2011-07-13,2745,6,0.002185792349726776,5287,31,0.005863438623037639,2011,0.025109548840925647,0.012599219478190577
2011-07-14,3289,3,0.0009121313469139556,7700,12,0.0015584415584415584,2011,0.023730419646629204,0.011907207312432378
2011-07-15,2739,1,0.0003650967506389193,5784,21,0.0036307053941908715,2011,0.02116092877483822,0.011982317143294754
2011-07-18,3914,41,0.010475217169136432,10709,29,0.002708002614623214,2011,0.0199065210768945,0.011944706659263865
2011-07-19,3804,29,0.007623554153522608,6138,15,0.0024437927663734115,2011,0.018340543279123836,0.011988197021476691
2011-07-20,3051,20,0.006555227794165847,5881,22,0.0037408603978915152,2011,0.018043254611785586,0.01200800948728995
2011-07-21,4572,2,0.0004374453193350831,8183,64,0.007821092508859831,2011,0.01703501944265039,0.012117939860779147
2011-07-22,3362,36,0.010707911957168352,7056,12,0.0017006802721088435,2011,0.01696983372469094,0.011981860629670217
2011-07-25,2655,0,0.0,6178,5,0.0008093234056328909,2011,0.01587362452633219,0.011618659165218976
2011-07-26,2178,4,0.0018365472910927456,7209,9,0.0012484394506866417,2011,0.015327964819267466,0.011550984196088859
2011-07-27,3791,3,0.0007913479293062516,10715,14,0.0013065795613625758,2011,0.014200856222767799,0.011528273783768748
2011-07-28,3212,0,0.0,9543,11,0.0011526773551294143,2011,0.013608870794716796,0.011192109147526155
2011-07-29,6395,12,0.0018764659890539485,12439,10,0.000803923144947343,2011,0.012542127197317282,0.010711798010122831
2011-08-01,5476,24,0.004382761139517896,13169,56,0.0042524109651454174,2011,0.010804259166247693,0.010745285918844024
2011-08-02,5929,22,0.0037105751391465678,16505,32,0.0019388064222962739,2011,0.009770695174403045,0.010705839055905995
2011-08-03,5792,16,0.0027624309392265192,13555,41,0.0030247141276281814,2011,0.008718930652758916,0.010662860731888768
2011-08-04,8846,29,0.0032783178837892833,23545,73,0.003100445954555107,2011,0.008119172031418731,0.010583823521206672
2011-08-05,10618,50,0.004708984742889433,21311,28,0.0013138754633757214,2011,0.008092957506750684,0.010294286036652531
2011-08-08,11783,39,0.0033098531783077316,25072,8,0.0003190810465858328,2011,0.007120514049973711,0.010191401808171715
2011-08-09,9363,13,0.0013884438748264444,30117,100,0.0033203838363714848,2011,0.007105697493789388,0.010070388774701629
2011-08-10,9108,41,0.004501537110232762,27772,11,0.0003960823851361083,2011,0.007073044711308718,0.009803838635921207
2011-08-11,11601,34,0.002930781829152659,20007,29,0.001449492677562853,2011,0.006868715742694675,0.008593884096363236
2011-08-12,5628,24,0.0042643923240938165,14852,25,0.0016832749798007002,2011,0.006064002250116159,0.007122313917526292
2011-08-15,5071,11,0.0021691973969631237,9294,34,0.0036582741553690553,2011,0.00455379187447612,0.004751921308766644
2011-08-16,4153,28,0.006742114134360703,10371,19,0.001832031626651239,2011,0.004297654695348253,0.004187083794811237
2011-08-17,4856,50,0.01029654036243822,12896,29,0.002248759305210918,2011,0.00450900011664032,0.003732119046808562
2011-08-18,6734,7,0.0010395010395010396,17338,0,0.0,2011,0.004301410277480429,0.002692793204111933
2011-08-19,7169,19,0.002650299902357372,16654,1,0.000060045634682358595,2011,0.003944610900043951,0.0021977998107973688
2011-08-22,5848,29,0.004958960328317373,14639,1,0.00006831067695880866,2011,0.003996027331896644,0.0021900638164406637
2011-08-23,6082,13,0.0021374547846103255,14696,19,0.0012928688078388678,2011,0.0036332961386597393,0.002158227170615153
2011-08-24,5523,6,0.0010863661053775121,13316,1,0.00007509762691498949,2011,0.0035966485971814306,0.0019652824707443984
2011-08-25,6861,6,0.0008745080891998251,15088,2,0.0001325556733828208,2011,0.00359539448859096,0.0019177529412424403
2011-08-26,6021,4,0.0006643414715163594,12593,4,0.0003176367823393949,2011,0.0036053693126202077,0.0018073173208473909
2011-08-29,7831,13,0.0016600689567105094,14527,48,0.003304192193845942,2011,0.003311531038872677,0.0018271903068214819
2011-08-30,7306,39,0.005338078291814947,9587,32,0.0033378533430687388,2011,0.003235348510149088,0.0018569923260446596
2011-08-31,7784,0,0.0,12217,23,0.0018826225751002702,2011,0.0030168409170102267,0.0017950510652849513
2011-09-01,6114,13,0.0021262675825973174,11992,29,0.002418278852568379,2011,0.003073134992452301,0.001614957276741903
2011-09-02,5584,1,0.00017908309455587392,11540,7,0.0006065857885615251,2011,0.0027221740303652185,0.0015784874606236592
2011-09-06,7769,3,0.00038615008366585146,14024,8,0.0005704506560182544,2011,0.002735045699820747,0.0015705250356365045
2011-09-07,6284,25,0.0039783577339274345,12443,39,0.0031342923732218917,2011,0.00280643938124857,0.0016333867997210126
2011-09-08,6183,3,0.00048520135856380397,10978,9,0.0008198214611040263,2011,0.002796234495557155,0.0016171615297123946
2011-09-09,6753,19,0.0028135643417740263,14538,11,0.000756637776860641,2011,0.0028900199736162898,0.001603960210436769
2011-09-12,7383,6,0.0008126777732629012,14915,24,0.0016091183372443849,2011,0.0028545603664232545,0.0016308000501800036
2011-09-13,4863,0,0.0,8929,17,0.0019039086123866053,2011,0.0027084683284393247,0.0015525166384213762
2011-09-14,7212,9,0.0012479201331114808,9829,60,0.006104384983212942,2011,0.002626379828238155,0.0016913692571185986
2011-09-15,7752,2,0.00025799793601651185,12164,4,0.0003288391976323578,2011,0.002542898728131155,0.001601506759452071
2011-09-16,7500,10,0.0013333333333333333,13630,20,0.001467351430667645,2011,0.0024780659097826236,0.001547070275322489
2011-09-19,6731,9,0.0013370970138166691,13205,11,0.0008330177962892843,2011,0.0023656696521468642,0.001531041686419608
2011-09-20,5441,0,0.0,12908,8,0.0006197706848466068,2011,0.0022553412128699397,0.0015410646743616338
2011-09-21,4124,13,0.0031522793404461687,16169,24,0.0014843218504545736,2011,0.0023141357283905976,0.0014798626081644031
2011-09-22,9967,5,0.0005016554630279924,20053,4,0.00019947140078791203,2011,0.002180806340150438,0.00147330890868613
2011-09-23,6673,90,0.013487187172186423,12376,2,0.00016160310277957336,2011,0.0025326865182515638,0.0014303792561933541
2011-09-26,6361,39,0.006131111460462192,11347,30,0.0026438706265973387,2011,0.0025949104894638433,0.0014623991110865751
2011-09-27,6940,16,0.0023054755043227667,15399,54,0.0035067212156633548,2011,0.002599453093042498,0.0014573473464297186
2011-09-28,4396,5,0.0011373976342129207,11022,7,0.000635093449464707,2011,0.0024126292097042383,0.0014174494071901677
2011-09-29,6836,9,0.0013165593914569924,12886,11,0.0008536396088778519,2011,0.002113296510671531,0.0013709454173123985
2011-09-30,6638,49,0.0073817414884001205,13116,0,0.0,2011,0.0023247045256348333,0.0013709454173123985
2011-10-03,8901,26,0.002921020110099989,17725,2,0.00011283497884344147,2011,0.0023337285325595873,0.001372705062117768
2011-10-04,9473,108,0.011400823392800592,19505,38,0.0019482184055370417,2011,0.0025484573013756944,0.0014353686530703758
2011-10-05,8448,9,0.001065340909090909,11832,73,0.006169709263015551,2011,0.0025127201721917144,0.0015979300015762652
2011-10-06,10059,1,0.00009941346058256288,13499,27,0.002000148159122898,2011,0.0024798217506985494,0.0016620983526498623
2011-10-07,5818,0,0.0,12155,91,0.0074866310160427805,2011,0.002450671481058555,0.0019072341974051942
2011-10-10,7312,10,0.0013676148796498905,11204,38,0.003391645840771153,2011,0.002474113927996339,0.0020097011660195866
2011-10-11,5231,25,0.004779200917606577,9599,18,0.0018751953328471716,2011,0.0025780849933595418,0.0019620679373196274
2011-10-12,9045,74,0.00818131564400221,12200,100,0.00819672131147541,2011,0.002672859571765784,0.0021240302029331827
2011-10-13,4028,0,0.0,6186,28,0.0045263498221791145,2011,0.002672859571765784,0.002212154444502478
2011-10-14,5049,14,0.002772826302238067,9220,104,0.011279826464208243,2011,0.002694411529087142,0.0025075393648904738
2011-10-17,3181,0,0.0,8750,37,0.004228571428571429,2011,0.002688442092601946,0.0026282722195574704
2011-10-18,3677,59,0.016045689420723416,6317,33,0.005223998733576065,2011,0.0032104267371705314,0.002783390488809397
2011-10-19,4151,11,0.0026499638641291254,9482,16,0.0016874077198903185,2011,0.003166146941510588,0.0027351610003650112
2011-10-20,3835,2,0.0005215123859191656,6948,4,0.0005757052389176742,2011,0.0031673573090891,0.0027270237929587996
2011-10-21,5488,28,0.00510204081632653,10634,14,0.001316531878879067,2011,0.0032436398582408503,0.0027456869296927475
2011-10-24,6631,0,0.0,10871,37,0.003403550731303468,2011,0.003216550599132087,0.00280550134282805
2011-10-25,3609,0,0.0,10685,17,0.0015910154422087038,2011,0.003216550599132087,0.002795071570488786
2011-10-26,3940,0,0.0,8180,21,0.002567237163814181,2011,0.0031749532613617043,0.0026771666431754946
2011-10-27,8521,0,0.0,18824,51,0.002709307267318317,2011,0.003166353330161154,0.002756515578831693
2011-10-28,6061,4,0.0006599571027883187,9448,41,0.004339542760372565,2011,0.003143907455809653,0.002852255289821857
2011-10-31,5897,3,0.0005087332541970493,10746,15,0.0013958682300390843,2011,0.0031162953304889993,0.0028710169709468504
2011-11-01,7641,4,0.0005234916895694281,17093,54,0.0031591879716843154,2011,0.003133745053474647,0.002955664213841441
2011-11-02,5139,4,0.0007783615489394824,9695,24,0.002475502836513667,2011,0.003054614460424424,0.0029887035800434105
2011-11-03,7452,0,0.0,10255,29,0.002827888834714773,2011,0.003037892611656824,0.003076317494507639
2011-11-04,4085,13,0.003182374541003672,7898,7,0.0008863003291972652,2011,0.0026943988572840655,0.0031004740687215625
2011-11-07,3723,1,0.00026860059092130003,9888,119,0.012034789644012944,2011,0.0024989818282993696,0.0034135047026354155
2011-11-08,5430,2,0.00036832412523020257,7706,65,0.008434985725408772,2011,0.0024344101156629503,0.003577780186293596
2011-11-09,6167,6,0.0009729203826820172,11979,12,0.0010017530678687703,2011,0.0024289275406119207,0.003590002173573732
2011-11-10,4118,14,0.003399708596406022,9322,31,0.003325466638060502,2011,0.0024983658474435552,0.0036723964078798203
2011-11-11,4849,8,0.0016498247061249743,6660,32,0.004804804804804805,2011,0.0023073019547010503,0.00383255656803998
2011-11-14,3358,6,0.001786777843954735,5906,13,0.0022011513714866237,2011,0.0022694938791628745,0.0039021671144614193
2011-11-15,5843,2,0.0003422899195618689,6606,23,0.00348168331819558,2011,0.0019008760967215842,0.003953282611550038
2011-11-16,3047,0,0.0,10362,46,0.004439297432928006,2011,0.0018653647330852203,0.003895602217213786
2011-11-17,5660,7,0.0012367491166077739,12611,4,0.0003171834113075886,2011,0.0019032759216193944,0.0038395033922866088
2011-11-18,6080,3,0.000493421052631579,9999,2,0.00020002000200020003,2011,0.001919723290040447,0.00359661635848519
2011-11-21,7102,143,0.020135173190650522,11185,6,0.0005364327223960661,2011,0.002545308567073801,0.003501442587872687
2011-11-22,5470,35,0.006398537477148081,9033,12,0.001328462304882099,2011,0.0025992864523918515,0.0034832181536071844
2011-11-23,6976,258,0.03698394495412844,10863,10,0.0009205560158335635,2011,0.0035593740960627256,0.003240679310419123
2011-11-25,4255,2,0.0004700352526439483,6083,0,0.0,2011,0.0035750419378175243,0.0030898009830131524
2011-11-28,4863,133,0.02734937281513469,10535,80,0.007593735168485999,2011,0.004394260154914079,0.0029669312731557445
2011-11-29,4682,82,0.01751388295600171,8930,46,0.005151175811870101,2011,0.0049780562534474685,0.002997684752599033
2011-11-30,7992,51,0.0063813813813813815,12441,169,0.013584117032392894,2011,0.004655912652136067,0.0032763553625595947
2011-12-01,7243,20,0.0027612867596299878,12458,16,0.0012843152994060042,2011,0.00465962341531943,0.0032629189485434505
2011-12-02,6569,34,0.005175825848683209,12962,160,0.012343774108933806,2011,0.004814767197411563,0.0036551879108773213
2011-12-05,6917,153,0.022119415931762323,10867,26,0.0023925646452562805,2011,0.005382013034592758,0.003691055669756562
2011-12-06,5672,11,0.0019393511988716502,8706,52,0.005972892258212727,2011,0.005446658074555146,0.003776700387320204
2011-12-07,7022,11,0.0015665052691540872,11589,65,0.005608766934161705,2011,0.005498874916860282,0.00391062543705197
2011-12-08,6931,37,0.005338335016592122,11718,13,0.001109404335210787,2011,0.005676819417413353,0.0038620310094318578
2011-12-09,5100,8,0.001568627450980392,8200,43,0.0052439024390243906,2011,0.005729106999112699,0.003946517515155393
2011-12-12,4642,22,0.004739336492890996,8796,38,0.004320145520691224,2011,0.005865086312116121,0.003945870940499348
2011-12-13,5447,92,0.01689003120984028,12231,48,0.003924454255580083,2011,0.006411129577304229,0.004030157141350715
2011-12-14,5372,70,0.013030528667163067,9681,80,0.00826360913128809,2011,0.006828030809890684,0.004200304513337508
2011-12-15,5461,186,0.034059696026368796,9320,22,0.0023605150214592273,2011,0.007937408625804995,0.004196471586169026
2011-12-16,5859,233,0.0397678784775559,11395,36,0.0031592803861342695,2011,0.009263004575056858,0.004207517971216343
2011-12-19,5744,48,0.008356545961002786,13149,37,0.0028139021978857708,2011,0.009435476955723495,0.004271771366839293
2011-12-20,7192,30,0.004171301446051168,10835,63,0.005814490078449469,2011,0.009565566984227824,0.004064428047987177
2011-12-21,4992,59,0.011818910256410256,9300,152,0.016344086021505378,2011,0.00994725318860049,0.0043280647245237305
2011-12-22,4803,0,0.0,6898,9,0.001304726007538417,2011,0.009914822509177757,0.004338163822512719
2011-12-23,4266,3,0.0007032348804500703,5850,11,0.0018803418803418803,2011,0.009824940051979227,0.004289992997255432
2011-12-27,3674,0,0.0,4576,10,0.0021853146853146855,2011,0.009769945895108396,0.0042026766599390945
2011-12-28,3125,32,0.01024,6025,28,0.004647302904564316,2011,0.010051719966976569,0.004284215044375017
2011-12-29,4479,9,0.0020093770931011385,5850,16,0.002735042735042735,2011,0.01010728953942788,0.004259327024936589
2011-12-30,3132,2,0.0006385696040868455,4699,4,0.0008512449457331347,2011,0.01012857519289744,0.004139725275363427
2012-01-03,6132,18,0.0029354207436399216,8450,29,0.0034319526627218937,2012,0.01018519758046518,0.004243550917077237
2012-01-04,3711,3,0.0008084074373484236,6729,31,0.004606925248922574,2012,0.010195697126622405,0.004390447758641317
2012-01-05,5518,1,0.0001812250815512867,8924,19,0.0021290900941281937,2012,0.009530565522985765,0.004443536337699053
2012-01-06,3804,39,0.01025236593059937,6808,28,0.004112808460634548,2012,0.009659026471434141,0.004536347876224135
2012-01-09,4113,16,0.0038901045465596887,6443,39,0.006053080862952041,2012,0.008555898457848517,0.004707432037794752
2012-01-10,4417,12,0.002716776092370387,9018,55,0.006098913284542027,2012,0.008630789819172731,0.0049107291472794854
2012-01-11,4421,7,0.0015833521827640805,5780,18,0.0031141868512110727,2012,0.0077719224647603774,0.004761410870036988
2012-01-12,3656,14,0.0038293216630196935,4971,12,0.0024140012070006035,2012,0.007315770421660977,0.004670171716541338
2012-01-13,3804,12,0.0031545741324921135,6877,50,0.007270612185546023,2012,0.007208210180031334,0.0044597215549797755
2012-01-17,3647,16,0.004387167534960241,6509,62,0.009525272699339376,2012,0.007262406205875677,0.004734420134977555
2012-01-18,3282,0,0.0,8668,63,0.007268112598061836,2012,0.007089878677586236,0.004565231417948489
2012-01-19,4169,1,0.00023986567522187575,8961,46,0.005133355652270952,2012,0.006360560335701555,0.004656591118182311
2012-01-20,3628,58,0.015986769570011026,7608,66,0.008675078864353312,2012,0.006828807614739534,0.004746664005053664
2012-01-23,5612,144,0.02565930149679259,7557,134,0.01773190419478629,2012,0.0076319008223274835,0.005150768580407817
2012-01-24,3371,71,0.02106199940670424,6726,61,0.009069283377936367,2012,0.008156022968664555,0.005416097881832003
2012-01-25,4801,56,0.011664236617371381,7424,102,0.013739224137931034,2012,0.008492543274210921,0.0056992752717955585
2012-01-26,6082,62,0.010194015126603092,10864,49,0.004510309278350515,2012,0.008674365895334657,0.005705614063717534
2012-01-27,5311,24,0.004518922990020712,7619,30,0.00393752460952881,2012,0.008261995621340671,0.005706049742182491
2012-01-30,4525,5,0.0011049723756906078,8515,62,0.00728126834997064,2012,0.007864477078291588,0.00567330504947191
2012-01-31,3442,48,0.013945380592678676,6970,42,0.006025824964131995,2012,0.0071939998971685855,0.005795482047561003
2012-02-01,4457,23,0.005160421808391295,9978,29,0.002906394066947284,2012,0.006040418008196433,0.0057870525035881035
2012-02-02,5070,15,0.0029585798816568047,7851,61,0.0077697108648579795,2012,0.005860485805551566,0.005952246125820511
2012-02-03,7840,36,0.004591836734693878,10732,50,0.004658963846440552,2012,0.005874503648506323,0.005913728584753546
2012-02-06,3502,7,0.0019988577955454027,6827,65,0.009521019481470631,2012,0.005547168566477494,0.005686293033419054
2012-02-07,4986,6,0.0012033694344163659,6689,63,0.009418448198534908,2012,0.00558728088095804,0.005956750439785605
2012-02-08,4203,11,0.0026171782060433026,6754,35,0.0051821143026354755,2012,0.005651078991811148,0.0060668095205287246
2012-02-09,6045,18,0.002977667493796526,6502,38,0.00584435558289757,2012,0.005750334574937699,0.0061887775504481535
2012-02-10,4260,23,0.00539906103286385,11067,184,0.016626005240806,2012,0.005588969942699826,0.006588067628322877
2012-02-13,3360,11,0.003273809523809524,6086,32,0.0052579691094314825,2012,0.005631117690390107,0.006672165174135835
2012-02-14,3072,17,0.005533854166666667,7628,74,0.009701101206082852,2012,0.0057942938424761,0.006967160382814159
2012-02-15,4676,45,0.00962360992301112,10103,43,0.004256161536177373,2012,0.006017233481788473,0.006994634011929342
2012-02-16,6111,102,0.016691212567501227,8473,20,0.002360439041661749,2012,0.006546660319460234,0.00691975113835398
2012-02-17,5097,73,0.014322150284481068,9049,62,0.0068515858105868055,2012,0.007018024492891227,0.007077167662235934
2012-02-21,5084,42,0.008261211644374508,10165,60,0.005902606984751598,2012,0.006951652683350397,0.007136827613039836
2012-02-22,3986,173,0.04340190667335675,8001,28,0.003499562554680665,2012,0.008268712754243632,0.007051710336097456
2012-02-23,5967,132,0.02212166918049271,9958,104,0.010443864229765013,2012,0.008915542523847712,0.007196542034271556
2012-02-24,5057,145,0.028673126359501682,13003,294,0.0226101668845651,2012,0.00981853499640563,0.007846408035383357
2012-02-27,5961,159,0.026673376950176145,7827,137,0.017503513478983008,2012,0.010580003505977513,0.00834939177778277
2012-02-28,5706,105,0.01840168243953733,7705,167,0.021674237508111614,2012,0.011088240449545686,0.00882951262186829
2012-02-29,5407,193,0.035694470131311266,9920,65,0.00655241935483871,2012,0.012131817202757389,0.008730417510384935
2012-03-01,5572,115,0.020638908829863602,11492,221,0.019230769230769232,2012,0.012819780830419509,0.00912917273147518
2012-03-02,5441,182,0.033449733504870426,9567,107,0.01118427929340441,2012,0.013926776424741126,0.009330870186179629
2012-03-05,5551,385,0.06935687263556116,8248,125,0.015155189136760427,2012,0.015705779860259464,0.009546873861926533
2012-03-06,6322,217,0.03432458082885163,12246,189,0.015433610975012248,2012,0.01599462250466143,0.009470264087934065
2012-03-07,4072,84,0.0206286836935167,7918,41,0.005178075271533215,2012,0.01598017864755518,0.009340557151053959
2012-03-08,9674,633,0.06543311970229482,11044,110,0.0099601593625498,2012,0.01777247475038596,0.009214588325207919
2012-03-09,6805,209,0.03071271124173402,11388,136,0.01194239550403934,2012,0.01845643128755699,0.00946232453273088
2012-03-12,3352,108,0.032219570405727926,6396,54,0.008442776735459663,2012,0.0193797862014139,0.009612499603595243
2012-03-13,8915,338,0.03791362871564778,10865,188,0.017303267372296365,2012,0.020606741412745804,0.009946566237672766
2012-03-14,10850,94,0.008663594470046084,16318,120,0.0073538423826449316,2012,0.020430681875324718,0.00999083348495653
2012-03-15,7343,34,0.0046302601116709795,9921,88,0.008870073581292208,2012,0.020413009818767373,0.010189622802101362
2012-03-16,6519,44,0.006749501457278723,10513,267,0.025397127366118138,2012,0.020539373871288107,0.010777203352143367
2012-03-19,7672,12,0.0015641293013555788,12046,290,0.024074381537439814,2012,0.020438450290176827,0.011424383941843343
2012-03-20,4673,11,0.002353948213139311,9355,42,0.0044895777659005875,2012,0.020450286637429958,0.011256669217991008
2012-03-21,3620,6,0.0016574585635359116,8371,89,0.010631943614860829,2012,0.02046542294173394,0.011297119065201871
2012-03-22,4385,43,0.009806157354618017,7946,52,0.006544173168890007,2012,0.02070505558001977,0.011342521027410355
2012-03-23,3496,5,0.0014302059496567505,6831,63,0.00922266139657444,2012,0.020653473528548443,0.011455131221199585
2012-03-26,5031,21,0.0041741204531902205,8380,177,0.021121718377088306,2012,0.020612642175892655,0.011604988325742329
2012-03-27,4052,18,0.004442250740375123,7169,41,0.005719068210350118,2012,0.020651590216444842,0.01162035829577295
2012-03-28,4002,1,0.0002498750624687656,5782,49,0.00847457627118644,2012,0.020475457579638243,0.011579474131276402
2012-03-29,5038,22,0.004366812227074236,7624,33,0.0043284365162644285,2012,0.02030023098977368,0.011581883297279305
2012-03-30,2885,28,0.009705372616984401,6898,210,0.030443606842563063,2012,0.02006736965808979,0.01251798889064268
2012-04-02,4367,40,0.009159606136936112,7660,48,0.006266318537859008,2012,0.019895284853171623,0.012498479981551756
2012-04-03,3359,40,0.011908306043465317,6871,23,0.003347402124872653,2012,0.020016854666474647,0.012413306486222457
2012-04-04,3801,27,0.007103393843725336,6649,10,0.0015039855617386072,2012,0.01880690423882027,0.012346787253124387
2012-04-05,3470,1,0.00028818443804034583,6168,14,0.002269779507133593,2012,0.018079121414071857,0.012074317762370007
2012-04-09,4205,23,0.005469678953626635,7404,10,0.001350621285791464,2012,0.017305673167209355,0.011365666242410888
2012-04-10,5873,8,0.0013621658436914694,10757,18,0.0016733289950729758,2012,0.016461966130326532,0.010837993426280551
2012-04-11,3763,9,0.0023917087430241827,6649,10,0.0015039855617386072,2012,0.01592830034044276,0.010165651694734787
2012-04-12,3642,0,0.0,6461,13,0.002012072434607646,2012,0.014738484669399051,0.01001430679739375
2012-04-13,2660,2,0.0007518796992481203,6104,31,0.005078636959370904,2012,0.014075583698378535,0.009542569055013805
2012-04-16,2645,14,0.005293005671077505,4684,0,0.0,2012,0.01313702610391877,0.009169759745233659
2012-04-17,2933,5,0.0017047391749062393,4884,4,0.000819000819000819,2012,0.010881954988563609,0.008691886801308337
2012-04-18,2791,31,0.011107130060910068,5594,27,0.004826599928494816,2012,0.010108039962965555,0.008338319766424424
2012-04-19,3539,43,0.012150324950551003,5746,7,0.0012182387747998607,2012,0.0098254280048667,0.00820632521653331
2012-04-20,3139,17,0.00541573749601784,4769,4,0.000838750262109457,2012,0.0078248485979908,0.007902278246518634
2012-04-23,4303,27,0.006274692075296305,7837,25,0.003189996172004594,2012,0.007010247959109543,0.007610531602117475
2012-04-24,3031,92,0.030353018805674696,6220,54,0.008681672025723473,2012,0.006948029572441102,0.007618494778459602
2012-04-25,3639,28,0.007694421544380325,6835,104,0.015215801024140453,2012,0.005940722666732187,0.007548912566854405
2012-04-26,5540,342,0.06173285198555957,8603,194,0.022550273160525398,2012,0.007709697917249303,0.008055460259450422
2012-04-27,3462,9,0.0025996533795493936,6279,218,0.03471890428412167,2012,0.007642011026178583,0.008917087949544737
2012-04-30,3238,85,0.02625077208153181,5103,49,0.009602194787379973,2012,0.008292053380320352,0.008390590196920131
2012-05-01,4493,49,0.010905853549966614,8021,113,0.01408801895025558,2012,0.008603444188607388,0.00805771144401399
2012-05-02,2563,94,0.03667577058134998,5040,14,0.002777777777777778,2012,0.009747504934214411,0.008000651444409897
2012-05-03,3359,4,0.0011908306043465317,8320,17,0.002043269230769231,2012,0.009731950668908095,0.007714362298273509
2012-05-04,5415,99,0.018282548476454295,9975,51,0.005112781954887218,2012,0.010014497039635974,0.007666649257806749
2012-05-07,4217,189,0.04481859141569836,6742,3,0.0004449718184514981,2012,0.011460776555170693,0.007374059605202652
2012-05-08,5275,178,0.033744075829383886,7724,292,0.03780424650440187,2012,0.01244644173437715,0.007930143876113103
2012-05-09,5103,26,0.005095042132079169,7803,3,0.00038446751249519417,2012,0.012468201447433953,0.0077523238528512724
2012-05-10,3396,32,0.009422850412249705,6472,20,0.0030902348578491965,2012,0.012773967292426648,0.007572845805740031
2012-05-11,3449,110,0.031893302406494635,5550,3,0.0005405405405405405,2012,0.013691516965073995,0.0074465826065492355
2012-05-14,4918,90,0.018300122000813338,8359,5,0.000598157674362962,2012,0.013978008611201628,0.006451734300942565
2012-05-15,3821,27,0.007066213033237372,10507,6,0.0005710478728466736,2012,0.013908228841078335,0.006261891945442153
2012-05-16,4947,307,0.06205781281584799,9522,7,0.0007351396765385423,2012,0.015579879066824424,0.006174816530497684
2012-05-17,6730,188,0.027934621099554236,11222,10,0.0008911067545891997,2012,0.01627425330868539,0.006154387236926036
2012-05-18,6788,84,0.012374779021803181,14329,0,0.0,2012,0.01667713979481082,0.006078727920021583
2012-05-21,6006,96,0.015984015984015984,10240,16,0.0015625,2012,0.017027617695823793,0.006085790543828535
2012-05-22,5450,211,0.03871559633027523,9742,2,0.00020529665366454526,2012,0.018272732045376588,0.006036856132448254
2012-05-23,6122,105,0.01715125775890232,11019,22,0.0019965514111988385,2012,0.018764717012572527,0.006053274994096928
2012-05-24,5426,50,0.009214891264283081,10090,17,0.0016848364717542122,2012,0.019071880054715294,0.00604236712866848
2012-05-25,5909,104,0.017600270773396515,7565,2,0.00026437541308658297,2012,0.01963349309052024,0.005881891743792336
2012-05-29,5799,63,0.010863942058975685,8146,26,0.0031917505524183647,2012,0.019819190970116845,0.005988283428872949
2012-05-30,5381,26,0.004831815647649135,8474,0,0.0,2012,0.01992342685254161,0.005960983401572921
2012-05-31,5849,68,0.01162591896050607,11097,12,0.0010813733441470668,2012,0.019940719815861475,0.005836142515427996
2012-06-01,9377,120,0.012797269915751306,22158,11,0.0004964346962722267,2012,0.01996228464803482,0.005812082379477075
2012-06-04,8339,343,0.04113203021945077,13724,18,0.0013115709705625181,2012,0.02115282773881592,0.005827843069758843
2012-06-05,6895,300,0.043509789702683106,11727,11,0.0009380063102242688,2012,0.022393997659728812,0.005752776741032833
2012-06-06,8043,100,0.012433171702101207,11117,30,0.002698569758028245,2012,0.021796669422943026,0.0055533399987763256
2012-06-07,10707,91,0.008499112729989726,14222,32,0.002250035156799325,2012,0.021823492462463342,0.005121147803198289
2012-06-08,7460,497,0.06662198391420912,11254,158,0.014039452639061667,2012,0.02198646352675166,0.004837453785816163
2012-06-11,7551,113,0.014964905310554893,12304,21,0.0017067620286085826,2012,0.022398638591118507,0.003737049043965727
2012-06-12,6255,96,0.015347721822541967,12742,77,0.006043007377177837,2012,0.02203520358248551,0.003618409463625656
2012-06-13,7215,309,0.04282744282744283,15895,13,0.000817867253853413,2012,0.02309925655840139,0.0031760710737455834
2012-06-14,8769,305,0.03478161706009807,13016,87,0.006684081130915796,2012,0.023036118107692995,0.0033062811855168513
2012-06-15,9665,122,0.012622866011381273,16710,109,0.006523040095751048,2012,0.02341718595459415,0.0034556068810162447
2012-06-18,7166,26,0.003628244487859336,13793,206,0.0149351120133401,2012,0.022928709154974317,0.003783017882964674
2012-06-19,10027,10,0.000997307270370001,16722,182,0.010883865566319819,2012,0.02146799968346337,0.004130981007893619
2012-06-20,9107,50,0.0054902822005051055,15696,179,0.011404179408766564,2012,0.020526206562500746,0.0032509787713724415
2012-06-21,6573,6,0.0009128251939753537,22881,108,0.0047200734233643635,2012,0.02038679933123062,0.0033954989684014136
2012-06-22,6494,54,0.008315368032029567,10943,44,0.0040208352371378965,2012,0.020349883251889946,0.0034265189810443702
2012-06-25,7132,39,0.005468311833987661,17731,48,0.0027071231177034573,2012,0.01946905023280638,0.0034987384002831347
2012-06-26,6527,22,0.003370614371074,11942,30,0.002512142019762184,2012,0.01897139997848174,0.0035625378784631084
2012-06-27,6331,51,0.008055599431369452,10683,12,0.0011232799775344005,2012,0.01900437952508614,0.0035809456152860325
2012-06-28,6293,26,0.004131574765612585,9972,11,0.001103088648215002,2012,0.017073504923411628,0.0035932105810085814
2012-06-29,9989,64,0.0064070477525277805,18373,55,0.002993523104555598,2012,0.016355919145177412,0.0036632911260074614
2012-07-02,7704,30,0.003894080996884735,11307,68,0.00601397364464491,2012,0.01607322921101346,0.0038637569141622913
2012-07-03,6188,11,0.001777634130575307,11054,81,0.007327664193956938,2012,0.015599683149232105,0.004055929053960856
2012-07-05,8649,24,0.002774887270204648,12550,67,0.005338645418326693,2012,0.014401659513896421,0.004227040679449594
2012-07-06,7258,68,0.0093689721686415,11083,131,0.011819904358025806,2012,0.014142249994221059,0.00455448577767716
2012-07-09,7283,49,0.006727996704654675,10463,48,0.004587594380196884,2012,0.014059353508900113,0.004651244374625249
2012-07-10,6382,10,0.0015669069257286117,13208,24,0.0018170805572380376,2012,0.013524908047311183,0.0047030012127636306
2012-07-11,6455,39,0.006041828040278854,9779,95,0.009714694754064833,2012,0.013364170913354621,0.004920432686151846
2012-07-12,7260,35,0.0048209366391184574,12481,27,0.002163288198061053,2012,0.013363808279736933,0.004992542292753881
2012-07-13,8096,105,0.012969367588932806,12830,67,0.005222135619641465,2012,0.01340858990068449,0.0051305677019370275
2012-07-16,6125,19,0.0031020408163265306,9840,33,0.003353658536585366,2012,0.013085415597370332,0.005225808496614133
2012-07-17,7060,73,0.010339943342776204,13108,196,0.014952700640830027,2012,0.01205901270148118,0.005680512818956384
2012-07-18,7251,23,0.0031719762791339126,13984,319,0.02281178489702517,2012,0.010714418920696207,0.006409638771849746
2012-07-19,7200,11,0.0015277777777777779,13238,129,0.009744674422118144,2012,0.010350905789885425,0.00664450892731941
2012-07-20,7377,48,0.0065067100447336315,14127,150,0.010617965597791464,2012,0.010284492367043556,0.0069234399420191476
2012-07-23,7057,77,0.0109111520476123,18908,21,0.0011106409985191454,2012,0.008427464638156995,0.006492479554001064
2012-07-24,6689,120,0.01793990133054268,18967,13,0.0006854009595613434,2012,0.008526631172156589,0.006458434185032823
2012-07-25,6586,19,0.002884907379289402,12263,20,0.0016309222865530458,2012,0.008111204024048168,0.006311364682011997
2012-07-26,8420,61,0.0072446555819477435,13252,41,0.0030938726230003016,2012,0.006925111115864999,0.006387231527650226
2012-07-27,12312,66,0.005360623781676413,17517,55,0.00313980704458526,2012,0.00594441133991761,0.0062690890581058745
2012-07-30,10288,61,0.0059292379471228614,12832,25,0.0019482543640897756,2012,0.00572129040444233,0.006116596200383832
2012-07-31,7694,54,0.0070184559396932675,14338,30,0.002092342028176873,2012,0.0058342974528367945,0.0056885038675450585
2012-08-01,8178,56,0.006847640009782343,12636,65,0.0051440329218107,2012,0.0060293085441505394,0.005497176112728088
2012-08-02,9036,67,0.007414785303231518,14452,90,0.006227511763077774,2012,0.006093458647574753,0.00532462052453846
2012-08-03,8688,72,0.008287292817679558,13782,982,0.0712523581483094,2012,0.006339274235031559,0.007542363348703295
2012-08-06,7593,45,0.005926511260371394,10122,327,0.03230586840545347,2012,0.0062596456759762865,0.008485197787647147
2012-08-07,6941,49,0.007059501512750324,14635,89,0.006081311923471131,2012,0.006312685331935043,0.008597670747839403
2012-08-08,5424,47,0.00866519174041298,10335,197,0.019061441702951137,2012,0.006489171244246342,0.009149314070612369
2012-08-09,5696,7,0.0012289325842696629,10772,112,0.0103973264017824,2012,0.0062616156826763485,0.009458448951420636
2012-08-10,6309,68,0.01077825328895229,11648,122,0.010473901098901098,2012,0.006483171633454339,0.009770809366443504
2012-08-13,7604,41,0.005391899000526039,9453,203,0.02147466412779012,2012,0.006449333341720947,0.010386847400551322
2012-08-14,7162,51,0.0071209159452666855,12335,67,0.005431698419132549,2012,0.006556894506667012,0.010367438226367577
2012-08-15,6621,29,0.004380003020691739,11200,71,0.006339285714285714,2012,0.00664364013633756,0.010334492277045203
2012-08-16,10253,42,0.0040963620403784255,14337,78,0.005440468717304876,2012,0.006687689295343353,0.010337886387011141
2012-08-17,9406,205,0.021794599192005104,11459,107,0.009337638537394189,2012,0.007101876862788807,0.01025514419299009
2012-08-20,7508,116,0.015450186467767715,12079,102,0.00844440764963987,2012,0.007392616521559241,0.010383704635304854
2012-08-21,10620,204,0.0192090395480226,17316,160,0.00924000924000924,2012,0.00798068760896904,0.010631135591397228
2012-08-22,9030,113,0.012513842746400886,15105,233,0.015425355842436279,2012,0.008196421432506441,0.01082149096100961
2012-08-23,8157,142,0.0174083609170038,18751,106,0.005653031838301958,2012,0.008616002241769286,0.01093781574901764
2012-08-24,9715,454,0.04673185795162121,14383,288,0.020023639018285477,2012,0.009741418587192234,0.011431199195639107
2012-08-27,5094,99,0.019434628975265017,11196,46,0.004108610217934977,2012,0.010285838192490182,0.011456364251684092
2012-08-28,5833,35,0.006000342876735814,11763,102,0.008671257332313186,2012,0.01014118484362217,0.011246982808066868
2012-08-29,4901,21,0.004284839828606407,11971,73,0.006098070336646897,2012,0.010178280295271253,0.010689858989387591
2012-08-30,8865,215,0.024252679075014102,17062,126,0.0073848317899425624,2012,0.01093577700517913,0.010611197568315071
2012-08-31,8549,475,0.05556205404140835,14156,448,0.031647358010737495,2012,0.01257095513840162,0.011312177315413273
2012-09-04,8576,217,0.025303171641791043,14121,133,0.00941859641668437,2012,0.013050689124874247,0.011589109162685445
2012-09-05,5674,25,0.0044060627423334504,12582,7,0.0005563503417580671,2012,0.012599561171933938,0.011584807475425337
2012-09-06,8792,66,0.007506824385805277,18402,439,0.023856102597543744,2012,0.012753625072151133,0.012325646819125029
2012-09-07,7427,15,0.0020196580045778916,15089,689,0.045662403075087815,2012,0.012579458486238806,0.01374459783419461
2012-09-10,7346,27,0.003675469643343316,16001,478,0.029873132929191925,2012,0.0125232866816277,0.014635708697014832
2012-09-11,6550,32,0.004885496183206107,12217,391,0.03200458377670459,2012,0.012488495289497142,0.015637586344101992
2012-09-12,7983,24,0.003006388575723412,13814,506,0.036629506297958594,2012,0.01235475971069815,0.016788825153094718
2012-09-13,11880,52,0.004377104377104377,18525,1152,0.06218623481781377,2012,0.012272408522942218,0.018690231882961487
2012-09-14,12967,14,0.0010796637618570217,22870,1527,0.06676869261040665,2012,0.0120612378048964,0.020708271244539115
2012-09-17,8886,62,0.006977267611973891,13851,1048,0.07566240704642264,2012,0.012017570298039544,0.020855272874476225
2012-09-18,6606,34,0.0051468362095065095,12477,1124,0.0900857577943416,2012,0.011991581129677381,0.02278126918743916
2012-09-19,11149,159,0.01426136873262176,12203,798,0.06539375563386053,2012,0.012231643370339764,0.024758350644452143
2012-09-20,9663,168,0.017385904998447686,12816,1462,0.11407615480649189,2012,0.012522333812274253,0.0279255077479035
2012-09-21,8978,141,0.015705056805524614,16858,1589,0.09425791908885989,2012,0.013004871286316085,0.03072086083747275
2012-09-24,7932,51,0.006429652042360061,13507,628,0.04649441030576738,2012,0.012859917911429678,0.031921544477701624
2012-09-25,9056,95,0.010490282685512367,19421,154,0.007929560784717574,2012,0.013029864034262555,0.03147004103293254
2012-09-26,8939,21,0.0023492560689115116,20903,145,0.006936803329665598,2012,0.012870808705050715,0.03152021119661698
2012-09-27,9448,60,0.006350550381033023,17286,288,0.016660881638320028,2012,0.012936493617062093,0.03186426439408479
2012-09-28,9240,64,0.006926406926406926,15563,575,0.03694660412516867,2012,0.013030828446596374,0.032914468907680246
2012-10-01,7917,88,0.011115321460149047,15556,58,0.0037284649010028287,2012,0.012674852522201173,0.032727496453133866
2012-10-02,5607,28,0.004993757802746567,12201,65,0.005327432177690353,2012,0.012326304900033802,0.032623597270735556
2012-10-03,5881,19,0.0032307430709063085,9990,242,0.024224224224224225,2012,0.011793695017463258,0.03312307110354271
2012-10-04,12096,407,0.03364748677248677,14576,561,0.03848792535675082,2012,0.012498149818332789,0.033891823420686536
2012-10-05,9634,549,0.056985675731783265,14831,512,0.03452228440428832,2012,0.013817393645492105,0.03485413183955275
2012-10-08,5843,2,0.0003422899195618689,8207,359,0.043743146094797125,2012,0.012271074711090126,0.03564478207543646
2012-10-09,6766,62,0.009163464380727165,14818,278,0.018760966392225673,2012,0.011928702557938865,0.03613319394791282
2012-10-10,7807,48,0.00614832842320994,16520,264,0.015980629539951573,2012,0.011933635409488,0.036376839688167434
2012-10-11,6422,76,0.011834319526627219,9801,379,0.03866952351800837,2012,0.012185284732755363,0.037462554794212816
2012-10-12,8855,57,0.0064370412196499156,13773,367,0.026646337036230306,2012,0.011591430137576556,0.03810460496908908
2012-10-15,9139,27,0.002954371375424007,11630,41,0.0035253654342218403,2012,0.009837840715377077,0.03716720521653856
2012-10-16,9525,51,0.005354330708661417,11767,37,0.00314438684456531,2012,0.009172879350939422,0.03695806489746792
2012-10-17,6205,4,0.0006446414182111201,12328,199,0.016142115509409475,2012,0.009047498640135347,0.0374775904030563
2012-10-18,8281,12,0.0014491003501992514,14678,256,0.017441068265431257,2012,0.008845574505615145,0.03726375592531921
2012-10-19,8978,109,0.012140788594341725,23338,763,0.03269346130773845,2012,0.00918294552527394,0.036831457866407576
2012-10-22,8851,32,0.0036154106880578467,19439,61,0.003138021503163743,2012,0.009180943560097759,0.03594028748553997
2012-10-23,9785,9,0.0009197751660705161,24992,24,0.0009603072983354673,2012,0.009048752859526572,0.03490547826959433
2012-10-24,8100,21,0.0025925925925925925,17693,20,0.0011303905499350025,2012,0.009034959660088876,0.03372217441132687
2012-10-25,8462,47,0.005554242495863862,17871,17,0.0009512618208270382,2012,0.009074197597380861,0.03168100864476065
2012-10-26,9925,4,0.00040302267002518893,16561,44,0.0026568443934545014,2012,0.0090516428943198,0.029543947037528915
2012-10-31,8067,7,0.0008677327383165985,13899,19,0.0013670048204906828,2012,0.008847991731864556,0.027067433629997847
2012-11-01,9964,43,0.004315535929345644,15209,68,0.00447103688605431,2012,0.00882028172252586,0.024213609599721606
2012-11-02,9865,75,0.007602635580334516,19223,58,0.0030172189564584093,2012,0.00859832395078295,0.022134391710474866
2012-11-05,10039,40,0.003984460603645781,14082,31,0.0022013918477488993,2012,0.008151609137622888,0.018405232945183432
2012-11-06,10313,18,0.0017453699214583535,15619,31,0.0019847621486650873,2012,0.007686286241487346,0.015329461047176942
2012-11-07,14313,66,0.004611192622091804,24133,89,0.0036878962416607964,2012,0.007625670927478404,0.013902577245040054
2012-11-08,12829,65,0.005066645880427157,22447,138,0.0061478148527642894,2012,0.007444883033975564,0.013843185713974944
2012-11-09,10683,13,0.0012168866423289339,26917,143,0.0053126277073968125,2012,0.007407137386422812,0.013789046526565985
2012-11-12,9379,5,0.0005331058748267406,22066,74,0.003353575636726185,2012,0.007213222569549269,0.013345469659846192
2012-11-13,9480,28,0.002953586497890295,22461,90,0.0040069453719780955,2012,0.0070807952219320465,0.012247481034739837
2012-11-14,11538,64,0.005546888542208355,28430,185,0.0065072106929300036,2012,0.006895180791334024,0.012340105894470745
2012-11-15,13798,159,0.011523409189737642,21543,17,0.0007891194355475096,2012,0.0071128358375670605,0.012188828803065982
2012-11-16,15473,68,0.004394752148904543,21431,53,0.0024730530539872147,2012,0.0071516361401670015,0.011463789764058081
2012-11-19,11674,196,0.01678944663354463,19390,25,0.0012893243940175349,2012,0.0065897014688689306,0.01022383639863364
2012-11-20,9033,125,0.013838149009188531,14164,47,0.0033182716746681727,2012,0.005151450578115773,0.009183702640979636
2012-11-21,8475,87,0.010265486725663717,16919,67,0.003960044919912524,2012,0.005482223804985834,0.007857599268483482
2012-11-23,8032,111,0.013819721115537848,12589,404,0.032091508459766466,2012,0.0056374323628128565,0.008301950670734842
2012-11-26,9414,97,0.01030380284682388,12709,46,0.0036194822566685027,2012,0.005775948176933321,0.007889912427958739
2012-11-27,8280,181,0.021859903381642513,16098,81,0.005031680954155795,2012,0.006110134305433831,0.006768651009163653
2012-11-28,10031,120,0.0119629149636128,13897,35,0.0025185291789594877,2012,0.006294330096899259,0.005964390747254625
2012-11-29,11223,174,0.015503875968992248,16870,156,0.00924718435091879,2012,0.006712646916684868,0.006155118044477857
2012-11-30,8037,140,0.017419435112604204,11616,21,0.0018078512396694215,2012,0.007114817063482962,0.006110566857647995
2012-12-03,7740,10,0.0012919896640826874,16831,96,0.005703760917354881,2012,0.007136395338345347,0.005762621704579509
2012-12-04,7724,32,0.004142931123770067,13665,20,0.0014635931211123307,2012,0.0072261896974643745,0.005230039199768877
2012-12-05,7880,72,0.009137055837563452,13186,79,0.005991202790838769,2012,0.0071260652722384315,0.0043399639158722214
2012-12-06,7655,44,0.005747877204441541,11989,77,0.00642255400784052,2012,0.007197147489451221,0.0044494483326947805
2012-12-07,12290,312,0.025386493083807974,12956,139,0.010728619944427292,2012,0.008012704753375803,0.0047750587542311745
2012-12-10,9848,44,0.004467912266450041,13120,82,0.00625,2012,0.008075215409171051,0.004945712402566675
2012-12-11,12487,25,0.00200208216545207,17394,215,0.012360584109463033,2012,0.007956810064823993,0.005326023145521207
2012-12-12,12055,84,0.006968063044379925,15888,75,0.004720543806646525,2012,0.00817564474396915,0.005394813125960942
2012-12-13,10853,75,0.006910531650234958,15051,225,0.014949172812437711,2012,0.00837707137436643,0.005847552059025843
2012-12-14,8908,61,0.0068477772788504716,16089,286,0.0177761203306607,2012,0.008461479419349922,0.006291054840512722
2012-12-17,11533,97,0.008410647706581115,12786,268,0.02096042546535273,2012,0.008488413156891476,0.006889161724142533
2012-12-18,16307,125,0.007665419758385969,17056,177,0.010377579737335834,2012,0.008611111795382816,0.007161701320462097
2012-12-19,14385,77,0.00535279805352798,19647,370,0.018832391713747645,2012,0.008731359399785138,0.007723288972631515
2012-12-20,12805,103,0.008043732916829364,23300,766,0.032875536480686696,2012,0.008845777409609724,0.008696210313932381
2012-12-21,12808,201,0.015693316677076827,32936,403,0.012235851348068982,2012,0.009199999769498044,0.008899144863775871
2012-12-24,5352,51,0.00952914798206278,13064,51,0.0039038579301898346,2012,0.009477075147489172,0.008852185871202305
2012-12-26,9320,15,0.001609442060085837,20855,137,0.00656916806521218,2012,0.009512953020331142,0.008959372285485169
2012-12-27,15962,35,0.0021927076807417615,28055,125,0.004455533772945999,2012,0.009487590393092857,0.008974325232184102
2012-12-28,12501,97,0.007759379249660027,28176,239,0.008482396365701306,2012,0.009561340083341247,0.00904016475460981
2012-12-31,13969,49,0.003507767198797337,25122,67,0.002666985112650267,2012,0.00929415201697657,0.009102760277179902
2013-01-02,11246,107,0.00951449404232616,17573,322,0.018323564559267057,2013,0.009464810080090624,0.00963111066068923
2013-01-03,10405,38,0.003652090341182124,20152,437,0.02168519253672092,2013,0.009026898203678541,0.010310972932112675
2013-01-04,9698,28,0.0028871932357187047,15041,148,0.009839771291802408,2013,0.008661866344562879,0.010528356252683817
2013-01-07,10712,11,0.0010268857356235997,14909,192,0.012878127305654304,2013,0.008353912978228208,0.010825625665541877
2013-01-08,9386,0,0.0,13213,170,0.012866116703246803,2013,0.007893255607710281,0.010184779273657888
2013-01-09,7740,1,0.00012919896640826872,13715,234,0.017061611374407582,2013,0.00755410214502976,0.010632850244249191
2013-01-10,9996,56,0.0056022408963585435,14099,240,0.01702248386410384,2013,0.007012180062186961,0.011032543674580793
2013-01-11,8000,62,0.00775,13197,208,0.015761157838902782,2013,0.006871749563399868,0.011473964629912235
2013-01-14,5652,6,0.0010615711252653928,12258,113,0.009218469570892479,2013,0.006390339401942307,0.011473007470578025
2013-01-15,8817,28,0.0031756833390041966,14162,310,0.02188956362095749,2013,0.0059155476761556395,0.012142397883287628
2013-01-16,6960,12,0.0017241379310344827,15202,59,0.003881068280489409,2013,0.005929952618387366,0.012081641462058779
2013-01-17,14278,70,0.0049026474296119905,16823,190,0.011294061701242347,2013,0.005955276495248763,0.012409323748063111
2013-01-18,6985,49,0.007015032211882605,16779,201,0.011979259789021993,2013,0.005884542374392735,0.012608925648002554
2013-01-22,8882,85,0.00956991668543121,16537,133,0.008042571203966863,2013,0.006011943690425724,0.012662926221206764
2013-01-23,8400,127,0.015119047619047619,15359,103,0.006706165766000391,2013,0.0056696955082670445,0.0125288444152592
2013-01-24,13584,53,0.0039016489988221437,20908,143,0.006839487277597092,2013,0.005650820066012782,0.012548493991179103
2013-01-25,9557,88,0.009207910432143978,20989,99,0.004716756396207537,2013,0.005891014341569178,0.012293699734070586
2013-01-28,9225,30,0.0032520325203252032,18018,131,0.007270507270507271,2013,0.005767146657434022,0.012378698516199278
2013-01-29,12292,48,0.0039049788480312398,18058,89,0.0049285635175545465,2013,0.00566696156402723,0.01204467820636984
2013-01-30,8979,29,0.00322975832498051,18540,88,0.004746494066882417,2013,0.0055463609322315656,0.011610357330910565
2013-01-31,8995,31,0.0034463590883824346,16047,23,0.0014332897114725494,2013,0.005380884644958278,0.010959452805781224
2013-02-01,10069,75,0.007448604628066342,18528,265,0.014302677029360967,2013,0.005373657473947622,0.011090289382182062
2013-02-04,10310,29,0.002812803103782735,23934,93,0.0038856856354976183,2013,0.005288990975622781,0.010592065846240395
2013-02-05,8333,36,0.004320172806912276,15417,32,0.002075630797171953,2013,0.005164872305292211,0.00956540232345657
2013-02-06,5852,36,0.006151742993848257,17407,58,0.003331992876429023,2013,0.004846819849184591,0.009268607041068572
2013-02-07,8197,45,0.005489813346346224,21031,79,0.003756359659550188,2013,0.004712175361327373,0.00926369043204725
2013-02-08,10019,102,0.010180656752170876,24341,251,0.010311819563699108,2013,0.004997882517730207,0.009388445481996816
2013-02-11,7592,33,0.00434668071654373,18949,96,0.005066230407937094,2013,0.005069681618923607,0.009408802036496518
2013-02-12,8723,33,0.0037831021437578815,16055,111,0.006913734039240112,2013,0.004937139048726868,0.009356513292281146
2013-02-13,9488,49,0.00516441821247892,16887,206,0.01219873275300527,2013,0.004992360749182922,0.009674238213626311
2013-02-14,9116,81,0.008885476086002632,14889,125,0.008395459735375109,2013,0.004971393483972137,0.009343301386163246
2013-02-15,8316,178,0.021404521404521405,23460,339,0.014450127877237852,2013,0.005563141186083446,0.009102132564180476
2013-02-19,12285,341,0.027757427757427757,22188,302,0.013610960879754823,2013,0.006392149003473748,0.009227838883778892
2013-02-20,10573,95,0.008985150855953845,33017,200,0.006057485537753279,2013,0.006657424507484757,0.00900048415818219
2013-02-21,12665,105,0.008290564547966837,38529,98,0.0025435386332373017,2013,0.006933776659083651,0.008656398222515207
2013-02-22,9602,93,0.009685482191210164,24234,256,0.010563670875629282,2013,0.0072523194332437145,0.008439800205889263
2013-02-25,11381,231,0.02029698620507864,36005,34,0.0009443132898208582,2013,0.007742144276867717,0.007903861186746498
2013-02-26,10741,90,0.008379108090494367,28279,375,0.013260723505074437,2013,0.007763114546550863,0.007820513375618886
2013-02-27,12466,67,0.00537461896358094,22271,57,0.002559382156167213,2013,0.007906882807828048,0.007598543795128044
2013-02-28,12766,173,0.013551621494595018,23084,523,0.02265638537515162,2013,0.008252747413014409,0.0076241045202678475
2013-03-01,9750,93,0.009538461538461539,21124,42,0.001988259799280439,2013,0.008513224866595311,0.007561010904227549
2013-03-04,8031,152,0.018926659195616983,15247,140,0.009182134190332524,2013,0.008980691925462143,0.0074906133205305545
2013-03-05,11750,149,0.012680851063829787,25384,118,0.0046485975417585885,2013,0.009169552553860382,0.007246257912288442
2013-03-06,10609,121,0.011405410500518428,18098,145,0.008011935020444248,2013,0.009230735681029955,0.007245236706171021
2013-03-07,15898,69,0.004340168574663479,14889,135,0.009067096514205118,2013,0.00887143971288382,0.007323934397777845
2013-03-08,13132,161,0.012260127931769723,23298,500,0.021461069619709845,2013,0.009150055677315406,0.007811320475848271
2013-03-11,12925,85,0.0065764023210831725,18612,162,0.008704061895551257,2013,0.009062338740280044,0.007944230659159729
2013-03-12,11504,77,0.006693324061196106,23894,261,0.010923244329120282,2013,0.009177048458309075,0.008065988561113494
2013-03-13,10728,68,0.00633855331841909,18262,321,0.01757748329865294,2013,0.009258167607322003,0.00848761922048344
2013-03-14,11035,142,0.012868146805618487,15798,284,0.017976959108747942,2013,0.009579447223343269,0.008928634721878959
2013-03-15,10600,65,0.006132075471698114,19467,682,0.03503364668413212,2013,0.009668971102787126,0.01004864662096761
2013-03-18,10295,80,0.007770762506070908,25481,147,0.005769004356186963,2013,0.00967970969872061,0.009764190865195144
2013-03-19,11168,42,0.0037607449856733523,29472,158,0.005361020629750271,2013,0.009711307761450298,0.0098133686983369
2013-03-20,8645,59,0.0068247541931752455,15892,202,0.012710797885728669,2013,0.009794793807659064,0.010167874267955457
2013-03-21,10716,94,0.008771929824561403,18045,147,0.008146300914380716,2013,0.009882133368682834,0.010328351202553846
2013-03-22,7754,44,0.005674490585504256,17298,72,0.004162330905306972,2013,0.00988828927665477,0.010341883577412407
2013-03-25,10198,20,0.0019611688566385566,20710,56,0.002704007725736359,2013,0.009614306346803691,0.010088289849480313
2013-03-26,9204,219,0.02379400260756193,14986,104,0.0069398104897904715,2013,0.010262550409837633,0.010150742518875426
2013-03-27,8409,182,0.02164347722678083,17460,218,0.012485681557846507,2013,0.010857896245938397,0.010336474102828973
2013-03-28,14104,150,0.010635280771412365,17391,115,0.006612615720775114,2013,0.011040258331236178,0.010150270201754635
2013-04-01,8820,55,0.006235827664399093,15165,36,0.002373887240356083,2013,0.010951936717182727,0.009949551118587334
2013-04-02,8536,67,0.007849109653233365,18365,58,0.0031581813231690717,2013,0.010500089658806461,0.009573152900118374
2013-04-03,9251,36,0.0038914711923035347,19880,39,0.0019617706237424547,2013,0.009704557773302317,0.009184846558251296
2013-04-04,10246,5,0.00048799531524497365,16227,20,0.0012325137117150428,2013,0.009421319255278691,0.00902401416405002
2013-04-05,10645,30,0.0028182245185533112,20697,1,0.00004831618108904672,2013,0.009238907920964906,0.008940840082311746
2013-04-08,8200,33,0.004024390243902439,15380,15,0.0009752925877763329,2013,0.009050204856054648,0.008621227472716647
2013-04-09,11585,35,0.0030211480362537764,14769,28,0.001895862956192024,2013,0.008474343583760485,0.008652945794929019
2013-04-10,18507,94,0.005079159237045442,19740,82,0.004154002026342452,2013,0.008364345288645521,0.00834938841230462
2013-04-11,17957,50,0.0027844294704015148,19033,93,0.004886250197026217,2013,0.008278005638872873,0.008426950680333254
2013-04-12,13105,117,0.008927890118275467,17965,235,0.013080990815474534,2013,0.008123881259662223,0.00810777086167735
2013-04-15,15415,23,0.0014920531949399935,35106,369,0.010511023756622799,2013,0.007855667648211504,0.008391862993588763
2013-04-16,14059,54,0.003840955971263959,18196,129,0.007089470213233678,2013,0.007352810874066404,0.008322107527685467
2013-04-17,14254,151,0.010593517609092185,28840,71,0.002461858529819695,2013,0.007283233092241817,0.008249216227287505
2013-04-18,12489,24,0.0019216910881575786,30623,9,0.0002938967442771773,2013,0.0069671091118297885,0.007991948284748602
2013-04-19,9083,62,0.006825938566552901,21584,36,0.0016679021497405485,2013,0.0070499681115594355,0.007745308472599783
2013-04-22,11067,52,0.004698653655010391,16571,22,0.0013276205419105666,2013,0.006797918969000792,0.007074193503339808
2013-04-23,12448,87,0.006989074550128534,21818,95,0.004354202951691264,2013,0.00681167470996897,0.006929198205211141
2013-04-24,11199,127,0.011340298240914367,15022,42,0.0027958993476234857,2013,0.006966573849292912,0.006658286705827914
2013-04-25,9611,94,0.009780459889709707,16928,137,0.008093100189035916,2013,0.007081304068335933,0.006342140602174013
2013-04-26,12442,144,0.011573701977174087,18850,55,0.0029177718832891246,2013,0.0070381559073877855,0.005840167694658719
2013-04-29,10341,221,0.021371240692389517,22382,95,0.004244482173174873,2013,0.007546128081410833,0.004813862210960145
2013-04-30,8658,64,0.007392007392007392,18037,84,0.00465709375173255,2013,0.007533502910942049,0.004776798524144998
2013-05-01,10007,161,0.016088737883481564,21667,204,0.009415239765542068,2013,0.007944436007535655,0.004911939162004724
2013-05-02,8457,59,0.0069764691971148166,15459,37,0.0023934277766996573,2013,0.007949493174333641,0.004568026825037091
2013-05-03,16214,105,0.006475885037621808,23853,416,0.017440154278287847,2013,0.007872958348102322,0.004877821937167328
2013-05-06,10063,8,0.0007949915532147471,15072,70,0.004644373673036093,2013,0.0077103083803593386,0.004893890029424966
2013-05-07,12354,31,0.002509308725918731,20585,139,0.006752489676949235,2013,0.007728579709335344,0.005028839427798728
2013-05-08,15851,69,0.004353037663238912,19566,146,0.007461923745272411,2013,0.007080547544524577,0.0050462432029814595
2013-05-09,13237,59,0.004457203293797688,26405,90,0.0034084453701950387,2013,0.0065076717467584715,0.004743668663393078
2013-05-10,13537,212,0.01566078156164586,20696,220,0.010630073444143797,2013,0.006675188439766255,0.0048775839208387
2013-05-13,14817,44,0.002969561989606533,20208,69,0.0034144893111638956,2013,0.006566312917273169,0.004912270656532294
2013-05-14,24228,121,0.004994221561829288,27179,209,0.0076897604768387355,2013,0.006471149980893034,0.005063323294987949
2013-05-15,27704,17,0.0006136298007507941,28013,476,0.016992110805697354,2013,0.006361888601174609,0.005564334634386446
2013-05-16,21532,34,0.0015790451421140628,28834,284,0.00984948324894222,2013,0.006398256928736913,0.005851566952294019
2013-05-17,20117,20,0.000994184023462743,27334,266,0.009731469964147216,2013,0.00633745557890056,0.006174338745062624
2013-05-20,21650,17,0.0007852193995381062,22328,178,0.007972053027588678,2013,0.006229483217421749,0.006407564093056369
2013-05-21,19442,0,0.0,23729,125,0.005267815752876227,2013,0.006128778282879956,0.006519962519612509
2013-05-22,27925,85,0.003043867502238138,41863,269,0.00642572199794568,2013,0.0060609352250530464,0.0065956865186659495
2013-05-23,21335,58,0.0027185376142488866,28107,91,0.003237627637243391,2013,0.00605873882984796,0.006540732433339856
2013-05-24,13955,43,0.0030813328556073094,20635,60,0.002907681124303368,2013,0.00586385358775902,0.006201622110300817
2013-05-28,16149,24,0.001486160133754412,23318,60,0.0025731194785144525,2013,0.0058636571523861675,0.0059370253010305385
2013-05-29,14901,34,0.0022817260586537815,19515,18,0.0009223674096848578,2013,0.005811682821965828,0.005731455207578911
2013-05-30,12229,27,0.0022078665467331754,20560,36,0.0017509727626459145,2013,0.005532161119887194,0.005707759015339786
2013-05-31,16453,210,0.01276362973317936,31021,147,0.004738725379581574,2013,0.005893559074721254,0.005855919969849932
2013-06-03,15320,135,0.00881201044386423,30221,225,0.007445154031964528,2013,0.005959761470631631,0.006048495032590731
2013-06-04,11634,59,0.00507134261646897,22799,35,0.0015351550506601166,2013,0.005972184436013584,0.00605541284954905
2013-06-05,15109,104,0.006883314580713482,32620,102,0.003126916002452483,2013,0.005968659103699749,0.006014503284574423
2013-06-06,15946,65,0.004076257368619089,35397,16,0.00045201570754583724,2013,0.005726524407956572,0.005936373829905169
2013-06-07,17518,357,0.020379038703048292,25149,421,0.01674022823969144,2013,0.006079810368401192,0.006224611431593686
2013-06-10,12877,167,0.012968859206336879,21101,136,0.006445192170987157,2013,0.006126315609373286,0.006342192107850287
2013-06-11,14579,98,0.0067219973935112145,27319,145,0.005307661334602291,2013,0.005638007499410676,0.0063776314132312
2013-06-12,15250,42,0.002754098360655738,29808,64,0.0021470746108427268,2013,0.005483410531698954,0.006293964108534874
2013-06-13,18734,154,0.008220348030319206,20898,80,0.0038281175232079624,2013,0.005221130869926875,0.006107726700457071
2013-06-14,10109,77,0.007616974972796518,20549,141,0.006861647768747871,2013,0.005242481062449598,0.006256667366858677
2013-06-17,13319,154,0.01156242961183272,22021,96,0.004359475046546478,2013,0.005412032548256629,0.005820644725800631
2013-06-18,12241,9,0.0007352340495057594,22269,32,0.0014369751672728905,2013,0.005410040631466329,0.005713731442275191
2013-06-19,14134,79,0.005589358992500354,18916,130,0.006872488898287165,2013,0.005512708973685717,0.00571773141631979
2013-06-20,24731,555,0.02244147021956249,43110,111,0.0025748086290883787,2013,0.00611565672556317,0.005554827579113655
2013-06-21,17804,363,0.02038867670186475,31533,41,0.0013002251609425047,2013,0.006646705839165405,0.0054845535721385705
2013-06-24,24899,268,0.010763484477288244,38374,47,0.0012247876166154167,2013,0.006483462603020152,0.005171044044554291
2013-06-25,17275,120,0.006946454413892909,26369,28,0.0010618529333687285,2013,0.006616025683829697,0.005092622831961119
2013-06-26,13072,47,0.00359547123623011,19095,56,0.0029327048965697828,2013,0.00656940067297639,0.004934054312618819
2013-06-27,16368,125,0.007636852394916911,24715,53,0.0021444466922921302,2013,0.006803508092781929,0.004439132175505313
2013-06-28,14312,102,0.007126886528787032,20081,59,0.0029381006921966038,2013,0.006988436139004361,0.004208752756947125
2013-07-01,13573,65,0.004788919177779415,20222,40,0.001978043714766096,2013,0.007114927310814916,0.003950305215301088
2013-07-02,13753,31,0.002254053661019414,20449,127,0.006210572644139077,2013,0.007163888452864293,0.003891589202519435
2013-07-03,8802,57,0.006475800954328562,14046,49,0.00348853766196782,2013,0.0073797484846752455,0.003832279932822488
2013-07-05,11420,226,0.01978984238178634,17703,266,0.015025701858442072,2013,0.007937947647326853,0.004118945928172368
2013-07-08,12288,7,0.0005696614583333334,21372,170,0.00795433277185102,2013,0.007866318442129667,0.004276169432659289
2013-07-09,15491,27,0.0017429475179136272,22628,260,0.011490189146190561,2013,0.007821705597539879,0.004562253033388862
2013-07-10,13528,9,0.0006652868125369604,17298,194,0.011215169383743786,2013,0.007794343153499295,0.004850321363563172
2013-07-11,30614,73,0.002384529953615993,25292,284,0.011228847066266014,2013,0.0077977699499980355,0.005193870685449212
2013-07-12,15911,113,0.00710200490226887,21589,160,0.0074111816202695815,2013,0.00796090789518256,0.005382544314036667
2013-07-15,17177,22,0.0012807824416370729,14840,74,0.004986522911051213,2013,0.007578146318797816,0.005390804231752321
2013-07-16,9962,3,0.0003011443485243927,18513,122,0.006589963809215146,2013,0.007294450782286488,0.005362297890994009
2013-07-17,13707,7,0.0005106879696505435,13165,52,0.003949867071781238,2013,0.007142428960725874,0.0054427882916980455
2013-07-18,19287,21,0.0010888163011354799,21642,80,0.003696516033638296,2013,0.006949279018073274,0.00546177495940424
2013-07-19,10574,65,0.006147153395120106,16771,90,0.005366406296583388,2013,0.007018308885623308,0.0056255879790388244
2013-07-22,11624,103,0.008860977288368892,15770,137,0.008687381103360812,2013,0.006634373505133994,0.005357159741161137
2013-07-23,12278,54,0.004398110441439974,15830,58,0.003663929248262792,2013,0.006348681879637431,0.005264450977070326
2013-07-24,12561,60,0.004776689754000477,22967,49,0.0021334958854007926,2013,0.00628383829165374,0.005158645462096943
2013-07-25,9747,2,0.00020519134092541295,18015,48,0.0026644462947543715,2013,0.006198874724329396,0.005175891184893997
2013-07-26,13306,199,0.014955659101157372,21235,307,0.014457263951024252,2013,0.006423385093357335,0.005530196065821206
2013-07-29,10057,34,0.0033807298399124988,19555,117,0.005983124520582971,2013,0.006282176922261201,0.0055009119575490425
2013-07-30,9897,141,0.01424674143679903,17979,127,0.007063796651649146,2013,0.006371653983093411,0.005591056011052465
2013-07-31,12162,71,0.005837855615852656,21270,112,0.005265632346027269,2013,0.006541741368638307,0.005718677917010945
2013-08-01,15244,99,0.0064943584361060085,19818,134,0.006761529922292865,2013,0.006571908016758496,0.005714979284477801
2013-08-02,11690,180,0.015397775876817793,19278,388,0.020126569146176988,2013,0.006337118205333673,0.0063000379683807554
2013-08-05,8957,200,0.02232890476722117,15832,504,0.03183425972713492,2013,0.006401792474178886,0.007317839120587169
2013-08-06,13559,77,0.005678884873515746,20548,563,0.027399260268639283,2013,0.006232305820719803,0.008190321542321298
2013-08-07,12045,82,0.00680780406807804,22858,135,0.005906028523930353,2013,0.006227684142525974,0.008351794062006684
2013-08-08,11923,66,0.005535519583997316,15361,95,0.006184493197057483,2013,0.006292352420784881,0.008460187005356275
2013-08-09,10188,118,0.011582253631723596,25085,1010,0.0402631054414989,2013,0.006423865795345105,0.009730808963663167
2013-08-12,11747,83,0.00706563377883715,21135,210,0.0099361249112846,2013,0.006421824037013441,0.009964076437632767
2013-08-13,10593,61,0.005758519777211366,23843,78,0.003271400411022103,2013,0.0064541440569945065,0.010007188327507967
2013-08-14,11577,56,0.004837177161613544,22476,37,0.0016462003915287417,2013,0.006540248173680977,0.009855042585754288
2013-08-15,15856,109,0.0068743693239152375,34591,37,0.0010696423925298489,2013,0.006553533786000533,0.00977441274343969
2013-08-16,14719,27,0.0018343637475371967,30480,137,0.004494750656167979,2013,0.005955017831525562,0.00942338103669722
2013-08-19,10567,23,0.002176587489353648,31727,108,0.0034040407224130865,2013,0.006008582032559573,0.00927170463504929
2013-08-20,14271,25,0.001751804358489244,22365,8,0.0003577017661524704,2013,0.006008877260578759,0.008900621722381354
2013-08-21,11653,84,0.00720844417746503,35571,57,0.0016024289449270473,2013,0.006226982506076362,0.008580197041087463
2013-08-22,12596,21,0.0016671959352175293,19184,37,0.0019286905754795664,2013,0.006203071372129746,0.008270191824727914
2013-08-23,11538,3,0.00026001040041601667,19084,77,0.004034793544330329,2013,0.005975004888734651,0.00815764555552994
2013-08-26,13018,30,0.002304501459517591,20530,132,0.006429615197272284,2013,0.0060091288559973345,0.008205748631737309
2013-08-27,20623,70,0.0033942685351306796,43614,22,0.0005044251845737608,2013,0.006112232995550877,0.008002897344249261
2013-08-28,12283,107,0.00871122689896605,24340,34,0.0013968775677896466,2013,0.006385584293194729,0.00791779769411621
2013-08-29,11697,4,0.00034196802598957,24249,48,0.0019794630706420884,2013,0.006360689350689864,0.007860562595349669
2013-08-30,12720,57,0.004481132075471698,31892,138,0.004327103975918726,2013,0.006305155306701585,0.007825919184660846
2013-09-03,13521,48,0.0035500332815620148,31949,17,0.0005320980312372844,2013,0.006128123839808022,0.007554076415590063
2013-09-04,13829,37,0.0026755369151782488,21902,156,0.0071226372020820015,2013,0.006070704722265964,0.007669366680717369
2013-09-05,9959,42,0.0042172908926599055,19703,85,0.004314063848144953,2013,0.006052058093554611,0.007742052279475508
2013-09-06,17930,582,0.0324595649749024,28101,98,0.003487420376499057,2013,0.007127203881353844,0.007769484748866997
2013-09-09,12936,124,0.0095856524427953,20976,71,0.0033848207475209763,2013,0.006948203659408442,0.007400403308750221
2013-09-10,14586,88,0.006033182503770739,20939,213,0.010172405559004729,2013,0.0070366187482037166,0.0075400460100309465
2013-09-11,12237,159,0.012993380730571219,20663,111,0.00537192082466244,2013,0.006994840057996123,0.00748365014913139
2013-09-12,13063,69,0.005282094465283625,20402,194,0.009508871679247133,2013,0.006976314686310489,0.007625091460238719
2013-09-13,11764,187,0.015895953757225433,22677,299,0.013185165586276845,2013,0.00728970119701447,0.007839212649038184
2013-09-16,17824,112,0.0062836624775583485,27399,216,0.00788349939778824,2013,0.006985897417039155,0.007431110324091893
2013-09-17,16275,107,0.006574500768049155,19443,169,0.008692074268374221,2013,0.006460750617066755,0.006659704142133203
2013-09-18,21436,62,0.0028923306587049823,29398,356,0.012109667324307776,2013,0.006367865476573063,0.006150051043988819
2013-09-19,24874,19,0.000763849803007156,26032,368,0.014136447449293177,2013,0.006166400334404033,0.006424398341500913
2013-09-20,20847,284,0.013623063270494555,31412,1062,0.033808735515089776,2013,0.006435985123953941,0.007345206418768656
2013-09-23,15605,39,0.0024991989746876,25524,432,0.01692524682651622,2013,0.006133216635386074,0.006567277798269234
2013-09-24,10295,178,0.01728994657600777,21712,257,0.011836772291820192,2013,0.006474027061958428,0.006630632710953754
2013-09-25,14398,45,0.0031254340880677873,22595,1220,0.05399424651471565,2013,0.006386257538986975,0.008321394247743539
2013-09-26,10141,112,0.011044275712454393,22032,504,0.02287581699346405,2013,0.0065931608240150045,0.009029048134474716
2013-09-27,13807,102,0.007387557036285942,34400,2431,0.07066860465116279,2013,0.006610267081094027,0.011349013543095815
2013-09-30,13509,241,0.017839958546154416,33432,210,0.00628140703517588,2013,0.007143786907714601,0.01140856875572941
2013-10-01,8299,95,0.011447162308711893,27876,114,0.004089539388721481,2013,0.007452806068359876,0.011431418711273024
2013-10-02,9385,25,0.002663825253063399,23776,131,0.0055097577388963665,2013,0.007483206764845682,0.011603153910364487
2013-10-03,14992,6,0.00040021344717182497,35204,57,0.001619134189296671,2013,0.007256265740502575,0.011603710751843474
2013-10-04,11220,45,0.004010695187165776,26106,69,0.0026430705584923006,2013,0.007334382382234184,0.011627523417943899
2013-10-07,14403,11,0.0007637297785183642,31308,115,0.0036731825731442444,2013,0.007351173028170927,0.011615469718904363
2013-10-08,20283,57,0.002810235172311788,41284,93,0.002252688692956109,2013,0.007368030818597401,0.011476238835427156
2013-10-09,16861,94,0.0055749955518652515,33067,235,0.007106783197750022,2013,0.007440721719155221,0.011696317435866365
2013-10-10,16431,51,0.0031038889903231698,33174,848,0.025562187255079277,2013,0.007253810455533791,0.012501827758776018
2013-10-11,13741,117,0.008514664143803218,32860,3127,0.09516129032258064,2013,0.007526233659460912,0.015607888667173971
2013-10-14,13102,99,0.007556098305602198,26906,1078,0.04006541291905151,2013,0.007628732533798596,0.016799165631945064
2013-10-15,12077,10,0.0008280202036929701,31130,213,0.006842274333440411,2013,0.007537998764536295,0.017009504842018502
2013-10-16,16284,87,0.005342667649226234,29636,455,0.015352949115940073,2013,0.007626903122337894,0.01728384857248044
2013-10-17,17462,169,0.009678158286565113,27707,916,0.03306023748511207,2013,0.007808932035468067,0.01824205436037934
2013-10-18,19300,444,0.02300518134715026,34668,4938,0.1424368293527172,2013,0.007493785914542996,0.02287370132625328
2013-10-21,13887,43,0.003096421113271405,27080,2898,0.1070162481536189,2013,0.007277478203558866,0.026328082239789878
2013-10-22,20929,98,0.00468249796932486,32152,2212,0.0687982085095795,2013,0.007232455385744004,0.0282822756714757
2013-10-23,15510,94,0.006060606060606061,26320,1303,0.049506079027355626,2013,0.007001362896745165,0.02975341427823214
2013-10-24,12981,77,0.005931746398582544,21831,846,0.038752233063075445,2013,0.0070230179611884625,0.03072819299102642
2013-10-25,16029,226,0.014099444756379063,25387,1147,0.045180604246267776,2013,0.006963134327826916,0.031794707613026114
2013-10-28,14186,53,0.0037360778232059778,22463,575,0.02559764946801407,2013,0.006878214839348504,0.032385179282033646
2013-10-29,13625,18,0.0013211009174311926,27265,875,0.03209242618741977,2013,0.0067031015109945725,0.033165191012668495
2013-10-30,16566,101,0.006096824821924423,30068,1016,0.03379007582812292,2013,0.006809917983101887,0.033887871296129
2013-10-31,14422,99,0.00686451255027042,27066,1298,0.0479568462277396,2013,0.007013273408010663,0.035015217922077214
2013-11-01,11918,99,0.008306762879677798,27564,2403,0.0871789290378755,2013,0.0068360633949834364,0.03679422437283674
2013-11-04,10352,62,0.005989180834621329,19320,622,0.03219461697722567,2013,0.006952396123647895,0.03730320337786039
2013-11-05,11552,7,0.0006059556786703601,20830,399,0.01915506481036966,2013,0.006396263093736648,0.037547146461812037
2013-11-06,11767,47,0.003994221126880258,17526,109,0.006219331279242269,2013,0.006425222661697064,0.03595464928729626
2013-11-07,17508,141,0.008053461274845785,31104,627,0.02015817901234568,2013,0.00632552884711011,0.03586406135459231
2013-11-08,15282,45,0.002944640753828033,23755,1034,0.04352767838349821,2013,0.006177431637694847,0.03495936381233682
2013-11-11,12112,111,0.00916446499339498,18190,615,0.03380978559648158,2013,0.0058882485192695315,0.035876976431047015
2013-11-12,11433,21,0.0018367882445552348,25488,708,0.027777777777777776,2013,0.005567902717130977,0.0366665843773489
2013-11-13,18342,186,0.010140660778541054,23564,846,0.03590222373111526,2013,0.005817130567980232,0.03767966657708952
2013-11-14,19421,30,0.0015447196333865404,28507,1667,0.05847686533132213,2013,0.005855280774187389,0.0395749242818237
2013-11-15,16375,351,0.021435114503816795,28490,4395,0.15426465426465427,2013,0.006436094751409089,0.044628977072029105
2013-11-18,16687,184,0.011026547611913465,29716,1548,0.052093148472203525,2013,0.0067781886791889265,0.046242975935331075
2013-11-19,17091,124,0.007255280557018314,26870,1097,0.04082620022329736,2013,0.006926356858679144,0.04752875965300913
2013-11-20,14056,172,0.012236767216846899,26661,2105,0.07895427778402911,2013,0.0071484159141785315,0.04992367613921843
2013-11-21,16554,402,0.024284160927872417,22157,1932,0.08719592002527418,2013,0.007854424978763506,0.05197813389822492
2013-11-22,17691,257,0.014527160703182409,25174,3474,0.13799952331770873,2013,0.008054841530742813,0.05340607499806252
2013-11-25,16435,120,0.007301490721022209,29682,3260,0.10983087393032814,2013,0.008046354611256813,0.05573159036510508
2013-11-26,14084,138,0.009798352740698665,18657,1205,0.06458701827732219,2013,0.00834536569582367,0.05765641516323448
2013-11-27,13306,150,0.01127310987524425,23872,1383,0.05793398123324397,2013,0.008543047103357604,0.05907578290047794
2013-11-29,10848,93,0.008573008849557522,22955,1486,0.06473535177521238,2013,0.008506208788790685,0.06013162004348128
2013-12-02,11388,98,0.008605549701440113,30723,1582,0.051492367281840964,2013,0.008026221067267013,0.05710013797445208
2013-12-03,11653,39,0.00334677765382305,28363,711,0.025067870112470473,2013,0.008034566285285401,0.054368525373080456
2013-12-04,13681,30,0.0021928221621226518,30031,719,0.023941926675768374,2013,0.007951577091711994,0.052873315978620085
2013-12-05,11363,142,0.01249669981518965,28991,275,0.009485702459383946,2013,0.008166113550198114,0.05153930342635436
2013-12-06,14006,167,0.011923461373696986,29217,965,0.03302871615840093,2013,0.008365837382701928,0.05134851952953188
2013-12-09,12851,183,0.014240136954322621,25059,827,0.033002115008579753,2013,0.008370527122633382,0.050942569888275606
2013-12-10,11592,55,0.004744651483781919,22317,911,0.04082089886633508,2013,0.008404146244652579,0.05145001153488631
2013-12-11,16195,306,0.018894720592775548,35154,866,0.024634465494680548,2013,0.008989933567164056,0.05120141284512834
2013-12-12,13809,167,0.012093562169599536,34668,170,0.00490365755163263,2013,0.00918982481208656,0.050238532235911994
2013-12-13,14238,36,0.0025284450063211127,29032,334,0.01150454670708184,2013,0.00904528922728825,0.0490234555852234
2013-12-16,14799,7,0.0004730049327657274,25021,325,0.012989089165101315,2013,0.00878416396239118,0.04655046092279759
2013-12-17,14003,42,0.002999357280582732,22476,160,0.007118704395799964,2013,0.008684503177256562,0.04571459717008341
2013-12-18,26480,293,0.011064954682779456,29387,781,0.026576377309694765,2013,0.009033136477393532,0.045961974253394246
2013-12-19,17844,413,0.02314503474557274,32624,1603,0.049135605689063264,2013,0.009671496931349947,0.0473925167337216
2013-12-20,20274,737,0.03635197790273256,43153,6565,0.15213310777929692,2013,0.010614780818946172,0.05179168102595332
2013-12-23,17468,737,0.04219143576826197,31142,3756,0.12060882409607604,2013,0.011923007319427305,0.054361052549705906
2013-12-24,10251,518,0.050531655448248954,18975,2025,0.1067193675889328,2013,0.013301913667922436,0.056791371949454286
2013-12-26,23128,603,0.026072293324109305,24716,1448,0.05858553163942386,2013,0.014109763837240906,0.057818297078175825
2013-12-27,19922,993,0.049844393133219554,23072,4592,0.19902912621359223,2013,0.015433221582396855,0.06325586049425838
2013-12-30,12862,391,0.030399626807650442,19972,1016,0.05087121970759063,2013,0.016395051821538987,0.06300233897346734
2013-12-31,11719,12,0.0010239781551326906,24678,2865,0.1160953075613907,2013,0.015714680609916182,0.06173002741669188
2014-01-02,15876,28,0.001763668430335097,36383,1460,0.04012863150372427,2014,0.015405917970530236,0.06133121018440924
2014-01-03,11371,34,0.0029900624395391784,26740,2632,0.09842931937172775,2014,0.015263744033280933,0.0632513141560236
2014-01-06,12905,38,0.0029445951181712514,20800,1224,0.05884615384615385,2014,0.014954004963325078,0.06258104335809442
2014-01-07,13365,67,0.005013093901982791,20329,1002,0.049289192778788925,2014,0.014311636062462088,0.06131748578321157
2014-01-08,12212,42,0.003439240091713069,19657,757,0.03851045429109223,2014,0.013942038708746444,0.05800118348232435
2014-01-09,13559,66,0.00486761560587064,17476,781,0.044689860379949646,2014,0.013860909538241394,0.0558298163639784
2014-01-10,13628,119,0.00873202230701497,22352,165,0.0073818897637795275,2014,0.013825365190451936,0.05392297874686032
2014-01-13,12257,61,0.004976747980745697,40420,345,0.008535378525482435,2014,0.013615486460635318,0.0522763586566016
2014-01-14,13616,26,0.00190951821386604,19698,69,0.0035028936947913494,2014,0.01339337010611227,0.05023527672058757
2014-01-15,13014,129,0.0099124020285846,24571,239,0.009726913841520492,2014,0.013436931850350418,0.04884309493924355
2014-01-16,9963,115,0.01154270801967279,20415,281,0.013764388929708547,2014,0.013710129529212075,0.04846631223315148
2014-01-17,10304,92,0.008928571428571428,40966,494,0.012058780452082215,2014,0.013934654504760368,0.04807020735902861
2014-01-21,13415,164,0.012225121133060008,34516,672,0.019469231660679105,2014,0.013925601882022715,0.04840299166573846
2014-01-22,9745,33,0.0033863519753719856,22808,486,0.021308312872676254,2014,0.013641031568745214,0.0480123115562143
2014-01-23,14667,61,0.004158996386445762,55696,1574,0.028260557311117495,2014,0.013304993549815985,0.04785425963296555
2014-01-24,21547,106,0.0049194783496542445,81619,881,0.010794055305749888,2014,0.013310821112011728,0.04685336484761271
2014-01-27,27325,226,0.0082708142726441,70994,463,0.006521677888272248,2014,0.01295669090134068,0.046249605260732435
2014-01-28,16658,78,0.004682434866130388,41124,402,0.00977531368543916,2014,0.012709653324558375,0.04641199379852599
2014-01-29,20837,60,0.0028794932091951815,59101,269,0.004551530430957175,2014,0.012721354931320844,0.04618022658932183
2014-01-30,17650,142,0.008045325779036827,43506,154,0.003539741644830598,2014,0.012973765626196548,0.04586524833864614
2014-01-31,18050,154,0.00853185595567867,52588,329,0.006256180117136989,2014,0.013158182248699746,0.045836497529357374
2014-02-03,25874,196,0.007575171987323182,88956,122,0.0013714645442690768,2014,0.013041856158851202,0.04499633377050985
2014-02-04,22106,133,0.006016466117796073,54974,148,0.0026921817586495434,2014,0.012470903871258649,0.043448219639496063
2014-02-05,18710,64,0.0034206306787814005,46562,55,0.0011812207379408102,2014,0.011373192297126944,0.03841649007145086
2014-02-06,21790,212,0.009729233593391465,37615,241,0.00640701847667154,2014,0.010291118891297924,0.0346097632174707
2014-02-07,24208,718,0.029659616655651023,41929,1380,0.03291278113000549,2014,0.009595384264877995,0.0321495436688398
2014-02-10,15649,139,0.008882356700108633,33081,908,0.027447779692270486,2014,0.009022386377411306,0.031111618603934688
2014-02-11,23462,934,0.03980905293666354,45018,990,0.021991203518592562,2014,0.008687875037526105,0.025210354514101363
2014-02-12,19427,106,0.005456323673238277,35494,591,0.01665070152701865,2014,0.007856431599712367,0.024069670574748965
2014-02-13,22549,232,0.010288704598873565,37764,628,0.016629594322635315,2014,0.00816525581450373,0.020754146800123784
2014-02-14,24642,355,0.014406298190081974,37242,381,0.01023038504913807,2014,0.008586676806495292,0.019757538584970914
2014-02-18,17356,175,0.010082968425904587,34455,450,0.013060513713539399,2014,0.008823107006040805,0.016911911729697967
2014-02-19,19021,240,0.012617633142316387,44556,450,0.010099649878804202,2014,0.009145541606845643,0.015287028264119646
2014-02-20,15284,60,0.003925673907354096,35642,1526,0.042814656865495765,2014,0.009109294273691355,0.015071210400343206
2014-02-21,14895,256,0.017186975495132595,44098,1643,0.037257925529502474,2014,0.009567552120472004,0.015029459441623549
2014-02-24,28545,577,0.02021369767034507,42564,758,0.01780847664693168,2014,0.010079088189287818,0.014133413317189616
2014-02-25,14716,68,0.0046208208752378365,29928,347,0.011594493450948944,2014,0.009942048141561913,0.014273833440095264
2014-02-26,15868,39,0.0024577766574237457,31192,409,0.013112336496537574,2014,0.009858082430784516,0.014426398705797101
2014-02-27,14361,58,0.004038715966854676,34624,925,0.026715573012939003,2014,0.00992905568921747,0.015200154683068689
2014-02-28,25436,185,0.007273156156628401,48930,649,0.013263846311056612,2014,0.00984108082681893,0.015318052432053227
2014-03-03,18485,63,0.0034081687855017583,57153,371,0.006491347785768026,2014,0.00956992951901323,0.01507561772725521
2014-03-04,22098,202,0.009141098741967599,40875,831,0.0203302752293578,2014,0.009577013762793102,0.015351334219831063
2014-03-05,14969,63,0.004208697975816688,28803,698,0.02423358677915495,2014,0.009309799657551658,0.015510146057113592
2014-03-06,21598,160,0.007408093341976109,44735,1492,0.033351961551358,2014,0.00944385770310513,0.01591160101306965
2014-03-07,21202,127,0.005990000943307235,40870,1144,0.027991191583068266,2014,0.009504891188333843,0.015902622155468008
2014-03-10,17937,142,0.007916596978312984,37160,788,0.021205597416576964,2014,0.009604795142622469,0.016249673559162243
2014-03-11,19005,85,0.0044725072349381745,51554,1206,0.023392947200993133,2014,0.009478184908032272,0.016812049202919607
2014-03-12,17478,200,0.011442956860052637,41508,1262,0.030403777585043847,2014,0.009703535641163014,0.017499664666239763
2014-03-13,21229,380,0.01790004239483725,70152,1179,0.016806363325350668,2014,0.010204220614017748,0.01790815909605288
2014-03-14,20032,84,0.004193290734824281,68560,1088,0.015869311551925322,2014,0.01007581944587733,0.018319144759622704
2014-03-17,15660,71,0.004533844189016603,43787,495,0.01130472514673305,2014,0.009942552386988596,0.018487429593942572
2014-03-18,26016,151,0.005804120541205412,43404,524,0.012072620035019814,2014,0.00988351733878467,0.018844134776967596
2014-03-19,17043,193,0.011324297365487297,48201,580,0.01203294537457729,2014,0.010060445047041042,0.01915549356416519
2014-03-20,14669,91,0.006203558524780149,32706,583,0.017825475447930044,2014,0.010153209308574334,0.019710302054498162
2014-03-21,20566,545,0.02650004862394243,64052,599,0.009351776681446326,2014,0.010712236476259369,0.01980846066132399
2014-03-24,16113,242,0.01501892881524235,45427,257,0.005657428401611377,2014,0.010224213548245745,0.01889994890371085
2014-03-25,17601,410,0.023294131015283222,38363,345,0.008993040168912754,2014,0.010704606025418232,0.018284790919598927
2014-03-26,15348,30,0.001954652071931196,38530,360,0.009343368803529718,2014,0.009442792663260487,0.017863196429096832
2014-03-27,17330,47,0.002712060011540681,46797,276,0.00589781396243349,2014,0.009351317207870568,0.017504766843610662
2014-03-28,15318,474,0.030943987465726595,37809,316,0.008357798407786506,2014,0.010039826636765666,0.017229040313115698
2014-03-31,13019,274,0.02104616329979261,38587,1322,0.034260243087050044,2014,0.010261155473756023,0.0180300355810461
2014-04-01,17127,249,0.014538448064459626,35990,578,0.016060016671297583,2014,0.010409671461707857,0.018130019012971375
2014-04-02,19606,27,0.0013771294501683158,32122,827,0.025745594919369903,2014,0.01003498800530292,0.018651550514323562
2014-04-03,19115,124,0.006487052053361235,33449,1210,0.03617447457323089,2014,0.010120367276836491,0.018430211104581398
2014-04-04,16734,361,0.02157284570335843,53460,1841,0.03443696221473999,2014,0.010266562950444019,0.018336178994089316
2014-04-07,18831,208,0.01104561627104243,54705,681,0.012448587880449684,2014,0.009960960237133934,0.018157516035206583
2014-04-08,16328,144,0.008819206271435572,32313,208,0.006437037724754743,2014,0.01010090641700719,0.017985600844333444
2014-04-09,19898,413,0.020755854859784904,33573,515,0.015339707503053048,2014,0.010710842357085894,0.018059846544550624
2014-04-10,21057,184,0.008738186826233556,61211,977,0.01596118344741958,2014,0.010867491385731858,0.017701366892366645
2014-04-11,24968,577,0.023109580262736303,77221,1189,0.015397366001476282,2014,0.011395372189268787,0.01777248421538063
2014-04-14,24513,179,0.0073022477868885894,43725,103,0.0023556317895940537,2014,0.011525174822648348,0.017634627015508168
2014-04-15,21216,192,0.00904977375565611,45136,138,0.003057426444523219,2014,0.011522130656437967,0.017058865389347016
2014-04-16,18882,233,0.012339794513293083,36531,235,0.0064328926117544006,2014,0.011793167207687178,0.01646550891710033
2014-04-17,15893,193,0.012143711067765683,38511,424,0.011009841344031575,2014,0.011951021131880164,0.015720771576856116
2014-04-21,12521,189,0.015094641003114768,33654,592,0.017590776727877816,2014,0.012254509133873749,0.015374091081683102
2014-04-22,21889,493,0.022522728311023803,41633,608,0.014603799870295198,2014,0.012741380178297445,0.01515403116347371
2014-04-23,10680,129,0.012078651685393259,28482,417,0.01464082578470613,2014,0.012994918326645946,0.014862293782930809
2014-04-24,13017,138,0.010601521087808251,35361,461,0.01303696162438845,2014,0.012966870467571133,0.014283399917575629
2014-04-25,16165,203,0.012557995669656666,44574,96,0.0021537219006595772,2014,0.012788802243398447,0.013794978536752595
2014-04-28,20098,210,0.010448800875709026,37400,379,0.010133689839572193,2014,0.012997319248094606,0.013603791146340824
2014-04-29,12679,29,0.0022872466282829874,32219,415,0.012880598404668053,2014,0.012922432662736818,0.013656320254938657
2014-04-30,13621,77,0.005653035753615741,30899,738,0.02388426809929124,2014,0.012917396503150496,0.014050041857081036
2014-05-01,13681,399,0.02916453475623127,39137,882,0.02253621892326954,2014,0.013512071082841963,0.01440015097537078
2014-05-02,16873,119,0.007052687725952705,33787,1232,0.03646372865303223,2014,0.013540375389547714,0.015021426082207518
2014-05-05,15645,278,0.01776925535314797,35650,936,0.026255259467040673,2014,0.013249348947187899,0.015584875508393995
2014-05-06,14825,85,0.005733558178752108,42032,285,0.00678054815378759,2014,0.012939836592638223,0.015622312833466536
2014-05-07,19342,16,0.0008272153862061834,34342,490,0.014268242967794538,2014,0.012190939405002321,0.015798152926762597
2014-05-08,15873,91,0.005733005733005733,42168,386,0.009153860747486246,2014,0.012316884527038139,0.01579183599156115
2014-05-09,17305,99,0.005720889916209188,35434,597,0.016848224868770106,2014,0.012417178857193756,0.016156849688439036
2014-05-12,24617,107,0.004346589755047325,49223,769,0.015622777969648335,2014,0.011530598933504449,0.01639901567383443
2014-05-13,17038,41,0.0024063857260241813,35539,206,0.005796448971552379,2014,0.010909273014378832,0.015450222536651174
2014-05-14,14395,111,0.007711010767627649,38523,410,0.010642992497988215,2014,0.0106816917711511,0.015269655064207528
2014-05-15,22914,384,0.016758313694684474,65302,1015,0.015543168662521822,2014,0.011194397912634973,0.014929574188979259
2014-05-16,17254,202,0.011707430161122058,46098,682,0.01479456809406048,2014,0.011368410516227001,0.014216910639673579
2014-05-19,16692,89,0.005331895518811407,34417,379,0.011011999883778366,2014,0.010827045510075432,0.013436078561974856
2014-05-20,12879,172,0.013355074151719853,48640,294,0.006044407894736842,2014,0.010904027439431346,0.013222605895784428
2014-05-21,14112,299,0.02118764172335601,40944,1194,0.029161781946072683,2014,0.011316308621162029,0.01398009736982836
2014-05-22,17171,453,0.026381690058820104,44566,1305,0.029282412601534802,2014,0.011503836461129869,0.014444854206444419
2014-05-23,17655,482,0.027301047861795526,35552,1348,0.037916291629162914,2014,0.0121225984956486,0.015176691145835863
2014-05-27,18753,193,0.010291686663467178,42737,811,0.01897653087488593,2014,0.011695335375672964,0.015295996641616185
2014-05-28,15914,75,0.004712831469146663,32532,1949,0.05991024222304193,2014,0.011609021498414899,0.017214483656064445
2014-05-29,20242,241,0.011905938148404308,41251,2315,0.05611985163996024,2014,0.01170422697817317,0.018983231162579012
2014-05-30,20409,144,0.00705571071586065,34928,2392,0.0684837379752634,2014,0.011528090851592092,0.02105159267469598
2014-06-02,18318,206,0.011245769188776067,35461,1742,0.04912439017512196,2014,0.01149815945562577,0.02232207763573233
2014-06-03,12718,33,0.002594747601824186,33034,866,0.026215414421505115,2014,0.011081496342249418,0.02260956555885324
2014-06-04,15819,52,0.0032871862949617548,33571,869,0.025885436835363856,2014,0.010440311608380683,0.022985620124355524
2014-06-05,25573,103,0.004027685449497517,52439,3341,0.06371212265680123,2014,0.010171946067184159,0.024621330020092033
2014-06-06,19782,311,0.015721362855120817,39691,3103,0.07817893225164395,2014,0.01034260745942791,0.026792729041000548
2014-06-09,18193,285,0.01566536580003298,38832,2223,0.05724660074165636,2014,0.010446186463773788,0.02862915833570044
2014-06-10,12358,148,0.011976047904191617,34713,1572,0.04528562786276035,2014,0.010497094698056542,0.029800889603140045
2014-06-11,13500,90,0.006666666666666667,33590,1272,0.03786841321821971,2014,0.010643075366002664,0.030633816763591767
2014-06-12,19799,159,0.008030708621647557,49799,1369,0.027490511857667824,2014,0.01072233112827039,0.03075402488887098
2014-06-13,12548,22,0.0017532674529805547,40353,2081,0.051569895670706016,2014,0.009808622218162033,0.03172181411378553
2014-06-16,14102,277,0.019642603885973622,38325,589,0.015368558382257012,2014,0.010228286090162731,0.03101864177142636
2014-06-17,12699,123,0.009685802031656036,31746,1874,0.059031059031059034,2014,0.009958837646112998,0.03211116842356031
2014-06-18,22142,514,0.02321380182458676,44560,6165,0.1383527827648115,2014,0.010541512434307487,0.03649690957726111
2014-06-19,18946,505,0.02665470283964953,39932,4590,0.11494540719222679,2014,0.0114024286827556,0.03985281505140884
2014-06-20,18912,249,0.013166243654822335,44319,8031,0.1812089622960807,2014,0.011650203280149487,0.04558798510302866
2014-06-23,18333,180,0.009818360333824251,35905,2352,0.06550619690850856,2014,0.011786785627403321,0.04720991750435328
2014-06-24,23463,233,0.00993052891787069,59685,1291,0.02163022534975287,2014,0.011972916932830766,0.04741016575035676
2014-06-25,16277,141,0.00866252995023653,33289,1070,0.03214274985731022,2014,0.012181455073637847,0.04828837577988202
2014-06-26,13275,93,0.007005649717514125,43886,1758,0.0400583329535615,2014,0.012157943038634062,0.049268887128401134
2014-06-27,14644,457,0.03120732040426113,33708,2962,0.08787231517740596,2014,0.01263957659561995,0.05167985867889727
2014-06-30,10535,236,0.022401518747033698,44359,4703,0.10602132599923353,2014,0.012996046215150336,0.0547207506090697
2014-07-01,21606,145,0.006711098768860502,51188,3042,0.05942799093537548,2014,0.013042019656818641,0.056334616977456266
2014-07-02,12771,123,0.009631195677707306,34835,2253,0.0646763312760155,2014,0.012917890374351556,0.05828901442349889
2014-07-03,9866,103,0.010439894587472126,31600,3092,0.09784810126582279,2014,0.012559632136488759,0.060578558400823906
2014-07-07,15132,133,0.008789320644990748,48412,2118,0.04374948359910766,2014,0.01197321982269445,0.061060794100742985
2014-07-08,20955,92,0.004390360295872107,53350,2413,0.045229615745079665,2014,0.011209530237163668,0.06130457157127355
2014-07-09,13102,77,0.005876965348801709,37783,1746,0.046211259031839716,2014,0.011062372860008152,0.062212395843172015
2014-07-10,18242,34,0.0018638307203157549,47617,1401,0.029422265157401768,2014,0.010967406168380456,0.061196129940984
2014-07-11,11838,69,0.005828687278256462,32797,1324,0.04036954599506053,2014,0.010764831139375526,0.06067111975282068
2014-07-14,15064,291,0.01931757833244822,39633,815,0.02056367168773497,2014,0.011173560059928445,0.059073784209903064
2014-07-15,14598,88,0.006028223044252637,46379,1041,0.02244550335281054,2014,0.010999641855110997,0.058184487982492684
2014-07-16,10730,177,0.016495806150978565,36163,1894,0.05237397339822471,2014,0.011463010473416144,0.05905643994838334
2014-07-17,15981,268,0.016769914273199425,78396,2391,0.030499005051278127,2014,0.0119124347393574,0.05921022555558048
2014-07-18,15597,504,0.03231390652048471,53806,3767,0.07001077946697394,2014,0.012855308775056973,0.05942018078258624
2014-07-21,14797,282,0.019057917145367306,48137,1923,0.0399484803789185,2014,0.012966527251398522,0.05814583238682872
2014-07-22,16228,332,0.020458466847424205,46377,1196,0.025788645233628737,2014,0.013126297286311563,0.05709723386989447
2014-07-23,17653,88,0.004984988387242962,41368,947,0.02289209050473796,2014,0.012893261969079941,0.056350782624627054
2014-07-24,18964,171,0.009017085003163889,41137,1151,0.027979677662445,2014,0.012971609246963183,0.05602115810610123
2014-07-25,13837,359,0.025944930259449304,50751,1457,0.02870879391539083,2014,0.01356874996822324,0.056061767508025336
2014-07-28,15010,249,0.01658894070619587,41568,997,0.02398479599692071,2014,0.014063272409997083,0.05514226418556582
2014-07-29,16149,468,0.028980122608211034,50213,928,0.018481269790691653,2014,0.014374523034071664,0.05524602123251365
2014-07-30,21993,238,0.010821625062519893,51079,1878,0.036766577262671546,2014,0.014412383801767126,0.05450387184023406
2014-07-31,28731,280,0.00974557098604295,130560,4096,0.03137254901960784,2014,0.013963442773815666,0.05093786404872727
2014-08-01,27349,658,0.024059380598925005,111756,3945,0.03530011811446365,2014,0.013876932032458182,0.048283021079468504
2014-08-04,26318,1220,0.046356106087088685,61093,853,0.01396231974203264,2014,0.014983260780200394,0.04270813299433358
2014-08-05,27454,574,0.020907700152983173,85717,1427,0.016647806152805162,2014,0.015352905440839025,0.041079519969143455
2014-08-06,20959,262,0.01250059640250012,55379,712,0.012856859098214124,2014,0.015438574356993338,0.04078707442742549
2014-08-07,22646,85,0.003753422237922812,81337,2206,0.027121728118814317,2014,0.015274937433249546,0.0406197070361423
2014-08-08,26460,163,0.006160241874527589,61310,1206,0.019670526830859566,2014,0.015246757171816665,0.039940113498718906
2014-08-11,20694,353,0.017058084468928193,54798,341,0.006222854848717107,2014,0.014775115973972231,0.03721846482109594
2014-08-12,20441,592,0.028961401105621055,46829,450,0.009609430054026352,2014,0.014993778719258477,0.0340047349562557
2014-08-13,20421,586,0.02869595024729445,51570,1022,0.019817723482644947,2014,0.015726607101872944,0.03268439270783135
2014-08-14,20294,713,0.03513353700601163,48133,2799,0.05815137223941994,2014,0.016576685146149753,0.032466894073278164
2014-08-15,22356,453,0.020263016639828234,81276,6172,0.07593877651459226,2014,0.016904122547894956,0.031736583248237145
2014-08-18,20702,735,0.03550381605641967,62826,1874,0.029828414987425587,2014,0.017794605728275917,0.031272547627847744
2014-08-19,24482,523,0.021362633771750673,64494,1937,0.030033801593946724,2014,0.018360348177471876,0.03076602048947665
2014-08-20,23487,419,0.017839655979903776,53028,1738,0.03277513766312137,2014,0.01875910453184194,0.030318149777186037
2014-08-21,26362,616,0.02336696760488582,58150,2368,0.04072226999140155,2014,0.01947587576132761,0.030694816604986026
2014-08-22,20777,541,0.026038407854839487,59773,1906,0.03188730697806702,2014,0.020149533113880378,0.03041207530441958
2014-08-25,25373,623,0.024553659401726245,64515,3522,0.054591955359218784,2014,0.02032406914952298,0.03154635142680237
2014-08-26,24236,268,0.01105793035154316,52692,3388,0.0642981856828361,2014,0.020491726059766,0.032941440837803225
2014-08-27,17603,449,0.025507015849571095,39903,2244,0.05623637320502218,2014,0.020792099716385747,0.033070187498029806
2014-08-28,17463,468,0.026799518982992612,51553,2389,0.04634065912749986,2014,0.021126419873378852,0.03359824263390387
2014-08-29,20220,445,0.022007912957467853,44764,3890,0.08690018765079081,2014,0.020782886754611627,0.03416122290669776
2014-09-02,16498,243,0.014729058067644563,52343,2548,0.04867890644403263,2014,0.020638591452020866,0.03445223710886823
2014-09-03,18964,530,0.0279476903606834,43418,2658,0.06121884932516468,2014,0.020888232235796174,0.03563324391191943
2014-09-04,17940,262,0.014604236343366777,62009,3731,0.06016868519085939,2014,0.021208873834333633,0.036875797068123474
2014-09-05,16955,216,0.012739604836331466,54220,6332,0.116783474732571,2014,0.021332957828772554,0.039835923637127686
2014-09-08,13819,169,0.012229539040451553,53665,3931,0.07325072207211404,2014,0.020875778121472628,0.041320654575685116
2014-09-09,22921,449,0.01958902316652851,77575,1205,0.015533354817918144,2014,0.02097578087015038,0.04103893986971837
2014-09-10,20140,349,0.017328699106256208,48959,1317,0.026900059233235973,2014,0.020587400086751886,0.041319566184469844
2014-09-11,19430,124,0.00638188368502316,45799,1202,0.026245114522151138,2014,0.020439408707501997,0.04096885075978583
2014-09-12,24526,252,0.010274810405284189,72478,1135,0.015659924390849636,2014,0.020457050021476703,0.040445096605493884
2014-09-15,19750,32,0.0016202531645569621,56596,229,0.004046222347869107,2014,0.019709079106997773,0.03940330007994074
2014-09-16,29060,533,0.018341362697866483,61160,599,0.009793982995421844,2014,0.018775254327357032,0.03926435552172037
2014-09-17,20751,519,0.025010842850946943,66561,495,0.0074367873078829945,2014,0.01891202575062249,0.038957321560222975
2014-09-18,22581,283,0.012532660201053984,56978,1169,0.020516690652532556,2014,0.01891309454390762,0.03921264927870025
2014-09-19,23095,207,0.008962978999783502,60459,1844,0.030500008270067318,2014,0.01908674643596964,0.03932525861707536
2014-09-22,25724,614,0.023868760690405846,82482,585,0.007092456535971485,2014,0.019677030396498915,0.03890598960724575
2014-09-23,25174,247,0.009811710494955113,74195,739,0.009960239908349619,2014,0.01943548459736648,0.0390305691092335
2014-09-24,26019,571,0.021945501364387564,52695,1075,0.020400417496916217,2014,0.019201621272658696,0.039390268690663165
2014-09-25,31190,156,0.005001603077909586,94177,1630,0.01730783524639774,2014,0.01841180970034587,0.039306605749454916
2014-09-26,29168,603,0.020673340647284696,59784,265,0.004432624113475178,2014,0.01792980315505497,0.03751598081192343
2014-09-29,25545,259,0.010138970444313956,71657,228,0.0031818245251685113,2014,0.01759233494853783,0.035090749078942635
2014-09-30,19456,137,0.007041529605263158,57777,165,0.0028558076743340774,2014,0.01664359206683261,0.034191662168506255
2014-10-01,30659,413,0.01347075899409635,83634,673,0.008046966544706699,2014,0.016380529574244133,0.033458767666864925
2014-10-02,37572,299,0.00795805386990312,79875,765,0.009577464788732394,2014,0.01605114283724411,0.03268551190438529
2014-10-03,25210,162,0.0064260214200714,60425,1514,0.025055854364915184,2014,0.01548644463108363,0.03216329805016908
2014-10-06,21104,133,0.006302122820318423,57066,1235,0.021641607962709846,2014,0.014828568463266262,0.031821774749657174
2014-10-07,23927,312,0.013039662306181301,77563,816,0.010520480125833193,2014,0.01444476856008143,0.030352725575210984
2014-10-08,37374,274,0.007331299834109274,68337,576,0.008428816014750429,2014,0.014320547542833635,0.028490413252941462
2014-10-09,36958,199,0.0053844905027328315,86503,292,0.0033756054703305088,2014,0.013649796697939027,0.02672838766178507
2014-10-10,34800,256,0.0073563218390804595,103145,857,0.00830869164768045,2014,0.013001690126475288,0.025460655412457754
2014-10-13,46537,83,0.001783527085974601,161016,756,0.004695185571620211,2014,0.012327543930758848,0.022720488676485406
2014-10-14,43788,33,0.0007536311318169361,159581,1109,0.006949448869226286,2014,0.01186169636623126,0.021329506757325194
2014-10-15,83329,400,0.004800249612979875,217124,4606,0.021213684346272178,2014,0.011090115007974475,0.019996001258028775
2014-10-16,59169,684,0.011560107488718755,156568,1421,0.009075928669970876,2014,0.010988644046152875,0.018292909373999158
2014-10-17,50716,446,0.008794068932881142,146748,627,0.004272630632104015,2014,0.01085712618270453,0.014542547903983594
2014-10-20,36533,223,0.006104070292612159,101542,377,0.0037127494041874296,2014,0.010652943891109882,0.012224615481719374
2014-10-21,52274,453,0.008665875961280942,123065,935,0.007597611018567423,2014,0.010288838984268297,0.011960090688407681
2014-10-22,37790,139,0.003678221751786187,109739,338,0.003080035356618887,2014,0.00983382307245263,0.011166089892520445
2014-10-23,40154,398,0.009911839418239777,86715,1072,0.01236233638932134,2014,0.00995148826355985,0.010703330621426118
2014-10-24,35765,183,0.005116734237382917,70415,743,0.010551729035006745,2014,0.009779552391296473,0.010533057442898024
2014-10-27,31364,246,0.00784338732304553,60795,343,0.0056419113413932066,2014,0.009986990196579427,0.010586247076015493
2014-10-28,32618,192,0.005886320436568766,79651,1973,0.024770561574870373,2014,0.009571822121202835,0.01108546636199711
2014-10-29,37637,1427,0.03791481786539841,75879,874,0.011518338407200939,2014,0.010001954621684551,0.011221518065307709
2014-10-30,42381,683,0.01611571222953682,68853,1262,0.01832890360623357,2014,0.010121389689300648,0.011148591830431076
2014-10-31,46362,1053,0.022712566325870324,72283,1252,0.0173208084888563,2014,0.010579709266836873,0.010709285171057376
2014-11-03,37397,200,0.00534802256865524,61437,481,0.007829158324787994,2014,0.009962351329445186,0.010733841897351258
2014-11-04,27218,148,0.005437578073333824,54465,292,0.005361241164050307,2014,0.009816546915391144,0.01058054193920795
2014-11-05,27973,172,0.006148786329675044,44590,909,0.020385736712267323,2014,0.009289989747567394,0.01058005257971965
2014-11-06,30771,18,0.000584966364434045,51169,571,0.0111591002364713,2014,0.009142768523784876,0.010375094746055438
2014-11-07,24034,286,0.01189980860447699,56324,1967,0.034922945813507564,2014,0.008850317455691285,0.011391438802723185
2014-11-10,27016,261,0.009660941664198994,58853,1134,0.019268346558374255,2014,0.008834383163020787,0.011927656203830041
2014-11-11,27772,681,0.024521100388880886,50458,1598,0.031669903682270406,2014,0.009417035522474712,0.012888126070761253
2014-11-12,27001,530,0.019628902633235808,41006,586,0.014290591620738428,2014,0.009622306977112693,0.013096246906628976
2014-11-13,26098,546,0.020921143382634684,65668,1614,0.02457818115368216,2014,0.010054409960870413,0.013596270785460635
2014-11-14,23194,691,0.02979218763473312,42003,2149,0.05116301216579768,2014,0.010833282168025803,0.014466509378823387
2014-11-17,26816,336,0.012529832935560859,47924,643,0.013417077038644521,2014,0.011040872505200552,0.014192358348021208
2014-11-18,51491,1459,0.028335048843487212,63352,1097,0.017315948983457508,2014,0.011550718723110748,0.014418873976608685
2014-11-19,32668,1289,0.039457573160279175,50511,658,0.013026865435251727,2014,0.012621594500649742,0.014572142290625397
2014-11-20,26589,739,0.027793448418518937,48408,668,0.013799372004627334,2014,0.013368559764509281,0.014919601175101957
2014-11-21,33503,1559,0.04653314628540728,64200,3168,0.049345794392523366,2014,0.014674453912720174,0.01628750459993005
2014-11-24,38833,687,0.01769113897973373,53238,1076,0.020211127390210002,2014,0.015204707642512144,0.016804702660549713
2014-11-25,33893,914,0.0269672203699879,51213,2419,0.04723410071661492,2014,0.016078493950451175,0.018147524388796004
2014-11-26,28489,785,0.027554494717259292,38689,1683,0.0435007366434904,2014,0.01683696878726049,0.018890426132036606
2014-11-28,21976,384,0.017473607571896616,36837,334,0.009066970708798219,2014,0.017034085456699752,0.01889012753333085
2014-12-01,31439,109,0.0034670313941283118,60266,540,0.008960276109248997,2014,0.016856517538741327,0.01904638238256902
2014-12-02,19915,61,0.0030630178257594776,39680,645,0.016255040322580645,2014,0.016755149123179568,0.019464458746515458
2014-12-03,33620,317,0.009428911362284355,43443,583,0.013419883525539212,2014,0.01678058363654635,0.019658534496747853
2014-12-04,25553,281,0.010996751849097952,45727,313,0.006844971242373215,2014,0.017024534639790076,0.01978403235960633
2014-12-05,25014,774,0.030942672103621973,48185,2069,0.04293867386116011,2014,0.017725562395969487,0.020803243608667626
2014-12-08,30279,674,0.02225965190395984,77266,3682,0.0476535604276137,2014,0.01829699298485538,0.022039971321754517
2014-12-09,39716,598,0.015056904018531575,82468,1344,0.01629723044089829,2014,0.018537443541371584,0.02239514862507136
2014-12-10,29980,459,0.015310206804536357,100648,5389,0.05354304109371274,2014,0.0188515730869705,0.023354231275699435
2014-12-11,30119,168,0.005577874431422026,82860,567,0.006842867487328023,2014,0.017773674972504625,0.023198382245037005
2014-12-12,36761,1107,0.030113435434291777,132173,3689,0.027910390170458415,2014,0.018240265745996454,0.023517765130511167
2014-12-15,53800,505,0.009386617100371747,121632,1879,0.015448237305972112,2014,0.017796067438479835,0.023455346091081693
2014-12-16,56732,176,0.003102305577099344,125030,1383,0.011061345277133488,2014,0.017721210205427974,0.023563085656159877
2014-12-17,66571,1414,0.02124048008892761,107918,1745,0.016169684389999814,2014,0.018247973605947765,0.02392336709702486
2014-12-18,52656,608,0.011546642357945914,84912,808,0.009515733936310533,2014,0.018427902140223457,0.023561033671159633
2014-12-19,54521,2675,0.049063663542488214,83482,1171,0.01402697587503893,2014,0.020043858712825265,0.023656629525778555
2014-12-22,35431,830,0.023425813553103216,62318,2426,0.03892936230302641,2014,0.020428058877779473,0.02379017674209585
2014-12-23,32667,359,0.010989683778736952,64746,2804,0.04330769468384147,2014,0.020472350281597405,0.02459148834627809
2014-12-24,16169,217,0.013420743397860103,30987,803,0.025914093006744764,2014,0.020102338381896713,0.024399627990427237
2014-12-26,27673,710,0.025656777364217828,43420,1265,0.02913403961308153,2014,0.020303267539596114,0.024894409590172008
2014-12-29,26876,112,0.004167286798630748,52352,2339,0.04467833129584352,2014,0.01974480565346265,0.02556441459491072
2014-12-30,30860,741,0.024011665586519768,51263,1275,0.02487173985135478,2014,0.01955212158518887,0.024688038851095953
2014-12-31,32530,531,0.016323393790347373,88855,688,0.007742952000450172,2014,0.019678573613681753,0.02449890134982281
2015-01-02,31457,171,0.005435991989064437,68883,577,0.008376522509182237,2015,0.01891527171853433,0.024200920467346967
2015-01-05,50265,569,0.011320003978911768,108832,579,0.005320126433401941,2015,0.01797735274582208,0.02394402916728531
2015-01-06,59647,302,0.0050631213640250135,135165,579,0.004283653312617912,2015,0.017219675177338953,0.023626838544218327
2015-01-07,39534,132,0.00333889816360601,88072,555,0.006301662276319375,2015,0.015779866906612244,0.022192034140344864
2015-01-08,35936,53,0.0014748441674087265,82568,998,0.012087007072958046,2015,0.015239323746201407,0.0219212301297698
2015-01-09,38668,201,0.0051980966173580225,61355,145,0.002363295574932768,2015,0.014513686287780412,0.020425536625047057
2015-01-12,44058,43,0.0009759862000090789,86371,117,0.0013546213428118235,2015,0.013627736003872072,0.01902066611502444
2015-01-13,44102,108,0.0024488685320393634,107180,355,0.0033121851091621572,2015,0.013126911369210162,0.018828839928369902
2015-01-14,45996,56,0.0012174971736672753,119539,355,0.002969742092538837,2015,0.013051926895194795,0.01862915546114623
2015-01-15,31833,69,0.002167561963999623,84408,348,0.004122831959056014,2015,0.013022078366469465,0.01822474851569541
2015-01-16,36018,12,0.0003331667499583542,95895,433,0.004515355336566036,2015,0.012718886879391933,0.017927930909396303
2015-01-20,27687,37,0.0013363672481670097,90622,329,0.003630465008496833,2015,0.012396874059360902,0.017820780701600425
2015-01-21,31262,145,0.00463821892393321,89598,419,0.004676443670617648,2015,0.011520058953371277,0.016545373028582343
2015-01-22,42405,154,0.0036316472114137485,101000,424,0.004198019801980198,2015,0.01089912546361974,0.015096855007727892
2015-01-23,32347,47,0.001452994095279315,81043,268,0.0033068864676776524,2015,0.010445661799511332,0.01466384354195387
2015-01-26,27191,330,0.012136368651392004,72899,1162,0.015939862000850492,2015,0.01033986719440652,0.013410404238858463
2015-01-27,35312,475,0.01345151789759855,100187,218,0.0021759310090131456,2015,0.010602321976612403,0.0132548396895813
2015-01-28,35429,406,0.011459538795901662,105972,233,0.0021986939946400936,2015,0.0099805254219994,0.012397783150387358
2015-01-29,36389,292,0.008024402978922202,105680,757,0.007163133989401968,2015,0.009935118284617747,0.012121613039835019
2015-01-30,28427,616,0.02166953952228515,99523,197,0.001979441938044472,2015,0.010554026082790609,0.011818882928532053
2015-02-02,45514,862,0.018939227490442502,105794,419,0.003960527062026202,2015,0.010477317662841105,0.011411911017599596
2015-02-03,31162,304,0.009755471407483474,84319,467,0.005538490731626324,2015,0.010417611964492358,0.011279336244110124
2015-02-04,23611,876,0.03710135106518148,84522,640,0.007571993090556305,2015,0.0100188682152488,0.011064170151294036
2015-02-05,29821,155,0.005197679487609403,74855,794,0.010607173869480997,2015,0.009411263746399006,0.010120097203509188
2015-02-06,35319,560,0.01585548854724086,96268,1086,0.011281007188266091,2015,0.009573457238682468,0.009052540953656676
2015-02-09,26957,684,0.02537374336906926,79184,317,0.004003334006870075,2015,0.009971890571056108,0.008322182320327519
2015-02-10,35853,191,0.005327308732881488,72306,350,0.0048405388211213455,2015,0.009294241616678228,0.007512398960595513
2015-02-11,26925,222,0.008245125348189416,62520,775,0.012396033269353807,2015,0.009430169568330185,0.006436322359712523
2015-02-12,41511,1086,0.026161740261617404,72167,909,0.012595784776975627,2015,0.009501838724166772,0.006027123857233218
2015-02-13,38514,706,0.018330996520745702,83363,1766,0.02118445833283351,2015,0.00956875881518005,0.006475174068312663
2015-02-17,32798,327,0.009970120129276176,79661,432,0.005422979877229761,2015,0.009719896419853775,0.00637672264724758
2015-02-18,26788,790,0.029490816783634462,65663,786,0.01197021153465422,2015,0.010325590180011198,0.0065983921506226565
2015-02-19,23789,138,0.005801000462398588,60382,248,0.004107184260209997,2015,0.010350186149956983,0.006592509848875726
2015-02-20,33096,643,0.019428329707517525,79000,854,0.01081012658227848,2015,0.010886500534754035,0.0067427919924076965
2015-02-23,20917,143,0.006836544437538844,59796,783,0.013094521372667069,2015,0.011065223877091707,0.006776375802397996
2015-02-24,32529,365,0.011220756863106767,68079,1585,0.023281775584247714,2015,0.011265979218616664,0.007473658469375161
2015-02-25,24485,188,0.007678170308352052,69122,606,0.008767107433233992,2015,0.011489385355561429,0.0077207413390559
2015-02-26,25004,226,0.009038553831386978,52656,106,0.002013065937405044,2015,0.011709041532206348,0.0076774373666639965
2015-02-27,19528,388,0.019868906185989348,52673,612,0.011618855960359198,2015,0.012330755165950419,0.00796574116225801
2015-03-02,20868,695,0.0333045811769216,56070,548,0.009773497413946852,2015,0.013368655806381151,0.008154096677421037
2015-03-03,24013,299,0.012451588722775164,73309,353,0.004815234145875677,2015,0.013772603205475045,0.008164092637731359
2015-03-04,28244,716,0.02535051692394845,77502,230,0.002967665350571598,2015,0.014573074861334427,0.008141999315800516
2015-03-05,19463,293,0.015054205415403586,46676,260,0.005570314508526866,2015,0.014920274411050104,0.008171795010397491
2015-03-06,41985,1138,0.0271049184232464,115967,135,0.0011641242767338985,2015,0.01570271678477786,0.008070665159555948
2015-03-09,25261,480,0.01900162305530264,60266,689,0.011432648591245478,2015,0.016287671083445303,0.008341523897008207
2015-03-10,44457,1226,0.02757720943833367,120360,913,0.007585576603522765,2015,0.01680236577634336,0.008063047717097285
2015-03-11,37322,404,0.010824714645517389,75726,480,0.006338641945963078,2015,0.016714805667940653,0.00820180474832895
2015-03-12,35514,468,0.013177901672579827,58243,782,0.013426506189585014,2015,0.016772084430496593,0.008576065154827112
2015-03-13,36686,340,0.009267840593141797,66362,323,0.004867243301889636,2015,0.01681353235097058,0.008499535465243367
2015-03-16,43650,330,0.007560137457044674,78356,702,0.008959109704425953,2015,0.0163432189487959,0.008732191057456085
2015-03-17,27951,188,0.006726056312833172,55799,345,0.0061829065037007835,2015,0.015936113242875586,0.00880627037217857
2015-03-18,50816,1065,0.020957965994962215,101185,993,0.009813707565350596,2015,0.016309529729124878,0.008948777599969378
2015-03-19,35968,359,0.009981094306049822,71172,616,0.00865508907997527,2015,0.015405521170487156,0.008984880799616679
2015-03-20,42185,480,0.011378452056418157,90905,1044,0.011484516803256146,2015,0.01561154692278078,0.00901412556407585
2015-03-23,34886,539,0.015450323912171071,64779,490,0.007564179749610213,2015,0.015598041434945122,0.008890231316120654
2015-03-24,27937,571,0.020438844543079072,73304,221,0.0030148423005565863,2015,0.015433544807412113,0.008857281592576871
2015-03-25,37574,720,0.019162186618406345,109090,253,0.00231918599321661,2015,0.01589470740359628,0.00877323649831338
2015-03-26,47110,106,0.0022500530672893227,99745,213,0.0021354453857336205,2015,0.015694871660899605,0.008431216902192706
2015-03-27,28882,1228,0.04251783117512638,55449,156,0.0028133960937077314,2015,0.016240074691349908,0.00810513727941711
2015-03-30,44094,2112,0.047897673152809905,79290,185,0.0023332072140244673,2015,0.01722563057908538,0.0074767622421234746
2015-03-31,36026,1120,0.031088658191306278,69874,163,0.0023327704153190028,2015,0.017929581847819717,0.007373755260059784
2015-04-01,37973,383,0.010086113817712586,86106,139,0.0016142893642719439,2015,0.01728275841562232,0.007028557854380374
2015-04-02,24095,543,0.022535795808258974,52991,770,0.014530769375931762,2015,0.017840584927151,0.0073760106915710996
2015-04-06,37277,735,0.019717251924779355,88636,870,0.009815424883794395,2015,0.017850215667726394,0.007342853968288297
2015-04-07,25098,402,0.016017212526894573,63627,860,0.013516274537539095,2015,0.01815623793737159,0.007356912407117364
2015-04-08,23386,341,0.01458137347130762,55709,714,0.01281660054928288,2015,0.01826825849097828,0.007008073239285203
2015-04-09,28737,566,0.0196958624769461,70640,579,0.008196489241223104,2015,0.018668848229931416,0.00698905263288484
2015-04-10,32634,1072,0.03284917570631856,75629,673,0.008898702878525433,2015,0.019462535625762466,0.00721857386425552
2015-04-13,35609,302,0.008481001993877952,80454,248,0.003082506774057225,2015,0.01908293881935875,0.006934028891378788
2015-04-14,24170,316,0.01307405875051717,56245,113,0.002009067472664237,2015,0.018408588071811942,0.0066752145600027
2015-04-15,36359,672,0.01848235650045381,65998,313,0.0047425679566047456,2015,0.018609613664401226,0.006672792353693669
2015-04-16,23119,406,0.017561313205588475,50300,197,0.003916500994035785,2015,0.018349973540455897,0.006704420208475809
2015-04-17,34224,757,0.022118980832164563,110041,621,0.005643351114584564,2015,0.018585466054347927,0.006706854762011065
2015-04-20,27812,616,0.022148712785847836,71700,468,0.0065271966527196655,2015,0.018420259199767978,0.006885623841210591
2015-04-21,21368,147,0.006879445900411831,64542,83,0.0012859843202875647,2015,0.018016186627938285,0.006547401698845327
2015-04-22,27957,187,0.006688843581214007,77180,249,0.0032262244104690335,2015,0.017319907766034294,0.006402089959076869
2015-04-23,33188,732,0.02205616487887188,84476,320,0.0037880581466925517,2015,0.017694289440479443,0.006317070499101185
2015-04-24,27797,872,0.031370291758103394,57689,299,0.0051829638232592,2015,0.01830070244333023,0.006042285753556991
2015-04-27,34977,975,0.0278754610172399,73602,264,0.003586859052743132,2015,0.018920956457466834,0.005999606278585441
2015-04-28,27857,768,0.027569372150626412,58223,314,0.005393057726328083,2015,0.019587930947252894,0.005880737879315512
2015-04-29,26283,200,0.007609481413841647,69041,265,0.0038382989817644588,2015,0.01961737845061984,0.005802584295250968
2015-04-30,32841,786,0.023933497761943912,103883,353,0.0033980535795077155,2015,0.019716562842852562,0.005588729162389538
2015-05-01,28348,278,0.009806688302525752,67438,900,0.013345591506272427,2015,0.01971074930940176,0.005745079243266111
2015-05-04,31606,927,0.029329874074542808,73857,1310,0.017736978214658056,2015,0.02030913004333925,0.005953494623646175
2015-05-05,29868,413,0.013827507700549083,106170,724,0.0068192521427898655,2015,0.02025503616961852,0.005928663703418829
2015-05-06,38795,410,0.010568372212914035,120188,792,0.006589676173994076,2015,0.019926020425279682,0.006047824832533412
2015-05-07,34474,203,0.005888495677902187,60805,215,0.0035358934298166268,2015,0.019483564060596207,0.006088381747086746
2015-05-08,44651,341,0.0076370070099213904,93185,1783,0.019133980790899823,2015,0.01966312919201728,0.0066549995939256205
2015-05-11,33012,167,0.005058766509148188,74700,419,0.005609103078982597,2015,0.01841449370315134,0.006748189826768116
2015-05-12,30365,87,0.0028651407870904,80189,303,0.0037785731210016335,2015,0.01691340929096069,0.006796368690334021
2015-05-13,28029,431,0.015376931035713012,67344,319,0.004736873366595391,2015,0.016389685052440914,0.006876505455376566
2015-05-14,38428,761,0.019803268450088476,84820,392,0.00462155152086772,2015,0.01671359020685344,0.006976747527263094
2015-05-15,26298,257,0.009772606281846528,70752,213,0.003010515603799186,2015,0.01628815055597303,0.006592739068192007
2015-05-18,33751,471,0.013955142069864597,93950,419,0.004459819052687599,2015,0.01609608022747587,0.006414218873821781
2015-05-19,27241,34,0.0012481186446899894,65853,168,0.002551136622477336,2015,0.01560377709806905,0.006048714276653055
2015-05-20,34121,383,0.011224758946103572,70611,123,0.0017419382249224625,2015,0.015491889947228917,0.005679558865841041
2015-05-21,25762,315,0.012227311544134771,62870,316,0.005026244631779863,2015,0.015242938249468539,0.005573884045526266
2015-05-22,23349,429,0.018373377874855455,65284,163,0.002496783285337908,2015,0.014760411655086434,0.005360486725753349
2015-05-26,39776,373,0.009377514078841513,122894,161,0.0013100720946506745,2015,0.014790295391251885,0.005301405569773131
2015-05-27,40561,496,0.012228495352678682,72675,193,0.002655658754729962,2015,0.01476210994465727,0.005322958612508655
2015-05-28,23009,71,0.003085749054717719,61348,84,0.0013692377909630307,2015,0.014248889696466068,0.005210514273653931
2015-05-29,26960,371,0.013761127596439169,82327,130,0.0015790688352545338,2015,0.014122216842827757,0.005132599868361222
2015-06-01,29295,218,0.007441542925413893,83774,142,0.001695036646214816,2015,0.013632968912602735,0.005000989386082231
2015-06-02,28801,209,0.007256692475955696,76536,183,0.0023910316713703357,2015,0.013136568235606329,0.004863117220037253
2015-06-03,30054,510,0.016969454981034138,68670,282,0.004106596767147226,2015,0.013472901871627073,0.004957137634932576
2015-06-04,37841,162,0.0042810707962263155,113557,197,0.0017348115924161434,2015,0.013392642778794152,0.004907423874330813
2015-06-05,34624,413,0.011928142329020333,85360,246,0.0028819119025304592,2015,0.013055042027132431,0.0048772189995254095
2015-06-08,39715,169,0.00425531914893617,107413,217,0.002020239635798274,2015,0.012151209606826857,0.004771794859943379
2015-06-09,33605,227,0.006754947180479095,77705,520,0.006691976063316389,2015,0.011447192478934831,0.004875298760295821
2015-06-10,55974,330,0.005895594383106442,115972,709,0.006113544648708309,2015,0.010724733220017497,0.0048993149910418286
2015-06-11,33513,534,0.015934115119505862,73959,800,0.01081680390486621,2015,0.011002221010206306,0.005131931821811886
2015-06-12,37769,739,0.019566310995790197,95728,234,0.0024444258733077053,2015,0.010856648118001182,0.005100144231605219
2015-06-15,45543,641,0.01407461080736886,106403,187,0.0017574692442882249,2015,0.010998912201495953,0.00471387348953908
2015-06-16,41906,1141,0.02722760463895385,68629,325,0.004735607396290198,2015,0.010928836553642988,0.004280494462260151
2015-06-17,39422,619,0.015701892344376238,74204,251,0.0033825669775214276,2015,0.01099131604177056,0.004165938290084536
2015-06-18,65111,4029,0.06187894518591329,112579,144,0.0012791017863011751,2015,0.012701668474203866,0.003988919143828106
2015-06-19,35607,209,0.005869632375656472,93911,112,0.001192618543088669,2015,0.012701039697462344,0.003910809980937174
2015-06-22,37031,221,0.005967972779563069,97583,487,0.00499062336677495,2015,0.012645405223117068,0.003439364733466345
2015-06-23,34950,1451,0.04151645207439199,75355,493,0.0065423661336341315,2015,0.013860661408625193,0.0034704735019547295
2015-06-24,42281,517,0.012227714576287222,99346,580,0.005838181708372758,2015,0.01417274720159842,0.003539127121533767
2015-06-25,37725,386,0.010231941683233929,72315,194,0.0026827075987001315,2015,0.014001247556515783,0.003470654929270592
2015-06-26,38830,1339,0.03448364666494978,96034,97,0.0010100589374596497,2015,0.014490593497011161,0.0033502718431569897
2015-06-29,86969,1722,0.01980015867722982,290797,525,0.0018053831366898559,2015,0.014824845243523937,0.0033101007609200113
2015-06-30,50350,808,0.016047666335650447,149329,221,0.00147995365936958,2015,0.014894596052383465,0.003210771914476078
2015-07-01,31818,316,0.009931485322773274,97728,264,0.0027013752455795677,2015,0.015184041608319574,0.0032157798685794855
2015-07-02,36774,95,0.002583346929896122,99034,277,0.002797019205525375,2015,0.014895994541112659,0.0032509492345995828
2015-07-06,38973,233,0.0059784979344674515,145171,586,0.004036618883936875,2015,0.01468770075412375,0.0032179617096714827
2015-07-07,63613,912,0.014336692185559555,147228,1023,0.006948406553101312,2015,0.014553144564480555,0.0033663491519302633
2015-07-08,46749,253,0.005411880468031402,140683,278,0.0019760738682001377,2015,0.01442095677745355,0.0033885492110485786
2015-07-09,44316,344,0.007762433432620273,114431,370,0.0032333895535300748,2015,0.014272088046784936,0.0034078069043419154
2015-07-10,46084,1305,0.028317854352920755,94531,633,0.006696216056108578,2015,0.015113158223391703,0.003585372846513434
2015-07-13,62411,2454,0.03931999166813543,129969,851,0.006547715224399665,2015,0.01596512035911491,0.0037509943928182715
2015-07-14,55102,2454,0.044535588544880406,107167,1024,0.009555180232720893,2015,0.01720158854643046,0.004012999179035141
2015-07-15,43549,1964,0.04509862453787687,97093,250,0.002574850916131956,2015,0.018462986281827836,0.004019126487193862
2015-07-16,45966,1393,0.030305008049427838,100180,305,0.00304451986424436,2015,0.01890750471744096,0.003983723923763766
2015-07-17,37431,1240,0.03312762149020865,86359,288,0.0033349158744311537,2015,0.01986905640724037,0.004037060733164267
2015-07-20,47752,1631,0.034155637460211094,110781,499,0.004504382520468311,2015,0.020609972911613393,0.004091143087095528
2015-07-21,36873,1017,0.027581156944105442,92987,528,0.005678213083549313,2015,0.021387500838119036,0.004213075535353896
2015-07-22,33176,1862,0.05612490957318544,90705,991,0.0109255278099333,2015,0.02303316625120925,0.004354193926907793
2015-07-23,43353,1917,0.04421839319078264,135352,996,0.007358590933270288,2015,0.024310592878131792,0.004395695469726526
2015-07-24,56317,2714,0.048191487472699183,180051,1421,0.00789220831875413,2015,0.025385838623238233,0.004298208950189456
2015-07-27,64480,2746,0.04258684863523573,171067,613,0.0035833913028228705,2015,0.026153189877886413,0.004336174464506628
2015-07-28,53758,2198,0.04088693775810112,135435,1428,0.010543803300476244,2015,0.02704693410957749,0.004629052266379562
2015-07-29,45991,2273,0.0494227131395273,115469,691,0.005984290155799392,2015,0.027786771059596607,0.004670675025029869
2015-07-30,43420,2474,0.05697835099032704,95419,899,0.009421603663840535,2015,0.029162653014461637,0.004871976247907172
2015-07-31,42134,3653,0.08669957753833009,96024,781,0.008133383320836457,2015,0.029990007426208862,0.0051004522990583485
2015-08-03,46627,4336,0.09299333004482381,106526,891,0.008364155229709179,2015,0.03289413068184777,0.005339503521945699
2015-08-04,34239,2517,0.07351266100061334,79439,314,0.003952718438046803,2015,0.03514562028921611,0.005304906690988095
2015-08-05,43375,3508,0.08087608069164265,101732,423,0.004157983721936067,2015,0.036457607909791134,0.005225427277264825
2015-08-06,56866,3235,0.05688812295572047,133073,531,0.003990291043261969,2015,0.03794628818910558,0.005163830921761132
2015-08-07,45050,1208,0.02681465038845727,113776,940,0.008261847841372521,2015,0.038499045145946355,0.005349802263183545
2015-08-10,53844,3079,0.057183715920065374,108940,1261,0.011575178997613365,2015,0.03925571412111688,0.005701972931855336
2015-08-11,53319,1139,0.02136199103509068,146052,667,0.004566866595459152,2015,0.03930777519971224,0.0057940223804809786
2015-08-12,72878,1457,0.01999231592524493,171024,1276,0.007460941154457854,2015,0.03943926351936538,0.0059933886303172555
2015-08-13,39278,775,0.019731147207087938,99791,593,0.0059424196570833044,2015,0.03976591891550921,0.006101423444034046
2015-08-14,35863,1132,0.03156456515071243,83237,431,0.005177985751528768,2015,0.04073195952286975,0.006180788995567493
2015-08-17,41240,924,0.022405431619786614,123535,384,0.003108430809082446,2015,0.04127952397904706,0.006149849393072345
2015-08-18,31607,917,0.02901256050874806,93831,96,0.0010231160277520222,2015,0.04176871958982001,0.0059523397088940356
2015-08-19,47060,699,0.014853378665533361,163504,1433,0.008764311576475193,2015,0.04208343619640341,0.00617861429916987
2015-08-20,64509,1744,0.027034987366103956,221271,2391,0.010805754030125955,2015,0.042725854660852866,0.006431026448389734
2015-08-21,109091,3499,0.03207413993821672,518451,2903,0.005599371975365078,2015,0.04285106418036273,0.006394464979031616
2015-08-24,128051,7372,0.05757081162974127,581193,14291,0.0245890779827011,2015,0.04345942484574959,0.006995843737641664
2015-08-25,124725,6065,0.048626979354580074,465428,2014,0.004327199910619903,2015,0.043595804539406244,0.006821577726904965
2015-08-26,171310,2833,0.016537271612865567,490699,660,0.001345020063215943,2015,0.04264375944190587,0.006780583365141097
2015-08-27,159951,1378,0.008615138386130752,304440,401,0.00131717251346735,2015,0.04192076378646263,0.006723005120115197
2015-08-28,87632,1431,0.01632965126894285,229840,1392,0.006056387051862165,2015,0.041360831445753775,0.006813720826029564
2015-08-31,73384,758,0.010329227079472364,187414,169,0.0009017469345940004,2015,0.040566617766395814,0.006693632973167087
2015-09-01,110303,4700,0.04260990181590709,322895,1228,0.0038030938850090587,2015,0.04106757592878921,0.006631128999882412
2015-09-02,78073,3448,0.04416379542223304,224106,1014,0.004524644587828973,2015,0.04066887212375746,0.006417766225812267
2015-09-03,77875,1623,0.020841091492776884,164586,902,0.005480417532475424,2015,0.039889628733823936,0.0063551604457857715
2015-09-04,75440,2466,0.032688229056203603,183055,3942,0.021534511485619075,2015,0.039372853453274084,0.00680990388468127
2015-09-08,81872,1544,0.018858706273206956,218523,1388,0.006351734142401486,2015,0.03858191537453979,0.00690218197933389
2015-09-09,62315,1578,0.02532295594961085,238893,1189,0.004977123649499985,2015,0.03806311598092345,0.006716625990968016
2015-09-10,58072,397,0.006836341093814575,174689,196,0.0011219939435224886,2015,0.036643570246066355,0.006554549450558785
2015-09-11,44330,804,0.01813670200766975,149112,603,0.004043940125543216,2015,0.03534884861331111,0.006375293999282207
2015-09-14,41720,280,0.006711409395973154,121378,201,0.001655983786188601,2015,0.032682576341899215,0.006159380681460613
2015-09-15,70860,641,0.009046006209427039,190866,598,0.0031330881351314534,2015,0.029884332214052657,0.005985011778308022
2015-09-16,60508,519,0.008577378197924241,152834,1076,0.007040318253791695,2015,0.02771982278729635,0.006087931772166185
2015-09-17,53304,723,0.013563710040522287,178947,1070,0.0059794240752848605,2015,0.025476077098925673,0.0061486464506111446
2015-09-18,71901,2042,0.02840016133294391,231256,1752,0.007576019649219912,2015,0.024526478378166454,0.006268170737476411
2015-09-21,53527,780,0.014572085115922805,163498,96,0.0005871631457265532,2015,0.024118392869081972,0.0060123479142882115
2015-09-22,69198,2467,0.035651319402294865,187689,3122,0.01663389969577333,2015,0.023400646318489624,0.0061809719375602095
2015-09-23,48566,1361,0.02802372029815097,127617,439,0.0034399805668523784,2015,0.02362270396059163,0.006143409069939984
2015-09-24,81273,530,0.0065212309130953695,159080,632,0.003972843852149861,2015,0.02317366779351998,0.006027139159863051
2015-09-25,57623,1567,0.027194002394877046,131172,794,0.006053121092916171,2015,0.02342242963311295,0.006030829207724146
2015-09-28,81870,1815,0.02216929278123855,241564,631,0.0026121441936712425,2015,0.02310925388746382,0.005945301155795562
2015-09-29,74090,1608,0.021703333783236606,158688,1402,0.008834946561806816,2015,0.023085850626245484,0.006136185014219708
2015-09-30,77801,1686,0.021670672613462554,137537,694,0.005045914917440398,2015,0.02284112102973597,0.006270278310542653
2015-10-01,60784,193,0.0031751776783364044,122460,666,0.005438510534051935,2015,0.022451847663496068,0.006159418275795211
2015-10-02,83893,802,0.009559796407328383,162813,2597,0.015950814738380843,2015,0.02186934129820355,0.006330920299403708
2015-10-05,100903,1640,0.01625323330327146,191831,1752,0.009133038977016228,2015,0.021341977743705377,0.006448709199458747
2015-10-06,59567,144,0.00241744590125405,121532,698,0.005743343316986472,2015,0.01950353221942247,0.005820518043934925
2015-10-07,65562,122,0.0018608340197065374,138194,655,0.004739713735762768,2015,0.017944660708260018,0.00583426850477302
2015-10-08,80257,772,0.009619098645601006,133313,945,0.007088581008603812,2015,0.01771405494268453,0.00602572053628595
2015-10-09,67352,666,0.009888347784772539,114382,842,0.007361298106345404,2015,0.01775649525597259,0.006227191389381884
2015-10-12,46154,346,0.007496641677861074,116592,588,0.005043227665706052,2015,0.01746206160293653,0.006193419409843348
2015-10-13,56399,552,0.00978740757814855,143012,403,0.002817945347243588,2015,0.017444000952892405,0.006257292690265001
2015-10-14,43998,583,0.01325060230010455,126810,676,0.005330809873038404,2015,0.016465357635698986,0.006308216556532646
2015-10-15,56090,302,0.0053842039579247635,116984,1348,0.011522943308486631,2015,0.015172704586888712,0.006541493180554568
2015-10-16,49007,142,0.0028975452486379497,113016,666,0.005892970906774262,2015,0.014574586378750748,0.006555244959697863
2015-10-19,40925,264,0.006450824679291387,98930,1323,0.013373092085312847,2015,0.013700006232853673,0.0062831976463543215
2015-10-20,45752,279,0.006098094072390278,103223,762,0.007382075700183099,2015,0.01327465249282645,0.006317542364947042
2015-10-21,43078,272,0.006314127861089187,118677,892,0.007516199432071926,2015,0.012641024889875728,0.006402178224366106
2015-10-22,67406,277,0.004109426460552473,107962,848,0.007854615512865638,2015,0.012550127735433656,0.006626598943344211
2015-10-23,98663,775,0.007855021639317677,138939,1283,0.009234268276006017,2015,0.01220740505648859,0.006799609881692971
2015-10-26,57072,243,0.004257779646761985,103029,127,0.001232662648380553,2015,0.012125617398181548,0.006785499177099369
2015-10-27,48205,76,0.001576599937765792,86985,314,0.003609817784675519,2015,0.011876637189126175,0.006801390165417505
2015-10-28,69880,455,0.006511161991986262,120193,1379,0.011473213914287853,2015,0.01180776331559491,0.00694915335410071
2015-10-29,54852,481,0.008769051265222781,91347,568,0.006218047664400582,2015,0.011647941356418258,0.006957107473737901
2015-10-30,57725,367,0.006357730619315721,118600,514,0.00433389544688027,2015,0.010913193665963985,0.0068490366669932455
2015-11-02,61789,935,0.015132143261745619,129229,1087,0.008411424680218837,2015,0.010931862270824745,0.007109845384809656
2015-11-03,65232,695,0.010654280107922492,117453,415,0.003533328224906984,2015,0.010098627627679,0.006673159669114111
2015-11-04,51210,849,0.016578793204452255,97119,212,0.002182889033041938,2015,0.009717130057889043,0.006631256617987096
2015-11-05,60514,153,0.0025283405492943782,77253,313,0.004051622590708451,2015,0.009584033712429009,0.00663388257593905
2015-11-06,46272,429,0.009271265560165975,96820,739,0.007632720512290849,2015,0.008986609151271975,0.0066865358899182055
2015-11-09,66747,592,0.008869312478463452,137335,562,0.004092183347289475,2015,0.008543276474512805,0.006735870528372146
2015-11-10,42727,1537,0.03597257003768109,90968,1036,0.011388620174127166,2015,0.009018917682994287,0.006820992982116159
2015-11-11,38487,342,0.00888611739028763,86148,1046,0.012141895342898269,2015,0.008592765842221791,0.007057525662964754
2015-11-12,65499,728,0.011114673506465748,163520,2803,0.017141634050880625,2015,0.008857415703159434,0.007447629780192377
2015-11-13,65796,426,0.006474557723873791,223511,6221,0.02783308204070493,2015,0.008754574413710949,0.007843705356936513
2015-11-16,52498,409,0.007790772981827879,121744,1018,0.008361808384807465,2015,0.008472492402996162,0.007817997670529554
2015-11-17,50459,212,0.004201430864662399,125775,515,0.004094613396938979,2015,0.008531958568443108,0.0077630400065279714
2015-11-18,70472,433,0.006144284254739471,106027,948,0.00894111877163364,2015,0.008674740242944205,0.007903086841057
2015-11-19,49757,370,0.007436139638643809,86110,351,0.0040761816281500406,2015,0.008601974942712299,0.007802673528375207
2015-11-20,47998,747,0.015563148464519354,113008,642,0.005681013733540988,2015,0.008791134965370524,0.0077466640492817275
2015-11-23,38661,1064,0.027521274669563642,94998,926,0.00974757363312912,2015,0.009458622731760612,0.007903475581529163
2015-11-24,45694,970,0.021228170000437693,100652,1418,0.01408814529269165,2015,0.00983998147917025,0.008279148913044099
2015-11-25,26138,178,0.006810008416864336,67696,357,0.0052735759867643586,2015,0.009625295016395577,0.008277241116834965
2015-11-27,20665,324,0.015678683764819745,50631,554,0.01094191305721791,2015,0.009968444343292075,0.008257873441792673
2015-11-30,37176,978,0.026307295029051,74720,254,0.003399357601713062,2015,0.01074876933597251,0.008174752998290633
2015-12-01,42544,333,0.007827190673185408,85967,877,0.010201588981818605,2015,0.010794648202435643,0.008069036228174158
2015-12-02,40782,443,0.010862635476435683,118092,328,0.002777495511973715,2015,0.010953466249237157,0.007915550221900512
2015-12-03,67234,1555,0.023128179195050124,179360,3041,0.01695472792149866,2015,0.011513934627035856,0.008230167838214736
2015-12-04,76827,1581,0.020578702799796945,136677,2046,0.014969599859522816,2015,0.012062910505010672,0.00846733398310331
2015-12-07,50594,402,0.007945606198363443,106780,645,0.006040457014422176,2015,0.012065929990312198,0.008360873607717182
2015-12-08,55005,604,0.010980819925461321,109439,296,0.0027047030765997497,2015,0.012290031332935509,0.008409941621991154
2015-12-09,62795,342,0.005446293494704993,165160,200,0.001210946960523129,2015,0.012419021118166814,0.008329979261186076
2015-12-10,42438,120,0.0028276544606249117,100635,153,0.0015203458041436876,2015,0.012296237533788104,0.007998216990847937
2015-12-11,68214,1251,0.018339343829712376,299404,2442,0.008156203657933762,2015,0.012615247285937757,0.008062822190632375
2015-12-14,77100,261,0.003385214007782101,191402,961,0.005020846177155934,2015,0.012516163398886636,0.008085720548308232
2015-12-15,57060,30,0.0005257623554153522,124857,830,0.006647604859959794,2015,0.012029284035342293,0.008026926554299596
2015-12-16,55935,244,0.004362206132117637,129016,826,0.006402306690643021,2015,0.0118195482361488,0.00812255916982413
2015-12-17,43983,337,0.0076620512470727325,124304,448,0.003604067447547947,2015,0.011522323504236147,0.008169931783640998
2015-12-18,55864,607,0.010865673779178004,179015,410,0.0022903108678043738,2015,0.011800234611898936,0.00811122139287753
2015-12-21,45530,880,0.019327915660004392,108927,305,0.0028000403940253563,2015,0.01213545628189355,0.007950132055602011
2015-12-22,45146,1315,0.029127718956275195,106879,991,0.009272167591388393,2015,0.012810736497820607,0.008122798197071976
2015-12-23,61893,944,0.015252128673678767,107918,1722,0.015956559610074316,2015,0.01212005511902053,0.00827506284493688
2015-12-24,26637,937,0.03517663400533093,54132,443,0.008183699105889307,2015,0.012996405672855305,0.008143122970369916
2015-12-28,46194,1388,0.030047192276053167,88025,769,0.008736154501562057,2015,0.013627489631841553,0.007862940318725963
2015-12-29,62841,1644,0.026161264142836683,110624,939,0.008488212322823258,2015,0.014283713179140317,0.007218111328129907
2015-12-30,37192,1212,0.03258765325876532,105074,486,0.0046253116850981215,2015,0.015110275855038232,0.007093561438139596
2015-12-31,47327,2109,0.0445623005895155,109236,787,0.007204584569189644,2015,0.0164556381792,0.007197227143881284
2016-01-04,83890,520,0.006198593396113959,262085,3115,0.011885457008222524,2016,0.016457448483912486,0.00729537175176758
2016-01-05,45623,280,0.006137255331740569,132729,533,0.004015701165532778,2016,0.016414152340349045,0.007293355736347005
2016-01-06,63934,869,0.013592141896330592,215600,688,0.0031910946196660483,2016,0.016348452121409417,0.007210358432551175
2016-01-07,91452,1421,0.015538205834754844,335477,5964,0.01777767179270114,2016,0.015949016493582456,0.007478028371203574
2016-01-08,78574,2624,0.03339527070023163,298317,5645,0.018922823707666677,2016,0.016354586516908923,0.007639184318369408
2016-01-11,96514,2243,0.023240151687838034,286128,4741,0.016569507353352345,2016,0.01690225795927471,0.008015715363922342
2016-01-12,71287,1002,0.014055858711967118,190123,1765,0.009283463862867722,2016,0.01684816379084629,0.007960433724110668
2016-01-13,86068,2027,0.023551145605800065,270930,2229,0.008227217362418337,2016,0.016756292143404593,0.008121362382800845
2016-01-14,91556,1429,0.015607933942068242,243368,779,0.0032009138424114922,2016,0.017015650252367353,0.007888006544820607
2016-01-15,100231,921,0.009188773932216579,385576,2508,0.0065045542253667245,2016,0.016959854867560055,0.008012241835267041
2016-01-19,86695,869,0.010023646115692947,240219,560,0.0023312061077600025,2016,0.016523037098248143,0.007524791108142418
2016-01-20,136539,1580,0.01157178535070566,379048,3916,0.010331145395833774,2016,0.01622280651661177,0.007370175959352784
2016-01-21,79362,386,0.004863788715002142,205734,497,0.0024157407137371557,2016,0.016120079267166392,0.007249352082663284
2016-01-22,65562,231,0.003523382447149263,217498,219,0.0010069058106281436,2016,0.015871498017889323,0.007192758840464231
2016-01-25,59668,460,0.007709324931286452,212761,142,0.0006674155507823332,2016,0.015946932399108705,0.007174641126806203
2016-01-26,69995,383,0.005471819415672548,143575,154,0.0010726101340762667,2016,0.016035071230943627,0.007159716604470623
2016-01-27,72453,403,0.005562226546864864,193162,30,0.0001553100506310765,2016,0.015609167321515377,0.0068930201508938665
2016-01-28,51770,44,0.0008499130770716632,132190,88,0.0006657084499583932,2016,0.015524657290491696,0.006747848893320615
2016-01-29,76636,400,0.005219479095986221,195028,408,0.00209200730151568,2016,0.01568111451517739,0.006595995641372478
2016-02-01,61187,322,0.005262555771650841,161865,445,0.0027492045840669696,2016,0.015711126169828497,0.006474225571153277
2016-02-02,60183,245,0.004070917036372398,164451,103,0.0006263263829347343,2016,0.015591421696138487,0.006374967535666169
2016-02-03,71396,442,0.006190823015294974,191246,88,0.0004601403428045554,2016,0.015435593337342384,0.006313961851499508
2016-02-04,60118,28,0.00046575069030905885,142066,151,0.0010628862641307562,2016,0.014806854505019207,0.006256056713836356
2016-02-05,58873,403,0.006845243150510421,197669,1333,0.006743596618589662,2016,0.014064105311493715,0.006171771014743065
2016-02-08,100514,474,0.004715760988519013,281977,131,0.00046457689811580375,2016,0.013712893055321723,0.0056553715910111135
2016-02-09,81002,328,0.00404928273375966,185614,46,0.00024782613380456214,2016,0.01267531467960268,0.005390842491941622
2016-02-10,69568,110,0.001581186752529899,167808,24,0.00014302059496567506,2016,0.011726447828818572,0.005104404695055077
2016-02-11,102819,755,0.0073430008072437975,292458,162,0.0005539256918942207,2016,0.011099172384298809,0.0048399284740241084
2016-02-12,77645,380,0.0048940691609247215,182148,85,0.00046665349056810944,2016,0.010176052914370789,0.004701306534206442
2016-02-16,85935,171,0.001989876069122011,220768,519,0.0023508841861139295,2016,0.008756972097024338,0.004539516521437251
2016-02-17,97741,139,0.0014221258223263524,227679,954,0.004190109759793393,2016,0.00859775651123142,0.004283004946489614
2016-02-18,57362,87,0.0015166835187057635,170358,311,0.0018255673346716913,2016,0.008443737450796926,0.004210000485460911
2016-02-19,51332,231,0.004500116886152887,146986,374,0.0025444600166002205,2016,0.008140669950457669,0.004188445998692049
2016-02-22,68209,211,0.0030934334178774063,168041,436,0.0025946048880927867,2016,0.007725844203228421,0.003682343768538438
2016-02-23,54152,236,0.004358103117151721,202963,45,0.0002217152880081591,2016,0.006757938617125757,0.0030589734878831544
2016-02-24,81940,17,0.0002074688796680498,188784,91,0.00048203237562505295,2016,0.005990182523520091,0.0025227243219589105
2016-02-25,60980,45,0.0007379468678255166,156411,282,0.0018029422483073442,2016,0.0055462521287153715,0.0022733736014735654
2016-02-26,78180,196,0.002507035047326682,161026,78,0.0004843938245997541,2016,0.004844781776766258,0.002015279483546279
2016-02-29,61029,643,0.010535974700552196,155578,2612,0.016789006157682963,2016,0.004675716468715723,0.0024682158940553278
2016-03-01,82323,125,0.0015184091930566185,204767,338,0.0016506565999404202,2016,0.004420037644077058,0.0023064193065411172
2016-03-02,70549,231,0.0032743199761867637,160456,805,0.005016951687690083,2016,0.004195060106093519,0.0023959441592054536
2016-03-03,70469,108,0.0015325887979111383,153637,586,0.0038141853850309497,2016,0.003860420221000368,0.00217871215884536
2016-03-04,78265,470,0.006005238612406568,176821,286,0.001617454940306864,2016,0.0038984685509138492,0.0021521026330643496
2016-03-07,54729,359,0.006559593634087961,134662,389,0.0028887139653354325,2016,0.003999675590478472,0.002214829571554593
2016-03-08,70127,206,0.0029375276284455344,186573,65,0.00034838910238887727,2016,0.003840615680383775,0.0022041953566081444
2016-03-09,51351,158,0.0030768631574847618,127597,463,0.003628611957961394,2016,0.003760783805110849,0.0022893954174043147
2016-03-10,64563,147,0.002276845871474374,176035,1210,0.0068736330843298206,2016,0.003651271115931166,0.0025133395185276066
2016-03-11,101855,329,0.0032300819792842766,167904,2170,0.012924051839146179,2016,0.003730610079338253,0.002921950964833866
2016-03-14,68594,133,0.0019389450972388256,127736,579,0.004532786371892027,2016,0.003621258946046673,0.0030033102671797444
2016-03-15,56437,113,0.002002232577918741,140693,1236,0.008785085256551499,2016,0.0035125815062556033,0.0032045062895958956
2016-03-16,69447,78,0.0011231586677610263,140080,733,0.005232724157624215,2016,0.0034143228939685576,0.0033580528820855446
2016-03-17,78793,158,0.0020052542738568145,164847,934,0.005665859857928867,2016,0.0032748039359206185,0.0035315768659230215
2016-03-18,70000,69,0.0009857142857142857,137683,448,0.0032538512379887133,2016,0.00329213605576746,0.0036046090317182872
2016-03-21,68290,87,0.001273978620588666,116903,1173,0.01003395977861988,2016,0.0031064272381034013,0.0037142878037192944
2016-03-22,78806,206,0.0026140141613582722,152654,506,0.0033146854979234086,2016,0.0030363690105313767,0.0038092914237128814
2016-03-23,72131,94,0.001303184483786444,134389,880,0.00654815498292271,2016,0.0029448324021989357,0.004019302385350153
2016-03-24,55918,98,0.0017525662577345398,142191,1204,0.008467483877319944,2016,0.002950545052372424,0.004296784494761962
2016-03-28,40635,128,0.003149993847668266,108386,609,0.0056188068569741475,2016,0.002810778153719906,0.004465613866931293
2016-03-29,80517,135,0.0016766645553113007,142453,1437,0.010087537643994861,2016,0.002703531333532792,0.00478631000537885
2016-03-30,95458,98,0.0010266295124557398,154927,1762,0.011373098297908047,2016,0.00267142311497725,0.005087050475771988
2016-03-31,55503,184,0.0033151361187683547,114011,1832,0.016068624957240967,2016,0.002734523458191983,0.0054830009823535735
2016-04-01,83122,516,0.006207742835831669,126090,3029,0.02402252359425807,2016,0.00289089210209618,0.0062228995243397865
2016-04-04,49367,116,0.002349747807239654,130839,2363,0.018060364264477716,2016,0.002819213132799072,0.006740096332602369
2016-04-05,60801,279,0.004588740316771106,157878,1114,0.0070560812779487956,2016,0.002869056696095529,0.006888812212264237
2016-04-06,66021,257,0.0038927008073188834,117371,2545,0.021683380051290353,2016,0.002853543285767768,0.007604201037706977
2016-04-07,68621,159,0.0023170749479022455,194227,1057,0.005442085806813677,2016,0.0029238634880422412,0.007769536152079931
2016-04-08,50852,194,0.003814992527334225,126232,2320,0.018378857975790606,2016,0.003026431676692531,0.008322066676329372
2016-04-11,74504,97,0.0013019435198110168,147842,1637,0.011072631593187322,2016,0.0029862619591086758,0.008675007935282291
2016-04-12,80506,439,0.005453009713561722,154855,2354,0.015201317361402603,2016,0.00281682979287566,0.00862208497540628
2016-04-13,108375,961,0.008867358708189157,158970,1918,0.01206516952884192,2016,0.003061794776713411,0.008969235406369663
2016-04-14,71681,623,0.00869128499881419,116382,343,0.002947191146397209,2016,0.0032423602774676588,0.008900243388326567
2016-04-15,65787,419,0.006369039475884293,115385,443,0.003839320535598215,2016,0.0034035753000667634,0.00890108122667881
2016-04-18,82932,1104,0.01331211112718854,157639,1410,0.008944487087586194,2016,0.003647137717226163,0.009145315631588121
2016-04-19,86843,673,0.007749617125156892,151101,486,0.003216391685031866,2016,0.0036868051669284602,0.009156238222244668
2016-04-20,102490,1177,0.011484047224119427,147874,201,0.00135926532047554,2016,0.0039716891534509234,0.009189934096180888
2016-04-21,80497,388,0.00482005540579152,146495,366,0.0024983787842588483,2016,0.004029795561727815,0.00915225965705747
2016-04-22,66498,376,0.0056543053926433875,108069,252,0.0023318435444021875,2016,0.0041423775457667825,0.009000866672393217
2016-04-25,61153,151,0.002469216555197619,145738,187,0.0012831245111089764,2016,0.004117015364963894,0.008612835761458644
2016-04-26,51665,93,0.0018000580663892383,103595,162,0.0015637820358125392,2016,0.004112385797268908,0.008513868950255995
2016-04-27,62546,604,0.009656892527100055,116680,372,0.0031882070620500515,2016,0.004367541128908285,0.008327306343772612
2016-04-28,58756,520,0.008850159983661243,173185,174,0.001004705950284378,2016,0.004625107839438291,0.008186372403527951
2016-04-29,72432,447,0.006171305500331345,232590,605,0.002601143643320865,2016,0.00476397621365411,0.008084215196374351
2016-05-02,62856,194,0.0030864197530864196,124042,434,0.003498814917527934,2016,0.004833999729233181,0.008092380652358993
2016-05-03,62353,201,0.0032235818645454106,163656,545,0.0033301559368431343,2016,0.004898986504031739,0.007868920524299768
2016-05-04,61285,244,0.0039813983845965574,164219,485,0.0029533732393937366,2016,0.004944565978139682,0.007856876782348778
2016-05-05,47799,301,0.006297202870352936,132283,553,0.004180431347943424,2016,0.005111033257691898,0.007777952661182802
2016-05-06,63104,285,0.004516353955375254,139861,427,0.0030530312238579733,2016,0.005203159514279923,0.007597470906067403
2016-05-09,46490,385,0.008281350828135083,154336,342,0.002215944432925565,2016,0.00537420474696215,0.007484042158599118
2016-05-10,75105,3330,0.044337926902336726,164599,1235,0.007503083250809543,2016,0.00679624682519633,0.007397893678826274
2016-05-11,61744,691,0.011191370821456336,166817,383,0.0022959290719770766,2016,0.00713507153549635,0.007095321371295241
2016-05-12,50790,185,0.0036424493010435125,124897,395,0.0031626059873335628,2016,0.007145981974905523,0.006665120738964995
2016-05-13,59623,651,0.010918605236234339,187722,562,0.002993788687527301,2016,0.007303010721585611,0.005964162908740635
2016-05-16,65318,1199,0.01835634893903671,142687,907,0.006356570675674729,2016,0.007836564092645514,0.005574036455780537
2016-05-17,56365,515,0.00913687572074869,179388,998,0.00556335986799563,2016,0.007988168606111432,0.0055242790754487636
2016-05-18,61378,367,0.005979341132001694,183723,1592,0.008665218834876417,2016,0.008057723283600859,0.005090340368234966
2016-05-19,65060,425,0.0065324316015985245,172026,973,0.005656121749037936,2016,0.008198235172057403,0.00509747489964244
2016-05-20,51792,425,0.008205900525177634,135071,1603,0.011867832473291824,2016,0.008344598771985515,0.004880440716225815
2016-05-23,45989,175,0.003805257779034117,120514,647,0.005368670859817117,2016,0.008428042580626287,0.004690308691780141
2016-05-24,71173,1097,0.01541314824441853,148138,962,0.006493944835221212,2016,0.008760047198321514,0.004400062940907429
2016-05-25,79562,1454,0.018275055931223447,136196,796,0.005844518194366942,2016,0.009073637105755988,0.004192707896424929
2016-05-26,46718,1217,0.02604991652039899,102736,742,0.007222395265534963,2016,0.009652258156475484,0.004335214700396188
2016-05-27,53070,2643,0.04980214810627473,100726,1133,0.0112483370728511,2016,0.011100028444155165,0.004582181918304617
2016-05-31,63967,1119,0.01749339503181328,113540,793,0.0069843227056543946,2016,0.011239404574309322,0.004516843105573557
2016-06-01,50804,1101,0.021671521927407292,110297,734,0.006654759422287097,2016,0.011703468067717666,0.004631455363482065
2016-06-02,46630,788,0.01689899206519408,112171,635,0.005660999723636234,2016,0.011883966229086825,0.004774846510254088
2016-06-03,48640,3266,0.06714638157894737,110398,812,0.007355205710248374,2016,0.013961510434858685,0.004936740741120406
2016-06-06,76118,3807,0.05001445124674847,112991,486,0.004301227531396306,2016,0.015440181963328855,0.00500238687402021
2016-06-07,86401,4482,0.05187439960185646,149448,734,0.004911407312242385,2016,0.017087021398217484,0.00512332963405799
2016-06-08,74456,3285,0.04412001719136134,113223,1157,0.010218771804315378,2016,0.018497686702383217,0.005411829293008084
2016-06-09,85407,2794,0.0327139461636634,132365,819,0.006187436255807804,2016,0.01926625515693533,0.005511803599466677
2016-06-10,92863,3399,0.03660230662373604,222048,1256,0.0056564346447614934,2016,0.020191326711604493,0.005666861222615912
2016-06-13,78578,1196,0.015220545190765863,268145,253,0.000943519364522926,2016,0.020492968034618975,0.005611607079989316
2016-06-14,91288,2262,0.024778722285513977,260279,1381,0.005305844881838335,2016,0.021216044785699894,0.005671841412132995
2016-06-15,59826,583,0.00974492695483569,207010,1247,0.006023863581469494,2016,0.02143342295537624,0.005761631666953874
2016-06-16,79014,732,0.00926418103120966,250832,5482,0.021855265675830834,2016,0.021609515710263337,0.006391694748168444
2016-06-17,57645,500,0.008673779165582445,178675,1969,0.011020008395130823,2016,0.021688734920104324,0.006619680649741357
2016-06-20,74945,2430,0.032423777436786975,214427,1147,0.005349139800491543,2016,0.022618982369484713,0.00669621760229581
2016-06-21,59527,1227,0.020612495170258874,166901,605,0.0036249033858395097,2016,0.023030020514222174,0.006743182900726274
2016-06-22,78574,323,0.004110774556469061,201013,181,0.0009004392750717615,2016,0.021689115436026585,0.006523094768201681
2016-06-23,86161,1797,0.020856303896194334,173672,922,0.005308858077295131,2016,0.022011279871851187,0.006623525735045617
2016-06-24,87796,696,0.00792746822178687,367750,966,0.002626784500339905,2016,0.022154113835875965,0.006605665018812494
2016-06-27,105955,1235,0.011655891652116465,344990,4234,0.01227281950201455,2016,0.022178690049738704,0.00691496604596207
2016-06-28,90385,1616,0.01787907285500913,218354,3983,0.018241021460564038,2016,0.02216278084693778,0.00731111440545838
2016-06-29,91405,1621,0.017734259613806685,209585,1654,0.007891786148817902,2016,0.022449360310039714,0.0073887286148191225
2016-06-30,76274,1573,0.02062301701759446,190171,830,0.004364493008923547,2016,0.022937482839559473,0.00724537108728736
2016-07-01,69539,1370,0.019701174880283008,149895,1869,0.012468728109676773,2016,0.023376440948848956,0.0074724579659753215
2016-07-05,64238,1340,0.020859927145926088,187367,1370,0.007311853207875453,2016,0.023798241836207237,0.007320591990461442
2016-07-06,74170,2083,0.028084131050289875,164315,1880,0.011441438700057815,2016,0.024607537611915763,0.007523017585136132
2016-07-07,54468,1360,0.024968789013732832,143290,969,0.006762509595924349,2016,0.024926058970892905,0.007531969743826237
2016-07-08,123094,7074,0.05746827627666661,169864,969,0.005704563650920737,2016,0.026232499649074346,0.007527304592378031
2016-07-11,106425,4015,0.03772609819121447,166979,695,0.004162200037130417,2016,0.02662170570476819,0.007425298084764545
2016-07-12,124016,2712,0.021868146045671527,156019,942,0.006037726174376198,2016,0.025690572302748085,0.007251611054815382
2016-07-13,95135,2504,0.02632049193251695,117256,647,0.005517841304496145,2016,0.025984808866104877,0.00720272834144344
2016-07-14,110306,3664,0.03321668812213298,159318,2161,0.013564066834883691,2016,0.0263696477392624,0.007433038588529992
2016-07-15,86059,850,0.009876944886647532,125810,1004,0.007980287735474127,2016,0.026135579499977517,0.007510348188924589
2016-07-18,73681,132,0.0017915066299317326,113265,725,0.006400918200679822,2016,0.023957083668343662,0.007478538605272305
2016-07-19,58898,248,0.004210669292675473,121504,426,0.0035060574137476958,2016,0.02243029093654123,0.007452032934684018
2016-07-20,100068,532,0.005316384858296359,132385,457,0.0034520527250066096,2016,0.02087835711175589,0.0074033877817761586
2016-07-21,78755,263,0.003339470509808901,140403,444,0.0031623255913335187,2016,0.01951900555570414,0.007168172908010096
2016-07-22,76905,1488,0.019348546908523504,124188,579,0.004662286211228138,2016,0.019073492247199477,0.007117334573190774
2016-07-25,62517,287,0.004590751315642145,114745,204,0.0017778552442372217,2016,0.01800644040359635,0.006988048593173299
2016-07-26,65237,511,0.00783297821788249,113393,169,0.0014903918231284118,2016,0.017760188171166903,0.007006277675126815
2016-07-27,88550,780,0.0088085827216262,127170,323,0.0025399072108201618,2016,0.01722785018570398,0.006914079752759542
2016-07-28,73572,210,0.002854346762355244,109432,348,0.0031800570217121135,2016,0.016998164179287963,0.006819286200767629
2016-07-29,86479,2546,0.029440673458296235,121084,1113,0.009191965907964719,2016,0.017670713926857515,0.006397176208505426
2016-08-01,53026,1094,0.020631388375513898,134961,280,0.0020746734241743913,2016,0.018069300900521897,0.006098998376140211
2016-08-02,64948,1273,0.019600295621112273,155923,495,0.0031746438947429178,2016,0.017641851506666077,0.006026515179281923
2016-08-03,41908,1242,0.029636346282332728,92965,665,0.007153229710105954,2016,0.0179426465437352,0.006144126056757472
2016-08-04,48049,1176,0.024475015088763555,92108,501,0.005439266947496417,2016,0.018621454561478352,0.006295420312504961
2016-08-05,67486,3641,0.053951930770826544,127184,1518,0.01193546358032457,2016,0.01972464212396609,0.0065163071626059416
2016-08-08,49062,1743,0.03552647670294729,110906,685,0.006176401637422682,2016,0.020644609073338104,0.006634627733842034
2016-08-09,58735,1504,0.02560653783944837,135186,744,0.005503528471883183,2016,0.021109630612915833,0.006408984699504323
2016-08-10,52389,1856,0.03542728435358568,116715,424,0.0036327807051364435,2016,0.02169457099620172,0.005922043340990069
2016-08-11,72330,2728,0.03771602377989769,114180,486,0.004256437204414083,2016,0.02236062980173809,0.0058008650428432755
2016-08-12,49080,1864,0.03797881010594947,96536,474,0.0049100853567581,2016,0.022939156238016588,0.00581905145443776
2016-08-15,61849,1775,0.028698928034406376,108968,527,0.004836282211291388,2016,0.023239081343154035,0.005564636591158247
2016-08-16,62107,3136,0.05049350314779332,135497,373,0.0027528284759072157,2016,0.024226867209882944,0.005412669100092639
2016-08-17,60950,2112,0.03465135356849877,129163,778,0.00602339679319929,2016,0.024445774627156573,0.005232067703197355
2016-08-18,47289,1948,0.041193512233288924,95453,222,0.0023257519407457075,2016,0.024986598734475108,0.0050841757813580675
2016-08-19,52137,1843,0.03534917620883442,107469,189,0.0017586466795075789,2016,0.024249295398880703,0.004952645215644295
2016-08-22,52429,981,0.018711018711018712,102027,206,0.002019073382535995,2016,0.023615459416207508,0.004881207660491148
2016-08-23,65846,2552,0.03875709989976612,95494,36,0.0003769870358347121,2016,0.02417842454467733,0.004692516355873098
2016-08-24,55474,990,0.01784619821898547,139142,21,0.00015092495436316855,2016,0.023895948087559616,0.004513619144201998
2016-08-25,47919,469,0.009787349485590267,112464,34,0.00030231896429079526,2016,0.02311497013300819,0.004071560881848903
2016-08-26,65371,1277,0.019534656040140125,144693,152,0.0010505000241891453,2016,0.023436893838124608,0.003840567958139403
2016-08-29,54757,1429,0.026097120002922,120093,204,0.0016986835202717893,2016,0.024247080950557616,0.0036838268021258023
2016-08-30,53828,1355,0.025172772534740283,140222,187,0.0013335995778123262,2016,0.02494581772529311,0.0036114115409279566
2016-08-31,65479,1911,0.029184929519387896,140758,332,0.0023586581224512996,2016,0.02574143588066283,0.0035749650541761126
2016-09-01,61087,1679,0.0274853896901141,123441,405,0.0032809196296206284,2016,0.026546299853339672,0.0035789181887856828
2016-09-02,69155,1966,0.0284288916202733,133313,1795,0.01346455334438502,2016,0.026848978010397997,0.0038723270932242457
2016-09-06,61221,3207,0.05238398588719557,141500,1562,0.01103886925795053,2016,0.028442085829449775,0.004181027560348023
2016-09-07,52899,4068,0.07690126467419044,137539,1739,0.012643686518005803,2016,0.03074436204466004,0.004552804050177269
2016-09-08,69357,2590,0.03734302233372262,121925,1105,0.009062948533934795,2016,0.03169551003172992,0.004770238760947757
2016-09-09,100242,1421,0.014175694818539135,335059,227,0.0006774926207026226,2016,0.03207288830026938,0.004686819947580774
2016-09-12,114900,1739,0.015134899912967799,237233,5844,0.024634009602374038,2016,0.03159602918209178,0.005201554737394418
2016-09-13,101613,1846,0.018166966825110962,277194,2251,0.008120666392490457,2016,0.03151388179707834,0.005403087836338287
2016-09-14,67149,499,0.007431235014668871,201198,208,0.0010338074931162337,2016,0.031108246443530226,0.00533172662295073
2016-09-15,79651,250,0.003138692546232941,154607,106,0.00068560931911233,2016,0.030224991318993567,0.005116139276584276
2016-09-16,66930,535,0.007993425967428656,179177,254,0.0014175926597721805,2016,0.02967560501494907,0.004982083466993469
2016-09-19,61637,404,0.0065545045995100346,138084,33,0.00023898496567306856,2016,0.02809569080923852,0.004592200846505085
2016-09-20,54745,142,0.0025938441866837155,127773,37,0.00028957604501733545,2016,0.026997936392029735,0.00439597332675824
2016-09-21,77299,156,0.0020181373627084437,144947,519,0.003580619122851801,2016,0.026211656376138405,0.004331876348457194
2016-09-22,82338,985,0.011962884694794626,168300,743,0.00441473559120618,2016,0.025429509720845365,0.004357941511326185
2016-09-23,57541,776,0.013486036043864376,133665,173,0.0012942804773126847,2016,0.024621843462977588,0.004259202953756138
2016-09-26,66032,175,0.0026502301914223406,179994,32,0.00017778370390124116,2016,0.023444224132493356,0.004101459565327576
2016-09-27,63002,246,0.0039046379480016506,149885,185,0.0012342796143710178,2016,0.022617747796279862,0.003981392812096898
2016-09-28,81740,355,0.004343038903841448,149436,535,0.0035801279477502075,2016,0.021079398988148132,0.0040089694611583305
2016-09-29,68803,468,0.006802028981294421,196745,141,0.0007166637017459147,2016,0.020151088168574655,0.003832078358109885
2016-09-30,71844,1877,0.02612605088803519,153395,148,0.0009648293621043711,2016,0.0196488394570662,0.0037867142721551743
2016-10-03,57449,844,0.014691291406290797,165602,255,0.0015398364754048864,2016,0.01896024329698141,0.0037794205986850845
2016-10-04,73159,498,0.0068070914036550524,184702,161,0.0008716743727734405,2016,0.01856344572006929,0.0037411739650263323
2016-10-05,64751,801,0.012370465320998903,144741,124,0.0008567026619962554,2016,0.01768389123411038,0.0037571644858983835
2016-10-06,70799,782,0.011045353747934293,146248,535,0.003658169684371752,2016,0.017457196418408674,0.0038740726435653365
2016-10-07,83688,468,0.005592199598508747,179775,922,0.005128633013489084,2016,0.01731735808883929,0.004034949778538612
2016-10-10,70896,503,0.007094899571202889,174163,828,0.004754167073373793,2016,0.016902699539874718,0.004158405346844768
2016-10-11,101871,374,0.0036713097937587733,288026,779,0.002704616944303639,2016,0.01615517253290261,0.004191936460979163
2016-10-12,70941,94,0.0013250447555010502,182222,567,0.003111589160474586,2016,0.015360248273594635,0.004251202780401238
2016-10-13,95707,337,0.003521163551255394,276527,569,0.0020576652551107127,2016,0.014504789407990217,0.004241169684823218
2016-10-14,93979,205,0.002181338384107088,201997,966,0.0047822492413253665,2016,0.013661321031123318,0.004291214005213376
2016-10-17,86216,322,0.003734805604528162,187794,398,0.0021193435360022154,2016,0.01283818483059848,0.00391304034493395
2016-10-18,90223,112,0.0012413686088913027,189689,655,0.0034530204703488343,2016,0.01113343092132167,0.0036601787186805596
2016-10-19,91920,568,0.006179286335944299,171065,252,0.0014731242510156958,2016,0.008776031643380132,0.0032878266431142227
2016-10-20,94670,1021,0.010784831520016901,170066,1069,0.006285794926675526,2016,0.007890758616256608,0.0031952548562055806
2016-10-21,88447,1087,0.01228984589641254,176450,491,0.0027826579767639558,2016,0.007827896985519054,0.0032654270347409584
2016-10-24,85873,1001,0.011656748919916622,176731,435,0.0024613678415218608,2016,0.0077119586190840155,0.0025263389760458855
2016-10-25,81340,442,0.00543398082124416,168814,171,0.0010129491629841127,2016,0.007287525752288456,0.002289415068395674
2016-10-26,80896,321,0.003968057753164557,203489,190,0.0009337114045476659,2016,0.007172086510238312,0.0022860785321100557
2016-10-27,78298,67,0.0008557051265677284,176258,64,0.0003631040860556684,2016,0.007095986929582806,0.0022753283576748334
2016-10-28,90334,161,0.0017822746695596342,257190,132,0.0005132392394727633,2016,0.0068889485529871715,0.0022451832436648526
2016-10-31,69508,246,0.003539160959889509,203664,62,0.0003044229711681986,2016,0.006788437098333154,0.0022473645105146904
2016-11-01,95558,154,0.0016115866803407355,338037,235,0.0006951901714901032,2016,0.006755695181455054,0.002260884981397116
2016-11-02,90730,161,0.0017744957566405819,238820,484,0.0020266309354325432,2016,0.006747573794586126,0.0022090853751498074
2016-11-03,96307,443,0.0045998733217730795,352623,7215,0.02046094554240648,2016,0.006502140082152075,0.002743959040189817
2016-11-04,97459,183,0.0018777126791779107,325538,1573,0.004832001179585793,2016,0.006115195969995857,0.002861883063598921
2016-11-07,120983,1593,0.013167139184844152,290326,528,0.0018186452470670901,2016,0.006465759603109919,0.002916578448371116
2016-11-08,130958,2565,0.019586432291268958,280769,405,0.0014424669390139225,2016,0.006988486081218829,0.0029235180258592127
2016-11-09,154899,4259,0.02749533567034003,318325,2360,0.007413806644152988,2016,0.007760229306768782,0.0030513073157393054
2016-11-10,137416,889,0.0064694067648599874,301835,605,0.002004406380969735,2016,0.007749141899554301,0.003094232071713433
2016-11-11,102173,3741,0.036614369745431766,253839,1202,0.004735284964091412,2016,0.008098752528134186,0.0032199139251130006
2016-11-14,104206,3723,0.03572730936798265,231372,832,0.0035959407361305603,2016,0.008799953126857248,0.0032884507338038567
2016-11-15,118577,4286,0.03614528955868339,209329,2294,0.010958825580784315,2016,0.009777893065358194,0.003624689107404219
2016-11-16,92845,5712,0.061521891324250094,188999,4441,0.023497478822639275,2016,0.011416273932133233,0.004379381646092319
2016-11-17,101603,4741,0.04666200801157446,179049,3993,0.022301157783623477,2016,0.012603495740921239,0.005000814582734044
2016-11-18,91305,5653,0.06191336728547177,175400,2415,0.013768529076396807,2016,0.014480867997153339,0.005288811118164301
2016-11-21,104057,2623,0.025207338285747234,192759,3697,0.01917938980799859,2016,0.015084615954304817,0.005769651875985128
2016-11-22,103361,2206,0.02134267276825882,174934,2777,0.015874558404884127,2016,0.015673661386788152,0.006208649924671144
2016-11-23,78639,4091,0.052022533348592935,166202,5271,0.03171441980240912,2016,0.017363577673224547,0.007162077612735629
2016-11-25,76023,3700,0.048669481604251344,151681,1387,0.00914419076878449,2016,0.018868521608324414,0.007398295129858087
2016-11-28,95229,2814,0.029549822008001766,208930,3520,0.016847748049585987,2016,0.01978080439578757,0.007800478423466774
2016-11-29,95564,2797,0.029268343727763595,186323,1967,0.01055693607337795,2016,0.02063192233322875,0.008081731508045966
2016-11-30,99413,2242,0.022552382485188052,185183,2013,0.010870328269873584,2016,0.021342289462438643,0.008328975101363458
2016-12-01,105335,2786,0.02644894859258556,210060,150,0.0007140816909454442,2016,0.02201794487099335,0.008303673682694449
2016-12-02,106806,2566,0.024024867516806173,214214,5008,0.023378490668210294,2016,0.02245927940421966,0.008873430207412275
2016-12-05,94705,1638,0.017295813315030887,200695,1369,0.006821295996412467,2016,0.022626144984840273,0.00900805147473389
2016-12-06,103159,1754,0.01700287905078568,179728,3186,0.01772678714501914,2016,0.022804349322535906,0.009516898784850469
2016-12-07,156879,4723,0.030106005265204395,241084,1989,0.008250236432114947,2016,0.02362675013733458,0.009758141693821496
2016-12-08,164228,3934,0.023954502277321772,261385,5121,0.01959178988847868,2016,0.024292964954806488,0.010380077643285864
2016-12-09,164979,2430,0.014729147346025857,218027,1575,0.00722387594197049,2016,0.024755413028788427,0.010608770038483022
2016-12-12,146085,1683,0.011520690009241195,233149,1740,0.007463038657682426,2016,0.025080026873444478,0.010840430019090012
2016-12-13,204453,1152,0.005634546815160453,258835,1431,0.005528618618038519,2016,0.025149873068620175,0.011014569873985691
2016-12-14,159129,893,0.005611799232069579,287610,2925,0.010170021904662563,2016,0.02528321348701114,0.011330397598424772
2016-12-15,120881,87,0.0007197160844135968,208823,6727,0.03221388448590433,2016,0.025248054164603573,0.0123366393834405
2016-12-16,103263,740,0.007166167940114078,215516,9978,0.04629818667755526,2016,0.02533359731854827,0.013197880754612123
2016-12-19,115300,37,0.00032090199479618386,199867,9099,0.04552527430741443,2016,0.02528170362906888,0.014554323192206413
2016-12-20,108212,19,0.00017558126640298673,174765,3394,0.019420364489457272,2016,0.024848651698454176,0.015141047166952751
2016-12-21,89231,9,0.00010086180811601349,132570,2548,0.01922003469864977,2016,0.024199132682349078,0.015733632758940613
2016-12-22,97172,470,0.004836784258839995,172816,4903,0.028371215628182577,2016,0.023443847635299074,0.016432213058408265
2016-12-23,71864,755,0.010505955694088834,111630,3994,0.035778912478724355,2016,0.023578399266273368,0.01755802992833342
2016-12-27,105416,377,0.0035763072019427793,155393,4302,0.027684644739467027,2016,0.022477130514823737,0.01832300858751261
2016-12-28,117588,611,0.005196108446440113,220828,4990,0.022596772148459433,2016,0.021459423817438986,0.01895636963459024
2016-12-29,94351,973,0.010312556305709531,173613,6854,0.039478610472718056,2016,0.020598332709006524,0.01990702913098803
2016-12-30,139929,4200,0.030015222005445617,264478,14026,0.05303276643047815,2016,0.01954811039837971,0.02089153871791599
2017-01-03,136751,5232,0.03825931803058113,258275,2949,0.011418062143064563,2017,0.0192680207323466,0.02052876886323069
2017-01-04,141821,3089,0.021780977429294673,211861,1470,0.006938511571266066,2017,0.017930274403807362,0.020301101613059667
2017-01-05,107680,1170,0.010865527488855869,184641,2964,0.016052772677790955,2017,0.017452214043910983,0.020196881042052747
2017-01-06,160457,1511,0.00941685311329515,218522,1992,0.009115786968817785,2017,0.01705468672207886,0.019971588660850536
2017-01-09,121870,2033,0.01668171001887257,179425,2709,0.015098230458408806,2017,0.015876659277754848,0.019417715682717194
2017-01-10,127340,3156,0.024784042720276424,190203,2537,0.013338380572335874,2017,0.01508047798162235,0.019557522009502237
2017-01-11,115998,1818,0.015672684011793305,205792,3731,0.018129956460892552,2017,0.014617906715082068,0.01960026228987912
2017-01-12,131314,3352,0.02552660036248991,202018,7617,0.037704560979714676,2017,0.014493181936239611,0.020505183120090347
2017-01-13,120148,8986,0.07479109098778174,196883,7660,0.03890635555126649,2017,0.0162344722196594,0.021439717362803444
2017-01-17,114840,5708,0.04970393591083246,253933,5281,0.02079682435918136,2017,0.017009638463600967,0.02210914211841131
2017-01-18,120225,11034,0.09177791640673737,233264,6954,0.02981171548117155,2017,0.019268073426598673,0.022323582945510016
2017-01-19,99313,4893,0.04926847441926032,206924,1873,0.009051632483423866,2017,0.020333828796739655,0.022397927495077064
2017-01-20,93361,6051,0.06481293045275864,201105,1872,0.009308570149921683,2017,0.021927497176805418,0.022117320261907148
2017-01-23,112467,4330,0.03850018227568976,213333,1816,0.008512513300802032,2017,0.022207303077154926,0.02212606282419672
2017-01-24,140144,3665,0.026151672565361342,197770,1386,0.0070081407695808265,2017,0.022280542086756245,0.021706607853566786
2017-01-25,158910,563,0.0035428859102636713,211914,916,0.00432250818728352,2017,0.021907666705564176,0.02160989559507722
2017-01-26,111314,404,0.0036293727653305065,178231,345,0.001935690199796893,2017,0.021644622797433823,0.02142565064648104
2017-01-27,94416,1696,0.01796305710896458,190879,2078,0.01088647782102798,2017,0.02205557314056062,0.021604245953247354
2017-01-30,130308,2886,0.022147527396629525,250943,2013,0.008021741989216674,2017,0.02260676407937929,0.02153263662273249
2017-01-31,102766,2294,0.022322558044489422,219718,5173,0.023543815254098436,2017,0.023326858811381815,0.02124363431500563
2017-02-01,95346,3299,0.034600297862521764,201195,2975,0.014786649767638362,2017,0.024241329808795405,0.020193249751341732
2017-02-02,75941,723,0.009520548847131325,187247,327,0.0017463564169252377,2017,0.024547984703873243,0.018733952488325427
2017-02-03,92682,1988,0.021449688181092337,236367,8975,0.03797061349511564,2017,0.025257121601029556,0.01935229412184737
2017-02-06,64717,2026,0.031305530231623836,203166,2808,0.01382121024187118,2017,0.02629727721514648,0.01917233330662142
2017-02-07,65322,1589,0.02432564832675056,189615,2378,0.01254120190913166,2017,0.02694690601741017,0.018644666182653053
2017-02-08,78709,1866,0.023707581089837247,181877,3095,0.017016995002116814,2017,0.027386960197268446,0.018019268933432805
2017-02-09,127103,2128,0.01674232708905376,215325,3769,0.017503773365842332,2017,0.027825827526838813,0.017679906554311984
2017-02-10,121324,1975,0.016278724737067686,193357,5999,0.031025512394172436,2017,0.02819524806985973,0.017960864562502413
2017-02-13,132477,776,0.005857620568098613,256909,10602,0.04126753052637315,2017,0.028046750211939368,0.018020495230957587
2017-02-14,126930,341,0.0026865201292050737,259810,17159,0.06604441707401562,2017,0.027135793482731353,0.0184542169190755
2017-02-15,163889,1694,0.010336264178803947,306598,25274,0.08243367536644075,2017,0.026205025021005447,0.02082140402652137
2017-02-16,141422,156,0.0011030815573248858,274200,16007,0.05837709700948213,2017,0.02551576182527312,0.02253602354112857
2017-02-17,93213,539,0.0057824552369304715,232999,8908,0.038231923742161986,2017,0.02534632608354227,0.02327532857660761
2017-02-21,160712,409,0.0025449250833789634,311050,11498,0.03696511814820768,2017,0.0251172618158784,0.0242036396159206
2017-02-22,112820,200,0.001772735330615139,249224,8077,0.032408596282862,2017,0.024620295992936483,0.024780651810069044
2017-02-23,103289,233,0.0022558065234439292,243254,4437,0.01824019337811506,2017,0.023869354786375405,0.024944045570261687
2017-02-24,80673,94,0.001165197773728509,230959,6686,0.028948861053260534,2017,0.023385771911773243,0.02530467572334062
2017-02-27,143541,175,0.0012191638625897827,222552,6319,0.028393364247456775,2017,0.02257552402844324,0.02499430249893202
2017-02-28,134671,23,0.00017078658360003267,217239,2524,0.011618539949088331,2017,0.02008818054830385,0.024084708645526084
2017-03-01,220437,691,0.0031346824716358868,313927,19146,0.06098870119486378,2017,0.018535872100330628,0.025424437873382163
2017-03-02,112484,187,0.001662458660787312,225860,7292,0.03228548658460993,2017,0.01553202350879896,0.025506896910163442
2017-03-03,95616,104,0.0010876840696117805,213322,18232,0.08546704043652319,2017,0.013925997163810678,0.028054077175266753
2017-03-06,108937,374,0.0034331769738472693,209127,17728,0.08477145466630324,2017,0.011880005381180298,0.030569506659146137
2017-03-07,78406,472,0.006019947453001046,199454,8161,0.0409167025980928,2017,0.010797330887090674,0.031649646302389166
2017-03-08,95551,307,0.003212943872905569,244232,12097,0.04953077401814668,2017,0.010032706597342147,0.03306706741067469
2017-03-09,95529,216,0.0022610934899349937,234552,5857,0.024971008561001398,2017,0.009989980183331193,0.03375535075646529
2017-03-10,88755,846,0.009531857360148725,193833,7716,0.039807463125473994,2017,0.010186729669825135,0.03501774318732119
2017-03-13,101659,361,0.0035510874590542895,180976,8757,0.04838763150915038,2017,0.009706330681494789,0.036267781643591936
2017-03-14,93539,592,0.006328910935545601,216371,12990,0.06003577189179696,2017,0.009179043466125325,0.03800158264034461
2017-03-15,135383,168,0.001240923897387412,232201,15435,0.06647258194409154,2017,0.008476322327888593,0.03943254153001105
2017-03-16,94262,135,0.0014321783963845453,228815,15290,0.06682254222843782,2017,0.007370718345684018,0.041167071278704365
2017-03-17,114162,1340,0.01173770606681733,249617,25745,0.10313800742737875,2017,0.007444623586340219,0.04454679297905282
2017-03-20,99954,464,0.004642135382275847,224176,14656,0.06537720362572265,2017,0.006884371826379668,0.04546034598340639
2017-03-21,122930,1064,0.00865533230293663,394023,7612,0.01931866921474127,2017,0.006129365228756761,0.04564359461583538
2017-03-22,109355,1178,0.010772255498148232,245890,2954,0.012013501972426694,2017,0.0056775854678033505,0.04562600461794522
2017-03-23,104480,728,0.006967840735068912,235724,983,0.004170131170351767,2017,0.005119594122644406,0.04519777582355305
2017-03-24,98325,1149,0.011685736079328757,252210,3510,0.01391697395027953,2017,0.004951041088986905,0.04507821584303429
2017-03-27,116209,1264,0.010876954452753228,263196,1782,0.006770619614279852,2017,0.004770982079509757,0.04426971941703787
2017-03-28,145726,708,0.004858432949507981,237623,2856,0.01201903856108205,2017,0.004737675825556736,0.0432947696848615
2017-03-29,93931,1918,0.020419243913085135,211386,1290,0.006102580114104056,2017,0.005328766618352738,0.04129670845286445
2017-03-30,107356,1753,0.016328849808115057,224236,4390,0.01957758789846412,2017,0.005528519472663108,0.03920150553726523
2017-03-31,95619,2445,0.02557023185768519,206448,12074,0.058484460978067115,2017,0.006344091149341785,0.03920508433621806
2017-04-03,129747,2787,0.021480265439663346,259744,3045,0.011723081187630898,2017,0.00686735148943288,0.038321456251067025
2017-04-04,88141,2194,0.024891934514017312,197992,1145,0.005783061941896642,2017,0.007612251803787494,0.03728205437752333
2017-04-05,128339,2996,0.023344423752717412,280293,893,0.0031859518432497424,2017,0.008331308084524236,0.036307966229536255
2017-04-06,102212,1108,0.010840214456228231,194099,1470,0.0075734547833837375,2017,0.008617455015617047,0.03595240827637854
2017-04-07,88810,1872,0.02107870735277559,212973,1681,0.007893019302916332,2017,0.009281238668251948,0.0352505468847004
2017-04-10,116913,3559,0.03044143936089229,229394,1044,0.0045511216509586125,2017,0.010255314518195365,0.03445580546481712
2017-04-11,124270,1891,0.015216866500362115,323279,2259,0.006987772172024784,2017,0.010756850515420769,0.03430144653891501
2017-04-12,125215,3715,0.02966896937267899,254846,442,0.0017343807632844933,2017,0.011641326745455538,0.03232630252452903
2017-04-13,142923,5742,0.040175479104132994,316619,3589,0.011335390485094072,2017,0.01292509409356706,0.0316279659878785
2017-04-17,139319,5569,0.039973011577746034,266536,878,0.003294114115916799,2017,0.014221271677171536,0.028888868443858292
2017-04-18,147729,2917,0.0197456152820367,254199,729,0.00286783189548346,2017,0.014765019620777852,0.026158747684830962
2017-04-19,145858,3594,0.02464040368029179,329193,2401,0.007293593727691658,2017,0.015385701495020877,0.025037977389150926
2017-04-20,164417,3435,0.020892000218955462,297293,3582,0.012048719613310775,2017,0.015975003373222538,0.023788575575656397
2017-04-21,135649,1613,0.011890983346725741,351451,21525,0.06124609120474832,2017,0.01629599970178223,0.024997744997114626
2017-04-24,150787,518,0.0034353094099623975,336114,19455,0.05788214712865278,2017,0.01609278143677602,0.02560023446388725
2017-04-25,216792,1607,0.007412635152588656,330054,2317,0.007020063383567537,2017,0.016221499693227164,0.02422131552636782
2017-04-26,159010,1110,0.0069806930381737,280503,1884,0.006716505705821328,2017,0.016243225763314766,0.022444006653501974
2017-04-27,105235,230,0.002185584643892241,216992,4093,0.018862446541807992,2017,0.01627471445486493,0.02085700214009252
2017-04-28,114120,1643,0.014397125832457064,251662,2698,0.010720728596291852,2017,0.01670687936940068,0.018986941685687653
2017-05-01,149584,1391,0.00929912290084501,291070,1525,0.005239289517985364,2017,0.01662559326386827,0.015723651088707873
2017-05-02,106129,799,0.007528573716891708,253436,1200,0.004734923215328524,2017,0.01672180787502213,0.013702241741694736
2017-05-03,126579,632,0.004992929316869307,329952,4246,0.01286853845407817,2017,0.016599727775486555,0.013487237383005966
2017-05-04,123656,818,0.006615125832955942,294282,9531,0.032387301975656,2017,0.01646115678664681,0.014166364049780278
2017-05-05,136909,1842,0.013454192200658832,357525,8933,0.024985665338088246,2017,0.016677368502166477,0.014860215188704824
2017-05-08,116819,2025,0.017334508941182512,337942,2233,0.006607642731592995,2017,0.01686566093089493,0.014616570814748608
2017-05-09,135413,1022,0.007547281280231588,342916,2398,0.006992966207467718,2017,0.016754671825144212,0.01462398236785487
2017-05-10,107033,579,0.0054095465884353424,285723,3417,0.011959135246374986,2017,0.01677304227977512,0.014621985590697969
2017-05-11,147753,569,0.003851021637462522,381240,12220,0.032053299758682194,2017,0.016220768203921036,0.015487009578850573
2017-05-12,116695,2112,0.01809846180213377,297021,12229,0.0411721730113359,2017,0.016279755270388326,0.016206829082612964
2017-05-15,132353,1416,0.010698661911705817,313868,4526,0.01442007468107612,2017,0.015784036272189012,0.014738016206046598
2017-05-16,117295,1121,0.00955709962061469,319500,2191,0.006857589984350548,2017,0.015386597411554058,0.014575833165937253
2017-05-17,214039,3093,0.014450637500642407,611241,4839,0.007916680981805866,2017,0.015038554177774895,0.014646953800600894
2017-05-18,164499,3699,0.022486458884248536,473769,16323,0.03445349949025791,2017,0.015009955348825932,0.0156892053888345
2017-05-19,153041,2014,0.013159872191112186,419612,10858,0.02587628571156211,2017,0.015087277273322064,0.01629929975310711
2017-05-22,146446,2118,0.014462668833563225,311033,3540,0.011381428980204673,2017,0.014866742656014986,0.016415580075683393
2017-05-23,141628,1499,0.010584065297822465,285127,756,0.0026514500555892637,2017,0.014204830187245993,0.01635225768917108
2017-05-24,127616,727,0.005696777833500501,264659,1010,0.0038162314525483736,2017,0.013887493898350605,0.016246539665188534
2017-05-25,162756,1140,0.007004350070043501,346254,1966,0.00567791274613434,2017,0.013132006588262754,0.016377990731283525
2017-05-26,96179,998,0.01037648551139022,236501,442,0.0018689138735142768,2017,0.012138706801837994,0.016062441510897536
2017-05-30,132522,323,0.002437331160109265,289189,1254,0.004336264519051555,2017,0.010887517454583438,0.016097179857668693
2017-05-31,143744,1447,0.010066507123775601,320951,679,0.0021155877376920463,2017,0.010564880515974734,0.01607210505240898
2017-06-01,154870,809,0.0052237360366759215,353307,859,0.002431313277121597,2017,0.009917658261187538,0.01591002903738998
2017-06-02,162110,318,0.001961630991302202,377641,778,0.0020601576629656207,2017,0.009286645953599097,0.015577076972378473
2017-06-05,160783,154,0.0009578127040794114,276256,401,0.0014515521834819877,2017,0.00892220693217755,0.013583925671669595
2017-06-06,148619,188,0.0012649795786541425,269523,174,0.0006455849779054107,2017,0.008849862604467275,0.01167604026664468
2017-06-07,116187,64,0.0005508361520652052,244998,312,0.0012734797835084368,2017,0.008621135971116495,0.011484487479976045
2017-06-08,117070,116,0.0009908601691295807,265213,794,0.002993820061610856,2017,0.00842147487548169,0.011360397958502362
2017-06-09,146528,1798,0.012270692290893209,419546,363,0.00086522097696081,2017,0.008757645130381722,0.010760490439674123
2017-06-12,131580,2360,0.017935856513147896,354629,148,0.0004173375555862606,2017,0.008875602819738085,0.010417044071650604
2017-06-13,111272,3302,0.029675030555755266,283377,154,0.0005434456571987141,2017,0.009554799741568426,0.010260515942957715
2017-06-14,120036,2891,0.024084441334266387,307142,859,0.002796751990935789,2017,0.010106661995480914,0.010195910235477957
2017-06-15,131467,2932,0.022302174690226443,333767,1528,0.004578043964801793,2017,0.010683636841259486,0.009919560419168746
2017-06-16,104811,4923,0.04697026075507342,281566,2400,0.008523756419454053,2017,0.01202880800533007,0.00912410890062868
2017-06-19,172110,3841,0.022317122770321305,358496,3016,0.008412925109345711,2017,0.012324239024318817,0.008571684226337261
2017-06-20,128618,2461,0.019134180285807587,325762,1377,0.004227012358715873,2017,0.012384228069139655,0.008492329880574691
2017-06-21,118540,1612,0.013598785220178843,314658,1499,0.004763902395616829,2017,0.012585944867137896,0.008418027753512995
2017-06-22,96032,800,0.008330556481172943,225823,503,0.002227408191371118,2017,0.012683311863562483,0.008093636851679532
2017-06-23,123046,1724,0.014011020268842546,283546,2500,0.008816911541689884,2017,0.013021978484608484,0.007319090577779788
2017-06-26,146587,1464,0.009987243070667931,289658,335,0.0011565363290501212,2017,0.012751604526892954,0.005985236021703597
2017-06-27,181395,1644,0.009063094352104523,366961,79,0.00021528173293619757,2017,0.012697085608239579,0.005511742923432266
2017-06-28,140458,1297,0.009234077090660554,289821,865,0.0029846008398287218,2017,0.012686318190574442,0.005382643285281538
2017-06-29,196622,2611,0.013279287160134675,491449,7863,0.015999625596959197,2017,0.012647273179224183,0.005652074772453316
2017-06-30,117380,398,0.003390696881921963,303637,7570,0.02493108547377296,2017,0.01201074777914663,0.005334660971903817
2017-07-03,103639,385,0.003714817780951186,232808,130,0.0005584000549809285,2017,0.011695912632141264,0.004490731450017779
2017-07-05,131347,549,0.004179768095198215,325721,480,0.001473653832574504,2017,0.011353149274195763,0.004160472278430106
2017-07-06,155820,602,0.0038634321653189577,391106,149,0.00038097088768773685,2017,0.01112912816977898,0.004084789639500055
2017-07-07,146044,763,0.005224452904604092,328124,628,0.001913910594775146,2017,0.011113384005482433,0.004021378944240947
2017-07-10,141886,1502,0.010585963379050788,293473,583,0.001986554129340689,2017,0.011232771115782674,0.0038983336570144926
2017-07-11,149227,1382,0.009261058655605219,306167,419,0.0013685341659943756,2017,0.011195590220589842,0.0038816543334304955
2017-07-12,159988,2029,0.012682201165087382,331349,1136,0.003428409320686044,2017,0.011537085887422445,0.0038513924934849785
2017-07-13,137603,85,0.0006177190904268075,274542,647,0.002356652169795514,2017,0.011222126286310818,0.003859427974555094
2017-07-14,163681,266,0.0016251122610443484,333711,1142,0.0034221227349413115,2017,0.011102172160456435,0.003892454956482418
2017-07-17,144587,636,0.004398735709296133,299422,510,0.0017032816559905417,2017,0.011183408984389565,0.0038805590895832484
2017-07-18,121641,602,0.004948989238825725,300061,258,0.0008598251688823272,2017,0.011316448202214443,0.0038608348557632602
2017-07-19,168633,1413,0.008379142872391524,328514,1015,0.0030896704554448213,2017,0.011553586978672354,0.00394230437168124
2017-07-20,161186,631,0.0039147320486890924,283268,338,0.0011932163181157067,2017,0.011665716841893152,0.003939628922834815
2017-07-21,127752,355,0.002778821466591521,290667,564,0.001940364747288134,2017,0.01172531555180855,0.003904513745690725
2017-07-24,121012,431,0.003561630251545301,247308,464,0.0018762029534022352,2017,0.011435013483830286,0.0039382131449054395
2017-07-25,158479,886,0.005590646079291262,289438,218,0.0007531837561066619,2017,0.011023506469368397,0.0039494080182561194
2017-07-26,97659,612,0.006266703529628606,276125,313,0.0011335445903123585,2017,0.010243228901830843,0.0039690779826932416
2017-07-27,138602,1805,0.013022900102451624,462382,11574,0.025031251216526596,2017,0.00987451086077035,0.004710227956879602
2017-07-28,128626,1599,0.01243139023214591,323545,678,0.0020955353969308753,2017,0.009545484712167667,0.004627477671283904
2017-07-31,136518,2476,0.018136802472933974,291919,932,0.0031926664588464606,2017,0.008584369436096351,0.004449774672596984
2017-08-01,105280,1570,0.014912613981762917,315818,868,0.002748418392871844,2017,0.008337552476477739,0.004260957782047855
2017-08-02,115919,1871,0.016140580922885808,334094,1752,0.005244033116428311,2017,0.008237765831047012,0.004294858473971603
2017-08-03,109493,1021,0.009324797018987516,333507,3652,0.010950294896358997,2017,0.008095299557673968,0.004501071557329676
2017-08-04,103714,1430,0.013787916771120581,304011,674,0.002217025041857038,2017,0.008277211567338889,0.004500725452345872
2017-08-07,99692,2522,0.02529791758616539,299523,498,0.0016626436033292935,2017,0.008653441477916319,0.00426224985440052
2017-08-08,140837,2206,0.015663497518407805,486061,2017,0.004149684916090779,2017,0.008842649959507646,0.004362021473968541
2017-08-09,146261,1772,0.01211532807788816,481470,1589,0.003300309468918105,2017,0.008944391083700435,0.004464855731834605
2017-08-10,212427,2653,0.012488996219877887,782711,6493,0.008295526701426198,2017,0.00905288838800768,0.004641886593887854
2017-08-11,171017,2003,0.011712285913096358,600691,382,0.0006359342823514919,2017,0.009000655013106401,0.004129763550067598
2017-08-14,167013,1223,0.007322783256393215,457211,1255,0.0027449033378462023,2017,0.00913172455892211,0.003390224145536706
2017-08-15,152726,413,0.00270418920157668,344015,910,0.002645233492725608,2017,0.009098036939609627,0.0034597852601281954
2017-08-16,137990,3752,0.027190376114211174,377744,1608,0.00425685120081325,2017,0.009865057206910059,0.003552558505736153
2017-08-17,160527,984,0.0061298099385150165,543378,7683,0.014139328423307531,2017,0.009940603132683261,0.004011170423590146
2017-08-18,169087,1057,0.006251219786263876,499155,6564,0.01315022387835442,2017,0.009974828695405252,0.004385714199709455
2017-08-21,143695,236,0.0016423675145272973,407077,4679,0.011494139929300845,2017,0.00967670883325447,0.004702633726374793
2017-08-22,142385,147,0.0010324121220634196,391493,2121,0.0054177213896544766,2017,0.009402420615469744,0.004837606633830131
2017-08-23,122316,837,0.00684293142352595,313334,1803,0.005754243076078562,2017,0.009207778290751029,0.004915134425676548
2017-08-24,107175,561,0.00523442967109867,307630,2113,0.006868640899782206,2017,0.009361668643440091,0.005065534050009438
2017-08-25,127446,1656,0.012993738524551575,312881,1117,0.0035700473982121,2017,0.009740622852223666,0.005070464872118463
2017-08-28,106788,1085,0.010160317638685995,309174,905,0.0029271542885236147,2017,0.009932675583203326,0.005111260626536233
2017-08-29,131334,1250,0.009517718184171653,343594,1706,0.004965162371869124,2017,0.010084966548048193,0.005248105199969127
2017-08-30,148432,1221,0.008225989005066292,325612,625,0.0019194624276746557,2017,0.01007986141913735,0.00520909826571012
2017-08-31,179270,2719,0.015167066436101969,394806,7552,0.019128382040799786,2017,0.010454939232051114,0.005806937123132923
2017-09-01,175966,2752,0.015639384881170226,332252,2218,0.006675655827504424,2017,0.010883624679203736,0.005964780159140133
2017-09-05,193947,2052,0.010580210057386812,549390,3362,0.006119514370483628,2017,0.011117577339398454,0.006106223873042846
2017-09-06,161197,2741,0.01700403853669733,353233,1258,0.003561388658477549,2017,0.011498023754645322,0.006199830703121876
2017-09-07,133458,3594,0.02692982061772243,326921,369,0.001128713053000572,2017,0.012186794324248452,0.00619966965187815
2017-09-08,127819,1327,0.010381868110374826,352938,400,0.0011333435334251341,2017,0.012098759924512557,0.0054030727291081
2017-09-11,183663,6006,0.03270119730157953,459808,498,0.0010830607557937226,2017,0.012774420160160343,0.00536932357440353
2017-09-12,161250,2245,0.01392248062015504,425277,1033,0.0024290050955024607,2017,0.012633942765067714,0.005343868195625395
2017-09-13,148471,8206,0.05527005273757165,364635,1981,0.005432830090364337,2017,0.01397919072359467,0.005433348585541812
2017-09-14,134685,4544,0.03373798121542859,346519,3431,0.009901332971640805,2017,0.014565770733346096,0.005588591914048895
2017-09-15,117194,1338,0.011416966738911549,371489,8110,0.02183106363849266,2017,0.014635509724010232,0.00595128420545335
2017-09-18,164311,1423,0.008660406180961713,414407,6850,0.0165296435629707,2017,0.01446459270433827,0.006428371489490473
2017-09-19,152733,1296,0.00848539608336116,297813,796,0.002672818177849859,2017,0.01390417532091146,0.006462043975307825
2017-09-20,161538,1374,0.008505738587824536,364683,2201,0.006035378671339218,2017,0.013665583356558686,0.0065249004338161064
2017-09-21,131873,843,0.006392514009691142,364047,1174,0.003224858328732279,2017,0.013474822887618785,0.006522385395809913
2017-09-22,141896,1301,0.009168686925635676,322886,1235,0.0038248793691891257,2017,0.013364145911144045,0.006373363818068677
2017-09-25,161965,5432,0.0335381100855123,447968,2884,0.006437959854275305,2017,0.01409167338355791,0.006566764670466136
2017-09-26,125240,2887,0.023051740657936762,326318,1078,0.003303526008372201,2017,0.014615971963609361,0.006585385426150337
2017-09-27,172823,4393,0.02541907037836399,363479,4317,0.011876889724028073,2017,0.015373134669502271,0.006893107300527086
2017-09-28,139261,1739,0.012487343908201148,316247,2687,0.008496523287177428,2017,0.014883033595968605,0.007034429703405892
2017-09-29,171662,3570,0.020796681851545477,423531,6378,0.015059110195003436,2017,0.015371929326402951,0.007065089095795755
2017-10-02,179124,836,0.004667157946450504,462705,7834,0.016930873882927567,2017,0.01531912726507584,0.007191110762614861
2017-10-03,164766,397,0.0024094776835026643,414977,12297,0.029632967610253098,2017,0.015344697604041687,0.007795738351979936
2017-10-04,168183,254,0.0015102596576348382,426088,11709,0.02748023882390492,2017,0.0153606258552274,0.008531155599788284
2017-10-05,192990,692,0.0035856780144048915,478251,6246,0.01306008769453697,2017,0.015252050741590032,0.008774683753736896
2017-10-06,157245,297,0.001888772298006296,411477,4288,0.010420995584200333,2017,0.01514052882915362,0.008893095576550833
2017-10-09,151506,15,0.00009900597996118966,391616,1853,0.004731675927439124,2017,0.014710704411000607,0.00893181652752507
2017-10-10,147649,24,0.00016254766371597506,340315,1036,0.003044238426163995,2017,0.01437744541183494,0.00893571933211308
2017-10-11,138350,78,0.000563787495482472,346560,5498,0.01586449676823638,2017,0.0140789810555453,0.009299030478658656
2017-10-12,148572,106,0.0007134587943892523,341627,2935,0.008591241324602563,2017,0.013828563381856064,0.009521423108556254
2017-10-13,180282,529,0.0029342918316859145,362831,5338,0.014712083587124584,2017,0.013420804228375528,0.009374213160100413
2017-10-16,168757,875,0.005184970104943795,358815,1993,0.00555439432576676,2017,0.013072323735834647,0.009336837776709158
2017-10-17,162453,942,0.005798600210522428,299387,262,0.0008751214982614476,2017,0.012912936740939168,0.009162024680968418
2017-10-18,203782,3091,0.015168169907057542,363977,1986,0.005456388727859178,2017,0.012851741119951176,0.009225191349947806
2017-10-19,148121,3296,0.022252077693237286,360963,1414,0.0039172990029449,2017,0.01269581635580167,0.00931814421494595
2017-10-20,167266,985,0.00588882378965241,466094,3159,0.006777602801151699,2017,0.012546048211777593,0.009506286190536836
2017-10-23,194267,378,0.0019457756592730624,403285,350,0.0008678725963028628,2017,0.011520867490367376,0.009499113251887141
2017-10-24,138583,878,0.006335553422858503,337942,225,0.0006657947221712601,2017,0.011267969917124155,0.0094403395727761
2017-10-25,194627,2485,0.012768012660113962,500206,390,0.0007796787723457936,2017,0.009851235247875567,0.009285234528842149
2017-10-26,146479,983,0.0067108595771407506,295218,301,0.0010195855266277802,2017,0.008950331193265973,0.008989176280675047
2017-10-27,144609,2123,0.014680967298024327,380036,599,0.001576166468439832,2017,0.009059131211903066,0.008314013041673288
2017-10-30,151726,1450,0.00955670089503447,356076,527,0.0014800211190869365,2017,0.009089007702372158,0.0078123589602104955
2017-10-31,137562,670,0.004870531105974033,302341,742,0.0024541825289987134,2017,0.008968512203125919,0.00780507110524879
2017-11-01,160348,570,0.0035547683787761617,337638,227,0.0006723176893596099,2017,0.008803479862824308,0.00762630240584947
2017-11-02,143082,61,0.00042632895821976207,293560,432,0.0014715901348957624,2017,0.008604607027775261,0.0075678601327215855
2017-11-03,115112,1584,0.013760511501841684,333914,3344,0.010014554645807004,2017,0.008757667846982127,0.007774182641942182
2017-11-06,173079,380,0.002195529209205045,328644,4884,0.014861065469018147,2017,0.007712915151105221,0.008054952829100277
2017-11-07,126643,532,0.004200784883491389,388064,486,0.0012523707429702316,2017,0.007084549958623707,0.00798658098692021
2017-11-08,107206,273,0.002546499263100946,308165,665,0.0021579348725520417,2017,0.006322130921448272,0.0076626158252043435
2017-11-09,192613,1627,0.008446989559375536,497134,449,0.0009031770106249019,2017,0.006187452443154087,0.007409504282652593
2017-11-10,149491,798,0.005338114000173923,371760,464,0.001248117064772972,2017,0.005672166848108368,0.006949137844978244
2017-11-13,139698,402,0.002877636043465189,338638,770,0.0022738145157956283,2017,0.005612516118008857,0.00646056919940718
2017-11-14,140595,1155,0.008215085884988798,409549,479,0.001169579220068905,2017,0.005806036391391728,0.005511789586401039
2017-11-15,195933,7589,0.03873262799018032,545922,3520,0.006447807562252483,2017,0.007046782002476577,0.0048107085443459575
2017-11-16,177156,7668,0.04328388538914855,405333,3450,0.008511520157500129,2017,0.0083700555816347,0.00465908962644473
2017-11-17,131234,4172,0.03179054208513038,384201,9797,0.025499673348065206,2017,0.009366781241205501,0.005161712218573559
2017-11-20,155076,4071,0.026251644355025923,345085,7315,0.021197675934914586,2017,0.010238535853707658,0.005710578885489408
2017-11-21,203673,1600,0.007855729527232378,412011,22618,0.05489659256670332,2017,0.010494975249158206,0.007438990690174052
2017-11-22,130805,1482,0.011329842131416995,321762,23840,0.0740920307556517,2017,0.01085384373702269,0.009379908489754563
2017-11-24,111295,120,0.0010782155532593559,246197,11716,0.04758790724501111,2017,0.010866002295651694,0.01067979735376818
2017-11-27,152572,444,0.002910101460294156,316016,7670,0.02427092299124095,2017,0.010865195949938634,0.010998425333905392
2017-11-28,218079,33,0.0001513213101674164,389059,1208,0.0031049275302717583,2017,0.010697407656779423,0.010916776440722226
2017-11-29,219293,202,0.0009211420337174465,434922,7890,0.01814118393642998,2017,0.010534825717552591,0.011492311855327843
2017-11-30,314402,956,0.003040693125361798,476935,19525,0.04093849266671559,2017,0.010130576491496067,0.012675048653289726
2017-12-01,240753,1204,0.0050009761041399274,550648,15085,0.027394996440557307,2017,0.009555539771859488,0.013457638567876804
2017-12-04,228552,112,0.000490041653540551,513821,367,0.000714256521239887,2017,0.009375580367322424,0.013255527025213078
2017-12-05,150910,514,0.003406003578291697,433879,199,0.00045865321898501654,2017,0.009424254631289711,0.013241886379302483
2017-12-06,150603,222,0.0014740742216290512,348745,206,0.0005906894722504982,2017,0.009262205324582063,0.01323938287097179
2017-12-07,138802,137,0.0009870174781343207,334634,1222,0.0036517508681126244,2017,0.008869505485182744,0.013335118607497353
2017-12-08,130695,243,0.001859290715023528,353914,6447,0.0182162898331233,2017,0.008707786523112167,0.013908342084380538
2017-12-11,213189,54,0.0002532963708258869,350358,3655,0.010432186506373481,2017,0.00822686415887222,0.014203542752311659
2017-12-12,182077,35,0.00019222636576832878,371255,1333,0.003590524033346352,2017,0.007914715007896683,0.014273892849453637
2017-12-13,183582,24,0.00013073177108866883,306385,2329,0.007601547073126948,2017,0.007756721696733838,0.014445471667591246
2017-12-14,152836,38,0.0002486325211337643,329886,9076,0.027512534633176308,2017,0.007646517168145757,0.01534014556571847
2017-12-15,145371,32,0.00022012643512117272,385294,5536,0.01436824866206066,2017,0.007639643750709137,0.01577003418329063
2017-12-18,240463,42,0.0001746630458740014,417004,1546,0.0037073984901823485,2017,0.007186782135510214,0.015559795644769812
2017-12-19,158386,76,0.00047984038993345373,343261,329,0.0009584543539755463,2017,0.007129592508201161,0.01509637527426839
2017-12-20,133707,135,0.0010096703987076219,310728,950,0.0030573363198681805,2017,0.007023222025375036,0.015156540793498322
2017-12-21,161400,76,0.0004708798017348203,288897,2068,0.007158260556530528,2017,0.0069540347099961665,0.015323218316297604
2017-12-22,143508,105,0.0007316665273016139,303560,4037,0.013298853603900382,2017,0.006696857275593701,0.015736407536073454
2017-12-26,134900,210,0.0015567086730911787,252778,4006,0.01584789815569393,2017,0.006570810431357609,0.016223066905770817
2017-12-27,147856,492,0.0033275619521696788,342248,3099,0.009054837427830111,2017,0.00658580796164776,0.016449101002838636
2017-12-28,102295,503,0.004917151375922577,292906,14306,0.048841607887854806,2017,0.006475876811345552,0.018038168625098164
2017-12-29,124362,1374,0.011048390987600715,348842,41545,0.11909403110863945,2017,0.005553068911259565,0.021793042743311064
2018-01-02,133515,70,0.0005242856607871775,393822,7231,0.01836108698853797,2018,0.0041277489203141865,0.022121361637678992
2018-01-03,176147,46,0.0002611455205027619,377387,6674,0.01768476391608614,2018,0.003076769034826599,0.02186086465661302
2018-01-04,228240,80,0.0003505082369435682,441534,6983,0.015815316600760077,2018,0.00221339783089052,0.021681452678807875
2018-01-05,215294,28,0.00013005471587689392,376003,855,0.0022739180272497825,2018,0.001955875337178671,0.019927363527492754
2018-01-08,218375,235,0.0010761305094447624,404796,2037,0.005032164349450093,2018,0.0016140849497795966,0.01762536798061937
2018-01-09,244952,43,0.00017554459649237402,440177,2750,0.006247486806443771,2018,0.0015839959178873637,0.01624735396600046
2018-01-10,196345,129,0.0006570067992564109,369407,3579,0.009688500759325081,2018,0.0015088927625194388,0.015761273224936596
2018-01-11,188030,636,0.0033824389725043875,397844,3165,0.007955379495480641,2018,0.001616596684597338,0.015922954957110224
2018-01-12,240733,882,0.0036638101132790268,476308,2900,0.006088497358851835,2018,0.0017080189539160572,0.01552119873785762
2018-01-16,365802,858,0.0023455311890038873,705208,30356,0.04304545609238693,2018,0.0016848468893707934,0.015591430852046664
2018-01-17,276939,627,0.002264036484568804,554615,15285,0.027559658501843623,2018,0.0015936155687184229,0.015596919587422875
2018-01-18,249154,104,0.00041741252398115223,481518,10454,0.02171050718768561,2018,0.0015911945977331095,0.016296794609637733
2018-01-19,216611,237,0.0010941272603884383,459513,6721,0.014626354423052232,2018,0.001514132053803001,0.01676905131643997
2018-01-22,259068,758,0.0029258727438355955,514621,755,0.0014670990884553875,2018,0.0015625253378765522,0.01679826497031347
2018-01-23,322847,253,0.0007836529377692839,500946,1258,0.0025112487174266287,2018,0.0015557465198643844,0.016760248231957268
2018-01-24,350837,7,0.000019952285534307954,504394,712,0.0014115949039837906,2018,0.0014944352388814104,0.016200091734319286
2018-01-25,240780,10,0.00004153168867846167,416695,1205,0.0028918033573716987,2018,0.001487376416143163,0.01594874562935256
2018-01-26,226764,41,0.00018080471327018398,517533,6267,0.012109372735651639,2018,0.0014869956943932248,0.016232707252762733
2018-01-29,357538,197,0.0005509903842388781,643928,1758,0.0027301188952802177,2018,0.0015010043148315651,0.01607032631350118
2018-01-30,378183,1977,0.005227627894432061,766761,27493,0.03585602293283044,2018,0.0016669708272748416,0.016348442590156317
2018-01-31,251529,1106,0.0043971072918033306,555667,12541,0.022569272603915655,2018,0.0018062035224975803,0.016621810054884816
2018-02-01,207014,121,0.0005845015312974001,494033,3577,0.007240407017344995,2018,0.0018198648053450268,0.01673957700579024
2018-02-02,366389,2262,0.006173766133808602,1138828,7962,0.006991398174263365,2018,0.0020096623301408653,0.016940675133133163
2018-02-05,287125,17238,0.06003656943839791,1440160,128138,0.08897483612931896,2018,0.003977225631463874,0.01980459179344819
2018-02-06,605713,7824,0.012917008550253998,1839719,9361,0.00508827706840012,2018,0.004392096589747847,0.019735592343843845
2018-02-07,364685,2982,0.008176919807505107,1159975,4065,0.0035043858703851377,2018,0.004640271699087964,0.01940911008606
2018-02-08,390390,4510,0.011552550014088475,1103521,64,0.00005799617768941416,2018,0.00497346641045454,0.018882780020126517
2018-02-09,561496,11445,0.02038304814281847,1672961,1904,0.0011381018445737827,2018,0.005541982616809499,0.018618888834017973
2018-02-12,409901,3001,0.007321280016394202,1149027,6267,0.005454179927886812,2018,0.005622120238158555,0.017172641235352375
2018-02-13,274155,158,0.0005763163174116832,743312,3404,0.0045795036270099235,2018,0.005273051082485587,0.013355490319298056
2018-02-14,358441,939,0.002619677994425861,884733,3606,0.004075805921108402,2018,0.005342897493606876,0.01287931428371707
2018-02-15,317719,454,0.0014289356318004274,796663,12752,0.01600676823198768,2018,0.005381823830650131,0.012823381094247122
2018-02-16,328272,385,0.0011728079153872399,731562,3623,0.004952416883326362,2018,0.005409233819931588,0.012461284436999332
2018-02-20,211032,90,0.00042647560559535994,687123,365,0.0005312003818821376,2018,0.005419114516255537,0.012403193848820411
2018-02-21,228425,401,0.0017554996169421035,589942,532,0.000901783565164033,2018,0.005441760153172114,0.01226551448934421
2018-02-22,185577,793,0.004273158850504104,531997,130,0.0002443622802384224,2018,0.005578347294972506,0.012065410338470696
2018-02-23,198132,453,0.0022863545515111137,538203,6742,0.012526871830889089,2018,0.005632658886714328,0.012160022707522831
2018-02-26,288583,193,0.0006687850635692331,739630,2550,0.0034476697808363643,2018,0.005542203756416491,0.012009765717034687
2018-02-27,278658,348,0.0012488426673556833,743709,336,0.0004517896112592425,2018,0.0054617048415523785,0.0118218754587816
2018-02-28,228341,442,0.0019357014290031138,723943,1707,0.002357920444012857,2018,0.0054480438495523534,0.010465624270502466
2018-03-01,299182,654,0.0021859603853172987,1156481,22166,0.019166765385682946,2018,0.005445441312910636,0.010185861166630443
2018-03-02,277541,179,0.000644949755171308,797048,2409,0.003022402665836938,2018,0.005453025887283641,0.009562924349235486
2018-03-05,259015,81,0.00031272320135899463,626366,223,0.0003560218785821708,2018,0.005426979085315992,0.009087246597753151
2018-03-06,183988,3,0.00001630541122247103,533137,1100,0.002063259537417212,2018,0.005329993507562222,0.009107118612718545
2018-03-07,184829,51,0.0002759307251567665,534559,614,0.0011486103498397745,2018,0.005313069433808471,0.009061697333798985
2018-03-08,170940,32,0.0001872001872001872,509126,852,0.0016734560796345108,2018,0.005318644363864001,0.009070426039654007
2018-03-09,297218,237,0.0007973945050434361,716462,14658,0.020458865927292725,2018,0.005343839791076167,0.009655994791984708
2018-03-12,303589,417,0.0013735675535016091,742832,22805,0.030700077541086005,2018,0.005383598552417214,0.010275684952165855
2018-03-13,320606,403,0.0012569945665396156,801990,4721,0.005886607064925996,2018,0.005407132025160573,0.01038090122448738
2018-03-14,237568,763,0.003211712015086207,789448,8989,0.011386437105420496,2018,0.0053399348291823774,0.009565248363573715
2018-03-15,203407,146,0.0007177727413510842,529209,39761,0.07513288700683472,2018,0.005217290344167303,0.011317368843671018
2018-03-16,179959,67,0.00037230702548913917,529402,39928,0.07542094665301605,2018,0.0052102171939736935,0.013590053498193385
2018-03-19,293647,77,0.0002622196038100168,1006909,58857,0.05845314720595406,2018,0.005013165642973741,0.015305445132583076
2018-03-20,185825,10,0.00005381407237992735,527998,3864,0.007318209538672495,2018,0.0030137404641064746,0.012583557579561528
2018-03-21,169671,18,0.00010608766377283095,574663,3831,0.006666515853639437,2018,0.0025867097678904357,0.012636165539069506
2018-03-22,357559,3476,0.009721472540196164,1133441,5428,0.0047889568138085705,2018,0.002638194858980138,0.012678984570516952
2018-03-23,397986,6172,0.015508083198906494,1172928,6621,0.00564484776559175,2018,0.002770045965140738,0.012865212956780364
2018-03-26,426982,43,0.00010070682136483505,1078809,7309,0.006775063982595622,2018,0.0020939679210922836,0.013053111694714424
2018-03-27,293215,299,0.001019729549988916,930304,508,0.0005460580627407815,2018,0.0018839162388787742,0.012889507632542893
2018-03-28,271751,171,0.0006292525142501776,771191,5687,0.007374308050794161,2018,0.0018856807787733906,0.012982667780002366
2018-03-29,260988,490,0.001877480956978865,630773,5127,0.008128122161221232,2018,0.0018609408775251575,0.013117744988006127
2018-04-02,408050,362,0.0008871461830658008,1160087,10928,0.009419983156435682,2018,0.0018428812292340033,0.012898185485487724
2018-04-03,337629,135,0.00039984716952631437,711249,614,0.0008632701065309055,2018,0.001817115871038639,0.012761880592927877
2018-04-04,335360,56,0.00016698473282442748,682757,687,0.0010062145097011089,2018,0.001808466175279608,0.012777714397188509
2018-04-05,318475,169,0.000530653897480179,591607,514,0.0008688200105813488,2018,0.0017676379846308771,0.012776615612035754
2018-04-06,339614,1960,0.005771257957563587,843480,14547,0.017246407739365487,2018,0.0018175746215328599,0.013343350460673321
2018-04-09,285267,138,0.00048375732208772837,668952,890,0.0013304392542364775,2018,0.0017574880472187471,0.012970136041451568
2018-04-10,266360,4,0.00001501726986033939,572545,489,0.00085408133858474,2018,0.0017356957874284506,0.012883683093376515
2018-04-11,223110,131,0.0005871543184976021,561143,795,0.001416751166814876,2018,0.001713639509133181,0.012915848478561703
2018-04-12,251150,45,0.00017917579135974518,618019,745,0.0012054645569149168,2018,0.0016550886545450688,0.012877433282325103
2018-04-13,273203,552,0.002020475617032024,774855,13658,0.01762652367217092,2018,0.0016495724956022265,0.012826091891874704
2018-04-16,318998,736,0.0023072244967053085,814022,37442,0.045996299854303695,2018,0.0017049816536533597,0.014258555131490262
2018-04-17,340709,1097,0.0032197564490518303,796134,6446,0.008096626949734592,2018,0.0018018827619097875,0.014516575300528679
2018-04-18,217644,1804,0.008288765139401959,572652,5680,0.009918763926433505,2018,0.0020776314195157706,0.01477842544682922
2018-04-19,212663,1134,0.005332380338845967,654878,1864,0.002846331683153198,2018,0.002246179739972077,0.014835016157939666
2018-04-20,235249,2210,0.00939430135728526,692575,1395,0.0020142222863949754,2018,0.0025530831123082463,0.01484637503149835
2018-04-23,224801,956,0.00425265012166316,568093,478,0.0008414115294502837,2018,0.0026682582995289036,0.014192459884903601
2018-04-24,306541,922,0.003007754264519265,1002651,8822,0.00879867471333495,2018,0.0027227311898961595,0.013462413123978565
2018-04-25,219026,97,0.0004428697962798937,681429,587,0.0008614250347431647,2018,0.0026955936975541685,0.013294907056305805
2018-04-26,250385,40,0.0001597539788725363,496921,121,0.00024349946973462584,2018,0.0025938617630137124,0.012923475801782942
2018-04-27,180726,35,0.00019366333565729336,475370,5305,0.011159728211708774,2018,0.002576391449490586,0.010791037175278744
2018-04-30,183397,411,0.0022410399297698434,631566,5143,0.008143250269963868,2018,0.002638682546299943,0.008548447295843671
2018-05-01,229131,245,0.0010692573244126722,595205,1912,0.003212338606026495,2018,0.002665583803653365,0.00670708700917942
2018-05-02,176933,168,0.0009495119621551661,551344,389,0.0007055486230012479,2018,0.002695440399979206,0.006486664978657045
2018-05-03,270764,171,0.0006315462912351716,786780,3346,0.004252777142276113,2018,0.0027129556875612844,0.0064062070216116
2018-05-04,252635,289,0.0011439428424406754,604000,824,0.0013642384105960264,2018,0.0024270380309694343,0.006292049741504516
2018-05-07,230506,380,0.0016485471094027922,606221,732,0.0012074804403014742,2018,0.0019650534946526444,0.0061441374973281735
2018-05-08,172732,23,0.00013315425051524905,450870,360,0.0007984563177856145,2018,0.001966135075624325,0.005944917241834506
2018-05-09,211436,177,0.0008371327493898863,568615,1854,0.0032605541535133615,2018,0.001960048515604357,0.006035400444860259
2018-05-10,232651,1757,0.007552084452678046,693244,3651,0.005266543958548506,2018,0.0021908095802186194,0.005965141641785404
2018-05-11,204297,561,0.002746002143937503,638694,8154,0.012766677000253643,2018,0.002219760286450574,0.006119760136419818
2018-05-14,206851,54,0.00026105747615433333,541381,1384,0.00255642514236739,2018,0.002198890662886859,0.005890974869284207
2018-05-15,179878,541,0.003007594035957705,611007,7783,0.012737988271820126,2018,0.0022858155584345717,0.006286798808127182
2018-05-16,149221,51,0.0003417749512468084,486213,2127,0.004374625935546767,2018,0.0022916418990486507,0.006399079188988703
2018-05-17,157008,269,0.0017132884948537655,383703,490,0.0012770293690693062,2018,0.002331063052294437,0.00641268616760497
2018-05-18,144704,366,0.0025293011941618752,384719,467,0.0012138729826184826,2018,0.002222997826847713,0.005878268342380069
2018-05-21,203319,459,0.002257536186977115,471052,703,0.0014924042356257907,2018,0.002282123789010693,0.0058836671750930455
2018-05-22,154815,348,0.0022478442011433,422091,1500,0.0035537360427016925,2018,0.0023565513533867913,0.0059736556652302784
2018-05-23,155781,495,0.0031775376971517706,464865,1942,0.004177556925128801,2018,0.0024428974660085975,0.006065682523840741
2018-05-24,156444,363,0.002320319091815602,418414,3489,0.008338631116549637,2018,0.0025142689093571257,0.006303454742495232
2018-05-25,112128,395,0.003522759703196347,383363,3350,0.008738454154417614,2018,0.002564345045562603,0.0060071857585701225
2018-05-29,246382,451,0.0018304908637806333,907157,21185,0.023353179218150773,2018,0.0025484539244651143,0.0052524150706983585
2018-05-30,212223,110,0.0005183227077178251,486006,9617,0.019787821549528194,2018,0.002458406133087314,0.005642121557358145
2018-05-31,147016,293,0.0019929803558796323,464521,3599,0.007747765978287311,2018,0.0022485466403032364,0.005569754959086604
2018-06-01,159816,131,0.000819692646543525,542320,932,0.0017185425578993953,2018,0.002098123717226488,0.005532161988244812
2018-06-04,167357,88,0.0005258220450892404,513280,686,0.001336502493765586,2018,0.0018025077401532877,0.005509571328490498
2018-06-05,142652,193,0.0013529428258979895,462472,563,0.00121737099759553,2018,0.0017058508302944487,0.005522103310762006
2018-06-06,156535,153,0.0009774171910435366,575787,4511,0.007834494352946489,2018,0.001638172927845258,0.005489963965415724
2018-06-07,173180,209,0.0012068368171844323,537385,497,0.0009248490374684816,2018,0.0016636384952087421,0.0054920780988399025
2018-06-08,130264,82,0.0006294908800589572,386785,114,0.000294737386403299,2018,0.0016792963919149563,0.005493786029395525
2018-06-11,214238,214,0.0009988890859698094,510230,406,0.0007957195774454658,2018,0.001706137250258707,0.005148319074920081
2018-06-12,158386,99,0.0006250552447817358,392723,726,0.0018486312235341449,2018,0.0016522710940924366,0.004938498440039091
2018-06-13,188767,466,0.002468651830033851,472117,1741,0.0036876452235356915,2018,0.0016989175776131425,0.0049543419939560625
2018-06-14,139659,661,0.004732956701680522,408042,3222,0.007896245974679077,2018,0.0018250324022639878,0.005194031905678658
2018-06-15,153185,877,0.005725103632862226,507892,2100,0.004134737306356469,2018,0.0019948176469848896,0.0051900972444813365
2018-06-18,140291,442,0.003150594122217391,428663,632,0.0014743516468647866,2018,0.0020617060229774467,0.005193767685690295
2018-06-19,169918,501,0.002948481032027213,504177,1775,0.003520588999498192,2018,0.0021050371537315944,0.005270871304330185
2018-06-20,113120,269,0.002378005657708628,409000,816,0.001995110024449878,2018,0.002179865533971373,0.005310759761218994
2018-06-21,137980,123,0.000891433541092912,617672,460,0.0007447318317812691,2018,0.002181675560361474,0.005226899017161258
2018-06-22,107671,139,0.001290969713293273,414441,374,0.0009024203686411335,2018,0.001972971735715315,0.005081428230831012
2018-06-25,272940,176,0.0006448303656481278,1171851,10833,0.00924434932427416,2018,0.0019029326764390027,0.004964017308298362
2018-06-26,146516,324,0.002211362581561058,569208,1132,0.00198872819777656,2018,0.001967942846619227,0.004945094076812002
2018-06-27,177773,106,0.0005962660246494124,772238,3098,0.004011716595142948,2018,0.0018875652462422838,0.004654218354256096
2018-06-28,207069,189,0.0009127392318502528,644650,2655,0.004118513922283409,2018,0.0019065973889290653,0.004645681287147318
2018-06-29,149314,295,0.0019757022114470176,525674,5401,0.01027442863828152,2018,0.001915344512815507,0.004945594596121057
2018-07-02,196360,152,0.0007740884090446119,561873,1226,0.0021819877445614934,2018,0.0018568374199782647,0.0049778650881858255
2018-07-03,119616,519,0.004338884430176565,372755,171,0.0004587463615511529,2018,0.00192621569475158,0.0049434098257166706
2018-07-05,185300,1070,0.005774419859686994,519313,3126,0.00601949113540389,2018,0.0020437682167030362,0.005025601662140076
2018-07-06,261415,2304,0.008813572289271848,619523,3962,0.006395242791631626,2018,0.0022316360364403724,0.005099524524356839
2018-07-09,228017,123,0.0005394334632944035,656067,3645,0.005555834998559599,2018,0.0021722731821563327,0.005006764653757169
2018-07-10,237455,103,0.000433766397843802,546815,716,0.0013094008028309392,2018,0.0020693067386445808,0.0047591295420376135
2018-07-11,178964,458,0.0025591739120717017,577084,666,0.0011540780891516659,2018,0.0020935961735876166,0.0040191595044043096
2018-07-12,184405,53,0.00028741086196144356,480865,939,0.0019527310159816165,2018,0.0020858991120624036,0.0034246564866194243
2018-07-13,166227,18,0.00010828565756465556,463084,1125,0.0024293648668492107,2018,0.0020230759554519047,0.0032473764495714874
2018-07-16,150084,12,0.00007995522507395858,498889,2490,0.004991090202429799,2018,0.001998418041402919,0.0033564613710558343
2018-07-17,227346,46,0.00020233476727103182,505387,3301,0.00653162823737057,2018,0.001987635132142312,0.0035296322291760002
2018-07-18,188711,28,0.00014837502848270636,428539,5533,0.012911310289145212,2018,0.0019474828722284693,0.00391943020556099
2018-07-19,141104,42,0.00029765279510148544,494546,2982,0.0060297727612800426,2018,0.0019248240590304007,0.003859272819172108
2018-07-20,121372,128,0.0010546089707675576,453810,5298,0.011674489323725789,2018,0.0019197497974831718,0.004217594162047352
2018-07-23,131868,12,0.000091000091000091,375013,170,0.0004533176183225648,2018,0.0019018001045145428,0.004222880169777995
2018-07-24,191190,33,0.00017260316962184214,511466,400,0.0007820656700543144,2018,0.0018742572406362774,0.004222425039531622
2018-07-25,225816,63,0.000278988202784568,513138,1103,0.0021495192326430705,2018,0.0018627216725697051,0.0042324546398352526
2018-07-26,208296,59,0.0002832507585359296,474223,287,0.0006052005069345013,2018,0.001789874970186441,0.004129706482615213
2018-07-27,168699,60,0.0003556630448313268,665806,1228,0.0018443810959949294,2018,0.0016439651816248012,0.003927977653325742
2018-07-30,160439,62,0.00038643970605650745,571362,537,0.0009398594936310081,2018,0.0014660097173979439,0.003821481726234893
2018-07-31,155097,1,6.44757796733657e-6,381283,562,0.0014739707776113805,2018,0.0013612048325896088,0.0038214690305931128
2018-08-01,134970,12,0.00008890864636585908,409411,320,0.0007816106553072585,2018,0.0012658857530675636,0.003730169752453415
2018-08-02,151575,29,0.0001913244268513937,387012,353,0.0009121164201626822,2018,0.0011929963787056558,0.003694069965643842
2018-08-03,142694,284,0.0019902728916422557,440116,2736,0.006216542911414264,2018,0.0012296243570573003,0.0038764636682982754
2018-08-06,168210,50,0.0002972474882587242,507927,1704,0.003354812797902061,2018,0.0011965002828894823,0.003958210082606973
2018-08-07,227503,404,0.0017758007586713143,438391,4683,0.010682244845354946,2018,0.0012341992959902552,0.004006139933309666
2018-08-08,163300,54,0.00033067973055725657,387295,3889,0.010041441278611911,2018,0.0011715098676234616,0.004274563702670844
2018-08-09,120337,252,0.0020941190157640626,336643,806,0.002394227713037253,2018,0.0012214383006606169,0.0042206474066006534
2018-08-10,184394,61,0.00033081336702929596,801290,40350,0.05035630046549938,2018,0.0012020407718332515,0.005761906958041186
2018-08-13,189921,25,0.00013163367926664245,746812,13821,0.018506665666861273,2018,0.0011405718207605725,0.006036314858993845
2018-08-14,139812,0,0.0,389548,841,0.002158912380502531,2018,0.0011147688737924188,0.00603554568019188
2018-08-15,221326,26,0.00011747377172135222,836465,18646,0.022291428810530027,2018,0.0009740551851772448,0.006763301761824508
2018-08-16,171087,20,0.00011689958909794431,470988,907,0.0019257390846475918,2018,0.0007854711761576099,0.0066268433601326315
2018-08-17,178176,1,5.61242816091954e-6,427437,11806,0.027620444650322738,2018,0.000491872514120579,0.007334350088755669
2018-08-20,160164,4,0.000024974401238730302,438417,2206,0.005031739188945684,2018,0.0004747238787187232,0.007316880228435204
2018-08-21,201379,33,0.00016387011555326028,517532,1722,0.003327330483912106,2018,0.0004657273359757051,0.007384144551137911
2018-08-22,134244,1,7.449122493370281e-6,353221,3367,0.00953227582731491,2018,0.0003806698429897607,0.0076634178090766855
2018-08-23,130405,96,0.0007361680917142748,383366,2086,0.005441275439136491,2018,0.00039562841731485506,0.0077797026231818485
2018-08-24,167605,165,0.0009844575042510665,451670,3610,0.007992560940509664,2018,0.0004248341455377355,0.007965142492303864
2018-08-27,271538,90,0.00033144532256995337,579173,5062,0.008740048310263083,2018,0.00043321714878760193,0.008090107762564972
2018-08-28,192553,270,0.0014022113392156965,411087,2941,0.007154203368143483,2018,0.0004732130345190908,0.008110860266924069
2018-08-29,274584,1083,0.003944148238790315,502541,6381,0.01269747145009064,2018,0.000599738808196011,0.00810373230562225
2018-08-30,191629,1901,0.009920210406566855,621293,6249,0.010058056343786264,2018,0.0009204907285781901,0.008238008425039125
2018-08-31,170619,887,0.005198717610582643,494418,12033,0.02433770615147507,2018,0.001058627683238693,0.008660115652630768
2018-09-04,159421,4,0.000025090797322811926,500560,6370,0.012725747163177242,2018,0.0010564307067827835,0.009069196637459257
2018-09-05,215226,471,0.0021883973125923447,571756,8748,0.01530023296651019,2018,0.0011236238448818004,0.009553135547341118
2018-09-06,221909,2854,0.012861127759577123,645645,5591,0.0086595574967668,2018,0.0015430284967748857,0.00977013682281191
2018-09-07,171337,1284,0.007494003046627407,550125,8243,0.014983867302885708,2018,0.0017833869063779348,0.010249425716010284
2018-09-10,140956,974,0.006909957717301853,490991,2724,0.0055479632009548035,2018,0.002001863395460286,0.010372878452842281
2018-09-11,189676,473,0.002493726143528965,456371,5818,0.012748399876416336,2018,0.0020721062767093674,0.01076649646560179
2018-09-12,171325,1272,0.007424485626732817,492572,9781,0.01985699552552723,2018,0.0023193742116682167,0.011379263957198986
2018-09-13,209103,2633,0.012591880556472168,483740,17523,0.03622400463058668,2018,0.0027361399420050936,0.012560677089708299
2018-09-14,201012,4618,0.022973752810777466,517570,28888,0.05581467241146125,2018,0.0034955542214692966,0.01439076228941825
2018-09-17,199045,3396,0.017061468512145496,683320,13049,0.019096470175027806,2018,0.003997927408819405,0.01482009319820537
2018-09-18,218398,2949,0.013502870905411222,462169,12435,0.026905742271766387,2018,0.004438114856057821,0.015605124180667514
2018-09-19,164015,832,0.005072706764625187,446489,16834,0.03770305651427023,2018,0.00454801172292295,0.01650581790296469
2018-09-20,301962,1316,0.004358164272325657,608083,3031,0.0049845169162762324,2018,0.004682261207648563,0.016337253757553502
2018-09-21,192195,73,0.0003798225760295533,500934,892,0.0017806737015255503,2018,0.004625117992990747,0.016316801957169776
2018-09-24,159187,60,0.0003769152003618386,471845,165,0.0003496911061895326,2018,0.004626654720768497,0.014649914978526116
2018-09-25,123538,81,0.0006556687011283977,374037,202,0.0005400535241165981,2018,0.004644122554830556,0.014051027907101294
2018-09-26,150914,110,0.0007288919517075951,495087,828,0.0016724333298995934,2018,0.00466841895322081,0.014034811938747862
2018-09-27,162076,200,0.001233988992818184,375279,2442,0.006507158673946584,2018,0.0047056361272573705,0.013508669600861748
2018-09-28,134672,224,0.0016633004633479862,480728,9117,0.018964986437236857,2018,0.004757182823065705,0.014076644512614723
2018-10-01,204323,402,0.0019674730696005835,473343,134,0.0002830928100764139,2018,0.00482257817778036,0.01316539945127318
2018-10-02,156130,52,0.00033305578684429644,400494,78,0.00019475947205201577,2018,0.0048328475573005455,0.01300416679404339
2018-10-03,165361,199,0.0012034276522275506,447752,102,0.00022780467758937983,2018,0.00486749947518969,0.012900849267165965
2018-10-04,235969,1142,0.004839618763481644,964793,6736,0.006981808533022109,2018,0.005028571796555965,0.012815833690689537
2018-10-05,242165,6810,0.028121322238969296,783486,1334,0.0017026468883936663,2018,0.005941410268131132,0.012691212738998111
2018-10-08,244177,3283,0.013445164778009396,650714,1392,0.0021391886450883185,2018,0.006356767177256411,0.012496100329150734
2018-10-09,170411,2310,0.013555462968939799,497534,282,0.0005667954350858434,2018,0.006797567765468738,0.012223658566644825
2018-10-10,320796,575,0.001792416364293819,1215601,20214,0.016628811591961508,2018,0.006810574599638009,0.012539478840772092
2018-10-11,557047,1759,0.0031577227774317066,1488106,582,0.0003911011715563273,2018,0.006784360417592722,0.012129266498154283
2018-10-12,340322,522,0.001533841479539965,877450,221,0.0002518662032024617,2018,0.006504814786691826,0.011802393493468155
2018-10-15,237429,19,0.000080023922941174,660757,155,0.00023457942935148625,2018,0.006334191663770443,0.010998955936064037
2018-10-16,349504,1444,0.004131569309650247,871790,1016,0.0011654182773374322,2018,0.006471074280848024,0.010613611639869375
2018-10-17,235728,1481,0.006282664766171181,731376,8681,0.01186940780118571,2018,0.006607549862633985,0.010499250801025227
2018-10-18,215213,749,0.0034802730318335786,735983,2866,0.00389411168464489,2018,0.006294854705042535,0.01034040260728783
2018-10-19,188934,21,0.00011114992537076439,633514,2919,0.004607632980486619,2018,0.006048759601000647,0.009994528129874527
2018-10-22,182946,80,0.00043728750560274616,567677,51,0.00008983982088405907,2018,0.005833003927277342,0.009812590683872167
2018-10-23,388145,4,0.000010305427095544192,1144898,5379,0.004698235126622634,2018,0.005750223236729562,0.009544251858879046
2018-10-24,372189,218,0.0005857239198364272,1280104,1641,0.0012819270934236594,2018,0.0055222645131663495,0.008925082911142261
2018-10-25,365258,194,0.0005311314194350295,984209,2356,0.002393800503754792,2018,0.005120239541931778,0.007797409440247862
2018-10-26,411014,252,0.0006131178013401003,1355483,1541,0.0011368641288750946,2018,0.0043748850416171995,0.005974815830828325
2018-10-29,350667,127,0.00036216695611506074,1217076,460,0.00037795503321074445,2018,0.0038182416564161844,0.005350865326101089
2018-10-30,306907,12,0.000039099792445268435,762497,1186,0.0015554159557349078,2018,0.0033694492859839857,0.0045058544489000405
2018-10-31,314088,465,0.001480476809047146,818099,725,0.0008862008143268724,2018,0.0032497082874647174,0.0032786259255685943
2018-11-01,238204,608,0.0025524340481268156,638308,23,0.00003603276161351573,2018,0.0031895172799914226,0.0031136764537465036
2018-11-02,221469,342,0.0015442341817590724,626094,40,0.00006388817014697474,2018,0.0032283310001824076,0.0030564502693672183
2018-11-05,180244,67,0.0003717183373649054,452938,46,0.00010155915379146815,2018,0.0032281577714158424,0.0030481792042872822
2018-11-06,212524,726,0.0034160847716022662,461735,186,0.00040282846221317424,2018,0.003320171640431638,0.0030436050355571683
2018-11-07,359171,2635,0.007336338401485644,789847,5783,0.007321671159097902,2018,0.00354041985542424,0.003231912963197112
2018-11-08,205189,1688,0.008226561852730897,533332,257,0.0004818762046905117,2018,0.00377350561742133,0.0030310702142219096
2018-11-09,238414,133,0.0005578531462078569,556198,23,0.000041352180338656375,2018,0.0037366573735166594,0.002400282405658636
2018-11-12,266492,195,0.0007317292826801555,821358,42,0.00005113482793130401,2018,0.003695465913952645,0.002392550472920466
2018-11-13,249981,385,0.0015401170488957162,628939,158,0.00025121673167032097,2018,0.003735701289354359,0.002394432381574409
2018-11-14,261734,172,0.0006571557382686238,658095,666,0.001012011943564379,2018,0.0037174922255557284,0.0024205726237735764
2018-11-15,294645,1195,0.004055728079553361,727871,8323,0.01143471851468186,2018,0.0036913625360914517,0.002569002956495568
2018-11-16,190989,1,5.235903638429438e-6,455336,422,0.0009267881300841576,2018,0.0027541596582470896,0.002543140997885251
2018-11-19,245985,5,0.00002032644266926845,667429,113,0.00016930639813373408,2018,0.0023066650470690855,0.0024774782563200975
2018-11-20,340404,7,0.00002056380066039177,910708,3684,0.004045204390430303,2018,0.0018555017414597721,0.0025934252214982467
2018-11-21,209773,28,0.00013347761628045555,514146,5638,0.010965756808377388,2018,0.0018002037831926598,0.0024046567287121096
2018-11-23,148961,3,0.00002013949960056659,346405,366,0.0010565667354685989,2018,0.001695617673931622,0.002426838914175852
2018-11-26,220997,22,0.00009954886265424417,592921,518,0.0008736408391674439,2018,0.0016478079200354314,0.0024475647353746845
2018-11-27,197736,19,0.00009608771291014282,498088,656,0.0013170363469908932,2018,0.0016483433797010636,0.0024836466326293312
2018-11-28,424108,1143,0.002695068237335773,720231,2660,0.003693259523680597,2018,0.0016004600106239142,0.002567908007507437
2018-11-29,284452,670,0.0023554061845232235,512470,25,0.00004878334341522431,2018,0.001469551391235649,0.0021738871922484205
2018-11-30,266701,86,0.0003224584834702532,509924,58,0.0001137424400498898,2018,0.0013642909062902048,0.0020478748840952543
2018-12-03,277224,91,0.0003282544079877644,734103,7121,0.009700273667319164,2018,0.0013715277223774385,0.0022176295736563386
2018-12-04,287687,93,0.000323267996120784,1054291,16608,0.015752766551170406,2018,0.001367727072061373,0.0027397271313325507
2018-12-06,399839,127,0.0003176278452076961,1242952,9170,0.007377597847704497,2018,0.0013779711526651112,0.0028290392220352793
2018-12-07,324620,358,0.001102827921877888,910178,900,0.0009888175719474652,2018,0.00139520795273316,0.0028192689046527396
2018-12-10,428095,1,2.3359301089711397e-6,950561,5492,0.005777640782653612,2018,0.0013775814364222912,0.0029320635806160335
2018-12-11,250348,0,0.0,683972,947,0.0013845596018550468,2018,0.0013571441763776215,0.0029403200963820314
2018-12-12,234709,15,0.0000639089255205382,550518,1162,0.0021107393400397446,2018,0.0013472022420244706,0.0029980795732763316
2018-12-13,205403,159,0.0007740880123464604,503072,486,0.0009660644997137586,2018,0.0013717018493545105,0.0029784345247422933
2018-12-14,336372,1012,0.0030085738408666594,782487,4145,0.005297212605449036,2018,0.0014226384170818273,0.003125468251113032
2018-12-17,472608,699,0.0014790270160471258,1249290,10634,0.008512034835786726,2018,0.0013868581826791712,0.0034080016535854725
2018-12-18,413752,156,0.0003770374523869371,831905,1540,0.0018511729103683713,2018,0.0013479516250334334,0.003467577811592853
2018-12-19,367435,2396,0.0065208812443017135,773017,3829,0.004953319267234744,2018,0.001552923721931327,0.003629303148707628
2018-12-20,598582,3709,0.00619631061408462,1640377,7174,0.004373384898715357,2018,0.0016455979166807384,0.003761655029924368
2018-12-21,483902,889,0.0018371488441874593,1128335,1799,0.001594384646403772,2018,0.0014622915981041325,0.00357074547950123
2018-12-24,489618,181,0.0003696759514560331,1110130,2,1.8015908046805329e-6,2018,0.0012003954013949701,0.003554742992371703
2018-12-26,714788,110,0.00015389178329798485,1455733,452,0.0003104964990145858,2018,0.001186930022631308,0.0035637144696609
2018-12-27,564167,44,0.00007799109129034488,1100596,50,0.00004542993069209774,2018,0.0011651387495849811,0.0035635243064195935
2018-12-28,473893,98,0.0002067977370419061,915143,14,0.00001529815558879869,2018,0.0011206947725231871,0.0035556603538835427
2018-12-31,335706,26,0.00007744872001096198,778060,249,0.00032002673315682594,2018,0.001101371205247932,0.0035325941802032907
2019-01-02,320674,24,0.0000748423632723576,781680,7,8.95507112885068e-6,2019,0.0009686750147052318,0.0031517353987515237
2019-01-03,373267,3,8.037142313678948e-6,843952,0,0.0,2019,0.0009687683893277401,0.003120842461082052
2019-01-04,374333,174,0.000464826771884926,711179,57,0.00008014859831350476,2019,0.000983585066968262,0.0031178705344213774
2019-01-07,330803,1,3.0229471921355007e-6,726422,396,0.0005451376747950916,2019,0.0009830003718526534,0.0030012016439002038
2019-01-08,275547,22,0.00007984118861754983,637571,237,0.00037172330611022145,2019,0.0009812124909305566,0.0026480671938246317
2019-01-09,274490,638,0.002324310539546067,644516,87,0.00013498501200901142,2019,0.0010580181922620732,0.0026173478030426453
2019-01-10,286516,37,0.00012913763978276955,462119,19,0.00004111495091091256,2019,0.001059004484833024,0.002589596940100761
2019-01-11,184527,108,0.000585280202897137,456982,85,0.00018600294978795664,2019,0.001075310901165924,0.0025518958268606635
2019-01-14,240876,106,0.00044006044603862567,474095,134,0.0002826437739271665,2019,0.0010001439747893523,0.0024382086352022153
2019-01-15,250532,128,0.0005109127776092475,546536,51,0.00009331498748481344,2019,0.0009386608612255532,0.0024396930233378683
2019-01-16,273547,622,0.0022738322847627645,565068,600,0.0010618191084966766,2019,0.0010037066546019703,0.0024712955789527613
2019-01-17,235256,26,0.00011051790390043187,467133,123,0.00026330830834045123,2019,0.0009964487711323926,0.0021567300669868045
2019-01-18,342488,17,0.000049636775595057346,760112,143,0.000188130170290694,2019,0.0009873277304482016,0.0016379088542908136
2019-01-22,309211,37,0.00011965939116008162,744334,24,0.00003224358957134835,2019,0.0009807287819799477,0.0013930637123530422
2019-01-23,211486,3,0.000014185336145182187,503613,7,0.000013899561766674013,2019,0.0009444406957888577,0.001360566445347016
2019-01-24,183897,11,0.00005981609270406804,363269,28,0.0000770778679160622,2019,0.0009463567012086942,0.0011705476815224306
2019-01-25,216721,2,9.228455018203128e-6,513078,19,0.00003703140653078089,2019,0.0009466643163759676,0.0011256300750116218
2019-01-28,196455,21,0.00010689470871191876,473249,29,0.00006127852356793147,2019,0.0009480971758156803,0.0010573147144625618
2019-01-29,135953,1,7.355483144910373e-6,332497,22,0.00006616601052039567,2019,0.0009225394248422953,0.001027318098156116
2019-01-30,228306,1,4.380086375303321e-6,535229,108,0.0002017827883018297,2019,0.0008223996330259166,0.0008574704375845425
2019-01-31,321097,0,0.0,610018,384,0.0006294896216177228,2019,0.0007730987324910125,0.0005947189304455757
2019-02-01,238523,27,0.00011319663093286602,529260,203,0.0003835543967048332,2019,0.0007643040384425435,0.0005457983133234578
2019-02-04,202231,7,0.000034613882144676136,523961,227,0.00043323835170938293,2019,0.0005480951263706422,0.0003951289494726125
2019-02-05,245982,20,0.00008130676228341911,556897,1,1.7956641892486402e-6,2019,0.00034426166464393554,0.0002494093083217422
2019-02-06,161531,4,0.00002476304857891055,394315,13,0.00003296856574058811,2019,0.0002838488047903173,0.0001973621056329694
2019-02-07,209014,1,4.7843685112002065e-6,696059,646,0.0009280822459015687,2019,0.00027168575202548954,0.00022823812746953232
2019-02-08,170466,4,0.000023465089812631256,461744,117,0.00025338715825219167,2019,0.0002673381955759777,0.00022633448277745253
2019-02-11,162516,1,6.153240296340053e-6,407769,16,0.000039237901851293254,2019,0.0002649436005428442,0.0002261280818160924
2019-02-12,244084,0,0.0,563894,58,0.00010285621056439686,2019,0.0002580503426414474,0.0002290466836486123
2019-02-13,233763,1,4.277836954522315e-6,544321,1583,0.002908210412605797,2019,0.0002556113132062327,0.00031531947296357796
2019-02-14,177145,7,0.00003951565102035056,424029,307,0.0007240070844211127,2019,0.0002544337561311658,0.00033915454007332004
2019-02-15,202288,0,0.0,501588,217,0.0004326259798878761,2019,0.0002541658513873765,0.0003535754060695826
2019-02-19,226521,1,4.4146017367043236e-6,496885,42,0.00008452660072250119,2019,0.00023881877904910248,0.0003537213394832158
2019-02-20,157142,1,6.363671074569498e-6,387714,59,0.00015217402518351156,2019,0.0002389301365118503,0.0003406225511628298
2019-02-21,159030,3,0.000018864365214110545,435137,50,0.00011490633984239446,2019,0.0002368975757317356,0.00033206198562056897
2019-02-22,200393,0,0.0,419259,113,0.00026952313486412933,2019,0.00015942055774686672,0.0003365465897157396
2019-02-25,247206,2,8.090418517349903e-6,589171,729,0.0012373317763433706,2019,0.0001553856503713527,0.0003764204838968215
2019-02-26,194132,2,0.00001030226855953681,393535,20,0.000050821400891915584,2019,0.00013621971922676607,0.0003719144322669534
2019-02-27,165228,6,0.00003631345776744862,371576,69,0.00018569552393050143,2019,0.0001227614862843935,0.00036868282393373125
2019-02-28,162064,2,0.00001234080363313259,366090,2,5.46313747985468e-6,2019,0.00010614242048518965,0.00036575442893356595
2019-03-01,182231,27,0.0001481635945585548,403085,279,0.000692161702866641,2019,0.00003528679747838266,0.0003534325154125648
2019-03-04,236986,41,0.00017300600035445132,607799,45,0.00007403763415207988,2019,0.000037369734026849984,0.0003471234929396191
2019-03-05,149819,7,0.000046723045808609056,342463,51,0.0001489211973264265,2019,0.00003727260970063503,0.00034581652717414346
2019-03-06,185314,48,0.0002590198258091671,532343,104,0.00019536276423283484,2019,0.00004191795752227122,0.000351253832996193
2019-03-07,266458,164,0.0006154816143632392,738963,151,0.00020434040675920175,2019,0.00006196116679620646,0.0003576018611626106
2019-03-08,289259,92,0.0003180540622763682,653441,596,0.000912094588493835,2019,0.00007056909911528313,0.0003854357518485364
2019-03-11,238762,87,0.0003643795913922651,492533,195,0.0003959125581433122,2019,0.00008240747032775185,0.0003973984569022874
2019-03-12,184100,283,0.0015372080391091798,474061,426,0.0008986185322142087,2019,0.00013008458134099388,0.00042530979052382995
2019-03-13,234822,116,0.0004939911933294155,581683,1217,0.0020922048607231085,2019,0.0001463057716804774,0.0004928444188639204
2019-03-14,158803,52,0.00032744973331738067,350886,1621,0.004619734044675479,2019,0.00015707475991188,0.0006401094607430422
2019-03-15,205751,11,0.000053462680618806226,483304,367,0.0007593564299074703,2019,0.0001588568492658402,0.0006444383543527004
2019-03-18,212590,29,0.00013641281339667907,481157,411,0.0008541910436718161,2019,0.00015963072201463397,0.0006601262425849331
2019-03-19,247301,33,0.0001334406249873636,599621,229,0.0003819079051600928,2019,0.0001629249467760569,0.0006584152276999567
2019-03-20,200844,9,0.000044810898010396126,411306,130,0.00031606638366568927,2019,0.00016170841796695612,0.0006688909183491714
2019-03-21,248980,10,0.000040163868583821995,469504,68,0.00014483369683751364,2019,0.00016222177863378648,0.0006726197560524024
2019-03-22,265032,13,0.000049050680672522564,756002,1153,0.0015251282404014804,2019,0.00016369732237249722,0.0006925212892023994
2019-03-25,216842,9,0.00004150487451692938,538518,121,0.00022469072528680565,2019,0.0001642986485293072,0.0006915647414368864
2019-03-26,179992,7,0.00003889061736077159,410330,42,0.00010235663977773987,2019,0.0001653898944314549,0.0006936686993677681
2019-03-27,191577,10,0.00005219833278525084,532180,204,0.00038332894885189224,2019,0.00016712983885762992,0.0007030177906440178
2019-03-28,175151,6,0.00003425615611672214,317646,322,0.0010137070827273128,2019,0.00016812911616303656,0.0006398676796480685
2019-03-29,219946,6,0.000027279423131132187,428005,356,0.0008317659840422425,2019,0.00016772124190006263,0.0006434596429687727
2019-04-01,282510,35,0.00012388941984354537,502301,686,0.0013657149796635882,2019,0.00017185088922818084,0.0006745626096279631
2019-04-02,202577,28,0.00013821904757203434,376553,228,0.0006054924539175096,2019,0.0001763110374226918,0.0006919281380677967
2019-04-03,274249,37,0.0001349138921199348,517937,180,0.0003475326149705466,2019,0.00018059604479087066,0.000698440091060698
2019-04-04,172049,21,0.00012205825084714239,325636,195,0.0005988281393949072,2019,0.00018403584097863835,0.0007145708177124483
2019-04-05,200195,30,0.00014985389245485652,451213,342,0.000757956885107477,2019,0.00018903097072713357,0.00073085194272056
2019-04-08,178065,8,0.000044927414146519527,367237,80,0.0002178429733387431,2019,0.00019025887058143925,0.0006968689826204056
2019-04-09,162709,66,0.00040563214081581225,458030,87,0.00018994389013820054,2019,0.00020343653298998175,0.0007015063989286151
2019-04-10,123832,3,0.000024226371212610633,329457,232,0.0007041890140443214,2019,0.00020303363010482049,0.0007187895152657425
2019-04-11,173397,40,0.00023068449857840677,323362,393,0.0012153561642988353,2019,0.00021031175326966298,0.0007591192828263752
2019-04-12,203752,16,0.00007852683654638972,446086,650,0.0014571181341714377,2019,0.00020799052800259078,0.0007846178305365351
2019-04-15,185431,30,0.00016178524626410902,368200,320,0.0008690928843020098,2019,0.00020761650286624605,0.0008111196722081994
2019-04-16,162941,218,0.0013379075861815013,399715,1120,0.0028019964224509962,2019,0.00025065598754534245,0.0008995555130456852
2019-04-17,175411,54,0.00030784842455718286,345104,1190,0.0034482358941072835,2019,0.00025228360750360966,0.0010079846173748333
2019-04-18,164753,1,6.069692205908239e-6,365572,225,0.0006154738327880691,2019,0.00023196987676503194,0.001021689064909129
2019-04-22,147350,27,0.0001832371903630811,318760,130,0.0004078303425774878,2019,0.00022747598103458905,0.0010048802567119174
2019-04-23,258544,6,0.00002320688161396126,451582,20,0.000044288744901258244,2019,0.00021610355737531226,0.0009931594629371823
2019-04-24,156702,1,6.3815394825847785e-6,368272,28,0.00007603075987313725,2019,0.00016507600738775908,0.0009657398705258132
2019-04-25,177436,0,0.0,388060,45,0.00011596144926042365,2019,0.00014860963427677857,0.0008998650901437237
2019-04-26,149860,3,0.00002001868410516482,372713,157,0.00042123564243801533,2019,0.00013836193263637138,0.0007599151434024749
2019-04-29,214581,9,0.00004194220364337942,487003,145,0.00029773943897676194,2019,0.00013797791673719048,0.0007445279103714513
2019-04-30,182469,3,0.000016441148907485654,462492,90,0.00019459796061337278,2019,0.00013397886125421737,0.0007225414742695033
2019-05-01,160543,0,0.0,500834,44,0.00008785346042800608,2019,0.00012953084042130524,0.0007127396594451003
2019-05-02,170316,43,0.00025247187580732287,598544,1365,0.0022805340960731376,2019,0.00013645287301453614,0.0007782219165253485
2019-05-03,170694,2,0.000011716873469483402,412954,319,0.000772483133714651,2019,0.00013550463984405818,0.0007991435644212531
2019-05-06,209902,0,0.0,642823,50,0.00007778190886138175,2019,0.0001338696171549741,0.0007508986867032499
2019-05-07,278959,73,0.00026168720134500054,1053805,110,0.00010438363833916142,2019,0.00014120902804924315,0.0007468884504716617
2019-05-08,214984,12,0.00005581810739403863,659637,2,3.0319706141408076e-6,2019,0.00014177327771701872,0.0007435776281662084
2019-05-09,303718,567,0.0018668633403354428,848794,168,0.00019792788356185365,2019,0.00020226211130202514,0.0007373975926565405
2019-05-10,268119,336,0.001253174896221454,668584,184,0.00027520850035298483,2019,0.00024289273597218283,0.0007127809732440628
2019-05-13,272428,14,0.0000513897249915574,856214,144,0.00016818225350204505,2019,0.0002436964127008637,0.0006906615155593895
2019-05-14,226728,10,0.00004410571257189231,630812,37,0.000058654559520110587,2019,0.00024103695579180857,0.0006470928348879404
2019-05-15,222823,280,0.0012566027743994112,473109,4,8.454711282178102e-6,2019,0.0002783164133527211,0.000627191576800096
2019-05-16,241466,1375,0.005694383474277952,509202,30,0.00005891571517786654,2019,0.0004636320660913217,0.0006175710134736733
2019-05-17,169409,879,0.005188626342166,464241,60,0.000129243216346682,2019,0.0006325176691352837,0.0006019181827053992
2019-05-20,193856,219,0.0011297045229448663,417042,5,0.000011989200128524226,2019,0.0006651793568182839,0.0005770525932061008
2019-05-21,141807,32,0.00022565881797090412,334335,74,0.00022133488865957798,2019,0.0006712037369457634,0.000577168990383462
2019-05-22,119572,57,0.00047670023082326966,351122,244,0.0006949151576944766,2019,0.0006735726732793455,0.0005940013659686711
2019-05-23,244608,122,0.0004987571951857666,673052,941,0.0013981089128328867,2019,0.0006893903674117838,0.0006171320292616233
2019-05-24,153467,37,0.00024109417659822632,418873,205,0.0004894084841944933,2019,0.0006897373566791112,0.0005929337732581453
2019-05-28,179506,21,0.00011698773300056823,546635,138,0.00025245364822962306,2019,0.0006910193865609172,0.000552778290393418
2019-05-29,288265,6,0.000020814181395590864,826551,2695,0.003260536857374802,2019,0.0006863203510652998,0.0006324930894958445
2019-05-30,226234,56,0.0002475313171318193,546557,747,0.001366737595529835,2019,0.0006499744754303105,0.0005846511285984723
2019-05-31,330023,0,0.0,868683,1860,0.0021411723263837328,2019,0.0006397128612784045,0.0005410823430076873
2019-06-03,374808,0,0.0,799668,565,0.0007065432154344052,2019,0.0006395105382048741,0.0005441179890958986
2019-06-04,373010,18,0.00004825607892549797,679571,195,0.0002869457348827422,2019,0.0006350111678236213,0.0005400885021727403
2019-06-05,345520,1616,0.00467700856679787,581397,236,0.000405918847190474,2019,0.000790137890663085,0.0005521428389157144
2019-06-06,349987,1284,0.0036687076948572375,583940,47,0.00008048772134123368,2019,0.0009122154291755733,0.0005522914042979842
2019-06-07,451685,1509,0.0033408238041998297,809703,71,0.00008768647269430891,2019,0.001023576222648901,0.0005513489050791137
2019-06-10,395686,593,0.0014986630813321675,674048,7,0.000010385017090770984,2019,0.0010728643692231345,0.0005376538842342055
2019-06-11,316160,24,0.00007591093117408907,525599,15,0.000028538867083080446,2019,0.0010739966601408248,0.0005286805318377494
2019-06-12,197723,33,0.00016690015830227135,449797,95,0.0002112063886597732,2019,0.0010790119604539843,0.0005292341461059628
2019-06-13,188230,4,0.000021250597673059554,395927,143,0.00036117769184723446,2019,0.0010797203137097528,0.000538344953819937
2019-06-14,216762,9,0.00004152019265369391,383333,30,0.00007826093761820663,2019,0.0010726885909379653,0.000464935848538106
2019-06-17,201408,8,0.00003972036860502066,481495,19,0.000039460430534065774,2019,0.0010736220407758165,0.00044050175843208655
2019-06-18,378214,109,0.00028819662942143864,694194,97,0.00013973039236870384,2019,0.0010832285950898644,0.00044256670788233053
2019-06-19,288470,213,0.0007383783409020002,504369,1688,0.00334675604567291,2019,0.0010991182997417647,0.0005506457881267889
2019-06-20,483819,72,0.00014881598283655664,779215,5719,0.007339437767496775,2019,0.0011022182289231817,0.0007951926480228767
2019-06-21,328487,1,3.044260503459802e-6,641145,1547,0.0024128707234712895,2019,0.0010400909262621156,0.000869024076019858
2019-06-24,265308,92,0.0003467667767274262,524908,117,0.00022289620276315088,2019,0.0010098773222789814,0.0008672803327668635
2019-06-25,341436,59,0.00017279958762403494,688180,24,0.00003487459676247493,2019,0.001013924317700064,0.0008628367442088778
2019-06-26,224517,108,0.0004810326166838146,485594,145,0.00029860336000856684,2019,0.0010284885478371282,0.0008708350375584929
2019-06-27,225319,321,0.0014246468340441774,392743,68,0.00017314121448377184,2019,0.0010340900164919537,0.0008763245876652128
2019-06-28,270408,445,0.001645661370965356,545375,313,0.0005739170295668118,2019,0.0008991326130482004,0.0008934912981448442
2019-07-01,305672,2272,0.007432803789683059,699284,469,0.0006706860159820617,2019,0.0009739385279654357,0.0009115393914660236
2019-07-02,220599,721,0.003268373836690103,551228,265,0.0004807448097701858,2019,0.001045227505090277,0.000927164578454079
2019-07-03,258888,151,0.0005832638051976144,496915,350,0.000704345813670346,2019,0.0010571476713311671,0.0009432649426211046
2019-07-05,211821,89,0.00042016608362721353,569551,16717,0.02935119067475959,2019,0.0010552631997579655,0.0018984741265232752
2019-07-08,248507,46,0.0001851054497458824,542999,403,0.0007421744791426872,2019,0.001044808141576636,0.0018766096454002684
2019-07-09,212824,14,0.00006578205465548999,402533,73,0.0001813515910496779,2019,0.0010389644041785449,0.0018663410822954412
2019-07-10,252714,109,0.00043131761596112604,526751,207,0.0003929750489320381,2019,0.0010494420669438966,0.0018710251289855218
2019-07-11,184517,1,5.419554837765626e-6,474779,900,0.0018956188036960355,2019,0.0010489289127253024,0.0018255278605295632
2019-07-12,238153,0,0.0,486489,1506,0.0030956506724715257,2019,0.0010406778688209085,0.001883158296427619
2019-07-15,193668,18,0.00009294256149699486,557276,2071,0.0037162913888270804,2019,0.0010437759542041417,0.0019356622651757309
2019-07-16,212330,12,0.00005651580087599491,494628,1582,0.0031983632143752477,2019,0.0010456598142333416,0.002018722931807092
2019-07-17,204586,10,0.000048879199945255296,515074,803,0.0015589992894224907,2019,0.0010456805849340001,0.002061124716958417
2019-07-18,208057,6,0.000028838251056200945,490918,498,0.0010144260344904853,2019,0.0008907415744092778,0.0020814082898684178
2019-07-19,175282,0,0.0,591791,310,0.0005238335831399937,2019,0.0007684513179140365,0.0020961864852617096
2019-07-22,182753,1,5.471866398910004e-6,456244,441,0.000966588053760707,2019,0.0006572729199873391,0.0021254832046305894
2019-07-23,175541,0,0.0,424702,120,0.0002825510593310133,2019,0.0006073174839429336,0.0021345554060385975
2019-07-24,179220,0,0.0,450172,213,0.000473152483939472,2019,0.000604787119570464,0.002149375859933811
2019-07-25,182028,9,0.00004944294284395807,538565,266,0.0004939050996629933,2019,0.0006008718790551869,0.002158799150300585
2019-07-26,209318,2,9.55484000420413e-6,406890,329,0.0008085723414190568,2019,0.000600482020466225,0.002173712305286312
2019-07-29,206241,0,0.0,435588,617,0.0014164761196359863,2019,0.0005990980140444353,0.0022183194780202383
2019-07-30,164874,1,6.065237696665332e-6,502155,316,0.000629287769712539,2019,0.0005979761763474901,0.0022379803893261873
2019-07-31,201521,36,0.00017864143191032201,798638,7049,0.008826276736143284,2019,0.0005943243364304529,0.002527531934118673
2019-08-01,270516,18,0.00006653950228452291,1056256,2056,0.0019464978187106155,2019,0.000571929708476537,0.0024808566598865964
2019-08-02,332300,47,0.00014143845922359315,1226241,1862,0.0015184617053254621,2019,0.0005716837910227714,0.002286824124480886
2019-08-05,482324,72,0.0001492772493178859,1577545,506,0.0003207515474994374,2019,0.0005765582239832523,0.0022170868186151575
2019-08-06,396974,8,0.000020152453309284738,1003357,23,0.00002292304733011281,2019,0.0005656710798693143,0.00221042104676739
2019-08-07,367386,0,0.0,775147,187,0.00024124456393432472,2019,0.0005599110936151797,0.002217300045673118
2019-08-08,338706,105,0.00031000336575082816,807745,77,0.00009532711437396703,2019,0.0005542101185840801,0.0022105241708186315
2019-08-09,277422,2,7.209233586377432e-6,748469,3,4.008182035595329e-6,2019,0.0005069621985688203,0.002204886403070359
2019-08-12,282815,7,0.000024751162420663684,870883,251,0.00028821322726474164,2019,0.00045293185828399715,0.002195362942993623
2019-08-13,296642,23,0.00007753453657944593,835365,392,0.00046925595398418653,2019,0.00020775621651387673,0.002188648607593694
2019-08-14,395820,7,0.000017684806225051792,1070256,303,0.000283109835403866,2019,0.00009939991549837504,0.002182060775114817
2019-08-15,331909,0,0.0,705601,27,0.00003826525189164981,2019,0.00007995778865845456,0.002159858089722194
2019-08-16,267849,1,3.733446830116969e-6,624859,92,0.00014723321581348753,2019,0.000066076700765218,0.0011863928410906566
2019-08-19,247340,25,0.00010107544271043907,676347,140,0.00020699433870483643,2019,0.00006327570053070324,0.0011685535030760618
2019-08-20,205197,13,0.00006335375273517644,558067,50,0.00008959497694721243,2019,0.00006319475713335944,0.0011654949492726464
2019-08-21,194851,0,0.0,579915,338,0.0005828440374882526,2019,0.000048817503267988586,0.0011718239155578533
2019-08-22,228942,3,0.000013103755536336714,533519,1,1.8743474927790762e-6,2019,0.00004907364329127428,0.0011086991003510782
2019-08-23,340027,1,2.940942925120652e-6,1240620,3882,0.0031290806209798325,2019,0.00004917167472211163,0.0011098134319680218
2019-08-26,300132,0,0.0,764558,405,0.0005297178238930205,2019,0.00004607358933887847,0.0010035943131368864
2019-08-27,290893,0,0.0,741336,160,0.00021582656177495765,2019,0.00004418972930967864,0.0009041764247168768
2019-08-28,277621,1,3.6020329874180987e-6,585721,573,0.0009782814684807272,2019,0.000042680490411084075,0.0008848191640188181
2019-08-29,271123,1,3.688362846383376e-6,710778,133,0.0001871189035113636,2019,0.000041842160804090153,0.0008572422596528473
2019-08-30,230636,0,0.0,631559,27,0.00004275135023014477,2019,0.000041842160804090153,0.0008412061852225189
2019-09-03,213012,0,0.0,676878,273,0.0004033223121448769,2019,0.00004165976525745982,0.0008224306605019913
2019-09-04,215527,0,0.0,621117,679,0.0010931917819026046,2019,0.00004165976525745982,0.0008494520179210443
2019-09-05,288312,77,0.0002670717833458198,825057,1197,0.0014508088532065057,2019,0.00005056215803565381,0.0008820405635632788
2019-09-06,237054,23,0.00009702430669805192,643950,1116,0.0017330538085255066,2019,0.000052148203497456946,0.0009233455205253626
2019-09-09,232406,15,0.0000645422235226285,607125,536,0.0008828494955733993,2019,0.000053981116281404424,0.0009258214256638407
2019-09-10,189641,13,0.00006855057714312833,576647,1126,0.001952667749940605,2019,0.0000562661355195087,0.000943694480007328
2019-09-11,243303,0,0.0,697901,997,0.0014285693816171634,2019,0.000056063960929619853,0.0009703372004041487
2019-09-12,359855,5,0.000013894485278792847,807550,695,0.0008606278249024828,2019,0.00005057239604190222,0.0007048155700294554
2019-09-13,223553,1,4.4732121689263846e-6,568616,194,0.00034117928443800385,2019,0.000048503519704715663,0.0006513049522203683
2019-09-16,245008,0,0.0,605584,1772,0.002926101085893947,2019,0.000043788904397262567,0.0006982262649059846
2019-09-17,220666,0,0.0,483447,1662,0.0034378122110593303,2019,0.00003881299608666636,0.0008021282870246476
2019-09-18,261394,6,0.000022953855099964037,642178,4334,0.00674890762374295,2019,0.00003890637614635568,0.0010263277729050755
2019-09-19,260305,16,0.0000614663567737846,670548,8050,0.012005106271288557,2019,0.00004095525470548183,0.00141845649648355
2019-09-20,225513,0,0.0,595384,72,0.00012093035755075716,2019,0.00003062180918045422,0.001419309937922776
2019-09-23,222803,0,0.0,511299,408,0.0007979675297624286,2019,0.00003038150139424164,0.0014457752495136706
2019-09-24,316729,0,0.0,948621,2717,0.0028641575508026916,2019,0.000029556462646886184,0.0015316400602982691
2019-09-25,249225,0,0.0,614193,901,0.001466965595504996,2019,0.000026971978094237984,0.0015648970483489626
2019-09-26,184551,0,0.0,535990,81,0.00015112222242952294,2019,0.000026382484553402925,0.001560497461249818
2019-09-27,274210,0,0.0,844164,4699,0.005566453911799129,2019,0.000026382484553402925,0.0017447704165800672
2019-09-30,208171,0,0.0,575638,329,0.0005715397524138434,2019,0.000026258036325732365,0.0017589139678000792
2019-10-01,269684,7,0.000025956304415538184,894281,8,8.945734058981462e-6,2019,0.000023754065049235665,0.0017523123476452173
2019-10-02,419456,0,0.0,1212945,23,0.000018962112874037983,2019,0.00002164227329139645,0.001749957918842778
2019-10-03,380177,2,5.260707512553364e-6,946122,192,0.00020293365971830272,2019,0.000021817630208481562,0.0017372942395837798
2019-10-04,357036,6,0.000016805028064396868,720385,88,0.00012215690221201164,2019,0.000021941005959416902,0.0017413036580744207
2019-10-07,237346,0,0.0,581960,56,0.00009622654477970995,2019,0.000021842974528579543,0.0016402085222010836
2019-10-08,315919,0,0.0,815518,52,0.00006376315421609332,2019,0.000021842974528579543,0.001624676699878519
2019-10-09,252570,0,0.0,573104,18,0.000031407912002010105,2019,0.000021842974528579543,0.0016185294115527544
2019-10-10,266196,0,0.0,600313,88,0.00014659019544804126,2019,0.000021722906762332276,0.0015908063691183313
2019-10-11,392543,564,0.0014367852693845005,854151,2830,0.0033132315012216807,2019,0.00006949280364693617,0.001695010122375342
2019-10-14,261587,0,0.0,602855,120,0.0001990528402352141,2019,0.00006949280364693617,0.0017002201720421777
2019-10-15,330061,5,0.000015148714934512106,667414,544,0.0008150862882708484,2019,0.00006999776081141991,0.0017139456379130433
2019-10-16,237858,0,0.0,529591,567,0.0010706375297163282,2019,0.00006999776081141991,0.001713193829506834
2019-10-17,213329,34,0.0001593782373704466,518519,824,0.0015891413815115744,2019,0.00006640797594557414,0.00171780491378367
2019-10-18,221778,11,0.0000495991486982478,521684,236,0.0004523811349399253,2019,0.00006482713734558066,0.0016751158246641504
2019-10-21,224180,1,4.460701222232135e-6,496074,343,0.0006914291013034345,2019,0.00006282441993556746,0.0016687351448551517
2019-10-22,241882,0,0.0,569928,54,0.0000947488103760475,2019,0.00006053940069746318,0.0016068045135363327
2019-10-23,180346,1,5.5448970312621296e-6,398101,160,0.0004019080585077656,2019,0.000060724230598505247,0.0015725824694326864
2019-10-24,208247,0,0.0,405792,66,0.0001626449018216229,2019,0.00006026108108921216,0.0015493163719966577
2019-10-25,290774,0,0.0,554589,98,0.00017670743559645072,2019,0.00006011197401691461,0.0015438339770352727
2019-10-28,267820,10,0.000037338510940183704,604131,49,0.00008110823645864887,2019,0.00006135659104825407,0.001449000882054096
2019-10-29,202783,0,0.0,473715,74,0.00015621206843777376,2019,0.00006135659104825407,0.0013396142106333773
2019-10-30,185179,21,0.00011340378768650874,475426,927,0.0019498302574953831,2019,0.00006437158880113889,0.001179644965091792
2019-10-31,212918,7,0.00003287650644849191,501634,122,0.00024320520538878944,2019,0.0000634185937902958,0.0007875815962284663
2019-11-01,272395,33,0.00012114759815708805,606448,278,0.00045840698625438617,2019,0.00006745684706219874,0.0007988308171852539
2019-11-04,333678,2217,0.006644129969611422,670251,1418,0.0021156253403575675,2019,0.0002889278460492461,0.0008427527442050919
2019-11-05,211627,50,0.00023626474882694552,483247,452,0.000935339484776936,2019,0.000296803337676811,0.0007784588086709001
2019-11-06,171337,15,0.00008754676456340429,399958,95,0.00023752494011871248,2019,0.0002997215631622578,0.0007374774534913573
2019-11-07,278032,8,0.000028773666340565116,567500,69,0.00012158590308370044,2019,0.00030068068537360997,0.0007364929095131632
2019-11-08,175241,6,0.00003423856289338682,379825,162,0.0004265122095701968,2019,0.0003018219708033895,0.0005651615194388654
2019-11-11,162599,4,0.000024600397296416338,394986,240,0.000607616472482569,2019,0.0003026419840466034,0.0005663640767744896
2019-11-12,217969,1,4.5878083580692665e-6,499148,79,0.0001582696915544087,2019,0.0003019297008446878,0.0005713415420243371
2019-11-13,187837,7,0.000037266353274381515,459235,965,0.0021013206746001503,2019,0.00030317191262050047,0.0006407534940818742
2019-11-14,160539,9,0.00005606114402107899,374210,330,0.0008818577803906897,2019,0.000304865260504118,0.0006633842981042872
2019-11-15,264703,12,0.0000453338269683381,565564,71,0.00012553840060541336,2019,0.0003058162204675827,0.0006634970147174006
2019-11-18,225807,11,0.00004871416740845058,544589,99,0.000181788468000639,2019,0.0003074400260478644,0.0006663490788247649
2019-11-19,232642,0,0.0,486363,90,0.00018504697108949489,2019,0.0003074400260478644,0.0006703918727205449
2019-11-20,205016,42,0.00020486205954657198,592728,661,0.0011151826807574469,2019,0.00031426876136608344,0.0007065176983457262
2019-11-21,183120,96,0.0005242463958060288,481480,581,0.0012066960206031402,2019,0.00033174364122628443,0.0007418545591842295
2019-11-22,178455,128,0.0007172676585133507,424008,210,0.0004952736740816211,2019,0.0003077597208639128,0.0006479226316128941
2019-11-25,268057,193,0.0007199961202281604,599982,2015,0.003358434086355924,2019,0.0003317595915381848,0.0007532353398169179
2019-11-26,241236,44,0.00018239400421164338,516821,954,0.0018459002246425744,2019,0.0003373344345140892,0.000787595804362642
2019-11-27,317657,61,0.00019203102717711243,611618,5979,0.009775709674993215,2019,0.00034373546875332626,0.0010777648758718715
2019-11-29,178639,55,0.0003078834968847788,388092,3352,0.00863712727909877,2019,0.0003486856440704707,0.0013126977391247781
2019-12-02,296990,531,0.0017879389878447086,865358,4105,0.004743701450729062,2019,0.0004066303053753526,0.0014557417496510827
2019-12-03,352626,592,0.0016788325307833228,925522,2158,0.0023316571621204035,2019,0.0004624426996940557,0.0015104160183449817
2019-12-04,254183,276,0.0010858318612967822,582173,322,0.0005531001953027709,2019,0.0004986370950706151,0.0015256943978425388
2019-12-05,183614,76,0.000413911793218382,422226,1248,0.0029557630273834394,2019,0.000512249324943519,0.0016108228968050617
2019-12-06,343667,1426,0.004149365519529079,726710,12637,0.017389329994082922,2019,0.0006505615089278217,0.0021850457332137714
2019-12-09,240378,125,0.000520014310793833,819781,79127,0.09652211993203062,2019,0.0006678953192876161,0.005396559483094911
2019-12-10,214331,18,0.00008398225175079667,666308,35272,0.052936479826146465,2019,0.0006694501106479699,0.0071584052027511705
2019-12-11,204521,4,0.000019557893810415556,512396,16054,0.031331235997158445,2019,0.0006701020404416505,0.00819757266704186
2019-12-12,427229,4991,0.011682259397185117,841531,22837,0.027137443540404333,2019,0.0010557305607582707,0.009037159776472159
2019-12-13,303318,1745,0.005753038065660462,910295,53058,0.0582865993990959,2019,0.0012464026127320031,0.010971939582929061
2019-12-16,571214,654,0.0011449299211854051,998006,28297,0.028353536952683653,2019,0.0012805286901662802,0.011901777248476705
2019-12-17,301662,80,0.00026519747266808545,506428,12982,0.025634443593166256,2019,0.0010678976069348359,0.01268573785690366
2019-12-18,346845,288,0.0008303420836396661,526740,10391,0.019727000037969396,2019,0.0010877001847619265,0.013312126542010076
2019-12-19,290232,1117,0.0038486452217536314,606076,20525,0.0338653898190986,2019,0.001213070133334934,0.014433055371309404
2019-12-20,465508,223,0.0004790465469981182,672129,2694,0.004008159148020693,2019,0.0012280792293568525,0.014562607812807304
2019-12-23,280169,6,0.000021415645556788938,532793,117,0.00021959747969661764,2019,0.0012276517987789659,0.014555710655144853
2019-12-24,121950,0,0.0,264756,210,0.0007931831573222137,2019,0.001226831785535752,0.014561896211306173
2019-12-26,215127,1,4.648416981596918e-6,523250,526,0.0010052556139512662,2019,0.001226833805823203,0.014590129075386067
2019-12-27,328025,7,0.0000213398369026751,641854,1124,0.001751177058957333,2019,0.0012263029219441459,0.014578457621531309
2019-12-30,302413,64,0.00021163111374180343,754580,767,0.0010164594873969626,2019,0.0012314885876015037,0.014582944345098185
2019-12-31,269978,8,0.00002963204409248161,680274,22245,0.03270005909383572,2019,0.0012309651948389751,0.015668761701539195
2020-01-02,296614,2,6.74277006479802e-6,732694,1415,0.0019312291352187954,2020,0.0012295661482608531,0.015727076390446466
2020-01-03,305119,0,0.0,740100,1811,0.0024469666261316037,2020,0.0012295661482608531,0.015802473712281204
2020-01-06,272462,0,0.0,613222,225,0.0003669144290322265,2020,0.001222737412942634,0.015777531437223696
2020-01-07,225292,3,0.000013316052056886175,494901,174,0.0003515854686088733,2020,0.0012057064014843293,0.01574902775215722
2020-01-08,361151,0,0.0,785140,2277,0.002900119723870902,2020,0.0011817974795338842,0.015829189287150196
2020-01-09,315340,0,0.0,678652,1829,0.0026950484195139776,2020,0.0011577976088596122,0.0158070764315888
2020-01-10,349840,7,0.000020009147038646237,654687,567,0.0008660627139381109,2020,0.001152384780287179,0.01577441518123198
2020-01-13,329846,0,0.0,650724,783,0.001203275121249562,2020,0.001145983746047942,0.01548866736277386
2020-01-14,276819,0,0.0,674574,651,0.0009650535004313834,2020,0.0011357209628184493,0.015232931570151617
2020-01-15,292029,0,0.0,599475,1626,0.0027123733266608283,2020,0.0010761229965569592,0.015165220632682674
2020-01-16,363124,8,0.000022031041737808572,694618,1132,0.001629672712195768,2020,0.001020896280255442,0.01514182115101852
2020-01-17,328029,2,6.097021909648233e-6,715149,218,0.00030483158055174517,2020,0.0009849051189425374,0.015133545530526817
2020-01-21,306251,1,3.2652954602597214e-6,632231,34,0.00005377781222369672,2020,0.0009712169023506,0.015036812690021493
2020-01-22,324460,0,0.0,652346,48,0.00007358058453642699,2020,0.0008329047183662974,0.014459621043036611
2020-01-23,309861,3,9.681760531335018e-6,605946,444,0.0007327385608618589,2020,0.0008158936333575474,0.011266641663997653
2020-01-24,293894,0,0.0,952901,561,0.000588728524789039,2020,0.0008130942249658543,0.009521716620619071
2020-01-27,419925,21,0.00005000893016610109,1242197,13045,0.010501554906347382,2020,0.0008141092595110438,0.008827393917592035
2020-01-28,324070,0,0.0,707051,188,0.00026589312510695833,2020,0.00042470061293820656,0.007931675570415457
2020-01-29,223423,0,0.0,550440,157,0.000285226364363055,2020,0.0002329326774161912,0.0059982964692576945
2020-01-30,350256,8,0.00002284043670914988,745627,2421,0.0032469317768803975,2020,0.000195529694600316,0.005161409630064253
2020-01-31,458449,2,4.362535418334428e-6,1382035,16407,0.011871624090562105,2020,0.00018683519669199098,0.004702648979977448
2020-02-03,343395,0,0.0,913348,1541,0.0016871991836627442,2020,0.0001591571272373354,0.004101322284833893
2020-02-04,367502,0,0.0,842240,240,0.0002849544072948328,2020,0.00003086895317888105,0.0029819744377737674
2020-02-05,363753,0,0.0,851480,481,0.0005648987645041574,2020,0.000014900734945610446,0.00286719909165655
2020-02-06,364269,3,8.235671989655996e-6,744713,105,0.00014099391309135197,2020,0.000014461402493372679,0.0028645789727697077
2020-02-07,329620,3,9.101389478793763e-6,768481,27,0.000035134245348941616,2020,0.000014764782142665805,0.0028393106757039323
2020-02-10,296336,9,0.000030370930295340425,700111,151,0.00021568008501509048,2020,0.000015622199253123926,0.0028129914914060594
2020-02-11,393283,60,0.0001525618956324072,1015183,94,0.00009259414312493412,2020,0.000019996267877448325,0.002757705394211646
2020-02-12,385807,1,2.5919695599094886e-6,801592,135,0.00016841485443966508,2020,0.000013028296404718528,0.0027294372397797364
2020-02-13,387041,49,0.000126601574510194,752515,78,0.00010365241888866002,2020,0.000016260614085308943,0.001642890350614834
2020-02-14,288949,38,0.0001315110971140236,696747,287,0.0004119142242449555,2020,0.000020419558320283126,0.0015922465202490394
2020-02-18,305410,6,0.000019645722144003144,838090,352,0.00042000262501640636,2020,0.000021074415725083236,0.0015246810535451993
2020-02-19,364139,7,0.000019223428416071884,805226,5117,0.006354737676130677,2020,0.000021715196672285626,0.0017242751617818144
2020-02-20,364696,1,2.7420097834909075e-6,825942,1678,0.0020316196536802828,2020,0.000021362728596505787,0.0017802763012841948
2020-02-21,388070,17,0.00004380652974978741,1156502,1838,0.0015892752455248672,2020,0.00002282294625483203,0.0017365814853393272
2020-02-24,744953,73,0.00009799275927474619,2275062,7866,0.0034574881915306046,2020,0.000026089371563990236,0.0017619961444065477
2020-02-25,899173,59,0.00006561584923034833,2657681,3081,0.0011592813433967432,2020,0.00002760959497038031,0.0017717700987218356
2020-02-26,749423,87,0.00011608931137688595,2042088,6464,0.003165387583688852,2020,0.000031479238682943176,0.0018371738474698119
2020-02-27,1172820,560,0.0004774816254838765,2847771,652,0.0002289509936016625,2020,0.000047395292865739055,0.0018126370972421546
2020-02-28,1503320,5569,0.0037044674453875423,4083735,2526,0.0006185513996378316,2020,0.0001708775410453238,0.0017428430330080548
2020-03-02,1290981,1058,0.0008195318134039153,2446989,233,0.00009521906310163225,2020,0.0001974609001008607,0.0016916945780382502
2020-03-03,908009,991,0.001091398873799709,2479755,3,1.2097969355843621e-6,2020,0.00023363762849719605,0.0016815738519177113
2020-03-04,1035383,62,0.00005988122269730139,2041638,31,0.00001518388666355152,2020,0.00023552482607176408,0.0016802873877323733
2020-03-05,823605,16,0.000019426788326928564,2000921,9,4.497928703831886e-6,2020,0.0002361723856826617,0.0016779846325379534
2020-03-06,974952,41,0.00004205335237016797,1883973,1397,0.0007415180578490243,2020,0.00023725143874395613,0.0016782772824375258
2020-03-09,1410334,475,0.0003367996517137075,2215543,4991,0.0022527208905446655,2020,0.00024847809380107975,0.0017337436946293799
2020-03-10,1583142,4,2.526621111688023e-6,2849600,958,0.00033618753509264456,2020,0.0002468953501659326,0.001394898115587555
2020-03-11,1053198,286,0.0002715538768588622,1898111,264,0.00013908564883718602,2020,0.000255947146061228,0.0013906711997118961
2020-03-12,1358993,16410,0.012075117384710591,3216006,246,0.0000764923946037414,2020,0.0006584510588849144,0.0013837134007199192
2020-03-13,1587383,50621,0.03188959438270411,3117158,4750,0.0015238239447599384,2020,0.0017206761904180795,0.0013262764729825704
2020-03-16,1303717,39514,0.030308724976356064,2394510,83,0.000034662624085929895,2020,0.002730821605116004,0.0009317110907666979
2020-03-17,1697061,26521,0.015627605607576863,2635519,3532,0.0013401534953836416,2020,0.0032517417920352324,0.0009201429011573944
2020-03-18,1448584,19793,0.013663688125783524,2517113,16578,0.006586116713870216,2020,0.0037071980628946835,0.0011301816447099073
2020-03-19,1490848,9481,0.006359467900148103,1531624,62,0.00004047990890714692,2020,0.003919180326232953,0.0011127010161900068
2020-03-20,1280832,36587,0.02856502648278619,1429391,4,2.7983945610403313e-6,2020,0.004871073353259505,0.001108094498905663
2020-03-23,1612951,18428,0.011425021590860479,1054992,120,0.00011374493835024341,2020,0.005251604026638894,0.0011107148553390399
2020-03-24,1950167,31,0.000015896074541308515,2006327,81,0.00004037228228499143,2020,0.005251121531447093,0.0011048712619147031
2020-03-25,1828828,768,0.00041994107701763094,2250145,82,0.00003644209595381631,2020,0.0052600341708266005,0.0011029995270089993
2020-03-26,1514339,2781,0.0018364448118948268,2378399,175,0.00007357890749197254,2020,0.005321162598904431,0.0010998383287774095
2020-03-27,1215736,1601,0.0013168977475372943,1615616,113,0.00006994236254159404,2020,0.005360839138005335,0.0010987146602325075
2020-03-30,1080763,2452,0.0022687675281259628,1503945,919,0.0006110595799713421,2020,0.005432081019039066,0.0011053528387567203
2020-03-31,913480,14686,0.016076980338923675,1624980,1142,0.0007027778803431427,2020,0.005967325506265055,0.0011147786806009446
2020-04-01,1017222,17822,0.01752026597930442,1657470,25,0.000015083229259051446,2020,0.006550693591294666,0.0009034568657052238
2020-04-02,829929,9879,0.011903427883590043,1146111,7,6.1076108684062885e-6,2020,0.006947383120421552,0.0008359397976114947
2020-04-03,755709,7404,0.009797422023556686,1144305,46,0.000040199072799646945,2020,0.007272503636881782,0.0007843039251873207
2020-04-06,1078763,465,0.00043104926661370477,1465399,90,0.00006141671995135795,2020,0.007283605520459747,0.0006711015428013458
2020-04-07,1144348,1513,0.0013221502549923625,1686785,17,0.000010078344305883679,2020,0.007325490000651814,0.0006327947761649838
2020-04-08,691516,88,0.0001272566361443553,1334256,4,2.9979254355985657e-6,2020,0.00732586224481073,0.000527381787556542
2020-04-09,892319,93,0.00010422281717636854,1610930,141,0.00008752708063044328,2020,0.007313420284533813,0.0005226676571241681
2020-04-13,794513,19,0.000023914020286640997,1089271,16,0.000014688723008323917,2020,0.007190735170363782,0.0005025389012365178
2020-04-14,742650,37,0.000049821584865010436,1509283,188,0.000124562457802811,2020,0.0071650781627458195,0.0005035170143932237
2020-04-15,737280,63,0.00008544921875,1086010,150,0.00013812027513558807,2020,0.0071315465075774956,0.0005080806969998905
2020-04-16,543768,95,0.00017470686027864824,700909,10,0.000014267187323889406,2020,0.007135374028830207,0.0005080501403552352
2020-04-17,658309,10,0.000015190434886960379,1149997,230,0.0002000005217404915,2020,0.007135232817048876,0.0005145668934564571
2020-04-20,600766,6,9.987249611329535e-6,1152457,121,0.00010499307132500389,2020,0.007134163946956914,0.0004933493939056564
2020-04-21,618147,0,0.0,1139190,34,0.000029845767606808347,2020,0.00712293729189979,0.0004192535564743946
2020-04-22,476217,1,2.0998830365148663e-6,841894,11,0.000013065777877024898,2020,0.007122923067297284,0.0004084828312338739
2020-04-23,460460,25,0.00005429353255440212,973869,100,0.00010268321509361115,2020,0.007115681055820469,0.00040726941677575473
2020-04-24,439658,2,4.548990351591464e-6,841751,68,0.00008078398481261086,2020,0.006713328776008502,0.0004074124697827171
2020-04-27,578178,105,0.00018160497286302834,1101858,58,0.000052638361748973096,2020,0.005656395795680465,0.00035837295034901815
2020-04-28,413690,45,0.00010877710362832072,923714,10,0.000010825861684460774,2020,0.004649730866589541,0.0003575783916023025
2020-04-29,494068,633,0.0012812001586826106,1110680,4,3.6013973421687614e-6,2020,0.0041715173516263995,0.00031302665500092014
2020-04-30,426032,179,0.0004201562323956886,879806,403,0.00045805552587729567,2020,0.0037300662885134716,0.00010875794873448946
2020-05-01,474593,411,0.0008660051876028513,1245018,5404,0.0043404994947864204,2020,0.003546950864761963,0.0002520919349304652
2020-05-04,403325,141,0.0003495939998760305,1023260,1272,0.001243085823739812,2020,0.0026064364486649582,0.0002934348492364243
2020-05-05,366818,15,0.000040892213577305365,1026130,473,0.0004609552395895257,2020,0.002226965469422185,0.0003050085259444004
2020-05-06,318113,38,0.00011945440771046767,839182,325,0.0003872819007080705,2020,0.0022304174138611573,0.00031657217989183634
2020-05-07,278292,3,0.000010780043982579448,795822,1189,0.0014940526901744359,2020,0.0022167787127599895,0.00036515919969919034
2020-05-08,270242,1,3.700387060486527e-6,840144,115,0.00013688129653964082,2020,0.0021556872319321778,0.0003672692793341127
2020-05-11,482819,59,0.00012219900211052175,859077,17,0.000019788680176515027,2020,0.0021158639404179522,0.0003655974899219433
2020-05-12,436566,11,0.000025196648387643564,941075,69,0.00007332040485614855,2020,0.0020410782444266746,0.00034767285075143684
2020-05-13,650836,77,0.00011830937440461191,1249570,257,0.00020567075073825395,2020,0.0015091225456093725,0.0003311026130979406
2020-05-14,518807,32,0.00006167996962261496,1137972,0,0.0,2020,0.0009271696786199792,0.00033059983878930553
2020-05-15,414792,0,0.0,697229,0,0.0,2020,0.0005303887491669777,0.00033039625176035865
2020-05-18,581763,0,0.0,1060791,1,9.4269276417315e-7,2020,0.00020380801504842145,0.0003290877057591762
2020-05-19,392914,13,0.000033086120626905635,679082,3,4.417728639545739e-6,2020,0.0001905425768488615,0.0003271877393821158
2020-05-20,350339,0,0.0,715020,4,5.594249111912954e-6,2020,0.0001464709016824494,0.0003270382695423167
2020-05-21,371834,0,0.0,650644,1,1.5369387868019993e-6,2020,0.00014222901381097088,0.0003269895699873568
2020-05-22,308294,17,0.00005514216948756706,502024,4,7.967746561917358e-6,2020,0.00014059299222134416,0.00032433759218507263
2020-05-26,484098,211,0.00043586216014112846,1058226,29,0.00002740435407937435,2020,0.00015432459688316042,0.0003247614465541077
2020-05-27,421530,0,0.0,863533,23,0.00002663476670839447,2020,0.0001526638773876601,0.00032149719018429384
2020-05-28,650845,41,0.000062995029538523,931381,2,2.1473489366864904e-6,2020,0.00015191540441394414,0.0003169647593109971
2020-05-29,523117,107,0.0002045431519143901,826125,73,0.00008836435164170071,2020,0.0001529099474684689,0.0003194346647882575
2020-06-01,395171,0,0.0,637967,24,0.000037619500695177024,2020,0.00015240359963890354,0.000314021964086747
2020-06-02,373911,1,2.674433220739695e-6,788925,25,0.00003168869030642964,2020,0.00015215983909255056,0.0003115784847194612
2020-06-03,633514,150,0.0002367745622038345,1092618,657,0.0006013080509382053,2020,0.00016005232449934503,0.0003306272274971744
2020-06-04,407753,8,0.00001961972076232425,850244,56,0.00006586344625778012,2020,0.00016063631909020535,0.00033238714977653293
2020-06-05,816775,868,0.0010627161703039394,1399636,10048,0.00717900939958675,2020,0.00019425040701518992,0.0005682646892596375
2020-06-08,585452,140,0.00023913147448467167,959002,2372,0.0024734046435773856,2020,0.00020206982315295927,0.0006480187112184633
2020-06-09,769539,7,9.09635509051523e-6,924052,2733,0.0029576257613207913,2020,0.0001963195358938755,0.000744851624537524
2020-06-10,593364,12,0.000020223673832588427,840989,1368,0.0016266562345048508,2020,0.0001933677549006844,0.0007987126369648702
2020-06-11,1173942,242,0.00020614306328592042,2245209,2461,0.001096111765096256,2020,0.00015753251838746142,0.0008351296492233399
2020-06-12,1001642,19,0.000018968853143138965,1794797,1947,0.0010848023481207067,2020,0.00014415960574570974,0.0008560212099647869
2020-06-15,891269,915,0.0010266260803416252,1529969,7339,0.004796829216801125,2020,0.00014951363550366886,0.0008712322006986104
2020-06-16,821224,0,0.0,1256237,17,0.000013532478346044576,2020,0.00013786050217446787,0.0008302470891854848
2020-06-17,573658,0,0.0,807219,237,0.00029360062139270756,2020,0.0001364974283885577,0.0008246686019122575
2020-06-18,403218,0,0.0,674932,395,0.0005852441431136767,2020,0.00013251561479820875,0.0008312673433257778
2020-06-19,552659,0,0.0,968976,45,0.00004644077871897756,2020,0.00013215627999878943,0.0007830136129439292
2020-06-22,478848,0,0.0,868590,13,0.00001496678524965749,2020,0.0001320329337634399,0.0007789497959009296
2020-06-23,444052,0,0.0,803427,80,0.0000995734522240353,2020,0.00012795963369308919,0.0007816092883025136
2020-06-24,632491,0,0.0,1166216,924,0.0007923060565109722,2020,0.00012711974541350105,0.0008055754766910077
2020-06-25,545945,12,0.000021980236104369487,860109,515,0.0005987613197862131,2020,0.00012390877413682633,0.0008186784956592732
2020-06-26,570236,3,5.260979664559936e-6,1258809,1108,0.000880197075171849,2020,0.00012202814113822448,0.0008480183981650014
2020-06-29,492429,1,2.030749610603762e-6,960920,483,0.0005026433001706698,2020,0.00012209583279191127,0.000864773174837357
2020-06-30,598690,0,0.0,1130935,14125,0.012489665630650744,2020,0.00012209583279191127,0.001281063939433576
2020-07-01,438150,6,0.000013693940431359123,891410,8399,0.00942215142302644,2020,0.00012144942678539305,0.0015949883959131392
2020-07-02,466014,7,0.000015021007952550782,1110393,11071,0.00997034383321941,2020,0.00012195012705047807,0.001927146715383389
2020-07-06,433522,0,0.0,841338,88,0.00010459529939215869,2020,0.00012195012705047807,0.0019305819940702343
2020-07-07,416697,0,0.0,836203,69,0.00008251584842436586,2020,0.00012011205473422584,0.0019330669307989828
2020-07-08,418334,0,0.0,777861,113,0.0001452701703774839,2020,0.0001055833160628549,0.001936995791342253
2020-07-09,389179,1,2.569511715688668e-6,818249,72,0.00008799277481549015,2020,0.00010566896645337785,0.001939041058279156
2020-07-10,428266,0,0.0,686160,68,0.00009910225020403405,2020,0.00010356913213542708,0.0019422728883214011
2020-07-13,601301,0,0.0,1175728,388,0.00033000830123974253,2020,0.00009675102707161407,0.001950327686641336
2020-07-14,464566,0,0.0,806019,229,0.0002841124092608239,2020,0.00009675102707161407,0.0019585441169268575
2020-07-15,424500,0,0.0,781787,253,0.00032361755823517147,2020,0.00009666187929758943,0.001968275079191149
2020-07-16,293044,0,0.0,626045,555,0.0008865177423348162,2020,0.00008876939389079494,0.001977782068904369
2020-07-17,323423,0,0.0,716868,620,0.0008648733100096531,2020,0.00008811540319871746,0.0020044157310294317
2020-07-20,454861,0,0.0,816602,265,0.0003245154922471412,2020,0.000052691530855252817,0.0017759326007847779
2020-07-21,420735,4,9.507171972857023e-6,866756,333,0.0003841911679872998,2020,0.00004503738743819233,0.0017062921515984416
2020-07-22,355362,0,0.0,606501,488,0.0008046153262731636,2020,0.00004473417560184182,0.001634525137096854
2020-07-23,412784,0,0.0,911355,727,0.0007977132950387061,2020,0.00004406005314075554,0.001606893705781316
2020-07-24,453434,0,0.0,897932,165,0.00018375556278203695,2020,0.000037188617697891524,0.0015764818323708422
2020-07-27,350290,0,0.0,537223,60,0.00011168546395072437,2020,0.00003655632259312023,0.0015440446028985094
2020-07-28,351350,0,0.0,658078,237,0.00036013967949088103,2020,2.3354532483993876e-6,0.0013961549516548347
2020-07-29,310000,0,0.0,599811,530,0.0008836116710097014,2020,2.3354532483993876e-6,0.0014251575914102897
2020-07-30,383984,0,0.0,703603,1854,0.0026350086625554466,2020,2.3354532483993876e-6,0.0015032045261157145
2020-07-31,378806,0,0.0,758628,3778,0.004980042919586411,2020,2.3354532483993876e-6,0.0016496978186648055
2020-08-03,479203,0,0.0,746936,958,0.0012825730718562232,2020,2.3354532483993876e-6,0.001690902228436047
2020-08-04,315593,0,0.0,654267,1102,0.0016843276521664704,2020,2.3354532483993876e-6,0.0017465475906666074
2020-08-05,408101,0,0.0,747481,134,0.00017926877071122878,2020,2.3354532483993876e-6,0.0017492041012828472
2020-08-06,376616,1,2.6552244195679417e-6,743602,395,0.0005311981409409873,2020,2.4239607290516522e-6,0.001740500504097181
2020-08-07,329126,0,0.0,675715,288,0.00042621519427569316,2020,1.691286192239336e-6,0.001734748966580164
2020-08-10,307390,1,3.2531962653306875e-6,658466,45,0.00006834065843946384,2020,1.6243600789316946e-6,0.0017076870860224175
2020-08-11,375061,1,2.666232959438598e-6,964000,11,0.000011410788381742738,2020,1.645542857226189e-6,0.0016913126689627868
2020-08-12,302140,0,0.0,687524,108,0.00015708542538151395,2020,1.645542857226189e-6,0.0012802266621204789
2020-08-13,399029,19,0.00004761558683704693,771888,609,0.0007889745662583173,2020,2.7762644040824494e-6,0.0009924541002282084
2020-08-14,263208,0,0.0,575077,2808,0.004882824386995133,2020,2.2755641389974232e-6,0.0008228701186873991
2020-08-17,284824,6,0.000021065640535909895,471390,2793,0.00592503022974607,2020,2.9777521568610863e-6,0.0010168846163658627
2020-08-18,238883,1,4.1861497050857534e-6,575703,1871,0.003249939639015256,2020,3.1172904803639446e-6,0.001122465409385559
2020-08-19,337535,26,0.00007702904883937961,706667,10613,0.015018389142269273,2020,5.684925441676599e-6,0.0016182360417819521
2020-08-20,284475,6,0.00002109148431320854,552647,1241,0.002245556385902755,2020,6.302324528260595e-6,0.0016901548288181941
2020-08-21,307853,0,0.0,573470,2107,0.0036741241913264863,2020,6.302324528260595e-6,0.0018093222268556093
2020-08-24,375068,28,0.00007465312956583872,777522,206,0.00026494427167334173,2020,8.79076218045522e-6,0.0018071534258700627
2020-08-25,418493,160,0.00038232419658154376,659865,49,0.00007425761329969009,2020,0.000021534902066506677,0.0018001582660046914
2020-08-26,583874,5,8.56349143822126e-6,912422,841,0.0009217226239612811,2020,0.000021820351781114053,0.001820095101528895
2020-08-27,626471,9,0.00001436618774053388,1083296,538,0.0004966324993353617,2020,0.000022299224705798515,0.0018070989267622466
2020-08-28,521887,24,0.00004598696652723674,743602,1477,0.0019862776054932613,2020,0.00002383212359003974,0.0018444790699450335
2020-08-31,548986,1,1.8215400757032055e-6,783995,384,0.0004897990420857276,2020,0.00002389284159256318,0.0018499885216063199
2020-09-01,463076,0,0.0,646063,19,0.000029408896655589316,2020,0.000023575935860134614,0.001838162445895263
2020-09-02,872286,0,0.0,1092172,946,0.0008661639375482982,2020,0.000023575935860134614,0.0018402140662711005
2020-09-03,811431,136,0.00016760513216773824,1768623,1722,0.0009736388139247313,2020,0.00002916277359905922,0.0018460782502339684
2020-09-04,854085,74,0.00008664243020308284,1511744,3307,0.002187539689259557,2020,0.00003205085460582865,0.0019128710544498856
2020-09-08,784998,38,0.000048407766643991446,1249743,230,0.0001840378381795297,2020,0.00003366444682729503,0.0019152828002575125
2020-09-09,670564,0,0.0,1254100,217,0.00017303245355234829,2020,0.00003366444682729503,0.0019090458927262278
2020-09-10,516094,0,0.0,934417,97,0.00010380804287593226,2020,0.00003366444682729503,0.0018830524384551024
2020-09-11,509732,5,9.809076141972644e-6,821582,640,0.0007789849339445119,2020,0.00003399141603202745,0.0018211849808347376
2020-09-14,455032,0,0.0,774763,4046,0.005222242156633706,2020,0.00003399141603202745,0.0018292582887363142
2020-09-15,430331,0,0.0,692222,700,0.0010112362796906194,2020,0.00003399141603202745,0.0018202137289974607
2020-09-16,383955,58,0.00015105936893646392,705383,5302,0.0075164839526895314,2020,0.00003902672832990958,0.0020146189390148964
2020-09-17,515307,1,1.9405907546375268e-6,931284,6220,0.006678950781931183,2020,0.0000390914146883975,0.0022312750060555614
2020-09-18,555156,13,0.000023416841392329362,932733,1034,0.0011085701910407372,2020,0.000039783468587489545,0.0022505207410588863
2020-09-21,774339,321,0.0004145471169604011,1322124,806,0.0006096251183701377,2020,0.00005360170581950292,0.002256634405195368
2020-09-22,510684,23,0.00004503763579826272,881223,1261,0.0014309658281728916,2020,0.000054994520470600655,0.0023020552441864817
2020-09-23,498204,206,0.00041348523897841047,1233153,457,0.0003705947274993452,2020,0.00006868848733789972,0.002314028042157069
2020-09-24,530999,137,0.0002580042523620572,1096957,1729,0.0015761784646070903,2020,0.00007728862908330161,0.0023613311434645882
2020-09-25,579327,5,8.630704248205246e-6,731827,679,0.0009278149070750327,2020,0.0000759891329970069,0.0023659591548251453
2020-09-28,576348,8,0.00001388050275180967,943114,2168,0.002298767699344936,2020,0.00007645181642206723,0.0022798239319034718
2020-09-29,466760,7,0.000014997000599880025,841673,547,0.0006498960997917243,2020,0.00007624952842419956,0.0021039861275716607
2020-09-30,674645,74,0.00010968731703340275,942094,163,0.0001730188282697905,2020,0.00007976623400181012,0.0020014221005468114
2020-10-01,487302,10,0.000020521155258956457,702751,6,8.537874723764179e-6,2020,0.00007788263754912935,0.0015010937249619613
2020-10-02,532042,0,0.0,834673,108,0.00012939198943777983,2020,0.0000771795880720224,0.0014305549117464623
2020-10-05,538488,10,0.000018570515963215522,784975,81,0.00010318799961782222,2020,0.00007779860527079624,0.0013115237053561734
2020-10-06,624555,4,6.404560046753288e-6,1039871,263,0.00025291598669450343,2020,0.0000755236529534934,0.0013111227625235455
2020-10-07,480661,3,6.241405065108257e-6,791182,137,0.00017315864112176464,2020,0.00006298755990294555,0.001314419463450948
2020-10-08,438095,0,0.0,861537,297,0.0003447327276715916,2020,0.00006270211018833819,0.001295186466907958
2020-10-09,462982,0,0.0,924509,3565,0.0038561009141068396,2020,0.00006222323726365371,0.0014071687474003407
2020-10-12,791668,8,0.00001010524613853282,1181809,7326,0.006198971238161158,2020,0.00006102717991736359,0.0015475918684892708
2020-10-13,484745,0,0.0,801690,703,0.0008768975539173496,2020,0.000060966461914840144,0.0015604951522169915
2020-10-14,392260,0,0.0,643438,2750,0.004273916057180334,2020,0.000060966461914840144,0.0017019787242344832
2020-10-15,386349,0,0.0,698539,396,0.0005668974817440401,2020,0.000060966461914840144,0.0016920031757076744
2020-10-16,386415,0,0.0,584150,305,0.0005221261662244287,2020,0.000055379624175915536,0.0016769527541176641
2020-10-19,458147,0,0.0,785330,171,0.00021774285968955724,2020,0.00005249154316914611,0.0016112928597986644
2020-10-20,387819,0,0.0,576742,52,0.00009016163206425057,2020,0.000050877950947679726,0.001608163652928155
2020-10-21,358697,1,2.7878683122524025e-6,599771,83,0.00013838615071418926,2020,0.00005097087989142147,0.001607008776166883
2020-10-22,420988,0,0.0,533406,56,0.00010498569569896102,2020,0.00005097087989142147,0.001607048031260984
2020-10-23,371759,0,0.0,577458,347,0.0006009095033751372,2020,0.000050643910686689053,0.0016011121835753381
2020-10-26,679165,0,0.0,1128894,1542,0.0013659386975216452,2020,0.000050643910686689053,0.0014725687349382694
2020-10-27,416722,0,0.0,739425,101,0.00013659262264597492,2020,0.000050643910686689053,0.0014434139463701146
2020-10-28,823344,86,0.00010445208807011408,1546725,219,0.00014158948746545119,2020,0.00004909033465781072,0.0011975841308626454
2020-10-29,854841,146,0.00017079199523654107,1135189,81,0.00007135375695148562,2020,0.00005471871480720751,0.0009773308966966553
2020-10-30,820779,1172,0.0014279117764952564,1319300,956,0.0007246266959751383,2020,0.00010153521264397175,0.0009645327801944688
2020-11-02,729977,3818,0.005230301776631319,1268016,246,0.00019400386115001704,2020,0.00026206036796633573,0.0009506787382871313
2020-11-03,762842,9,0.0000117979870012401,1346854,15943,0.011837214724090361,2020,0.00026095237967310156,0.0012975537014843805
2020-11-04,744195,1,1.3437338332023193e-6,1689040,40149,0.023770307393549,2020,0.0002472143295015947,0.0020775441236860356
2020-11-05,597248,95,0.00015906290184312044,1147499,12915,0.01125491176898629,2020,0.00024391628448429674,0.0024001685671653423
2020-11-06,430504,0,0.0,851347,8017,0.00941684178131831,2020,0.0002436285943426899,0.002683136129640118
2020-11-09,904688,139,0.00015364412924676795,1968868,7335,0.0037254909927938286,2020,0.00024828738189252187,0.002730693572755081
2020-11-10,652274,5,7.665490269426651e-6,1008467,190,0.0001884047767552136,2020,0.00024804299821484007,0.002715310528653864
2020-11-11,446672,0,0.0,792380,796,0.0010045685151063883,2020,0.00024438675431372663,0.0027430288515484175
2020-11-12,433849,0,0.0,942250,2428,0.0025768108251525606,2020,0.00024370271580509477,0.002828637949896044
2020-11-13,599517,0,0.0,827020,2328,0.0028149258784551765,2020,0.00024370271580509477,0.002918155746196624
2020-11-16,489915,0,0.0,931808,5301,0.005688940210858889,2020,0.00024308369860632094,0.003104347486571326
2020-11-17,471345,0,0.0,722355,4808,0.006656007087927681,2020,0.00024287021327142915,0.003317783856612432
2020-11-18,419131,0,0.0,846638,11704,0.013824090106987874,2020,0.00024266216643592555,0.003772814905474635
2020-11-19,400301,0,0.0,606400,9653,0.01591853562005277,2020,0.00024266216643592555,0.004291941668554009
2020-11-20,405881,4,9.855105314119163e-6,606088,2848,0.00469898760576022,2020,0.00024299066994639619,0.004320037891609121
2020-11-23,379506,19,0.00005006508460999299,683439,1887,0.0027610364641174998,2020,0.00024432266456211155,0.004205440065807666
2020-11-24,501127,52,0.00010376611118538814,839602,1154,0.0013744607564060115,2020,0.0002477815349349578,0.004222025505890621
2020-11-25,447916,1,2.23256146241706e-6,709212,683,0.000963040670490629,2020,0.0002478559536503717,0.004111662993000965
2020-11-27,377356,0,0.0,622703,3025,0.004857853583490042,2020,0.0002478559536503717,0.004254694863059165
2020-11-30,473206,0,0.0,911337,11396,0.012504704626279851,2020,0.0002478559536503717,0.004654114145061011
2020-12-01,628148,22,0.000035023593165941786,1095589,11179,0.01020364388470494,2020,0.0002490234067559031,0.004986977512561524
2020-12-02,408927,2,4.890848488850089e-6,791482,3447,0.004355121152470934,2020,0.0002491864350388648,0.005129142829908413
2020-12-03,417757,0,0.0,847919,1978,0.002332769993360215,2020,0.00024909350609512304,0.0052022889579966146
2020-12-04,510996,0,0.0,856618,5491,0.006410091779533,2020,0.00024909350609512304,0.005412459160791082
2020-12-07,563442,118,0.00020942705726587652,847340,793,0.0009358698987419454,2020,0.00025607440800398554,0.00542362450730331
2020-12-08,485042,63,0.0001298856593861975,739138,6027,0.008154093011048004,2020,0.0002604039299835255,0.005649896317754188
2020-12-09,497479,134,0.0002693581035581401,959659,32299,0.033656746823611305,2020,0.0002693825334354635,0.006767234791119699
2020-12-10,461486,130,0.0002816986864173561,718723,11753,0.0163526142895107,2020,0.0002752907533803715,0.007307602284521208
2020-12-11,548987,1404,0.002557437607812207,1122063,69877,0.06227546938095276,2020,0.0003548456071328937,0.00938107280532125
2020-12-14,555222,618,0.001113068286199034,1149144,97796,0.08510334649095326,2020,0.00034435082412301966,0.012193696798487188
2020-12-15,426705,195,0.0004569901922874117,921402,41422,0.0449554049155526,2020,0.00018524043797822276,0.013685743500300607
2020-12-16,459837,297,0.0006458810404556398,766085,19748,0.02577781838829895,2020,0.00020637653976003607,0.014150430289107561
2020-12-17,458873,409,0.0008913141544610383,788975,23746,0.030097278114008683,2020,0.0002360422204476306,0.014361329313122884
2020-12-18,508052,232,0.00045664617007707873,707920,8088,0.011425019776245904,2020,0.0002459616627220959,0.014366999580031537
2020-12-21,628043,5,7.96123832285369e-6,1081856,646,0.0005971219829626124,2020,0.0002462270373328577,0.014073008920086347
2020-12-22,436531,3,6.872364161995368e-6,775377,59,0.00007609201717358137,2020,0.00024133464516336523,0.013951362287565671
2020-12-23,346643,1,2.884812328533967e-6,651505,881,0.0013522536281379267,2020,0.00024117528923200217,0.013990157249278429
2020-12-24,277463,1,3.604084148156691e-6,451196,319,0.0007070098139167901,2020,0.00024129542537027407,0.013980238625905443
2020-12-28,483643,0,0.0,844157,1754,0.0020778125396105226,2020,0.00024129542537027407,0.013963605349720708
2020-12-29,445463,0,0.0,868652,6735,0.007753392612922091,2020,0.00024129542537027407,0.01412822090753627
2020-12-30,404008,0,0.0,720384,2976,0.004131130063965885,2020,0.00024129542537027407,0.01407629390263984
2020-12-31,476021,26,0.00005461943905836087,857978,46753,0.054492073223322744,2020,0.00024311607333888608,0.015670829440486343
2021-01-04,744561,0,0.0,1393461,554,0.00039757122732534317,2021,0.00024311607333888608,0.015223278811164257
2021-01-05,506302,6,0.00001185063460148291,895793,177,0.0001975902915070781,2021,0.00024351109449226885,0.014699247300212733
2021-01-06,636434,26,0.00004085262572395566,1353927,6236,0.004605861320440467,2021,0.00024454434517259674,0.014696143090702074
2021-01-07,641537,67,0.00010443668876463867,1155348,8905,0.007707634409718976,2021,0.00024635673197775156,0.01486102968888879
2021-01-08,576378,184,0.0003192349465107967,1084827,212,0.00019542286465952635,2021,0.00025353902648859853,0.014821728425830573
2021-01-11,524809,28,0.00005335274356956531,1077831,4750,0.0044069988708805,2021,0.0002552430325588368,0.014936527032510237
2021-01-12,503168,15,0.00002981111676418214,721673,4171,0.00577962595247432,2021,0.00025623673645097623,0.014967252778143045
2021-01-13,429232,3,6.989227271032914e-6,721832,8194,0.01135167185716344,2021,0.00025646971069334396,0.014928818352505832
2021-01-14,412526,96,0.0002327126047812744,807787,10098,0.01250082014194336,2021,0.0002630593444138551,0.01500539089441378
2021-01-15,569427,27,0.0000474160866976803,1128303,7451,0.0066037225816115,2021,0.0002644768523541494,0.015080344275385132
2021-01-19,448113,30,0.00006694739942826921,892297,2238,0.0025081335026342125,2021,0.0002667084323350917,0.015086189725694263
2021-01-20,572124,1,1.7478728387552349e-6,1102756,1086,0.0009848053422515952,2021,0.00026676669476305025,0.01490534684445155
2021-01-21,467497,19,0.00004064197203404514,826442,1495,0.0018089593704095387,2021,0.0002611405252553225,0.01493444982684047
2021-01-22,482309,0,0.0,770088,4333,0.005626629683880284,2021,0.0002568110032757826,0.014850201049268213
2021-01-25,642684,0,0.0,1233525,1311,0.0010628078068948745,2021,0.00024783239982384463,0.013763736415377667
2021-01-26,441231,11,0.000024930251954191794,941795,870,0.0009237679112758084,2021,0.00023927345200840577,0.013249441536103168
2021-01-27,962758,22,0.000022851017597360914,1920316,359,0.00018694839807614996,2021,0.00015478723233457758,0.011179824170007282
2021-01-28,651124,7,0.000010750640431008534,1382256,750,0.0005425912421432788,2021,0.00011804331080897674,0.008361132328380283
2021-01-29,948442,497,0.0005240172830810951,1800474,1812,0.001006401647566141,2021,0.00012027754716876618,0.0068961655527807345
2021-02-01,672537,1,1.4869070400587625e-6,1359511,1125,0.0008275034185085667,2021,0.00009879774272158013,0.006064488387121055
2021-02-02,686136,1,1.4574370095724464e-6,1330291,9,6.765437035956794e-6,2021,0.00006913585213986462,0.00506147129788863
2021-02-03,465798,8,0.000017174826856276755,1060608,55,0.000051857048032826457,2021,0.00005448680736583788,0.004682365873614861
2021-02-04,421702,0,0.0,1025873,211,0.00020567848066963454,2021,0.00005422143275507609,0.0046693177568717615
2021-02-05,635485,21,0.000033045626568683764,1058884,80,0.00007555124074025105,2021,0.00005509387483529904,0.004669299730990651
2021-02-08,553571,48,0.00008670974454947965,1093775,914,0.0008356380425590272,2021,0.0000578880392426639,0.004652079211471354
2021-02-09,527283,3,5.689544324395059e-6,911521,1043,0.0011442413285047738,2021,0.00005795755458187184,0.004666653595290954
2021-02-10,492745,0,0.0,915420,1458,0.001592711542242905,2021,0.00005795755458187184,0.004650483562045366
2021-02-11,413844,13,0.00003141280289191096,805374,140,0.00017383228164802937,2021,0.00005900464801160221,0.0043978315510028974
2021-02-12,542492,63,0.00011613074478517655,863038,6061,0.00702286573708226,2021,0.00006287567283777476,0.004494222740106777
2021-02-16,537837,113,0.00021010082980531277,1196007,40913,0.034207993765922776,2021,0.00006805838586267316,0.0038180867581934447
2021-02-17,454152,137,0.0003016611178636228,877729,12199,0.013898367263699843,2021,0.00007811375645812726,0.004268113292739262
2021-02-18,501954,64,0.0001275017232654785,940338,797,0.0008475675767649505,2021,0.00008196879274692712,0.004289779202247856
2021-02-19,420388,7,0.000016651284051875886,967080,583,0.0006028456797783016,2021,0.00008116208135785778,0.004156345347559118
2021-02-22,477794,30,0.00006278856578358037,974165,538,0.0005522678396370225,2021,0.00007977381059182249,0.003917833128556387
2021-02-23,639156,0,0.0,1117871,13,0.000011629248813145704,2021,0.00006913264570812927,0.003911706674694841
2021-02-24,532597,2,3.755184501602525e-6,954546,60,0.00006285710693879603,2021,0.00006747939373919718,0.003766901949230117
2021-02-25,600061,19,0.000031663447549499134,1572411,187,0.00011892564984600083,2021,0.00006754113809870776,0.0035782119391425064
2021-02-26,709963,51,0.00007183472941547658,1301691,2751,0.0021134047942253575,2021,0.00006970265483685587,0.003270269703711237
2021-03-01,578273,24,0.00004150288877398737,1381359,449,0.00032504222291236386,2021,0.00006332899763661297,0.0028644104397435376
2021-03-02,401861,0,0.0,973148,70,0.00007193150476597599,2021,0.00006174846141335696,0.0026466840705153534
2021-03-03,492213,73,0.0001483097764585657,1050578,4,3.807427911111788e-6,2021,0.00006446054064770018,0.0025632065346912498
2021-03-04,743595,70,0.00009413726558139848,1765746,388,0.0002197371535883417,2021,0.00006754018707245496,0.002537704261735808
2021-03-05,720189,3,4.165573203700695e-6,1492879,78,0.00005224803885646459,2021,0.00006632430711144346,0.0024791472173507057
2021-03-08,645587,6,9.293867441568681e-6,1251154,376,0.0003005225575748469,2021,0.00006663410269282909,0.0023016103131405243
2021-03-09,500677,0,0.0,1060980,68,0.0000640916888160003,2021,0.00006663410269282909,0.0022683197758712284
2021-03-10,447489,0,0.0,811115,259,0.00031931353753783374,2021,0.00006580309429435604,0.002248171296746629
2021-03-11,587410,19,0.00003234538056893822,1175770,1647,0.0014007841669714314,2021,0.00006611957306007527,0.002288632489043139
2021-03-12,493025,0,0.0,745595,251,0.0003366438884380931,2021,0.00006576121837904167,0.0022817675772529656
2021-03-15,468470,0,0.0,848557,401,0.00047256695778833947,2021,0.00004829397560967182,0.0022639730875937056
2021-03-16,510308,1,1.9596008684951048e-6,893181,3700,0.004142497433330982,2021,0.0000483097320706197,0.0023744728880877863
2021-03-17,457368,6,0.000013118539119483655,745360,351,0.0004709133841365246,2021,0.000048698435474283404,0.0023899444863244718
2021-03-18,520476,1,1.9213181779755455e-6,1012078,1455,0.0014376362296186658,2021,0.000048189985185006704,0.0024361371257106664
2021-03-19,501107,1,1.9955817819347964e-6,931712,137,0.00014704114576178046,2021,0.00004825650457773786,0.0024341825478804047
2021-03-22,427121,17,0.00003980136776229687,888277,40,0.00004503099821339515,2021,0.000048481695950858295,0.0024331652064628426
2021-03-23,475058,4,8.420024502271301e-6,1192109,31,0.000026004333496349748,2021,0.00004587203861595135,0.0024061774161607537
2021-03-24,371426,24,0.0000646158319557597,795710,96,0.00012064696937326412,2021,0.000047836248203663515,0.0023720576041897034
2021-03-25,576525,3,5.203590477429426e-6,998216,77,0.00007713761350248844,2021,0.000048009701219577826,0.0023215384732316897
2021-03-26,474189,12,0.00002530636518350278,889855,215,0.00024161239752543953,2021,0.000047806153295964216,0.002323797810427603
2021-03-29,576504,1,1.7345933419369162e-6,1104692,541,0.0004897292639034228,2021,0.00004399294824785623,0.002106026594654975
2021-03-30,340170,32,0.00009407061175294706,775583,277,0.0003571506853554036,2021,0.000040125274312777374,0.0009776651586360628
2021-03-31,593345,3,5.056080357970489e-6,1118880,141,0.00012601887601887602,2021,0.00003023843972925563,0.0005185868790466972
2021-04-01,611183,0,0.0,1093660,370,0.0003383135526580473,2021,0.000025988382287073012,0.0005016117449098003
2021-04-05,831460,0,0.0,1515030,1831,0.0012085569262654866,2021,0.000025433339485343817,0.0005218021197927066
2021-04-06,600893,1,1.6641897975180274e-6,1067227,1730,0.0016210234561157093,2021,0.000023395860285808403,0.0005574273070086627
2021-04-07,518114,0,0.0,921580,116,0.00012587078712645675,2021,0.000023395860285808403,0.0005612353582857731
2021-04-08,594103,0,0.0,1043748,1720,0.0016479073492835436,2021,0.00002327068746908832,0.0006140703663639315
2021-04-09,632498,0,0.0,1005013,1448,0.0014407773829791257,2021,0.000022215239217438345,0.0006581320908017022
2021-04-12,673037,3,4.457407245069736e-6,926558,1942,0.0020959292348671104,2021,0.000019969328478424787,0.0006575495721564273
2021-04-13,578620,0,0.0,844774,1459,0.001727089138633528,2021,0.000018585898852625207,0.0007042844693471328
2021-04-14,468884,70,0.00014929065611110637,785027,4254,0.005418921896953863,2021,0.00002356225405632875,0.0008825174824200622
2021-04-15,540629,1,1.8496972970373398e-6,874165,1585,0.0018131588430101869,2021,0.000018680251417611144,0.0009428291962566981
2021-04-16,636250,12,0.00001886051080550098,816512,92,0.00011267440037623453,2021,0.00001617102625841456,0.0009392604378162946
2021-04-19,444644,21,0.00004722879427137215,1009464,31,0.0000307093665549242,2021,0.000017606466960670273,0.0009385424820729099
2021-04-20,566087,3,5.299538763476286e-6,975731,42,0.00004304465062604345,2021,0.000017473322671400528,0.0009299598851746165
2021-04-21,480580,3,6.242457031087436e-6,770554,304,0.0003945213443833917,2021,0.000017681404572436776,0.0009409742070268629
2021-04-22,426263,0,0.0,986415,214,0.00021694722809365228,2021,0.000017681404572436776,0.0009375619967120567
2021-04-23,532653,3,5.632184555423512e-6,1035199,867,0.0008375201289800319,2021,0.00001679096470531962,0.0009187865287790102
2021-04-26,482371,13,0.000026950210522606043,776849,489,0.0006294659579918362,2021,0.000017689305056073155,0.0009285472644308016
2021-04-27,349420,2,5.723770820216358e-6,633631,391,0.0006170783942073541,2021,0.00001788009741674703,0.0009333643123114355
2021-04-28,351980,3,8.523211546110574e-6,743839,1011,0.0013591650881440741,2021,0.00001809888443933421,0.0008405865674718718
2021-04-29,478459,26,0.00005434112431786214,975734,1217,0.0012472661606544406,2021,0.000019472970612613495,0.0008664649933558023
2021-04-30,422334,3,7.1033826308087914e-6,1188208,15775,0.01327629505945087,2021,0.000019645706094374602,0.0012610869543502091
2021-05-03,393244,1,2.5429504328101635e-6,925427,16200,0.017505432627316905,2021,0.00001966395171607045,0.0018397000037353802
2021-05-04,613137,0,0.0,1239856,11971,0.009655153501696972,2021,0.00001833723945732722,0.002160037420518166
2021-05-05,387379,184,0.0004749870282075177,990109,13687,0.013823730518559068,2021,0.00003388947291416877,0.002619961626686923
2021-05-06,391741,13,0.00003318519123604627,799896,9056,0.011321471791332874,2021,0.000032841784890178316,0.0029933224540855765
2021-05-07,600694,0,0.0,1243631,14184,0.011405312347472843,2021,0.000032668331874264005,0.003370928278551255
2021-05-10,509436,20,0.00003925910222285037,1399919,22405,0.016004497403064033,2021,0.00003313342310890893,0.0038963577787358753
2021-05-11,853007,0,0.0,1885116,13368,0.0070913407981259505,2021,0.00003307560333084437,0.004116411496543292
2021-05-12,933236,2,2.143080635551993e-6,2545051,28971,0.011383268940386656,2021,0.00003001135229359786,0.004483948771711001
2021-05-13,647510,0,0.0,1606359,14093,0.00877325678755496,2021,0.000029842816281665508,0.004772190035428872
2021-05-14,572113,2,3.49581289011087e-6,1603800,14793,0.009223718668163112,2021,0.000029959343378002538,0.005068370205945707
2021-05-17,462377,0,0.0,1347300,3189,0.0023669561344912046,2021,0.000029959343378002538,0.005106983512886563
2021-05-18,465272,12,0.00002579136505098093,1255044,2193,0.0017473490969240918,2021,0.00003076358255311797,0.005111194367580176
2021-05-19,730498,60,0.0000821357484893867,1841803,10969,0.005955577225142971,2021,0.00003350144083609753,0.0053055179155140604
2021-05-20,546369,283,0.0005179649650693945,1266404,687,0.000542480914463315,2021,0.00005076693967174401,0.005268670367686719
2021-05-21,389796,0,0.0,948657,667,0.0007030992234284889,2021,0.00005076693967174401,0.005244081095701698
2021-05-24,477855,6,0.000012556110117085727,1339235,1355,0.0010117716457529859,2021,0.00005103689643414454,0.005207942509397893
2021-05-25,340689,0,0.0,952643,5509,0.005782858846388416,2021,0.00005103689643414454,0.0053431348329897235
2021-05-26,272658,1,3.667598236618768e-6,917951,2289,0.002493597152789201,2021,0.000046182794504994956,0.0052456240081842345
2021-05-27,302358,32,0.00010583480509859173,830198,19315,0.02326553424604733,2021,0.000049648964765046765,0.005960703188285473
2021-05-28,351297,246,0.000700262171325118,957195,12413,0.012968099499057141,2021,0.00007236235344903401,0.006389217358241503
2021-06-01,345389,212,0.0006138006711273376,984978,2006,0.002036593710722473,2021,0.00009124808267756619,0.006456080169713755
2021-06-02,302586,65,0.0002148149616968399,756209,390,0.0005157304396006924,2021,0.00009823193010867831,0.006471836362679576
2021-06-03,359379,786,0.0021871060913408965,873447,907,0.0010384144659034836,2021,0.00017092738458567193,0.006493299466730246
2021-06-04,404044,319,0.0007895179732900378,985865,12889,0.013073798136661713,2021,0.00019724465036200653,0.006921861163682514
2021-06-07,394869,286,0.000724290840759847,866389,1981,0.0022865017907660414,2021,0.000221199938902154,0.0069701605524087155
2021-06-08,315892,286,0.0009053727223228192,742326,3832,0.005162152477482939,2021,0.0002504806892954944,0.007121250103058418
2021-06-09,278608,51,0.00018305289151783152,714719,4195,0.00586943959793989,2021,0.0002563916599854149,0.007296328809849502
2021-06-10,355298,112,0.00031522834353134554,1034322,2226,0.0021521344416922388,2021,0.00026661516438492277,0.007322761121634441
2021-06-11,369731,6,0.00001622801442129548,1116017,2424,0.002172009924580002,2021,0.00026534472738837055,0.007353585913765294
2021-06-14,285188,31,0.00010870022581595299,874839,4186,0.004784880417996911,2021,0.0002687312888278753,0.007070538759050162
2021-06-15,293109,0,0.0,912139,686,0.000752078356478563,2021,0.00026864652381344833,0.006512093616688883
2021-06-16,283340,477,0.0016834898002399943,1184376,13103,0.011063209656392903,2021,0.0003247628504881148,0.006559028821845415
2021-06-17,374119,28,0.00007484249663877001,1128856,7960,0.0070513865364581485,2021,0.0003114246994358232,0.0063332840224420515
2021-06-18,510762,232,0.00045422329773945594,1647419,9336,0.005667046452663227,2021,0.0003254593029859369,0.006144803177819729
2021-06-21,541908,55,0.00010149324239538814,1427337,5272,0.003693591632529669,2021,0.00032884241106578317,0.005887745820654957
2021-06-22,451128,10,0.00002216665780000355,1301292,12506,0.009610448692530194,2021,0.0003282726629183549,0.005674610863637162
2021-06-23,336013,2,5.952150660837527e-6,985393,12663,0.012850710325727908,2021,0.0003284710679403828,0.00586658984789056
2021-06-24,401986,0,0.0,1124312,34321,0.030526224037455797,2021,0.00032839963191919774,0.006504688351126198
2021-06-25,382181,0,0.0,1026105,32057,0.031241442152606214,2021,0.00032839963191919774,0.007253627863294574
2021-06-28,396577,22,0.00005547472495883523,1056572,6132,0.005803674524783924,2021,0.0003301322623214886,0.007139626391848601
2021-06-29,382390,201,0.0005256413609142499,773550,4673,0.006040979897873441,2021,0.0003476536410186303,0.007262093850628009
2021-06-30,370927,131,0.0003531692219762918,789413,9408,0.011917716075108973,2021,0.00035856623624947397,0.007601106083234171
2021-07-01,408279,560,0.0013716110796783572,969245,1164,0.0012009347481802847,2021,0.00040154874728910624,0.007442618000668749
2021-07-02,505773,281,0.0005555852131292102,1202124,1539,0.0012802339858450542,2021,0.00040280275555776686,0.0074672097697148065
2021-07-06,512305,1160,0.0022642761636134726,1000088,288,0.00028797465823007573,2021,0.00047827862767821594,0.007453372284208193
2021-07-07,438259,453,0.0010336353617381503,904370,144,0.00015922686511051892,2021,0.0005123146027322514,0.007424954124853444
2021-07-08,464291,0,0.0,1452601,541,0.00037243537626643517,2021,0.0005123146027322514,0.007244606675849377
2021-07-09,451524,490,0.001085213632054996,944546,251,0.0002657361314324554,2021,0.000548366137192864,0.007170344641804153
2021-07-12,471347,414,0.0008783337965447961,1285016,2171,0.0016894731271828523,2021,0.0005741161035744041,0.0064511426045086705
2021-07-13,383069,230,0.000600414024627417,1118713,4875,0.004357686019559976,2021,0.0005707878320178141,0.006164128821858765
2021-07-14,398844,418,0.0010480288032413676,799239,3533,0.004420454957778587,2021,0.0005852621030882817,0.006243590863427301
2021-07-15,384009,322,0.000838522013806968,984439,4832,0.004908379290133771,2021,0.0006060523381586194,0.006390012491778404
2021-07-16,389232,37,0.00009505898795576931,1297804,4657,0.003588369276100243,2021,0.0005363174347124485,0.00647501098545163
2021-07-19,680839,319,0.00046853955193518584,2607540,13123,0.005032712825114859,2021,0.00052561815400062,0.006206974808400069
2021-07-20,553595,115,0.00020773309007487422,1352428,301,0.0002225626798617006,2021,0.0005083995623111209,0.00613817683803659
2021-07-21,416412,725,0.001741064138401391,1076585,766,0.0007115090773139139,2021,0.0005362559428470734,0.0059898220580309565
2021-07-22,340677,20,0.00005870663414319135,862195,213,0.00024704388218442465,2021,0.0005321110676012521,0.005802408867505773
2021-07-23,668267,34,0.00005087786767863743,1579340,895,0.0005666924158192663,2021,0.0005232993850728284,0.005749560799976674
2021-07-26,578775,57,0.00009848386678761176,1120116,515,0.00045977380914119607,2021,0.0005260412468183724,0.005692486262795381
2021-07-27,588256,85,0.00014449491377903497,1205879,2875,0.0023841529705716743,2021,0.0005272344030838083,0.005612462014547873
2021-07-28,426433,670,0.0015711729626928497,958549,1280,0.0013353516617303862,2021,0.00057960683517357,0.005631904458056267
2021-07-29,409748,447,0.0010909144156896434,989595,553,0.0005588144645031554,2021,0.000559854322355225,0.005281757951659942
2021-07-30,404942,31,0.00007655417319023465,990419,1342,0.0013549820833404851,2021,0.0005599113782402738,0.005091877803222687
2021-08-02,459386,11,0.00002394500485430553,1153327,176,0.0001526019940571928,2021,0.0005455687684774355,0.004908062987935819
2021-08-03,501170,4,7.981323702536066e-6,1060006,293,0.00027641352973473734,2021,0.0005424517045210071,0.004794157051175988
2021-08-04,308621,12,0.00003888264246438188,794514,321,0.0004040205710660857,2021,0.0005430089040098197,0.004487276113793851
2021-08-05,340060,13,0.00003822854790331118,978474,691,0.0007062016977456734,2021,0.0005440847839179021,0.0040824591595277765
2021-08-06,436982,16,0.00003661478047150684,1046775,1330,0.001270569128991426,2021,0.0005453052766002857,0.003107270662578964
2021-08-09,413690,2,4.834537939036476e-6,951999,501,0.0005262610569969086,2021,0.0005454664278649202,0.0020834312927253207
2021-08-10,389662,7,0.00001796428699744907,1044474,607,0.0005811537673508388,2021,0.000544216079932874,0.0019093472674775512
2021-08-11,432330,84,0.00019429602387065437,1037275,3367,0.0032460051577450533,2021,0.0005331712353647542,0.001816181442806605
2021-08-12,453190,820,0.001809395617732077,1074083,16463,0.0153274933129004,2021,0.0005817121152232803,0.0019298406840663192
2021-08-13,405388,628,0.0015491331761176947,1090512,23128,0.021208386519359714,2021,0.000587629518437925,0.0025967557431056335
2021-08-16,452197,261,0.0005771820688770602,1188634,8995,0.007567510268089252,2021,0.00058834941362952,0.00280633161918044
2021-08-17,563681,221,0.00039206572511757534,1360061,3646,0.0026807621128758195,2021,0.00052594239901299,0.002886091201001965
2021-08-18,443411,57,0.00012854890834913883,1440675,22508,0.015623232165477988,2021,0.0004957728505666897,0.003401558044347547
2021-08-19,630355,10,0.000015864076591761785,1833681,23906,0.01303716404325507,2021,0.0004963016531197484,0.0038237156665805023
2021-08-20,522163,195,0.0003734466057533759,1271130,7965,0.006266078213872696,2021,0.000472576085576361,0.0040237270693285095
2021-08-23,602906,10,0.000016586333524629047,1515303,6886,0.004544305660320081,2021,0.00044385117014235543,0.004118888153766417
2021-08-24,439864,117,0.00026599130640379755,1008306,3362,0.003334305260506235,2021,0.00043270374620156814,0.004084775461797959
2021-08-25,427169,384,0.0008989416366824371,1035648,4187,0.004042879433938945,2021,0.0004277341739829371,0.004072189611003305
2021-08-26,395848,102,0.00025767466300196035,1250265,10246,0.008195062646718895,2021,0.00040837259562277023,0.0041817457228894754
2021-08-27,434782,252,0.0005796008114411361,1264433,16217,0.012825511513856408,2021,0.0004245239897389491,0.004489650464148014
2021-08-30,524102,272,0.0005189829460677502,1372160,2009,0.0014641149720149254,2021,0.0004262054362100346,0.004370697202378016
2021-08-31,397923,44,0.00011057415630662213,928714,1702,0.0018326416959365316,2021,0.0004229668050844262,0.004424366502913844
2021-09-01,347327,804,0.0023148214794703552,1048241,2973,0.0028361798479548117,2021,0.0004420920497867249,0.004495188861935207
2021-09-02,387273,4,0.000010328631223968621,1035773,1644,0.0015872203658523635,2021,0.0004404794496894175,0.004539861411390805
2021-09-03,389444,221,0.0005674756832818069,953226,3626,0.0038039247775448846,2021,0.00045769937687618987,0.004647769156781658
2021-09-07,502828,28,0.00005568504538331199,1168930,1349,0.001154046863370775,2021,0.0004562727494960465,0.004670911591922645
2021-09-08,454764,1701,0.0037404016149035543,1274138,4433,0.003479214967295536,2021,0.0005761363062001971,0.004707413658480108
2021-09-09,461634,977,0.002116395239518753,1234987,13981,0.011320766939247134,2021,0.0005943103820943939,0.005040260834397332
2021-09-10,525188,1076,0.0020487901475281234,1982830,128613,0.06486335187585421,2021,0.0006262395731556766,0.007183745414775701
2021-09-13,679436,741,0.0010906104474887996,2081239,103567,0.04976218492926569,2021,0.0006600414489656288,0.008797318842973209
2021-09-14,501995,84,0.0001673323439476489,1413530,26943,0.019060791069167263,2021,0.0006648210269354068,0.009427591812143542
2021-09-15,503878,1251,0.0024827438387863728,1414904,45755,0.032337882994181937,2021,0.0007473131107715348,0.01049630746095845
2021-09-16,537423,501,0.0009322265701319073,1501635,8074,0.005376805948183147,2021,0.0007770912416937856,0.010662066973529017
2021-09-17,642506,40,0.00006225622795740429,1747947,31041,0.017758547598983265,2021,0.0007778921643622553,0.011230478503570273
2021-09-20,1348786,3,2.2242223747874013e-6,3228717,25458,0.007884865722204827,2021,0.0007767458124256981,0.011450955056677386
2021-09-21,738654,13,0.000017599579776187497,1582064,1523,0.0009626664913682379,2021,0.0007771713138202698,0.011465501904489762
2021-09-22,598758,406,0.0006780702721299757,1532802,718,0.00046842318838310494,2021,0.0007991748466580206,0.01146174421852417
2021-09-23,838158,767,0.000915101925889868,2137884,39813,0.018622619375045606,2021,0.0008232017100586613,0.011974298025767523
2021-09-24,516689,402,0.0007780308851165789,1240735,22723,0.018314144438578747,2021,0.0007888228856381444,0.012073853063290136
2021-09-27,533234,3340,0.0062636666079057225,1617534,52993,0.03276159882883451,2021,0.0009459740000310787,0.012458960140272628
2021-09-28,793744,3903,0.004917202523735613,2523891,45242,0.017925496782547266,2021,0.0010906413485263639,0.012804226357421228
2021-09-29,523418,4998,0.009548773637895525,1616142,17383,0.01075586179927259,2021,0.0013958649456189622,0.013073396346967787
2021-09-30,815482,4929,0.006044278107916545,1849624,26856,0.01451970778925879,2021,0.0015930559189378758,0.013036612201093813
2021-10-01,947582,2515,0.002654123864742049,2285329,20694,0.009055151358950943,2021,0.0016809979118762185,0.012903878444950343
2021-10-04,847736,1744,0.002057244236413223,1998591,26984,0.01350151181507372,2021,0.00173712449956488,0.013145059564990376
2021-10-05,767406,1223,0.001593680528950777,1730201,3164,0.0018286892678943082,2021,0.0017896943060790851,0.013054539018576184
2021-10-06,771362,556,0.0007208029433651126,1619243,6158,0.003803011654211258,2021,0.0018048546939777956,0.013070162565033018
2021-10-07,796963,90,0.0001129287055986288,2124714,2121,0.000998252000033887,2021,0.0017786542629416688,0.012968674983902851
2021-10-08,474843,36,0.00007581453238228214,1302591,5838,0.004481836585697276,2021,0.0017725922585876792,0.012844900781868797
2021-10-11,538266,259,0.0004811747351681139,1612167,21163,0.013127051974144118,2021,0.0017693113893785784,0.012854952130545053
2021-10-12,539626,78,0.0001445445549324903,1168757,16366,0.01400291078470546,2021,0.00175683010967407,0.013272911990968072
2021-10-13,547445,59,0.00010777338362757903,1563297,25448,0.016278416705207008,2021,0.0017567367505847687,0.01375443782461042
2021-10-14,748211,1099,0.0014688369991887316,2040086,38978,0.01910605729366311,2021,0.0017285372679087146,0.014296767072800696
2021-10-15,692819,10,0.000014433784292867258,1794109,20207,0.011262972316620674,2021,0.0017286741063443445,0.014619292137826308
2021-10-18,756579,9,0.000011895651346389471,1657683,943,0.0005688663031472241,2021,0.0017101547719464971,0.014511456855346386
2021-10-19,815383,4,4.90567009613887e-6,1747679,1032,0.0005904974540519169,2021,0.0017084621261035913,0.014492671875035756
2021-10-20,653489,89,0.00013619203995782637,1486003,2272,0.0015289336562577598,2021,0.001588321806938734,0.014427662498001165
2021-10-21,565784,40,0.00007069835838411833,1104899,1534,0.0013883621941915053,2021,0.0015201319109009125,0.014096582339832641
2021-10-22,622849,320,0.0005137681845840646,1562852,1131,0.0007236769700521866,2021,0.0014689645121361105,0.011958593176305909
2021-10-25,642271,340,0.0005293715581117628,1354560,2652,0.001957831325301205,2021,0.0014502565491568763,0.010365114722840426
2021-10-26,821098,282,0.0003434425610584851,1716571,2301,0.0013404630510476991,2021,0.0014561268897272373,0.009774437122236442
2021-10-27,502113,56,0.00011152867979916872,1159840,1785,0.001539005380052421,2021,0.0013770863844276638,0.008747807868432125
2021-10-28,516528,74,0.00014326425672954806,1245414,3271,0.0026264358679121964,2021,0.0013507876406475853,0.008656128865756426
2021-10-29,714100,63,0.0000882229379638706,1591527,23372,0.014685267670608165,2021,0.0013516531976478007,0.008553686201477256
2021-11-01,599934,171,0.00028503135344887937,1510527,16469,0.010902817361093182,2021,0.001361080102016937,0.008654284589440201
2021-11-02,618559,79,0.0001277161919881531,1549014,38415,0.024799646743024917,2021,0.0013647506557573359,0.009448850597828757
2021-11-03,728852,259,0.0003553533502000406,1546739,34075,0.022030219707397304,2021,0.001353993425026338,0.010167577148462562
2021-11-04,754722,62,0.00008214945370613286,1835189,67796,0.03694224409583972,2021,0.0013262283426202137,0.010778231305822367
2021-11-05,1228806,181,0.0001472974578574649,2193948,8773,0.0039987274083068515,2021,0.00130520389504491,0.010301050738146637
2021-11-08,736013,0,0.0,1505230,3152,0.0020940321412674474,2021,0.0010964150081147193,0.009278798515227735
2021-11-09,684709,0,0.0,1557385,950,0.0006099968858053724,2021,0.000932508257323532,0.008701615185336338
2021-11-10,749517,4,5.3367702133507315e-6,1596354,1130,0.000707863042909029,2021,0.0006143936950674595,0.008366681893457554
2021-11-11,424762,5,0.000011771297809126051,1021321,7272,0.007120190420054028,2021,0.0004133101347305456,0.00812003131448406
2021-11-12,634455,340,0.0005358930105366023,1261915,17400,0.013788567375774122,2021,0.00034270243959036407,0.008277811848378168
2021-11-15,439422,616,0.0014018415099835693,1315823,5741,0.004363048829515824,2021,0.0003208556820427089,0.007973196415526237
2021-11-16,568058,271,0.0004770639617785508,1384422,17298,0.012494745099398883,2021,0.0002836351298036347,0.008328731609909724
2021-11-17,421273,94,0.00022313321765221128,1078244,5887,0.005459803161436558,2021,0.000267046138946538,0.0083839579934839
2021-11-18,534150,78,0.00014602639707947206,1085501,1846,0.0017005972357464433,2021,0.00026814939532923275,0.008407369501340986
2021-11-19,487079,57,0.00011702413776820598,1307368,3649,0.002791103958487587,2021,0.0002695230488420969,0.008351011747100661
2021-11-22,631718,42,0.00006648536213943564,1641765,9512,0.005793764637448112,2021,0.00025570006974114096,0.008106568835877462
2021-11-23,660817,185,0.00027995647811723974,1430933,3688,0.0025773394002374674,2021,0.00026021380051396596,0.007725716456395196
2021-11-24,483933,31,0.00006405845437281607,1091963,4456,0.004080724346887212,2021,0.00025875663620547384,0.007319126711117869
2021-11-26,829529,44,0.00005304214801411403,2586030,8559,0.00330970638391666,2021,0.00021156347449965325,0.006792581680792987
2021-11-29,843675,29,0.000034373425785995794,2000151,1384,0.0006919477579442752,2021,0.00021222812921609089,0.006440214195503774
2021-11-30,954023,310,0.00032493975512120775,2336580,148,0.00006334043773378185,2021,0.00022266293267525147,0.006423363333323326
2021-12-01,679612,42,0.00006179996821715921,2522459,19064,0.007557704604911319,2021,0.0002245594092792855,0.006655603571685305
2021-12-02,773438,58,0.00007498985051161179,2332277,6731,0.0028860208285722494,2021,0.000222519336297745,0.0067008398107624555
2021-12-03,791848,15,0.00001894302947030238,2836787,6579,0.002319173064456373,2021,0.00022079415866728448,0.006731866839771284
2021-12-06,669657,15,0.000022399526921991408,2148915,38604,0.01796441459992601,2021,0.00020441520341188204,0.007306558094100412
2021-12-07,716500,22,0.000030704815073272855,2087415,48293,0.023135313294194014,2021,0.00018779297864393238,0.008012474159730172
2021-12-08,528024,18,0.00003408935957456479,1447961,42744,0.029520132103005536,2021,0.00017748120526113502,0.008951796461462101
2021-12-09,481441,2,4.154195425815416e-6,1496449,29408,0.019651855826693727,2021,0.00017390205578202324,0.00955555814301681
2021-12-10,462642,0,0.0,1344780,12497,0.009292969853805084,2021,0.00016912658055770498,0.009777775942546573
2021-12-13,667034,2,2.998347910301424e-6,1471420,8086,0.005495371817699909,2021,0.00016628576088925268,0.009471446080782965
2021-12-14,711069,77,0.00010828766266002314,1574156,4524,0.002873921009099479,2021,0.00016039430452962416,0.009203816202383175
2021-12-15,684824,24,0.00003504550074179643,1466940,5282,0.0036006925981976086,2021,0.0001573052814880789,0.008497184397555597
2021-12-16,647908,20,0.000030868580107052235,1632045,3552,0.0021764105769142396,2021,0.0001464891224849793,0.007835390759872829
2021-12-17,633846,0,0.0,1575156,54,0.00003428231870367126,2021,0.00014375080736144153,0.0066051253673016265
2021-12-20,1026446,0,0.0,2090899,4314,0.002063227348618943,2021,0.00013884089209952602,0.006540608698645364
2021-12-21,698822,0,0.0,1651598,2268,0.0013732155161243838,2021,0.00013884089209952602,0.006516581477807261
2021-12-22,557375,7,0.000012558869701726845,1522429,9581,0.006293232722182775,2021,0.0001392595210895836,0.006706022672353176
2021-12-23,951057,6,6.3087701368056805e-6,2434121,15451,0.006347671294894543,2021,0.00013929192108703208,0.006894016280752691
2021-12-27,1068716,1,9.357022819907253e-7,2496778,2385,0.0009552311018440566,2021,0.00013893073456946092,0.0066885176368123595
2021-12-28,948063,34,0.00003586259562919342,2081392,649,0.00031181055754994733,2021,0.0001222630540725473,0.00623929240953822
2021-12-29,795387,21,0.00002640224192751453,1876391,33445,0.01782411022009805,2021,0.00007641507847067881,0.006687994455890961
2021-12-30,719811,68,0.00009446924262063236,1604547,36871,0.022979071351602664,2021,0.00006366192116541487,0.007037471997631088
2021-12-31,636084,1,1.572119405613095e-6,1223670,18474,0.015097207580475128,2021,0.00005627655122386159,0.00735871881159904
2022-01-03,599511,4,6.672104431778566e-6,1410024,8971,0.00636230305299768,2022,0.00005163140813560515,0.0075141090055074146
2022-01-04,682496,1,1.4652100525131283e-6,1491455,2810,0.0018840662306271393,2022,0.000047779443878415385,0.007483874414578733
2022-01-05,702303,81,0.0001153348341100636,2130408,593,0.00027835043803815985,2022,0.00004940775961076965,0.0073000272745984
2022-01-06,801256,184,0.00022963946603831985,1801041,57,0.00003164836336318829,2022,0.000047730525874805655,0.007215170906702591
2022-01-07,766848,1882,0.0024542021365381405,1507912,137,0.00009085410819729533,2022,0.00012740198194698314,0.007082175232079596
2022-01-10,1203727,163,0.00013541276385758565,2586338,898,0.00034720906548177383,2022,0.00013014766914176552,0.006983425321465098
2022-01-11,802212,75,0.00009349149601352262,1662228,32,0.00001925126998221664,2022,0.0001321182714826831,0.006961002105199696
2022-01-12,693007,659,0.0009509283456011267,1368706,24,0.000017534810251434565,2022,0.00015298455783201373,0.0069594752509502845
2022-01-13,563367,506,0.0008981711743854361,1641364,491,0.0002991414457731496,2022,0.00018086359803762292,0.006717523145645679
2022-01-14,739475,0,0.0,1626117,689,0.000423708749124448,2022,0.00017836393635390252,0.006635446076330752
2022-01-18,922472,130,0.00014092568663330704,2562691,1848,0.0007211169821098213,2022,0.0001824300249260027,0.006582177540252534
2022-01-19,706708,93,0.0001315960764559054,2155072,2705,0.0012551784812757996,2022,0.00018606990991046652,0.006025203002964194
2022-01-20,807490,78,0.00009659562347521332,2566589,640,0.0002493581948648576,2022,0.0001882662701905312,0.005262337832986555
2022-01-21,1370412,707,0.0005159032466148867,2884172,4715,0.0016347846106265506,2022,0.00020432673309187527,0.004332826249907255
2022-01-24,2294787,5729,0.0024965280002021972,4536083,17880,0.003941726815845301,2022,0.00028740585991775464,0.003809155282878975
2022-01-25,1341246,58,0.0000432433722076338,2647156,4564,0.0017241144836194014,2022,0.0002888473056580091,0.003556860103872785
2022-01-26,1075389,1855,0.0017249572015335846,2920568,26231,0.008981472097208489,2022,0.00034624593411211856,0.0036730634465230714
2022-01-27,849517,2,2.3542789608683523e-6,2209071,565,0.0002557636219026007,2022,0.0003427148213221467,0.0035857915336165087
2022-01-28,1278674,28,0.000021897684632674162,3111346,2067,0.0006643426992690623,2022,0.000342276560785176,0.003487913203652224
2022-01-31,1739897,3,1.724239998114831e-6,2673070,7,2.6187118182464357e-6,2022,0.0003413050827815447,0.003415453474815691
2022-02-01,1109602,0,0.0,2017412,6,2.9741074207945625e-6,2022,0.0003413050827815447,0.0034144098677729284
2022-02-02,975704,4,4.0996039782557e-6,2060570,5,2.426513052213708e-6,2022,0.0003414417362474866,0.0033457165065873705
2022-02-03,842710,0,0.0,2069590,34,0.00001642837470223571,2022,0.0003414417362474866,0.0033004902685399655
2022-02-04,652278,0,0.0,1504148,24,0.00001595587668234775,2022,0.00034102310725742904,0.003091247707023285
2022-02-07,624628,0,0.0,1598732,18,0.000011258922696236768,2022,0.0003408128149195355,0.0028800339612833413
2022-02-08,538688,0,0.0,1380093,13,9.419655052231988e-6,2022,0.0003407816248434692,0.0028485069130569475
2022-02-09,765144,0,0.0,1775153,104,0.00005858649930456699,2022,0.00033958620498916275,0.002840066111115434
2022-02-10,720051,0,0.0,1843070,2681,0.0014546381852018643,2022,0.0003387061302582456,0.0022944170432855618
2022-02-11,928071,5,5.387518842847153e-6,2323560,8164,0.003513573998519513,2022,0.00033573673946565266,0.001645567131516123
2022-02-14,1068451,54,0.00005054045529462745,2127810,16797,0.00789403189194524,2022,0.0003373690173286199,0.0014054612752317933
2022-02-15,699744,41,0.00005859285681620707,1789973,11674,0.006521886084315238,2022,0.0003390997090747675,0.0014107807096090453
2022-02-16,677218,2,2.953258773393501e-6,1437537,1240,0.0008625864934259084,2022,0.0003391493106987968,0.001376731385035671
2022-02-17,798158,0,0.0,1731682,265,0.0001530304062755171,2022,0.00033530481622846137,0.001372554050643583
2022-02-18,840994,3,3.5672073760335984e-6,1998027,542,0.00027126760549281865,2022,0.0003277690742730518,0.0013805413587145705
2022-02-22,1030870,39,0.000037832122382065636,2303698,343,0.00014889104387814722,2022,0.00024722340713451596,0.0013824759232372657
2022-02-23,1165636,679,0.0005825146100497926,2313982,36,0.000015557597250108257,2022,0.0002621268020075895,0.0013714208742962102
2022-02-24,1772437,3313,0.0018691778607645858,3745194,511,0.00013644153013168343,2022,0.00032131634749929164,0.0013753272163011924
2022-02-25,1302710,2405,0.0018461514842136777,2519783,67,0.000026589591246547817,2022,0.00035115711878637673,0.0013756290423343628
2022-02-28,977928,161,0.0001646337971711619,2063365,11509,0.005577781924186947,2022,0.0003267058728792342,0.001551583724948156
2022-03-01,972616,55,0.00005654852480321114,2112687,12,5.679970577752408e-6,2022,0.00032859082370600794,0.001537649432329933
2022-03-02,971256,149,0.0001534096057064255,2131510,1182,0.0005545364553767048,2022,0.00032900695434177847,0.0015320967481054957
2022-03-03,594953,236,0.0003966699890579592,1693500,55,0.00003247711839385887,2022,0.00033784275142851363,0.0014913400360094312
2022-03-04,753071,42,0.00005577163375033696,1827169,2216,0.0012128051647110913,2022,0.00033648195177101776,0.0015234549350043056
2022-03-07,1053040,4,3.798526171845324e-6,2177117,952,0.00043727553457163765,2022,0.0003194117944229164,0.0014835379658024752
2022-03-08,1229127,17,0.000013830954815897787,2718429,156,0.00005738608586062023,2022,0.00023665522624337308,0.0013540599414696524
2022-03-09,816743,120,0.00014692504251643417,1936988,207,0.00010686695013082167,2022,0.00024011128192033307,0.0013001516903533665
2022-03-10,860310,2,2.3247434064465135e-6,1644118,2487,0.0015126651493384295,2022,0.00018269019998276182,0.0010511914587576978
2022-03-11,863616,0,0.0,2237004,1552,0.0006937850804021807,2022,0.00018261172401739953,0.0010657921740410171
2022-03-14,970119,0,0.0,2416868,3223,0.0013335440743971123,2022,0.0001818818011963104,0.0010880988865452853
2022-03-15,1019611,7,6.865363359163445e-6,2257244,5010,0.002219520796156729,2022,0.00018205317197501206,0.0011619956226899015
2022-03-16,1044438,12,0.000011489432594371326,2292494,3789,0.0016527851326982753,2022,0.0001824361530614911,0.0012169893235324841
2022-03-17,895857,18,0.00002009249244019972,2308725,2478,0.001073319689438976,2022,0.0001829692493435559,0.0012526857627453763
2022-03-18,1018611,32,0.00003141532930628081,2430785,380,0.00015632809977023882,2022,0.00018401642698709857,0.0012573490869143098
2022-03-21,806198,39,0.00004837521303699588,2220225,86,0.00003873481291310565,2022,0.00018562893408833177,0.0012581083847886681
2022-03-22,1118416,62,0.00005543554455587188,2743986,341,0.00012427177106588737,2022,0.0001874767855735275,0.0012618754797343232
2022-03-23,670085,45,0.00006715565935664878,1969690,64,0.00003249242266549559,2022,0.00018971530755208246,0.0012626445719880986
2022-03-24,629827,15,0.000023816063776243317,1732227,1041,0.0006009604976714945,2022,0.0001905091763446239,0.0012807237052669962
2022-03-25,666984,9,0.000013493577057320715,1941146,5262,0.0027107698235990492,2022,0.00019095896224653462,0.0013225947598802356
2022-03-28,779936,22,0.000028207442661962007,1892629,351,0.00018545631499887195,2022,0.00019171962637383843,0.0012116575037628811
2022-03-29,963915,18,0.000018673845722911254,2006226,11292,0.005628478546285414,2022,0.00019065740605478122,0.0011361390589075535
2022-03-30,762576,14,0.00001835882587440465,1980529,16463,0.008312425619619809,2022,0.00018931627169005446,0.0011958237100843725
2022-03-31,709978,46,0.0000647907399947604,1720783,53825,0.031279365265695906,2022,0.00019137752106410005,0.002209716335826706
2022-04-01,756444,83,0.00010972391875670902,1760773,66709,0.037886201117350166,2022,0.00019503498502265702,0.0034674886928625277
2022-04-04,549484,62,0.00011283313071900182,1293762,24413,0.018869776666805796,2022,0.0001986771824674226,0.004087438994906293
2022-04-05,561390,138,0.00024581841500561106,1795835,16897,0.009408993587940985,2022,0.00020561005888820747,0.004396109079708388
2022-04-06,748628,35,0.000046752192009916805,1984616,27692,0.013953329006719688,2022,0.0001877513116202116,0.004860701460024041
2022-04-07,597536,125,0.00020919241685856584,1187222,9352,0.0078772125179621,2022,0.00013241846349001092,0.005118727159618389
2022-04-08,459342,86,0.00018722433393854687,1298182,2191,0.0016877448616603836,2022,0.00007712089181417324,0.005174099001965516
2022-04-11,651072,10,0.000015359284380222157,1856194,7162,0.003858432900871353,2022,0.0000721450747211419,0.005116787367854996
2022-04-12,720993,3,4.160928053393029e-6,1531422,3957,0.0025838730278133657,2022,0.00007039882149614799,0.005202727136429516
2022-04-13,571554,0,0.0,1193828,8019,0.0067170480169672685,2022,0.00006528516797260046,0.005408144188482535
2022-04-14,529804,1,1.8874904681731357e-6,1254008,6278,0.005006347646904964,2022,0.000052125751352940924,0.005573939872766239
2022-04-18,604945,0,0.0,1406685,449,0.0003191901527349762,2022,0.00005026669689459636,0.005544152705700368
2022-04-19,690829,1,1.4475362209750893e-6,1688947,1206,0.0007140543782605375,2022,0.00005018833056290068,0.005553378667156664
2022-04-20,588537,0,0.0,1448877,1703,0.0011753930802959809,2022,0.00004972729873570409,0.0055906455669711775
2022-04-21,668755,0,0.0,1812810,5140,0.0028353771217060806,2022,0.000044829797318489613,0.005681595906023685
2022-04-22,1010305,0,0.0,2778762,1141,0.00041061451106643896,2022,0.00004475230587160807,0.005644860884747953
2022-04-25,1436451,2,1.3923203784883717e-6,3063040,1185,0.00038687055996656914,2022,0.00004479871655089102,0.005634630400733432
2022-04-26,1180783,0,0.0,2383248,24,0.000010070290628587541,2022,0.00004479871655089102,0.005590514607941148
2022-04-27,928283,16,0.00001723612303575526,2342194,3826,0.0016335111438249778,2022,0.00004514440854011074,0.005570980952863422
2022-04-28,1276384,0,0.0,2236453,2571,0.0011495882095443096,2022,0.000044761427453631695,0.005554207722091625
2022-04-29,1003932,0,0.0,2547495,20,7.850849560058017e-6,2022,0.00004409167770562504,0.005518692094095661
2022-05-02,1505523,4,2.6568840197061088e-6,3150043,1,3.174559839341876e-7,2022,0.00004313306286273921,0.005513491739302783
2022-05-03,890317,0,0.0,1914156,54,0.000028210866825901337,2022,0.00004152055576150602,0.0055131409410998766
2022-05-04,1184028,0,0.0,1970882,2,1.0147740960646045e-6,2022,0.00003967270427631029,0.005509032374534216
2022-05-05,1098652,0,0.0,2182327,712,0.00032625724742442355,2022,0.000037434182297755336,0.005518824535359513
2022-05-06,1061979,0,0.0,1892636,13,6.868727002973631e-6,2022,0.00003664031350521389,0.005499021476337229
2022-05-09,1323414,74,0.00005591598698517622,2400365,370,0.00015414322405134218,2022,0.00003805439383614241,0.00541380058968564
2022-05-10,1153564,2,1.7337572947838177e-6,2325551,7,3.0100393412141895e-6,2022,0.00003717193765723647,0.0054077190471637174
2022-05-11,1109962,9,8.108385692483166e-6,2534794,17,6.706659397173893e-6,2022,0.000036819755656222194,0.005220326650934109
2022-05-12,1504893,37,0.000024586465615827837,2773055,92,0.00003317640652637614,2022,0.00003702734364760297,0.004944351677164328
2022-05-13,1141328,12,0.000010514067822746835,2287067,444,0.00019413510841615047,2022,0.00003521812124186918,0.003908177338588336
2022-05-16,791059,23,0.000029074948897616992,2258315,348,0.00015409719193292345,2022,0.000032529822246566116,0.002650440541074428
2022-05-17,916324,5,5.456585225313317e-6,2459485,1348,0.0005480822204648534,2022,0.000028950604063443165,0.002039717392863063
2022-05-18,1172741,8,6.8216255763207736e-6,2583301,5301,0.002052025683418231,2022,0.000020984044415800157,0.0017944851293789715
2022-05-19,1296603,0,0.0,2034336,332,0.00016319821307787897,2022,0.0000194256380154696,0.0013348141029242446
2022-05-20,1562897,0,0.0,2727187,2095,0.0007681908134645699,2022,0.000012452557453517402,0.0010978467127743272
2022-05-23,1169085,2,1.7107395954956226e-6,2148370,44,0.000020480643464580122,2022,6.2687709754156936e-6,0.0010422712388344667
2022-05-24,994084,15,0.000015089268110139586,2108177,1,4.743434730575279e-7,2022,6.259770433079608e-6,0.0009136726202545237
2022-05-25,857224,0,0.0,1538525,20,0.0000129994637721194,2022,6.1210728312998394e-6,0.000827976834786482
2022-05-26,1094890,7,6.393336316890281e-6,1847213,619,0.00033509941733844445,2022,6.33418404186285e-6,0.0006152452147988545
2022-05-27,1231263,55,0.0000446695791232255,2231180,9325,0.004179402827203542,2022,7.760253663697928e-6,0.0005876803874754738
2022-05-31,900917,35,0.000038849305762906016,1728748,498,0.00028806974758611433,2022,9.055230522461463e-6,0.0005866430406371785
2022-06-01,893997,8,8.948575890075693e-6,1614596,2372,0.0014690981521074003,2022,9.30526517809815e-6,0.0006118111664320738
2022-06-02,896961,5,5.5743783731957135e-6,1583553,1072,0.0006769587124649443,2022,9.491077790538006e-6,0.0005951966875043726
2022-06-03,765952,7,9.138953877005347e-6,1523874,1425,0.0009351166828753558,2022,9.795709586438185e-6,0.0005318546728766818
2022-06-06,684721,1,1.4604488543508961e-6,1478918,1347,0.000910801004518168,2022,9.844391214916547e-6,0.0005485275559917395
2022-06-07,840869,3,3.567737661871231e-6,1424685,605,0.0004246552746747527,2022,9.916905124362641e-6,0.0005497870464820122
2022-06-08,665889,10,0.000015017517934670794,1262590,273,0.0002162222099018684,2022,0.000010417489055518335,0.0005566587771244549
2022-06-09,877243,20,0.000022798700018124966,1673801,1314,0.0007850395596609154,2022,0.00001060290828826399,0.0005283763909856528
2022-06-10,1688403,62,0.00003672109087700034,2414982,25763,0.010667988415648647,2022,0.00001182694465083067,0.0008456563978557974
2022-06-13,2095936,893,0.00042606262786649973,3800536,677,0.00017813276864105484,2022,0.00002602903224638066,0.000851332461825164
2022-06-14,1962828,767,0.0003907627158365379,2654451,19,7.157788936394004e-6,2022,0.00003896589330694172,0.0008515604729235793
2022-06-15,1395118,21,0.000015052490183626045,2418599,70,0.00002894237531728079,2022,0.00003946764297972926,0.0008515848565399587
2022-06-16,1678829,435,0.00025910917669399325,2887143,28,9.698168743287048e-6,2022,0.000048104615536195696,0.0008518743030281994
2022-06-17,1201128,136,0.00011322690004728889,1879431,0,0.0,2022,0.000051878845537771994,0.0008409990614473853
2022-06-21,1170013,62,0.00005299086420407295,2352228,42,0.000017855411975369733,2022,0.00005364520767790776,0.0008413652842797984
2022-06-22,1022620,26,0.000025424889010580666,1511573,16,0.000010584999864379689,2022,0.000052628837745421236,0.000836580010140233
2022-06-23,851132,7,8.224341230267456e-6,1508406,14443,0.009575008320041156,2022,0.000052845190543270696,0.0011556466194968978
2022-06-24,1287662,202,0.00015687346524165504,2080910,2986,0.0014349491328313094,2022,0.000057804026528243094,0.0012032547019447024
2022-06-27,878425,4,4.553604462532373e-6,1568819,86,0.00005481830599960862,2022,0.00005713626448979991,0.00120397609859381
2022-06-28,964113,0,0.0,1897903,204,0.00010748705281566023,2022,0.00005678579556237502,0.0012010878300737938
2022-06-29,788660,3,3.803920574138412e-6,1133013,98,0.0000864950358027666,2022,0.0000559434279515924,0.0011988344248694551
2022-06-30,1002136,1,9.978685527712805e-7,1960788,2072,0.001056718013370135,2022,0.00005579480406250766,0.0012157889512996313
2022-07-01,902262,3,3.3249765589152596e-6,1664690,1224,0.0007352720326307,2022,0.000055678249095260814,0.001171897162940047
2022-07-05,1012835,4,3.949310598468655e-6,1618498,514,0.0003175783967604532,2022,0.00005580989278187643,0.0011770431690627991
2022-07-06,782239,1,1.2783816710749527e-6,1492024,23,0.000015415301630536775,2022,0.0000558525055042456,0.0011519506520016648
2022-07-07,888153,1,1.1259321310630039e-6,1896093,2140,0.0011286366227816886,2022,0.00005583301192209784,0.0011888891846455684
2022-07-08,698257,5,7.160687254119901e-6,1439941,217,0.00015070061898369446,2022,0.00005556872589356385,0.0011938967271625898
2022-07-11,588770,7,0.000011889192723814052,1450224,42,0.000028961043259524045,2022,0.00005596503231769099,0.0011944287798121701
2022-07-12,748857,21,0.000028042737131388237,1418369,93,0.00006556826890604631,2022,0.00005668667901150759,0.0011854444081977568
2022-07-13,948340,4,4.2178965349979965e-6,1616041,373,0.00023081097571163109,2022,0.0000553382895919,0.001053824679814693
2022-07-14,1141645,0,0.0,1577715,731,0.00046332829440044623,2022,0.00005404331273313647,0.0010596666313751708
2022-07-15,764603,0,0.0,1413656,72,0.00005093176840758996,2022,0.00005374502687013395,0.0010123944185851772
2022-07-18,752245,3,3.988062399883017e-6,1504927,56,0.000037211107249720416,2022,0.00005369214967102353,0.000991069498411336
2022-07-19,889846,2,2.247579918322946e-6,1690861,265,0.00015672488749814443,2022,0.00005346243720573411,0.0009651231052320958
2022-07-20,782404,0,0.0,1570976,402,0.00025589187867924146,2022,0.00005341375557725574,0.000943292801037465
2022-07-21,843089,0,0.0,1589691,175,0.00011008428682052047,2022,0.00005329483098852671,0.000932807101442324
2022-07-22,857340,0,0.0,1509184,184,0.00012192018998346127,2022,0.00005279424705737101,0.000929663700778377
2022-07-25,644060,0,0.0,962249,102,0.00010600166900667083,2022,0.00005203429039010018,0.0009070291044232355
2022-07-26,673354,0,0.0,1263610,421,0.00033317241870513845,2022,0.0000508102540275335,0.0005625352378584518
2022-07-27,971168,1,1.0296879633595834e-6,1546756,39,0.00002521406091199905,2022,0.000036642489364095496,0.0005574379476008166
2022-07-28,1073844,0,0.0,1943700,2215,0.001139579153161496,2022,0.000023617065502877568,0.0005951853264083201
2022-07-29,925345,0,0.0,1980747,920,0.00046447123231790834,2022,0.00002311531583009003,0.0006097029549750077
2022-08-01,1014126,4,3.944283057529341e-6,1615954,790,0.0004888753021435016,2022,0.000014609819375541236,0.000625675526088348
2022-08-02,885624,0,0.0,1613998,813,0.0005037180963049521,2022,0.00001083558937396494,0.0006424661292985132
2022-08-03,1192561,7,5.8697207103032885e-6,1754489,1373,0.00078256404001393,2022,9.264884590839284e-6,0.0006679564168997986
2022-08-04,584434,6,0.000010266343162786559,1251898,2417,0.001930668472990611,2022,8.759599729246147e-6,0.0007319591993373396
2022-08-05,643959,15,0.000023293408431282117,1343848,3965,0.0029504824950440825,2022,9.261901969279967e-6,0.0005111416718374371
2022-08-08,878067,10,0.000011388652574347971,1412128,990,0.0007010695914251399,2022,4.412408213703067e-6,0.00048667902045723146
2022-08-09,618259,13,0.0000210267865085668,1268518,545,0.0004296352121136633,2022,4.961514281904214e-6,0.0004991729173277
2022-08-10,801707,13,0.000016215400389419078,1757074,4347,0.0024739993876182792,2022,5.502027628218184e-6,0.0005780566618211206
2022-08-11,813764,28,0.000034408010184771016,1837247,3329,0.001811950162389706,2022,6.522163948572604e-6,0.0006355718327073519
2022-08-12,714373,3,4.199486822710265e-6,1611528,6088,0.0037777810872662468,2022,6.62888455757057e-6,0.0007262739351705555
2022-08-15,769909,9,0.000011689693197507758,1407996,3779,0.0026839564885127514,2022,6.907708445523653e-6,0.0007912300836999573
2022-08-16,1049221,51,0.00004860749070024332,1283650,2326,0.0018120204105480466,2022,8.396314448916142e-6,0.0008410448174928771
2022-08-17,803434,45,0.000056009578882646244,1500349,376,0.00025060835845526605,2022,0.000010220687689301851,0.0008488845860537014
2022-08-18,531737,7,0.000013164402702839938,1097801,1812,0.0016505723714953804,2022,0.000010621970041694416,0.0008662824443441578
2022-08-19,749537,0,0.0,1169398,48,0.00004104676081197334,2022,0.000010383280466557085,0.0008626273157384338
2022-08-22,886071,0,0.0,1827321,277,0.00015158803516185718,2022,9.98697404242995e-6,0.0008667148821351783
2022-08-23,750190,0,0.0,1157790,112,0.00009673602294025688,2022,9.052216138050343e-6,0.000867753807269652
2022-08-24,625603,0,0.0,995460,21,0.000021095774817672232,2022,8.911619586883743e-6,0.0008607633005731866
2022-08-25,587030,1,1.703490451936017e-6,1099545,6,5.456802586524426e-6,2022,8.968402601948276e-6,0.0008455009175127226
2022-08-26,993999,0,0.0,1885381,661,0.0003505922675575918,2022,8.968402601948276e-6,0.0008554896008177226
2022-08-29,1108087,0,0.0,1685169,6,3.560473756638058e-6,2022,8.835467188618843e-6,0.0008543679130346199
2022-08-30,1135345,0,0.0,1770216,63,0.0000355888772895511,2022,8.760547858008079e-6,0.0008503300460276666
2022-08-31,936818,86,0.00009180011485688788,1483878,320,0.00021565115191410616,2022,0.000011820551686571008,0.0008489886884688289
2022-09-01,1222638,9,7.361132240286986e-6,2010595,69,0.00003431819933900164,2022,0.00001206592276124724,0.0008464631522194448
2022-09-02,966913,7,7.239534477248729e-6,2277352,861,0.00037807067155187253,2022,0.000012307240577155532,0.0008550015016050587
2022-09-06,1074809,10,9.303978660394544e-6,1615318,117,0.00007243155836807366,2022,0.000012617373199168683,0.0008538824979171054
2022-09-07,973290,10,0.000010274430025994308,1671423,54,0.000032307800000358975,2022,0.00001295985420003516,0.0008438536772936128
2022-09-08,738027,3,4.064891934847912e-6,1448048,91,0.00006284322066671824,2022,0.000013061027665751438,0.0008451079826187701
2022-09-09,1153781,21,0.000018201027751367028,2025384,3325,0.0016416640005055831,2022,0.000013667728590797003,0.0008618441441969063
2022-09-12,1051688,9,8.557671096370787e-6,1988886,1977,0.0009940237902021534,2022,0.000013952984294009364,0.0008794958961263811
2022-09-13,1209866,7,5.785764704520997e-6,2550170,41403,0.016235388229020025,2022,0.000014014367015575752,0.0014043796603555984
2022-09-14,1031276,0,0.0,1792729,8213,0.004581283618438704,2022,0.000014014367015575752,0.0015402985110933903
2022-09-15,1131589,0,0.0,1538562,1073,0.0006974044594887954,2022,0.000013818709658565643,0.0015374598584092193
2022-09-16,1415703,0,0.0,1787779,67,0.00003747666797741779,2022,0.000013476498219806092,0.0014743534649087793
2022-09-19,1174942,0,0.0,1536184,8,5.207709493133635e-6,2022,0.000012700051272096686,0.0013761776387237478
2022-09-20,1011567,0,0.0,1823048,0,0.0,2022,0.000012320429519618422,0.0013528086523429098
2022-09-21,1041506,1,9.601480932419016e-7,1464980,11,7.508634930169695e-6,2022,0.000011651541572440926,0.0013387377664367932
2022-09-22,1442215,0,0.0,1692215,1,5.909414583844251e-7,2022,0.000011111028226126957,0.0012562908182314635
2022-09-23,1835714,20,0.00001089494332995227,3072156,28,9.114120506901342e-6,2022,0.000010327259330966331,0.0011961962835020368
2022-09-26,1342113,6,4.470562463816385e-6,1907022,20,0.000010487555990439543,2022,0.000010336295185669869,0.0010706198324595096
2022-09-27,1362192,0,0.0,2489810,1,4.0163707270835926e-7,2022,9.946638745752945e-6,0.000981168004078175
2022-09-28,1548036,2,1.2919596185101638e-6,2009634,5,2.488015230634036e-6,2022,8.369454376361837e-6,0.0009208502575675945
2022-09-29,1456688,16,0.00001098382083191459,1801207,46,0.0000255384306190238,2022,6.868595774670783e-6,0.0009133479266397198
2022-09-30,1387590,28,0.00002017887128042145,2080344,258,0.0001240179508773549,2022,7.102411393923501e-6,0.0008624627792857858
2022-10-03,1560090,6,3.845931965463531e-6,2516070,16,6.359123553796198e-6,2022,7.230609126105618e-6,0.000861306524710513
2022-10-04,1454127,40,0.000027507913682917654,2432470,1863,0.000765888171282688,2022,8.147539582202873e-6,0.0008817831959145407
2022-10-05,1044957,6,5.741863062307827e-6,1827936,151,0.00008260683087372863,2022,8.338935017613133e-6,0.0008813122228456565
2022-10-06,913788,14,0.000015320840282428747,1757425,303,0.00017241134045549596,2022,8.849629693694092e-6,0.0008863560750335839
2022-10-07,1228026,12,9.771780076317603e-6,2053158,1859,0.0009054344575527067,2022,9.118572681173477e-6,0.0009163553301991234
2022-10-10,1325204,19,0.000014337415220599997,1820909,5,2.7458813153210843e-6,2022,9.596486521860143e-6,0.0009047604506577143
2022-10-11,1453429,24,0.000016512674509728372,1981635,6,3.027802799203688e-6,2022,0.000010146909005517758,0.0009047426949591333
2022-10-12,1193848,22,0.000018427806554938318,1401285,21,0.000014986244768194906,2022,0.0000107611692240157,0.0009040559405417547
2022-10-13,2169548,48,0.000022124424073585835,2453944,9022,0.003676530515773791,2022,8.438646197905635e-6,0.0010194185860037442
2022-10-14,1192375,88,0.000073802285354859,2367752,7959,0.0033614162294024036,2022,0.000010653351301724699,0.0011303218536725243
2022-10-17,1140244,4,3.5080210902227944e-6,1974993,6264,0.0031716568109355324,2022,0.000010528967522157169,0.0012234413916519798
2022-10-18,1120466,10,8.924858050132712e-6,2077781,2009,0.0009668968962561502,2022,0.000010516330168481773,0.0012532569029149153
2022-10-19,881798,6,6.804279438147966e-6,1475839,177,0.00011993178117667306,2022,0.00001040065848222023,0.0012561777022874593
2022-10-20,968706,1,1.0323049511410068e-6,1659859,744,0.00044823084370419417,2022,0.000010299572249429999,0.0012690239563887084
2022-10-21,1229134,2,1.6271618879633954e-6,1931411,788,0.0004079918774408968,2022,9.747110053983211e-6,0.0012279015522865522
2022-10-24,1111477,1,8.997037275625136e-7,1968387,32,0.000016256965728792153,2022,9.491844475022936e-6,0.0011953093248041067
2022-10-25,1091299,3,2.7490174553445024e-6,2289961,623,0.00027205703503247435,2022,9.390619566717054e-6,0.0006631982850045219
2022-10-26,1097964,3,2.7323300217493468e-6,2004671,62,0.00003092776819737503,2022,9.481697234108698e-6,0.0005115197566631441
2022-10-27,791557,4,5.053331598356151e-6,1608469,115,0.00007149655977205653,2022,9.65014162072057e-6,0.0004906561600059196
2022-10-28,1121368,1,8.917679120502814e-7,1941253,1694,0.0008726322638007513,2022,9.679867217788911e-6,0.0005184946798666973
2022-10-31,1063053,12,0.000011288242448871317,1529701,485,0.00031705542455682514,2022,0.000010056141966084623,0.0005288896037021537
2022-11-01,1072394,4,3.7299723795545293e-6,1571128,97,0.0000617390817298145,2022,0.000010180474378736441,0.0005309475730931476
2022-11-02,1033842,18,0.000017410784239758106,1732181,1165,0.0006725625093451551,2022,0.000010728828916953648,0.0005531160355736471
2022-11-03,1200225,24,0.00001999625070299319,1898588,3547,0.0018682304955050806,2022,0.00001139537060705342,0.0006153706873752036
2022-11-04,1141711,12,0.000010510540758563244,1742842,2446,0.0014034548169025076,2022,0.00001138255718800712,0.0006618487105883905
2022-11-07,950171,9,9.471979254260549e-6,1441441,1628,0.0011294253458865122,2022,0.000011549271081021926,0.0006991466369182596
2022-11-08,1097844,6,5.465257358969034e-6,1874463,3969,0.002117406425200177,2022,0.000011731446326320893,0.000769713463189175
2022-11-09,819307,14,0.00001708761184757362,1560714,2438,0.001562105549126874,2022,0.000012257968067289674,0.00082170071431905
2022-11-10,1226081,26,0.000021205776779837546,2077450,20096,0.009673397675034296,2022,0.000012598699932220439,0.0011432960224662255
2022-11-11,1072036,34,0.000031715352842628417,2005115,19123,0.009537108844131134,2022,0.000012983249317627337,0.0014570657189080182
2022-11-14,854328,14,0.00001638714872976187,1574019,2621,0.0016651641435077975,2022,0.000013401289876437284,0.0015123592195731518
2022-11-15,785625,30,0.00003818615751789976,1830635,8516,0.004651937715601417,2022,0.000013757231337603354,0.0016418942043837758
2022-11-16,751585,52,0.00006918711789085733,1179192,2111,0.0017902088887984315,2022,0.00001587207316522167,0.001698814272981266
2022-11-17,739837,26,0.00003514287606594425,1460113,14003,0.009590353623315456,2022,0.000016532807691338857,0.0020127456824099313
2022-11-18,661069,2,3.0254027945645615e-6,1292465,9538,0.007379696935700387,2022,0.00001630792844861375,0.0022285544316815206
2022-11-21,700896,25,0.0000356686298680546,1175900,2750,0.0023386342376052385,2022,0.000017018968936862238,0.0023064173768911843
2022-11-22,782163,9,0.000011506552981923205,1332768,18706,0.014035451031237245,2022,0.000016852098219268734,0.002774164817839119
2022-11-23,647907,2,3.086862775058766e-6,1411148,7301,0.00517380175573363,2022,0.000016340733426606082,0.0029461253348713004
2022-11-25,351375,1,2.8459622909996443e-6,742395,3184,0.004288821988294641,2022,0.000015698118033853207,0.002966535050621995
2022-11-28,767445,9,0.000011727224752262377,1488631,457,0.0003069934725260995,2022,0.000013628949347099988,0.0028647209587261187
2022-11-29,687788,11,0.000015993300261126974,1191713,1906,0.0015993783738198711,2022,0.000014045125319463462,0.0028123116774889296
2022-11-30,888712,20,0.00002250447839119985,1870549,27900,0.014915407187943219,2022,0.000014497779330832366,0.0032772620205451654
2022-12-01,1077024,12,0.000011141812995810678,1586619,6173,0.0038906631018536903,2022,0.000014642363782754456,0.003402953064567733
2022-12-02,985289,26,0.00002638819676257423,1403262,7004,0.004991227582589709,2022,0.000015487560176468897,0.00355438628919725
2022-12-05,936173,18,0.00001922721548260845,1479065,1165,0.0007876597715448611,2022,0.000016074228629623733,0.003567041885667382
2022-12-06,1211295,31,0.000025592444449948197,1935589,9595,0.004957147410943129,2022,0.000016897319987036587,0.0037317382338411934
2022-12-07,926539,32,0.000034537132273978756,1210040,1781,0.0014718521701761924,2022,0.0000179569238143244,0.0037717314050126505
2022-12-08,845226,21,0.0000248454259570813,1094779,3172,0.0028973884226862227,2022,0.000018694027012168795,0.003867280093495612
2022-12-09,819202,34,0.000041503804922351264,1240881,5627,0.004534681407806228,2022,0.000019909042789635298,0.004016052921763418
2022-12-12,1186534,14,0.000011799071918714507,1392199,3265,0.0023452107062280608,2022,0.00002027261958985744,0.004065138869844328
2022-12-13,1077924,19,0.000017626474593756147,1877398,9503,0.005061792970909738,2022,0.000020483893994686937,0.004223296788056092
2022-12-14,794655,21,0.000026426562470506068,1333618,13288,0.009963872713175738,2022,0.00002124044699771865,0.004553367909104289
2022-12-15,1211919,17,0.00001402734011101402,2100224,46968,0.022363328863968794,2022,0.000021127665526760515,0.005276393454258411
2022-12-16,1250679,58,0.000046374809203640585,1742006,7521,0.004317436334892072,2022,0.000022006950810115427,0.005358033648904644
2022-12-19,1105600,42,0.000037988422575976845,1606984,4642,0.0028886410816784734,2022,0.000022922880204029216,0.00540753985773051
2022-12-20,904144,8,8.848148082606311e-6,1423743,2858,0.0020073847597494774,2022,0.00002290208583164074,0.0054368051715259404
2022-12-21,931698,7,7.513164136876971e-6,1536253,6177,0.004020822091152954,2022,0.000022970349390904336,0.005500252360391034
2022-12-22,1336533,153,0.00011447528792779527,1932381,3627,0.0018769590468960314,2022,0.00002621660526024506,0.005510747476983339
2022-12-23,792531,24,0.00003028272711098998,1141749,1608,0.0014083655864817923,2022,0.000026519170271283474,0.005235246407364922
2022-12-27,768455,32,0.000041641995952918515,1011919,593,0.0005860152838320064,2022,0.000026850058374959813,0.004936876622021619
2022-12-28,946297,11,0.000011624257500552152,1356990,455,0.0003353009233671582,2022,0.000026691295333986158,0.004892547848016931
2022-12-29,1036556,10,9.647332126773662e-6,1388513,1388,0.000999630540009348,2022,0.000025740001154281952,0.004770804275497195
2022-12-30,797761,6,7.521049537392778e-6,1348392,3567,0.0026453731555808697,2022,0.0000236844655424998,0.004799309751056609
2023-01-03,1007787,34,0.000033737287740365774,1533232,168,0.00010957245870161855,2023,0.00002363761259831385,0.004483283712236148
2023-01-04,815790,22,0.00002696772453695191,1451375,368,0.0002535526655757471,2023,0.000024435689989726764,0.00424574556989866
2023-01-05,886547,9,0.000010151746043920965,1337818,186,0.00013903236464152821,2023,0.000023585127195588974,0.004172425507466536
2023-01-06,1076892,10,9.285982252630719e-6,1714964,1341,0.0007819406121644536,2023,0.000023511108171279225,0.0037306418268307764
2023-01-09,1000195,3,2.9994151140527596e-6,1900174,244,0.0001284092930436897,2023,0.000023508193249245693,0.0035624620780744455
2023-01-10,845246,1,1.1830875271814359e-6,1423229,440,0.0003091561512588628,2023,0.00002345276409045175,0.003429806550173253
2023-01-11,1126076,22,0.000019536869625140755,1822975,2635,0.001445439460222987,2023,0.000023713085586214363,0.003467754749763149
2023-01-12,1051397,7,6.657808610829211e-6,1894069,19122,0.01009572512933795,2023,0.00002340190253120444,0.0037509663082804182
2023-01-13,918050,9,9.803387615053647e-6,1620119,17252,0.01064860050403705,2023,0.00002297853283866623,0.0036087394188168793
2023-01-17,814420,13,0.000015962279904717467,1508575,3760,0.002492418341812638,2023,0.000023139215068963123,0.003562131260148844
2023-01-18,821751,11,0.000013386050032187366,2024476,5489,0.002711318879552042,2023,0.000022705810177950227,0.0034861343033809216
2023-01-19,1042895,13,0.000012465300917158487,1608492,3304,0.0020540978755256476,2023,0.000022480413025768563,0.003528348906846948
2023-01-20,892928,5,5.599555619266055e-6,1764038,1222,0.0006927288414421912,2023,0.000021813983398079158,0.003386201621196917
2023-01-23,1089315,23,0.000021114186438266248,2045351,1110,0.0005426941390499723,2023,0.000021366551870222072,0.003355229686826043
2023-01-24,807487,17,0.00002105297051221877,1472472,3509,0.002383067386001228,2023,0.000021240136688726655,0.0033380856522698763
2023-01-25,961241,54,0.00005617737903397795,1768425,1814,0.0010257715198552385,2023,0.00002172925582578088,0.0032211219893381765
2023-01-26,912963,57,0.000062434074546285,1744607,1112,0.0006373928340308161,2023,0.000023417089246699897,0.0031641947269316017
2023-01-27,1070473,22,0.00002055166267621883,1978613,3702,0.0018710076199843022,2023,0.000023514595516115318,0.0030578352152340876
2023-01-30,918438,54,0.00005879547666799501,1794790,228,0.00012703436056586006,2023,0.000024593559322698285,0.0027299406034804246
2023-01-31,842874,36,0.00004271101018657593,1393303,324,0.00023254094766177923,2023,0.000025549681658550347,0.0019922476729368577
2023-02-01,1014105,81,0.00007987338589199343,1979027,2204,0.0011136785905396945,2023,0.000026666300881495444,0.0018854557481251118
2023-02-02,1208322,27,0.000022345037167245156,2537390,950,0.0003744004666212131,2023,0.000026144854701204386,0.0018016477276232032
2023-02-03,1056722,31,0.00002933600322506771,1875681,867,0.00046223211729499845,2023,0.0000268277832059531,0.0017501426395413872
2023-02-06,912721,26,0.000028486251548939927,1502328,130,0.00008653236843086197,2023,0.00002752688611968853,0.001618999648783984
2023-02-07,1225621,22,0.000017950084079825655,1571038,814,0.0005181287785527785,2023,0.00002430937932475621,0.0015737053065058755
2023-02-08,987573,22,0.000022276834218837494,1544413,230,0.0001489238953570062,2023,0.00002404251622835113,0.0015317239168017162
2023-02-09,1007457,111,0.00011017839967363371,1858589,710,0.00038201022388489333,2023,0.000026327063019041632,0.0015249237481368123
2023-02-10,1062910,12,0.000011289761127470811,1587817,1237,0.0007790570323910123,2023,0.000026315913139938922,0.0015397156184376074
2023-02-13,913855,28,0.00003063943404588255,1437357,1046,0.0007277245666873296,2023,0.000027015649870575886,0.00153065208599354
2023-02-14,1039959,45,0.00004327093664269457,1706400,5602,0.003282934833567745,2023,0.000028207312774085944,0.001551904141926436
2023-02-15,695815,2,2.874327227783247e-6,1432712,2550,0.0017798413079530289,2023,0.00002717854742366653,0.0016075797702348163
2023-02-16,832648,6,7.205926153668777e-6,1949496,11141,0.00571481039201927,2023,0.000026519820810890422,0.0017896216944496006
2023-02-17,962349,9,9.352116539841575e-6,1782815,257,0.00014415404851316597,2023,0.00002649316649408778,0.0017897924172453215
2023-02-21,1119013,15,0.000013404670008301958,2057753,62,0.00003012995242869285,2023,0.000026630456085943485,0.0017647320619207964
2023-02-22,900682,1,1.1102697733495285e-6,1685278,68,0.00004034942602941473,2023,0.00002656748457458671,0.0017617967330203206
2023-02-23,1063738,66,0.0000620453532730804,1616268,557,0.0003446210653183754,2023,0.000028596226766116676,0.0017629788968223045
2023-02-24,991221,31,0.000031274559356591514,1889752,120,0.00006350039581913394,2023,0.00002898748309049837,0.001716914261342176
2023-02-27,868794,37,0.00004258777109418343,1800291,772,0.0004288195630595276,2023,0.000030185148506610173,0.0013946840757995617
2023-02-28,876643,204,0.00023270590194640235,1497987,149,0.00009946681780282473,2023,0.00003761523231765513,0.001043046286258421
2023-03-01,1016559,50,0.000049185536697820786,1666377,118,0.0000708123071789877,2023,0.00003872267421075857,0.000962326085103966
2023-03-02,1075403,74,0.00006881141302376877,1732994,62,0.00003577623465516903,2023,0.000040570186310477957,0.00087314133027407
2023-03-03,1254978,65,0.000051793736623271485,1961847,1688,0.0008604136815969849,2023,0.00004188113416734839,0.0008333518571431147
2023-03-06,1127102,31,0.000027504165550234142,1849697,436,0.0002357142818526494,2023,0.00004261128783171399,0.0008181180384901299
2023-03-07,1155153,30,0.00002597058571461962,2107162,1450,0.0006881293417402174,2023,0.00004277316780759244,0.0008229658785798049
2023-03-08,910663,24,0.000026354425292341954,1388747,103,0.0000741675769596622,2023,0.000042949882966929876,0.0007460025516117525
2023-03-09,1222648,55,0.0000449843290955369,2394623,2555,0.0010669737992159934,2023,0.00004257678130231517,0.0007473759609237778
2023-03-10,1848098,86,0.000046534328807238576,3386623,5655,0.001669804994532902,2023,0.0000420467897776803,0.0007817896996071806
2023-03-13,1776644,50,0.000028142948165192352,3148605,186,0.00005907378029317746,2023,0.00004229983262731275,0.0007213919049508099
2023-03-14,1365696,19,0.000013912320164956184,2716696,1235,0.00045459631846919934,2023,0.00004080372741054479,0.0007323106368809212
2023-03-15,1315080,72,0.00005474952094169176,2633934,457,0.0001735047271495793,2023,0.00004120501110238198,0.0007303427628638479
2023-03-16,1475273,7,4.744884506121918e-6,2177434,1248,0.0005731517005796731,2023,0.000038700727722852924,0.0007123251998651804
2023-03-17,1150987,0,0.0,2317635,2,8.629486523978107e-7,2023,0.000037955893150611424,0.0006998739492662198
2023-03-20,1164309,0,0.0,2010404,8,3.979299683048781e-6,2023,0.0000369780263764425,0.0006845988553458216
2023-03-21,1704123,1,5.868121021780705e-7,2653877,32,0.000012057830864052855,2023,0.000036048045061550436,0.0006821163707602612
2023-03-22,1256316,3,2.3879342458426064e-6,2280757,538,0.00023588659379320112,2023,0.000035529306733751,0.0006727082979349421
2023-03-23,1243992,6,4.823182142650435e-6,2362850,17,7.194701314091034e-6,2023,0.00003494751833121144,0.0006679839914668449
2023-03-24,1083655,5,4.614014607970249e-6,2048105,176,0.00008593309425053891,2023,0.00003142870549568932,0.0006581147538123664
2023-03-27,781907,5,6.39462237836469e-6,1729242,209,0.00012086220436468695,2023,0.000031265534204052446,0.000636174926211489
2023-03-28,853864,41,0.000048017014419158085,1777347,409,0.0002301182605310049,2023,0.00003184478688316163,0.0006195880493396114
2023-03-29,918888,12,0.000013059262935199937,1903876,1532,0.0008046742539955333,2023,0.00003083773109291181,0.000536979363353871
2023-03-30,991499,5,5.042869433050361e-6,2124823,5583,0.002627512974021836,2023,0.000030910015833087385,0.0005652350855561646
2023-03-31,1485421,11,7.405307990125359e-6,2441655,1284,0.0005258728198701291,2023,0.0000309166618943026,0.00039227049981785985
2023-04-03,1037412,13,0.000012531183367842285,1930421,572,0.00029630842184166046,2023,0.000031022630788569295,0.00039734231226214303
2023-04-04,977141,24,0.00002456145018989071,1905092,990,0.0005196599429318899,2023,0.000031394523461288914,0.00041365997861224954
2023-04-05,752119,12,0.00001595492202696648,1477563,1956,0.001323801421665269,2023,0.00003188934520307615,0.0004564417118001114
2023-04-06,723953,50,0.00006906525699872782,1567286,1131,0.0007216296196099499,2023,0.00003212334199393106,0.00046900866360983053
2023-04-10,728107,16,0.00002197479216653596,1519843,2060,0.00135540315677343,2023,0.00003181334975426254,0.0005120720889749738
2023-04-11,700594,42,0.00005994912888206294,1575499,2553,0.0016204389847280132,2023,0.000032392061680525194,0.0005517927363639232
2023-04-12,771288,32,0.00004148904170685917,1745868,3358,0.00192339856163238,2023,0.00002601816633920709,0.0006125904611582418
2023-04-13,898245,21,0.000023378922231685118,1802686,13243,0.007346259969844998,2023,0.000025157945857002567,0.0008551053832471088
2023-04-14,821457,77,0.00009373588635801996,1753246,11904,0.006789691805941665,2023,0.00002598876163481094,0.001080235902289992
2023-04-17,866476,48,0.00005539680268120525,1788282,7068,0.003952396769637004,2023,0.000026108863836742065,0.0011833020052246593
2023-04-18,812040,46,0.00005664745579035515,1621787,16515,0.010183211482149013,2023,0.0000270803068447461,0.001514885245234538
2023-04-19,707330,31,0.00004382678523461468,1773620,12198,0.006877459658776964,2023,0.0000276755134954126,0.0017211962558024297
2023-04-20,775296,3,3.869489846458643e-6,1964325,2189,0.001114377712445751,2023,0.00002692601564721649,0.001755869926985299
2023-04-21,682473,3,4.395778294525937e-6,1378917,1499,0.001087085009467575,2023,0.00002557306395384946,0.0017565403006603519
2023-04-24,616040,2,3.2465424323095905e-6,1377853,139,0.00010088158896486055,2023,0.000024130137741351824,0.0017042428538080838
2023-04-25,958834,18,0.00001877280113137415,2040953,901,0.00044146043539464164,2023,0.00002381779950689122,0.0017169890756447992
2023-04-26,892298,24,0.000026896843879511105,1831686,1143,0.0006240152515223679,2023,0.00002425061696404305,0.0017226363734132383
2023-04-27,940543,35,0.00003721254636949082,2062839,6962,0.0033749604307461707,2023,0.000023666051144969685,0.0018293515635331248
2023-04-28,940274,17,0.000018079836303035074,2136257,8829,0.0041329296990015715,2023,0.000024110549538200127,0.001948010830147188
2023-05-01,914747,9,9.83878602498833e-6,1825117,970,0.0005314727768137604,2023,0.000024438509072366403,0.0019656978244192336
2023-05-02,1100710,15,0.000013627567660873436,2306274,2881,0.001249201092324676,2023,0.000024892761327728848,0.0020072052175072875
2023-05-03,799548,29,0.00003627049282844807,1687718,735,0.0004354992954984186,2023,0.00002608221735193785,0.0020213199329950997
2023-05-04,1112977,134,0.00012039781594767906,2471593,162,0.00006554477213683645,2023,0.0000300158800753324,0.002015641872273221
2023-05-05,954188,169,0.00017711394400264936,2021537,2187,0.0010818500972280003,2023,0.000035758905470665696,0.0020514637188036844
2023-05-08,604538,73,0.00012075336868815526,1573346,866,0.0005504192974717576,2023,0.000039630217273338534,0.002066946592244392
2023-05-09,623725,21,0.000033668684115595814,1484724,1088,0.0007327961291122121,2023,0.00004053935266457956,0.0020873443897359762
2023-05-10,819076,37,0.0000451728533127573,1772358,6552,0.003696770065641366,2023,0.00004044454729436621,0.0022028994499063217
2023-05-11,600154,92,0.00015329398787644505,1589418,18191,0.011445069830592078,2023,0.00004511903812574104,0.0025575793024595395
2023-05-12,710751,47,0.00006612723724623672,1897240,22747,0.011989521620880858,2023,0.00004715518371951392,0.0028696462573548406
2023-05-15,687802,49,0.00007124143285422258,1829647,6704,0.003664094768007162,2023,0.00004928305454831716,0.002974253655626075
2023-05-16,671884,127,0.00018902072381542053,1566539,7772,0.004961255353361774,2023,0.000055166039229903106,0.003129751886676745
2023-05-17,824441,93,0.00011280370578367645,2013147,15867,0.007881689712673738,2023,0.00005810744774969596,0.0033751528790014734
2023-05-18,946884,164,0.00017319967387768723,2158317,20620,0.009553740252242836,2023,0.00006334893947805333,0.0036494841733540596
2023-05-19,923081,29,0.00003141652791033506,2017921,4527,0.0022433980319348477,2023,0.00006209398184177356,0.0037002097870982224
2023-05-22,732770,48,0.00006550486510091843,1662434,879,0.0005287427952026968,2023,0.00006354498427291964,0.0036726544417125316
2023-05-23,851244,18,0.0000211455234926766,1867668,1185,0.0006344810747948779,2023,0.0000622515307599401,0.0036397891780480932
2023-05-24,1098658,35,0.00003185704741602937,2202047,7945,0.003608006550268909,2023,0.00006193046428357911,0.003695942777669311
2023-05-25,826383,15,0.00001815138985192096,1688158,16689,0.009885923000098332,2023,0.00006175621320425363,0.0037805982120110884
2023-05-26,930235,40,0.0000429998871252963,2467067,38691,0.015682995232800732,2023,0.00006006501322982951,0.004077041659573058
2023-05-30,852955,31,0.00003634423855889232,2229779,27671,0.012409750024554004,2023,0.00005942992775908575,0.004358953434736958
2023-05-31,848085,18,0.000021224287659845416,1979195,65277,0.03298159100038147,2023,0.000058249155488068754,0.005118899418678039
2023-06-01,884806,137,0.00015483620138199785,2315924,96432,0.0416386720807764,2023,0.00006194946935964819,0.006277606499411354
2023-06-02,1248869,136,0.00010889853139120276,2830513,57664,0.02037227880599736,2023,0.00006545043741113968,0.006919536535863075
2023-06-05,1147737,41,0.00003572246952045634,2026189,11473,0.005662354301597728,2023,0.000066494660452004,0.007072045512267412
2023-06-06,949500,62,0.00006529752501316483,1756728,20010,0.011390494145934942,2023,0.00006856302653803253,0.007448365930833082
2023-06-07,833977,22,0.000026379624378130334,1783540,53557,0.03002848268051179,2023,0.0000688165873129244,0.00843460000567032
2023-06-08,853400,49,0.000057417389266463555,1944131,119128,0.061275706215270474,2023,0.00006983393882582282,0.010456323037795257
2023-06-09,918912,35,0.00003808852207828388,2244793,77021,0.034310958738734486,2023,0.00006986313801611592,0.011487522981394866
2023-06-12,1075243,30,0.00002790066989508418,2102853,28869,0.01372849172053396,2023,0.00007019049913585087,0.01180737504877928
2023-06-13,1302934,113,0.00008672733998805772,2740357,110143,0.04019293836532977,2023,0.00007275345093461986,0.013129423901729814
2023-06-14,955621,394,0.0004122973438214522,2140180,40119,0.018745619527329477,2023,0.00008604244347330582,0.013712637849563308
2023-06-15,1335692,23,0.000017219538636152647,2658593,148580,0.05588670398214394,2023,0.00008540741166689597,0.015561011339118158
2023-06-16,1290509,0,0.0,2134146,30417,0.01425253942326345,2023,0.00008139415113530666,0.01603391116082238
2023-06-20,1223813,62,0.00005066133469737615,1813326,27464,0.01514564948608248,2023,0.00007717906415846423,0.016502704473784196
2023-06-21,953718,168,0.00017615269922555723,1685084,10355,0.006145094250494337,2023,0.00007902570850971097,0.016689193638884946
2023-06-22,751455,48,0.0000638760804040162,1387910,9581,0.006903185365045284,2023,0.00008003262171932497,0.016894873280082715
2023-06-23,882959,45,0.000050964993844561297,1813416,14916,0.008225360314456252,2023,0.00008022569307038511,0.017045826288376545
2023-06-26,885254,23,0.000025981243801214115,1613244,11517,0.007139031665389736,2023,0.00007598193493454407,0.0169022916828698
2023-06-27,1027173,10,9.735458389190526e-6,1765768,50616,0.028665147403282878,2023,0.00007410220897264254,0.01745814587561654
2023-06-28,652881,13,0.000019911745019383317,1525973,12852,0.008422167364691249,2023,0.0000723912193781479,0.017616748295506007
2023-06-29,812833,7,8.611855079702719e-6,1485828,46203,0.0310957930527625,2023,0.00006637759042029064,0.018487899552152694
2023-06-30,1477935,81,0.00005480619919008617,2423121,210877,0.08702702011166591,2023,0.00006444434020050429,0.021126077232119105
2023-07-03,742828,15,0.000020193099883149262,904897,47307,0.05227887814856277,2023,0.00005934412106735302,0.022550248495329765
2023-07-05,865985,20,0.000023095088252105983,1360655,75752,0.055673186810763935,2023,0.000059066739745412055,0.024331241454624068
2023-07-06,1297906,44,0.00003390076014749913,2205002,60449,0.027414487605906934,2023,0.00005801326958029808,0.02522743294831421
2023-07-07,848993,31,0.00003651384640391617,1738757,37959,0.02183111268567143,2023,0.000058525547010672726,0.02593398733534343
2023-07-10,738551,38,0.00005145210012578685,1379643,12659,0.009175562083814436,2023,0.00005917871543433132,0.026119572519794947
2023-07-11,911273,32,0.00003511571175706951,1592515,34281,0.021526327852484907,2023,0.00005974419283116959,0.0265075860148745
2023-07-12,1103276,83,0.00007523049536108825,2040199,123057,0.060316175039787784,2023,0.00006081854643902934,0.0279953586751074
2023-07-13,1436260,43,0.000029938869007004303,2124126,126938,0.05976010839281662,2023,0.00006060503412063306,0.029573703954049492
2023-07-14,915718,48,0.00005241788410842639,1998488,117714,0.058901529556344596,2023,0.00006164482066891909,0.030437701905914924
2023-07-17,1014883,36,0.00003547206919418298,1750566,96479,0.055113032013645875,2023,0.0000576660162626586,0.030886847237010576
2023-07-18,1525479,203,0.00013307295610100173,2019144,122485,0.06066184482136985,2023,0.0000584718304196519,0.03222983277085632
2023-07-19,1516957,248,0.00016348518778053697,2174080,52109,0.02396829923461878,2023,0.00006273058769498792,0.03284003093529036
2023-07-20,1180960,142,0.00012024115973445333,1926426,28646,0.014870023556575752,2023,0.00006456204218569754,0.032956015248978385
2023-07-21,878630,15,0.000017072032596200904,1520597,7031,0.004623841820022004,2023,0.0000642517891262999,0.03210919388696206
2023-07-24,1078994,1,9.26789212914993e-7,1404945,1072,0.0007630191929221429,2023,0.00006236876912451494,0.030092104319550447
2023-07-25,970411,17,0.000017518350472119544,1485507,1501,0.0010104294358761015,2023,0.0000616830967376428,0.028982086676121836
2023-07-26,849478,7,8.240354664864776e-6,1423309,17417,0.012236977353477002,2023,0.00006102775289663548,0.02893236953055327
2023-07-27,1113650,54,0.000048489202173034617,2384787,40182,0.016849303522704542,2023,0.000059753148302801384,0.02815424836913243
2023-07-28,850028,66,0.00007764450112231597,1504914,18538,0.012318311876957753,2023,0.00004859805354616351,0.027940004780786707
2023-07-31,586732,21,0.00003579146867735184,1424167,24502,0.01720444301826963,2023,0.00004921711788087014,0.026650596081990892
2023-08-01,856903,41,0.00004784672244116312,1503473,19752,0.013137582118202323,2023,0.00005081200862890891,0.02661343083848886
2023-08-02,1225892,118,0.00009625644020843598,2182283,47249,0.021651179063393703,2023,0.00005233184547927757,0.02683028182439923
2023-08-03,955781,40,0.00004185059129654178,1941254,29437,0.015163909514159404,2023,0.00004785510854831039,0.027130908999854732
2023-08-04,1019352,53,0.000051993815678980375,2554899,85899,0.033621289921832526,2023,0.000047459033057475866,0.028021512485080977
2023-08-07,842092,42,0.00004987578554362231,1847724,40444,0.02188855045450511,2023,0.00004742272611411123,0.02847695215641594
2023-08-08,1011272,43,0.00004252070659525825,1903448,15081,0.007922990278694243,2023,0.000047974041540579365,0.028503084110192756
2023-08-09,836792,93,0.00011113872981577261,1707523,15296,0.008958005250880955,2023,0.00005135415058813211,0.027846179371779356
2023-08-10,880760,44,0.000049956855443026474,2099896,25131,0.01196773554499842,2023,0.00005235565426892021,0.027964364977789594
2023-08-11,685117,21,0.00003065169890690203,1803200,7744,0.004294587400177462,2023,0.000053090315729826854,0.02707099145603676
2023-08-14,703047,18,0.000025602840208407118,1661520,7252,0.004364678126053252,2023,0.00005211687043043755,0.02431558005651634
2023-08-15,864764,23,0.00002659685185784792,1706616,26366,0.015449286775701154,2023,0.00005233032882959418,0.023087927010754284
2023-08-16,936865,71,0.00007578466481296665,1905400,9348,0.004906056471082188,2023,0.000054086648048289534,0.02139568933276489
2023-08-17,985235,8,8.119890178485335e-6,1840952,11647,0.0063266179672256525,2023,0.00005322728571598907,0.02069276034480885
2023-08-18,1086218,35,0.000032221892842873164,2416696,28737,0.011891028081314323,2023,0.00005308422059728764,0.020361424191330284
2023-08-21,986676,17,0.00001722956674734158,1794001,9333,0.005202338237269656,2023,0.00005194346948467279,0.020228983396445455
2023-08-22,652026,11,0.00001687049289445513,1449964,6038,0.004164241319094819,2023,0.00005133529552258565,0.019650247178665783
2023-08-23,750428,47,0.00006263092528530385,1601997,2992,0.0018676689157345488,2023,0.00005091530985339283,0.017701963641197346
2023-08-24,779517,25,0.00003207114148889633,1765256,6387,0.0036181720951522045,2023,0.00005098638560278924,0.01583056576460853
2023-08-25,744299,26,0.000034932197947330304,1761946,10034,0.005694839682941475,2023,0.00005040352939741937,0.014057009435495094
2023-08-28,751234,14,0.000018636004227710673,1547577,5564,0.003595297681472392,2023,0.00004984232723187029,0.012339751624422643
2023-08-29,1109991,41,0.00003693723642804311,2280912,46862,0.02054529065566756,2023,0.00004663780324277167,0.011002533152232567
2023-08-30,1006521,412,0.00040933075415217367,2075539,71531,0.03446381879598504,2023,0.000054832655455159556,0.01135238380427811
2023-08-31,758875,21,0.00002767254159117114,1774131,95272,0.05370065682861074,2023,0.00005174703485038349,0.012646738246679275
2023-09-01,707579,97,0.00013708716623868147,1667388,46137,0.027670224326911314,2023,0.00005574753930513284,0.013414950996908918
2023-09-05,694347,48,0.00006912970027954322,1582213,15578,0.009845703454591764,2023,0.000058020969674020445,0.013717707138964575
2023-09-06,874658,174,0.00019893489798298306,1984397,24812,0.012503546417375153,2023,0.00006406818792438255,0.014100811038347875
2023-09-07,740509,116,0.0001566490076420408,1640518,17651,0.010759406480148344,2023,0.00006901514302362177,0.014051558675903587
2023-09-08,666271,45,0.00006754008504047153,1668115,21245,0.012735932474679504,2023,0.00006965017245253633,0.013914446307636084
2023-09-11,675133,41,0.00006072877492286705,1549509,13806,0.008909919206664821,2023,0.00006908631491255469,0.01380083321862632
2023-09-12,674363,17,0.00002520897498824817,1584726,18218,0.011495993629182584,2023,0.00006873356512291791,0.013610551572323418
2023-09-13,640054,32,0.000049995781605927,1375468,9552,0.006944545420176987,2023,0.00006880520042841005,0.013404117015722574
2023-09-14,789205,95,0.00012037430072034516,1832530,74384,0.0405908770934173,2023,0.00006960912911214034,0.014035440283390026
2023-09-15,871873,6,6.881736216169098e-6,2109504,26671,0.012643256424258972,2023,0.00006844350060946126,0.013951418513726681
2023-09-18,663596,5,7.534704850541594e-6,1554904,3532,0.0022715228721515925,2023,0.00006696153024851328,0.012906426278737317
2023-09-19,824095,5,6.067261662793731e-6,1654406,13317,0.008049414714405049,2023,0.00006550124611915234,0.012445121754067314
2023-09-20,764914,16,0.000020917384176521805,1868426,11258,0.006025392496143813,2023,0.00006478113537186113,0.012381868494648967
2023-09-21,1324440,140,0.00010570505270151914,2690202,1965,0.0007304284213601803,2023,0.00006460001280138601,0.01210761593366494
2023-09-22,1074248,11,0.00001023972118170106,2596722,17659,0.006800496934211671,2023,0.0000632761083260085,0.011935374646638715
2023-09-25,1186917,30,0.000025275566867775926,2427045,4325,0.0017820023938575512,2023,0.00006309690392470429,0.011851621813094718
2023-09-26,1287433,22,0.000017088267894329258,2694890,4919,0.0018253064132487781,2023,0.00006281308484756837,0.01176697608933457
2023-09-27,1419848,91,0.00006409136752666483,2963856,31477,0.010620286545635146,2023,0.00006406290203652892,0.011606009414999036
2023-09-28,1218163,36,0.00002955269532895023,2272864,29451,0.012957660467146297,2023,0.00006252183638706172,0.01187439621486784
2023-09-29,1170074,74,0.00006324386320865177,2943680,73508,0.024971464289596696,2023,0.00006435930215473393,0.012495891092280208
2023-10-02,1175302,11,9.359296589302154e-6,2225132,11204,0.005035206900085029,2023,0.00006359721561294823,0.012267363719572565
2023-10-03,1325429,21,0.000015843926758807903,3013852,15223,0.005051011131269883,2023,0.00006355102761333043,0.012262319482705904
2023-10-04,1167780,15,0.00001284488516672661,2060064,19444,0.009438541715208849,2023,0.00006341684068907283,0.012438129495909705
2023-10-05,1012845,18,0.000017771722227981576,2170150,33467,0.015421514641845034,2023,0.00006192153392049541,0.012889924353446722
2023-10-06,1277783,62,0.000048521540825007064,2718514,59941,0.02204917833787135,2023,0.00006246988056503243,0.013504291228204028
2023-10-09,1104204,28,0.000025357633190968334,2512241,86736,0.03452535007588842,2023,0.00006215072840648704,0.014465308241302259
2023-10-10,1264435,46,0.00003637988508701515,3219944,199355,0.06191256742353283,2023,0.00006274219110179719,0.016409217232704273
2023-10-11,797941,6,7.519352934615467e-6,2018290,71848,0.03559845215504214,2023,0.0000617615949853496,0.016910989282683427
2023-10-12,921729,22,0.000023868186853185698,2549457,102832,0.04033486346308253,2023,0.00004891284274205,0.017106690771586674
2023-10-13,884943,30,0.00003390048850603937,2988130,196466,0.06574881280265585,2023,0.00004912044097254561,0.017508295970721514
2023-10-16,1000685,44,0.00004396988063176724,2089811,124301,0.05947954145135613,2023,0.000046016531452315133,0.01856860654153634
2023-10-17,748590,21,0.00002805273914960125,2055832,75072,0.03651660252394164,2023,0.0000446472994146504,0.01945763651051467
2023-10-18,917534,11,0.000011988656551146879,2284086,39943,0.01748752017218266,2023,0.0000384157580335892,0.019623768969008252
2023-10-19,1111940,4,3.5973164019641348e-6,2395177,11203,0.0046773161231925655,2023,0.00003331403499225331,0.019421032623776393
2023-10-20,1456040,73,0.0000501359852751298,2558038,8982,0.0035112848206320627,2023,0.00003273389833340858,0.019113544368641478
2023-10-23,1282096,8,6.239782356391409e-6,2861317,129,0.000045084134333944824,2023,0.000030917598581192725,0.01881804986623045
2023-10-24,919731,30,0.00003261823293984872,1854590,3951,0.002130390005338107,2023,0.000031164573846246077,0.018505863078768964
2023-10-25,1286559,32,0.0000248725476250992,2755202,4104,0.0014895459570659429,2023,0.00003032713271355182,0.01832402976333193
2023-10-26,1352890,27,0.000019957276644812217,2775513,5491,0.0019783730070801328,2023,0.000026979898577700726,0.01703694629378736
2023-10-27,1401810,51,0.00003638153530078969,3223701,4795,0.0014874208246980721,2023,0.000027963225213854747,0.016665085107135328
2023-10-30,1268035,30,0.00002365865295516291,2297305,2715,0.0011818195668402759,2023,0.000028500690150675454,0.01662876166362495
2023-10-31,1023606,36,0.000035169782123199744,2170996,6157,0.002836025492446785,2023,0.00002947077416602232,0.01645498202289301
2023-11-01,1170251,167,0.00014270442836622228,2485093,27982,0.01125994077485229,2023,0.000033530342305679,0.016629466965516627
2023-11-02,1411709,1243,0.0008804930761226287,3076275,62452,0.020301175935181347,2023,0.00005935660975304932,0.01728182521597733
2023-11-03,1233594,36,0.000029183021318197074,3089115,150096,0.04858867345501867,2023,0.00005998805309093252,0.018674764433337564
2023-11-06,861229,71,0.00008244032655658367,2200222,68393,0.031084590554953093,2023,0.00006189354508055945,0.01965151737204075
2023-11-07,975696,137,0.0001404125875272626,2080831,125183,0.06016009949870989,2023,0.00006600435573499056,0.021596010474889453
2023-11-08,770072,12,0.00001558295847660998,1800963,68365,0.03796024682350498,2023,0.00006438740876665539,0.02250734248415178
2023-11-09,732794,70,0.00009552479960261683,2191050,100763,0.04598845302480546,2023,0.00006658647890911095,0.02360836890274042
2023-11-10,839356,17,0.00002025362301574064,2356654,153509,0.0651385396413729,2023,0.00006515347090268058,0.024947271414466295
2023-11-13,724889,52,0.00007173512082539533,1915699,60394,0.03152582947529857,2023,0.00006723266504388369,0.02583029216697341
2023-11-14,1149154,398,0.00034634174357831937,3150236,208499,0.06618520009294541,2023,0.0000782492589378674,0.02786809846569593
2023-11-15,1145454,1173,0.0010240481066895746,2024400,101842,0.050307251531317924,2023,0.000111956032988629,0.029230388792899565
2023-11-16,772365,123,0.00015925113126565808,1582408,128122,0.08096647640810714,2023,0.0001166720132898849,0.03141522085177497
2023-11-17,900637,34,0.00003775105841754225,1649476,78440,0.04755449609451729,2023,0.00011631299720963604,0.032265398110329836
2023-11-20,1085167,151,0.00013914908949498096,2112411,50233,0.02377993676419977,2023,0.00012010604575310315,0.03190721766660688
2023-11-21,938766,123,0.00013102306645106448,1429922,29442,0.02058993427613534,2023,0.0001232608184652381,0.03052979656169363
2023-11-22,813309,36,0.00004426361936238256,1632085,29752,0.01822944270672177,2023,0.0001244856273461637,0.02995082958008295
2023-11-24,433793,133,0.00030659784736037694,965548,20644,0.02138060458931094,2023,0.00013390994936307005,0.02931902095095723
2023-11-27,857191,87,0.00010149429940351683,1351900,9717,0.007187661809305422,2023,0.00013616307639298598,0.027366982584512214
2023-11-28,845145,147,0.00017393465026711394,1551502,23639,0.015236203369380124,2023,0.00014049523538083088,0.025892204648446347
2023-11-29,757283,55,0.00007262806638997575,1726474,8479,0.004911165763284011,2023,0.00014198107962217667,0.02483869008975776
2023-11-30,880467,57,0.0000647383717958765,1240439,11905,0.009597408659353664,2023,0.00014373940346366768,0.02457568637266346
2023-12-01,952105,205,0.0002153123867640649,1937594,34316,0.017710624620018434,2023,0.0001507965724757377,0.025010129989224323
2023-12-04,1028348,58,0.000056401140469957644,1466870,12130,0.008269308118647187,2023,0.00015100541098223195,0.025168730765824827
2023-12-05,727897,106,0.00014562499914136203,1272890,17290,0.01358326328276599,2023,0.00015565158487506432,0.025620003404105897
2023-12-06,763255,77,0.00010088371514107342,1443214,10108,0.007003812324436986,2023,0.00015792710094843845,0.025782450814742525
2023-12-07,808667,88,0.0001088210598429267,1327663,1606,0.001209644314860021,2023,0.0001607253846890327,0.025773120760002325
2023-12-08,1057737,59,0.00005577946124603753,1718577,25629,0.014912919234925173,2023,0.00016191945750907355,0.026204272300930496
2023-12-11,1189403,61,0.00005128623351378801,1571266,18889,0.01202151640778837,2023,0.00016241628078284017,0.02655540882036684
2023-12-12,801638,108,0.0001347241522981695,2016555,135405,0.06714669324665085,2023,0.0001661184640942737,0.028754237943027193
2023-12-13,1144662,13475,0.011772034015281367,2297702,345948,0.15056260559463325,2023,0.0005573472718662126,0.03367845727976674
2023-12-14,1460323,8324,0.005700108811543748,2831031,439355,0.15519257825152744,2023,0.0007425940846387968,0.03847621186232257
2023-12-15,1240341,285,0.00022977552140903188,1881456,164850,0.08761831262596627,2023,0.0007209034994816769,0.04072011641868208
2023-12-18,1182186,220,0.00018609592737521845,1746364,103780,0.05942632807364329,2023,0.0007261339296835775,0.041081371572636236
2023-12-19,1294835,246,0.0001899855966204188,1791374,127732,0.07130392648324693,2023,0.0007297187720190387,0.04242201610357936
2023-12-20,1289745,224,0.00017367774249948633,2657952,108079,0.04066251008295108,2023,0.0007308276105181129,0.041772096456387395
2023-12-21,1145008,89,0.00007772871455919958,1850622,103976,0.05618435315261572,2023,0.0007328991357208658,0.04237956666735776
2023-12-22,903560,48,0.00005312320155828058,1653560,56862,0.03438762427731682,2023,0.0007314857491193881,0.041992872375774794
2023-12-26,963203,30,0.00003114608239384637,1455545,98068,0.0673754504326558,2023,0.0007318488310986582,0.04206743606881756
2023-12-27,908845,27,0.000029708036023744423,1802867,95914,0.05320081847413037,2023,0.0007304479282719366,0.04278993570211196
2023-12-28,1034250,45,0.0000435097897026831,1467997,103534,0.07052739208595113,2023,0.0007203535298094153,0.04293467543521215
2023-12-29,1098024,20,0.000018214538115742462,1676469,70728,0.04218867154716252,2023,0.0006868257441902876,0.04266405610240697
2024-01-02,1180991,39,0.000033023113639308005,1839354,44329,0.024100309130270735,2024,0.0006826181436027425,0.040768517193145754
2024-01-03,1022878,47,0.00004594878372591844,1919089,24101,0.012558562943146463,2024,0.0006828914011130217,0.03960198608810006
2024-01-04,955144,48,0.000050254202507684704,1650900,25372,0.015368586831425283,2024,0.0006799282382134453,0.039321607757007576
2024-01-05,952246,26,0.000027303868958231382,1989985,39477,0.01983783797365307,2024,0.0006764709316303509,0.03929653788025817
2024-01-08,1218029,20,0.000016419970296273734,2219858,71390,0.03215971472049113,2024,0.0006755428099948138,0.03976088028071714
2024-01-09,970939,40,0.000041197232781874043,1846906,129981,0.07037770195126336,2024,0.0006666961228421972,0.0413941168594489
2024-01-10,1157012,63,0.000054450602068085723,1929824,71058,0.03682097434791981,2024,0.0006651279995976828,0.042381893944069375
2024-01-11,1133166,162,0.00014296228443140722,2065065,95361,0.046178207465624566,2024,0.0006640955874031592,0.043413294080610856
2024-01-12,899375,69,0.00007671994440583738,2105957,98627,0.04683239021499489,2024,0.0006642319833370212,0.044810668229001226
2024-01-16,874636,41,0.000046876643540855855,2103647,25373,0.012061434261546733,2024,0.0006636365923951873,0.044892802415740986
2024-01-17,1032124,152,0.00014726912657781429,1912180,25530,0.013351253543076489,2024,0.0006613684837223123,0.04474749004650959
2024-01-18,971345,36,0.00003706201195249886,1625688,33654,0.02070138919645098,2024,0.0006607238461050635,0.04516189274910305
2024-01-19,1107390,81,0.00007314496247934333,2314303,24011,0.01037504596416286,2024,0.0006583078448829963,0.04505495217181628
2024-01-22,1429138,57,0.0000398841819334452,2248750,9639,0.004286381322957199,2024,0.0006562745271094086,0.044964371138433615
2024-01-23,1074167,23,0.000021411940601414863,1718702,10949,0.006370505183562945,2024,0.0006533608898013582,0.045136399834057046
2024-01-24,1513723,61,0.00004029799375447159,2644475,33184,0.012548426436249161,2024,0.0006528448408849727,0.045057583407434515
2024-01-25,839062,38,0.00004528866758356355,1799110,35606,0.019790896609990494,2024,0.0006526449220206319,0.04531656274750792
2024-01-26,874917,38,0.00004343269132957755,1866534,40137,0.021503492569650486,2024,0.0006496018733216787,0.04379512272494124
2024-01-29,1201669,43,0.00003578356435923703,2041615,67979,0.03329667934453851,2024,0.00025839352495760786,0.03988625851660475
2024-01-30,1198396,39,0.00003254349981141459,1802192,70650,0.03920226035849676,2024,0.00006947468123319674,0.03601991458683706
2024-01-31,1272590,87,0.00006836451645856089,2358327,94572,0.04010130910598912,2024,0.00006409431440151439,0.03443601446950449
2024-02-01,884870,45,0.00005085492784250794,2128515,176395,0.08287233117924939,2024,0.00005958628108375736,0.035217547906358025
2024-02-02,1823780,157,0.00008608494445601991,3035149,258253,0.08508742074936025,2024,0.00005612292601161073,0.03567699771522847
2024-02-05,1242940,480,0.000386181151141648,2228464,139425,0.06256551597871897,2024,0.00006320637296634946,0.03640709791175407
2024-02-06,729155,288,0.00039497774821540003,1677034,79031,0.047125460783740816,2024,0.00007378134075488948,0.03610513483279157
2024-02-07,1018662,31,0.00003043207658673829,2464391,161450,0.06551314300368732,2024,0.00007302496992250474,0.037142652123670586
2024-02-08,676877,194,0.0002866104181409621,1629472,110989,0.0681134747942892,2024,0.00008154044778074191,0.03716725293572503
2024-02-09,999863,85,0.0000850116465955836,2453556,274275,0.11178672913925747,2024,0.0000833839014664699,0.0391201166245626
2024-02-12,1231727,223,0.00018104661178978783,2495834,128820,0.0516140095855734,2024,0.00008796846220270673,0.03848967054121668
2024-02-13,1435664,657,0.0004576279686611909,3428078,210415,0.0613798752537136,2024,0.00010261557655422166,0.03912937733143505
2024-02-14,870659,100,0.00011485552897288146,2225602,101722,0.045705386677402336,2024,0.00010534332373200745,0.0398495465830061
2024-02-15,920968,262,0.0002844832828067859,1935238,127837,0.06605750817212147,2024,0.00011329447370136969,0.04163284475730526
2024-02-16,803872,58,0.00007215079017555034,1885299,37790,0.020044565875227217,2024,0.00011402435995696521,0.041788710725432
2024-02-20,1045835,10,9.561737750218724e-6,2147108,17221,0.008020556022333297,2024,0.00011343295558336479,0.04139480132705467
2024-02-21,958846,28,0.00002920176962723941,1623002,6275,0.0038662922165222224,2024,0.00011385901556106365,0.040451687243589045
2024-02-22,1463780,53,0.00003620762682916832,3089470,108149,0.035005680585990476,2024,0.00011369269536264013,0.03927261986474661
2024-02-23,1337411,19,0.000014206552809869218,2432194,102603,0.04218536843689278,2024,0.00011235122705403289,0.03945143300104571
2024-02-26,1211324,31,0.00002559183174774049,2072655,42688,0.020595805862528977,2024,0.00010843887863124401,0.038598686280942526
2024-02-27,953891,3,3.145013423965631e-6,1857359,70503,0.03795873603326013,2024,0.00010598638093184829,0.03830289780821804
2024-02-28,946895,27,0.00002851424920397721,1747345,35347,0.02022897596067176,2024,0.000105374301120619,0.038575149198188864
2024-02-29,1043032,62,0.0000594420880663297,1792374,54263,0.0302743735403437,2024,0.0001024467331702362,0.03913925319809777
2024-03-01,1412055,13,9.206440259055066e-6,2424948,123339,0.05086253395949109,2024,0.00010151821411378806,0.04014462469019911
2024-03-04,1197549,199,0.0001661727411571468,2132478,38390,0.01800253038952805,2024,0.00010461914006971484,0.04039887417104462
2024-03-05,1416495,78,0.000055065496171889066,2602089,24131,0.009273702782648864,2024,0.00010512518387766297,0.040565118219701005
2024-03-06,1116572,34,0.00003045034265591471,1998918,16783,0.008396042258862044,2024,0.0001054264639461463,0.04063263612221098
2024-03-07,1284939,41,0.00003190812949097195,2267034,64756,0.028564194449664185,2024,0.00010514680180402964,0.04116649505599148
2024-03-08,1364588,210,0.00015389260348178352,2953517,85728,0.029025734404101958,2024,0.00010876693300063698,0.041474322982461856
2024-03-11,1263638,61,0.000048273318782752654,2158740,27643,0.012805154858852849,2024,0.00010892828724907615,0.04118437839210194
2024-03-12,1405867,54,0.000038410461302527196,2492092,181584,0.07286408366946324,2024,0.00010901585048051915,0.04250329186959943
2024-03-13,955560,71,0.00007430197999079074,1917596,105483,0.055007937021145224,2024,0.00011040779981983169,0.04303014775835438
2024-03-14,922660,124,0.00013439403463897862,2329885,85592,0.036736577127197266,2024,0.00011260878375917895,0.04291799002572798
2024-03-15,830716,2,2.4075616696921693e-6,1972560,3766,0.0019091941436508901,2024,0.00011099387155341842,0.04021921879120804
2024-03-18,842542,1,1.186884452051055e-6,1808453,234,0.00012939235910471546,2024,0.0001081639362199528,0.03738728451153285
2024-03-19,930655,4,4.298048148884388e-6,1668218,7227,0.0043321676183808114,2024,0.00009543449945352733,0.03544617289952157
2024-03-20,1009808,5,4.951436312645572e-6,2260278,38422,0.016998793953664108,2024,0.00008243362239010219,0.03444195067185236
2024-03-21,1500427,28,0.000018661354401113816,2562765,135209,0.05275903174891182,2024,0.00008204126498391472,0.0340168136300265
2024-03-22,1028761,56,0.000054434411879921575,1630541,77504,0.04753269007035088,2024,0.00007430206477521337,0.03333078747256189
2024-03-25,880034,48,0.00005454334718885861,1809876,33521,0.018521158355600052,2024,0.00007328645479498919,0.030221935113106647
2024-03-26,783142,5,6.384538180815229e-6,1796564,82731,0.04604957017952046,2024,0.00006746438567469009,0.030036453799571546
2024-03-27,764658,147,0.00019224280658804328,1546560,70781,0.045766733912683634,2024,0.000058618213605585185,0.02951601575487055
2024-03-28,1092308,8,7.32394159888969e-6,1796750,91169,0.0507410602476694,2024,0.000055033827359785466,0.02968387154054612
2024-04-01,742329,12,0.00001616533908819405,1785843,25302,0.014168098763441132,2024,0.00004608989590249906,0.02795422456025677
2024-04-02,1113508,61,0.00005478182464786961,1999445,10012,0.005007389550600291,2024,0.00004551093038490971,0.027452985349435875
2024-04-03,816386,46,0.00005634589520153457,1512287,8046,0.005320418677142632,2024,0.000047070402299953565,0.027362980771262854
2024-04-04,1182989,127,0.00010735518250803685,3049652,41207,0.013512033504150638,2024,0.000049675516062646814,0.027684505480850465
2024-04-05,993397,13,0.000013086409562340132,2297999,45564,0.019827684868444242,2024,0.0000489048088204192,0.027178572290265594
2024-04-08,728778,64,0.00008781823820148248,1660685,21292,0.012821215341861942,2024,0.000051358531666806316,0.0261997671870979
2024-04-09,923816,35,0.00003788633234323718,2043035,12239,0.005990597322121256,2024,0.00005176834835332287,0.025712926902417645
2024-04-10,1192451,85,0.00007128175497357962,2149303,32688,0.015208651362790634,2024,0.00005403957307164333,0.024954590746735325
2024-04-11,1162762,201,0.00017286426629009203,2188499,54809,0.025044105571901107,2024,0.00005885124030784716,0.025115095067109634
2024-04-12,1396832,355,0.0002541465258527869,3860185,132610,0.03435327581450112,2024,0.0000653413882340624,0.025251058476248218
2024-04-15,1643664,7882,0.00479538397141995,3444271,46357,0.013459161604879524,2024,0.00022488063927275892,0.024004279397761164
2024-04-16,1431976,1743,0.0012171991709358258,2715250,31737,0.011688426480066292,2024,0.00025991485359871486,0.023793809267445773
2024-04-17,1499439,2965,0.001977406216591672,2421456,7037,0.0029061027745290436,2024,0.00032399287761270766,0.02358155593384178
2024-04-18,1298734,2593,0.0019965597266260837,2818967,15592,0.005531104124312204,2024,0.00038952985707837995,0.02348605799602345
2024-04-19,1601512,78,0.00004870397474386705,3277023,5959,0.0018184187294382737,2024,0.0003900897185868098,0.022594532138682587
2024-04-22,1427884,641,0.00044891601838804835,3357258,2521,0.0007509104155831932,2024,0.0003999238324170186,0.021652038005731962
2024-04-23,1175726,920,0.0007824952412381796,2599587,14939,0.005746682069113286,2024,0.0004243978964988662,0.02141675557940731
2024-04-24,939987,47,0.000050000691498924984,1773923,2862,0.0016133732974881096,2024,0.00042478423750541273,0.01904173190034147
2024-04-25,1208860,31,0.0000256439951690022,2246779,6065,0.002699419925146176,2024,0.00042316230467801983,0.017298114663808168
2024-04-26,1021577,281,0.00027506492413200377,2208290,18805,0.008515638797440554,2024,0.00042785133432778733,0.016357416719482945
2024-04-29,806484,62,0.00007687691262318906,2020955,19283,0.00954152863373999,2024,0.00043033364602623725,0.016611827869152582
2024-04-30,912752,166,0.00018186758287026486,2202569,19704,0.008945917244817301,2024,0.000436356335973511,0.01690571203200967
2024-05-01,1033190,61,0.00005904044754594992,2172370,12658,0.0058268158739073,2024,0.0004381810826200799,0.016955533640527216
2024-05-02,747130,13,0.000017399917015780385,1909701,14644,0.007668216123885362,2024,0.00043859603197685104,0.016644514379534594
2024-05-03,890536,8,8.983353845324613e-6,2332539,33228,0.014245420976883989,2024,0.00043827343195832467,0.015360727353800332
2024-05-06,835668,75,0.00008974856043309065,2026278,17771,0.00877026745589697,2024,0.00043945057024343036,0.014068646599985201
2024-05-07,986484,93,0.0000942742102254066,1968734,24991,0.012693944433326188,2024,0.0004407749323446486,0.013874406135909406
2024-05-08,730954,50,0.00006840375728157996,1423005,7824,0.005498223829150284,2024,0.0004428422396480075,0.012522694590897067
2024-05-09,748633,114,0.00015227755121668428,1737739,26012,0.014968876223644633,2024,0.0004415100644689621,0.011496099334595769
2024-05-10,946695,86,0.00009084235154933743,1849145,27769,0.015017210656817069,2024,0.0004442940114673104,0.010305304348234023
2024-05-13,678356,71,0.0001046648072693394,1527338,4762,0.0031178429398076917,2024,0.00044724399374001524,0.009936962487446242
2024-05-14,888077,19,0.000021394541239104267,1496437,11186,0.007475089161788969,2024,0.00044613108429305637,0.010019219141152532
2024-05-15,1640754,1563,0.0009526108118584505,2346521,29312,0.01249168449802921,2024,0.0004760065815149536,0.010258261335182083
2024-05-16,1017288,45,0.00004423526081109774,1843560,33868,0.018370977890602963,2024,0.0004739025841250556,0.010420226148063828
2024-05-17,608608,62,0.00010187181239812818,1348559,4769,0.003536367337283723,2024,0.0004768620975529152,0.009877182230358475
2024-05-20,688426,9,0.000013073300543558785,1633192,1283,0.0007855781806425699,2024,0.0004743705996309844,0.009475994324984499
2024-05-21,645888,14,0.000021675584621482364,1203516,3812,0.0031673862250273365,2024,0.00047383024137359256,0.009381887288414702
2024-05-22,655021,3,4.580005831874093e-6,1804560,6537,0.003622489692778295,2024,0.00047160684973553574,0.00899568189941429
2024-05-23,944808,64,0.00006773863049423798,2505972,56166,0.022412860159650626,2024,0.000468102661875674,0.008907973719005941
2024-05-24,525392,30,0.00005710022231019886,1449993,6266,0.004321400172276693,2024,0.0004615344517575877,0.007906911197598458
2024-05-28,602725,86,0.00014268530424322868,1691642,4009,0.002369886772733238,2024,0.00030644449618503025,0.007537268703193583
2024-05-29,701670,56,0.00007980959710405176,1662057,5077,0.0030546485469511576,2024,0.0002685315103906378,0.007249476105423078
2024-05-30,802079,130,0.00016207879772441367,1630403,12664,0.007767404745943181,2024,0.0002080205964283959,0.0074115195044702166
2024-05-31,921674,183,0.00019855176559173851,1906654,13867,0.007272950414705552,2024,0.00014808699772725107,0.0074695810474833275
2024-06-03,774283,171,0.00022084948268268837,1812830,3394,0.00187221085264476,2024,0.00015382518132521175,0.007471374118256877
2024-06-04,680895,45,0.00006608948516291058,1298487,4206,0.0032391544928828705,2024,0.00014106429688437382,0.0075543155875001985
2024-06-05,880979,316,0.00035869186439177323,1991284,33249,0.016697266688227293,2024,0.0001269375176561603,0.007919335074804
2024-06-06,699862,96,0.00013716989920870115,1473720,15308,0.01038731916510599,2024,0.00012984315791315283,0.008211799937057928
2024-06-07,885620,62,0.00007000745240622389,1626208,26494,0.016291888860465575,2024,0.00013132193982106022,0.00866488223490191
2024-06-10,679687,26,0.00003825290170328401,1465726,10020,0.006836202673623856,2024,0.0001234282057401029,0.008608901030774687
2024-06-11,708196,42,0.00005930561595942366,1437766,31746,0.02208008813673435,2024,0.0001228424958513107,0.00902685301420783
2024-06-12,1335093,424,0.00031758087264332894,2573120,84472,0.03282862828006467,2024,0.0001273662721770795,0.00982294338204941
2024-06-13,1004512,798,0.0007944155968271161,2014835,223679,0.11101603853417277,2024,0.0001518787771531184,0.013329250804058258
2024-06-14,660758,1352,0.002046134893561637,1780542,130189,0.07311762373479536,2024,0.0002195032763713136,0.015510897724421926
2024-06-17,1618001,7175,0.004434484280294017,2840422,139662,0.04916945439797326,2024,0.00036701997391960333,0.016675032171791566
2024-06-18,1249824,2000,0.0016002253117238907,1936249,103410,0.05340738716972869,2024,0.00041736919896263,0.018162936162252626
2024-06-20,1269434,1335,0.0010516497903790194,2183183,175317,0.08030339188240289,2024,0.00044928171830108376,0.02041658441055518
2024-06-21,792733,11,0.00001387604653773717,1671154,59916,0.035853069196495356,2024,0.00044746412794295567,0.021428412589466685
2024-06-24,742369,14,0.00001885854608691904,1531859,19094,0.012464593673438613,2024,0.0004430168277719635,0.02134493650445982
2024-06-25,756636,8,0.000010573115738611432,1153153,14491,0.01256641573147709,2024,0.00044034118657827265,0.02126324334028182
2024-06-26,686765,3,4.368306480382664e-6,1155671,19908,0.017226355943862917,2024,0.00043699796988530743,0.02173352710708366
2024-06-27,545822,18,0.00003297778396620144,1229579,14655,0.01191871364101046,2024,0.00043738407797621064,0.02188164792305771
2024-06-28,943066,29,0.00003075076399742966,1895241,9410,0.004965067767107191,2024,0.0004066554097141766,0.02163076069869364
2024-07-01,763175,47,0.00006158482654699118,1465638,12838,0.008759325290419598,2024,0.00040723372857203973,0.02131037227868753
2024-07-02,747199,65,0.0000869915511128896,1447651,28622,0.019771339915490682,2024,0.0004067377198625318,0.02185153803129443
2024-07-03,504203,461,0.0009143142742109825,1338269,61913,0.046263494110675804,2024,0.0004367790856514459,0.023367468562295535
2024-07-05,1021492,318,0.0003113093396717742,1942165,73758,0.037977205850172356,2024,0.0004464335441531223,0.024527795883133703
2024-07-08,670922,31,0.00004620507301892023,1817211,40829,0.022467946760172594,2024,0.0004478210463926905,0.025155977785380184
2024-07-09,836839,19,0.000022704486765076676,1613840,87518,0.0542296634114906,2024,0.0004463199082683852,0.026216537893774847
2024-07-10,1277203,33,0.000025837709432251568,2336414,206481,0.08837517665961597,2024,0.0004452778245057869,0.02901833044335282
2024-07-11,1020546,50,0.000048993381973962954,2232524,149082,0.06677733363672686,2024,0.0004421547604301447,0.031165245338819276
2024-07-12,877649,213,0.00024269383318388103,2546850,110455,0.04336926006635648,2024,0.00044758423496613905,0.032509065722799456
2024-07-15,766526,229,0.00029875046638992025,2198304,64733,0.029446791708517113,2024,0.00045213995725498925,0.03323171195488525
2024-07-16,926507,159,0.0001716123029831399,1876139,166547,0.08877114115745155,2024,0.0004512419751680359,0.03594831831297678
2024-07-17,1055239,252,0.0002388084595053822,2323197,99262,0.04272646701937029,2024,0.0004518406077287925,0.03731012685186764
2024-07-18,1099129,172,0.00015648754604782514,2946708,144632,0.049082569430021566,2024,0.00045485387642495617,0.03883824068310559
2024-07-19,990305,13,0.00001312726887171124,2474505,17864,0.007219221622102198,2024,0.00044333505657428746,0.03852230584756809
2024-07-22,984117,45,0.00004572627035200083,2056742,30171,0.014669316812706699,2024,0.00044028693561239747,0.038665039102488113
2024-07-23,686262,7,0.000010200185934817897,1461667,5303,0.003628049343660355,2024,0.0004382933600633507,0.038242911118594604
2024-07-24,1922227,4941,0.0025704560387508862,3638198,13661,0.0037548808503550385,2024,0.0005227001312982707,0.03814020039115231
2024-07-25,1530828,729,0.0004762128730334172,2901082,1583,0.0005456584819043378,2024,0.0005365970398674039,0.03742238606932465
2024-07-26,1064842,496,0.0004657968036572562,2171176,2266,0.0010436740273473914,2024,0.0005415375709012015,0.036362887594234075
2024-07-29,852411,10,0.000011731430026125894,1760480,759,0.0004311324184313369,2024,0.0005154480986745018,0.03267672405704269
2024-07-30,1245730,37,0.000029701460188002216,2124096,2531,0.0011915657296092078,2024,0.00044823365089538054,0.03027918879020315
2024-07-31,1215861,101,0.00008306870604452318,2510870,9206,0.003666458239574331,2024,0.00030318646508706407,0.028762422251589852
2024-08-01,1500718,65,0.00004331260103497126,3861778,14929,0.0038658358921719476,2024,0.0002512893747307668,0.02711103720900463
2024-08-02,2344241,872,0.00037197540696541013,5279688,18091,0.0034265282342441448,2024,0.00022863356195031316,0.02454847508739933
2024-08-05,3534696,5589,0.0015811826533314321,7129016,528,0.00007406351732132457,2024,0.00028087711551010296,0.023355841564760203
2024-08-06,2402263,4911,0.002044322374361175,5490764,1675,0.000305057729671135,2024,0.00034839257645257816,0.022950523699967952
2024-08-07,1897144,703,0.0003705570056885508,4945635,599,0.00012111690409826038,2024,0.0003603920394509095,0.022535680405721993
2024-08-08,1638552,353,0.00021543411499909675,4146269,15239,0.003675352467483417,2024,0.00036742756640153335,0.022083980289842674
2024-08-09,1390267,230,0.00016543584793424573,3275136,38141,0.011645623265720873,2024,0.00037184283520046813,0.02207487727733302
2024-08-12,1172855,415,0.00035383743088446566,3524998,2474,0.0007018443698407772,2024,0.0003826123907633693,0.021932769830757474
2024-08-13,1445279,9609,0.006648543291641268,3084234,6749,0.0021882256664053374,2024,0.0006021776729331785,0.021713733176623666
2024-08-14,1225540,3322,0.002710641839515642,2482471,51951,0.020927132683523794,2024,0.0006896326825466037,0.02175225960222477
2024-08-15,1118775,636,0.0005684789166722532,3467405,95377,0.027506737747681625,2024,0.0006781048372953127,0.021127034390124963
2024-08-16,870829,264,0.0003031594032812412,2192660,47006,0.021437888227084912,2024,0.0006778331727489616,0.020575723802688718
2024-08-19,1060214,254,0.00023957427462757518,2505142,40344,0.016104476313119176,2024,0.0006842788128025835,0.02036360812112027
2024-08-20,1163804,45,0.00003866630463548845,2580375,34347,0.013310855980235431,2024,0.0006848108733982638,0.01899964787341176
2024-08-21,1008560,74,0.00007337193622590625,2294707,11180,0.004872081708035056,2024,0.000686395347624719,0.01621621137502573
2024-08-22,965718,212,0.00021952578288900074,2729401,21266,0.007791453143015629,2024,0.0006920797609885535,0.014250015358568688
2024-08-23,920568,68,0.0000738674383641404,2224693,49481,0.02224172054301425,2024,0.0006864522144945621,0.013545764041123948
2024-08-26,714175,113,0.0001582245248013442,1988706,15301,0.007693947722790599,2024,0.0006817680164416096,0.01282066924159973
2024-08-27,670128,23,0.0000343218012081274,1617369,25180,0.015568494264450474,2024,0.0006771916663824426,0.01038058101183303
2024-08-28,943004,24,0.0000254505813336953,2097575,17856,0.008512687269823486,2024,0.000670079737110053,0.009240121686848134
2024-08-29,854646,38,0.000044462853625945715,2407112,30077,0.012495056316448924,2024,0.0006663455806959904,0.008020537916395712
2024-08-30,743381,62,0.00008340272350248392,2097972,44569,0.02124384882162393,2024,0.0006686880958503494,0.008488025489713107
2024-09-03,1472944,469,0.0003184099327605123,4005182,21137,0.005277413111314293,2024,0.0006777775512639665,0.008174962033000024
2024-09-04,1214472,888,0.0007311819457344426,2743405,83537,0.030450115823219687,2024,0.0007018102765906206,0.009069030915652003
2024-09-05,1175655,610,0.0005188596994866691,2836327,62875,0.02216775428221076,2024,0.00063342373194848,0.009682793363380526
2024-09-06,1723663,436,0.00025294967751816915,4490336,40531,0.009026273312286653,2024,0.0006259816254313051,0.00996548052439327
2024-09-09,1280782,173,0.00013507372839405925,2687924,6186,0.0023014043551826614,2024,0.000614957522922532,0.010007404868654446
2024-09-10,1092909,439,0.0004016802862818405,2112101,8871,0.004200083234655918,2024,0.0006279558181310557,0.010133036562528598
2024-09-11,1712042,816,0.0004766238211445747,2736573,29721,0.010860664049524715,2024,0.0006428532301629414,0.010455339839859114
2024-09-12,1173132,662,0.0005643013744403869,3078176,154185,0.050089728462570045,2024,0.0006588943191094702,0.01200278218062564
2024-09-13,1071053,559,0.0005219162823875196,2676067,137187,0.0512644115412656,2024,0.0006748477751545554,0.013582734702262093
2024-09-16,1051073,165,0.00015698243604392843,2298114,176892,0.07697268281730149,2024,0.0006676813427905058,0.016034273188364007
2024-09-17,1195114,147,0.00012300081833197503,3003488,234389,0.07803893340010015,2024,0.0006190752816238573,0.018633102184456633
2024-09-18,999811,360,0.0003600680528619909,2673900,205118,0.07671117094880138,2024,0.0005629334709072178,0.021179972625094308
2024-09-19,1358732,792,0.0005828964063553371,3053995,110761,0.036267577386341496,2024,0.000570011450929444,0.022384854641169082
2024-09-20,938338,277,0.00029520279472855195,2031558,37738,0.01857589101566384,2024,0.0005726704069204258,0.022881539259441763
2024-09-23,896861,230,0.00025644999615325007,2014128,28840,0.01431885163207105,2024,0.0005757042118610593,0.022970646871653438
2024-09-24,756413,235,0.000310676839239939,2071243,78211,0.03776041729531494,2024,0.0005742655254729084,0.02420593263583591
2024-09-25,693325,169,0.000243752929722713,2029542,97545,0.0480625678108657,2024,0.0003607725134089566,0.025735077373984585
2024-09-26,967846,362,0.00037402644635613517,1965935,123848,0.06299699634016384,2024,0.000282885333636973,0.027137406162539256
2024-09-27,823493,28,0.00003400150335218393,1990224,83166,0.0417872561078552,2024,0.0002650694198596374,0.027613423441211708
2024-09-30,985767,27,0.000027389839586839486,1885828,40196,0.021314775260522167,2024,0.00025587710106982395,0.027609319675659615
2024-10-01,1041162,108,0.0001037302552340558,2930960,83835,0.028603256270982886,2024,0.00025134896709004,0.028025945674255075
2024-10-02,874430,23,0.000026302848712875816,2112699,142148,0.06728265597702275,2024,0.00025093685189261954,0.029825005674147986
2024-10-03,861736,15,0.000017406723172758245,2274876,193548,0.0850806813206522,2024,0.00024907134479084796,0.03249862566123522
2024-10-04,874594,18,0.000020580978145287985,2018545,94369,0.046751001340074164,2024,0.00024243985129939087,0.03379727726780384
2024-10-07,885812,12,0.0000135468925686263,2447597,23571,0.009630261844576538,2024,0.0002404291664395404,0.03337689531118925
2024-10-08,795013,3,3.7735232002495556e-6,1956615,52965,0.027069709677172055,2024,0.0002352807997195039,0.034022754043001965
2024-10-09,1071158,73,0.00006815054361728148,2526823,86861,0.034375577553314975,2024,0.00023640842446647574,0.03464965681929745
2024-10-10,760973,30,0.00003942321212447748,1972048,68291,0.03462948163533545,2024,0.00023687417882616845,0.03552021663148118
2024-10-11,1057298,27,0.000025536792843644836,2707494,129907,0.047980531074122416,2024,0.0002362433101334251,0.0367030657900703
2024-10-14,1401969,98,0.00006990168826842819,2842554,92280,0.032463763221384716,2024,0.00023579327562562325,0.03707706293672899
2024-10-15,893793,155,0.0001734182299480976,2344681,39237,0.016734472621222247,2024,0.00023096021886520943,0.03745896492039259
2024-10-16,715973,42,0.000058661429970124575,1872381,113535,0.060636697338842895,2024,0.00020854286833973213,0.0384651843042467
2024-10-17,734604,14,0.000019057886970394935,1958805,163469,0.08345343206700004,2024,0.000191882807922523,0.040508040230406335
2024-10-18,753850,7,9.285666909862706e-6,2173704,111302,0.051203843761616116,2024,0.00018376067423557947,0.04191395924538399
2024-10-21,685707,16,0.000023333581252634144,2076291,91723,0.04417637026794414,2024,0.00018003600266419862,0.043309791442476035
2024-10-22,673794,28,0.00004155572771499895,1455568,46978,0.03227468589581524,2024,0.00016803185071197056,0.044245611531181346
2024-10-23,1046065,47,0.00004493028635887827,2464034,100307,0.040708448016545225,2024,0.000153642066219114,0.04524053766341537
2024-10-24,657746,4,6.081374877232245e-6,1607617,73231,0.04555251655089489,2024,0.0001350347329003422,0.045089297266359525
2024-10-25,760833,24,0.000031544373075300364,2556010,64410,0.025199431927105137,2024,0.00011868900258993489,0.044220464612554175
2024-10-28,774055,62,0.00008009766747840916,1588041,29586,0.018630501353554475,2024,0.00011612617697108425,0.04227572523042928
2024-10-29,784723,10,0.000012743350201281216,1781444,56210,0.031553054712918284,2024,0.00011245092803339446,0.040726195940856545
2024-10-30,731953,12,0.000016394495274969842,1627879,48265,0.029649009539406797,2024,0.00010099514278049375,0.03915745722721006
2024-10-31,1507729,92,0.00006101892316192101,3385561,67203,0.019849886030705102,2024,0.00008359922667404654,0.038610200848688846
2024-11-01,881022,25,0.000028376135896719947,2310433,12219,0.005288619059717377,2024,0.00007470500471298548,0.03816729178349063
2024-11-04,1099967,436,0.00039637552762946526,2592625,21898,0.0084462658502483,2024,0.00007936918909552599,0.03797153892409654
2024-11-05,1075132,59,0.000054876982547259314,2578978,126883,0.04919894624925067,2024,0.00007084252720576999,0.03835282322256107
2024-11-06,1595618,149,0.00009338074651953036,4880470,385222,0.0789313324331468,2024,0.00006583012109899724,0.03938178204330377
2024-11-07,1420773,219,0.00015414144272167334,3370494,338391,0.1003980425421318,2024,0.000058500620977848514,0.04062848358336936
2024-11-08,1214835,48,0.00003951153860400795,3005261,57580,0.019159733547269273,2024,0.00005868428881957598,0.03987423283134983
2024-11-11,826817,47,0.000056844501262068874,2008835,20176,0.010043632254515676,2024,0.00005966611087541696,0.03949852806448295
2024-11-12,865900,46,0.00005312391731146784,1892500,30764,0.0162557463672391,2024,0.00005797923294466403,0.03908694440102482
2024-11-13,796297,64,0.00008037202199681777,1699031,43846,0.025806474396288238,2024,0.00005978153872079543,0.037704405015000345
2024-11-14,684488,18,0.000026297027851474388,1770491,63363,0.03578837734843046,2024,0.00006007788221008597,0.03606132821592629
2024-11-15,1362395,47,0.00003449807141100782,3286409,107008,0.032560767695073864,2024,0.00006054178531894329,0.03558832042775961
2024-11-18,813309,0,0.0,1840996,14528,0.007891380535318925,2024,0.00006009022223332242,0.03553035771745102
2024-11-19,846028,1,1.1819939765586956e-6,1798847,18634,0.0103588576460366,2024,0.00006000383792586605,0.03497332931641317
2024-11-20,868587,1,1.1512951494784057e-6,2032137,36318,0.017871826555000966,2024,0.00005777052964360595,0.03442320428313604
2024-11-21,899993,3,3.333359259460907e-6,2101907,50197,0.023881646523847153,2024,0.00005656753454810541,0.0340649431127531
2024-11-22,765195,8,0.000010454851377753384,1740968,31198,0.017919915816947813,2024,0.000056064803165909015,0.03306292260418061
2024-11-25,864924,57,0.00006590174396825617,2291691,69588,0.030365350302462242,2024,0.000055931471689236624,0.032992975506883196
2024-11-26,782281,3,3.834939107558537e-6,2149273,109140,0.05077996141020708,2024,0.00005027869532788532,0.03412782513318269
2024-11-27,686976,20,0.0000291130985653065,1966907,88705,0.04509872607093269,2024,0.000049293750947724716,0.03360989275758568
2024-11-29,687809,15,0.000021808379942687577,1490138,47183,0.03166351035944322,2024,0.000049385434046801135,0.03188356203400045
2024-12-02,815816,6,7.354599566568932e-6,1977996,46160,0.023336750933773374,2024,0.00004932106513535801,0.03095465893973903
2024-12-03,719564,10,0.000013897304478823287,1816392,153547,0.0845340653339147,2024,0.00004900652257623098,0.03229991544193805
2024-12-04,824860,59,0.0000715272894794268,2198969,216421,0.09841930468324019,2024,0.00005000557463504524,0.03450473606818554
2024-12-05,668090,23,0.000034426499423730336,1814300,128280,0.07070495507909387,2024,0.00004965544840387364,0.03550461963693717
2024-12-06,583389,49,0.00008399198476488243,1781576,83990,0.04714365258624948,2024,0.00005225246873346199,0.03555765750478232
2024-12-09,691044,29,0.00004196548989644654,1817520,54429,0.029946850653637926,2024,0.00005259983929416686,0.035715904795666754
2024-12-10,646035,22,0.00003405388252958431,1545201,56066,0.03628395270259339,2024,0.00005106504646253936,0.036304353173968046
2024-12-11,643825,84,0.0001304702364773036,1814741,132289,0.07289690374549315,2024,0.00005498927600507345,0.03768248147505388
2024-12-12,581071,44,0.00007572224392544113,1632274,95125,0.058277593100178035,2024,0.00005696686762675582,0.03863676759374625
2024-12-13,586362,4,6.821724463727186e-6,1626420,69696,0.04285239974914229,2024,0.00005516029433681602,0.039403518051027486
2024-12-16,686308,138,0.00020107590178170733,2017587,19037,0.009435528678565038,2024,0.000060916953199648936,0.03954174837165574
2024-12-17,830654,139,0.0001673380252186831,2280081,106640,0.04677026824924202,2024,0.00005328236978595619,0.040819215118288864
2024-12-18,1430220,4629,0.003236565003985401,4385518,569156,0.12978079214359625,2024,0.0001593386371672276,0.04350527664810038
2024-12-19,1656900,10532,0.0063564487899088655,4515033,31389,0.006952108655684244,2024,0.0003681075719468721,0.041105969188851635
2024-12-20,1487856,805,0.0005410469830413695,3829892,4584,0.0011969005914527094,2024,0.00038100442329086194,0.03779926445716233
2024-12-23,1118746,1495,0.0013363176270574375,2477397,21332,0.008610650614334319,2024,0.0004242312929059763,0.037447628359397835
2024-12-24,791818,7651,0.009662573975332715,2173622,54300,0.02498134450240198,2024,0.0007444222753749979,0.03794555210099404
2024-12-26,858608,2195,0.0025564634850828317,2011004,58431,0.029055635891325926,2024,0.0008278669276340432,0.038372215085130265
2024-12-27,1008908,23,0.000022796924992169753,2601057,48622,0.018693169738302543,2024,0.0008259477577338884,0.03813510492986408
2024-12-30,1309946,2996,0.002287117178876076,2375869,16623,0.006996597876398067,2024,0.0009013084294347084,0.037175378947463006
2024-12-31,947889,4009,0.004229398167928946,2460881,51710,0.02101279988751996,2024,0.001041138432651973,0.0367904466872112
2025-01-02,1214024,663,0.0005461177044275895,3221806,48581,0.015078809835229062,2025,0.0010593423561328925,0.03703002766387487
2025-01-03,893247,54,0.00006045360353855093,2844892,53224,0.018708618815758207,2025,0.0010613180764516257,0.03730835303619893
2025-01-06,1173106,116,0.00009888279490514924,3330895,11368,0.003412896533814485,2025,0.0010645757931101482,0.03682638870215938
2025-01-07,1179079,467,0.000396071849299326,3141594,24974,0.00794946769060547,2025,0.0010776670761114767,0.03629531607438465
2025-01-08,1022887,102,0.00009971775963522852,2563494,27204,0.010612078670751717,2025,0.001080642506386726,0.03605172150284478
2025-01-10,1861194,75,0.00004029671275536027,3926451,34266,0.008726964885083247,2025,0.0010797890053462964,0.035330441988932156
2025-01-13,1694301,14,8.262994591870039e-6,3262604,7427,0.002276402530003641,2025,0.0010799366071957734,0.03371365669292537
2025-01-14,1302546,16,0.00001228363528044307,2841571,2268,0.00079815003742648,2025,0.001079375625086278,0.032236970825141834
2025-01-15,1471867,432,0.00029350477998351754,2986780,41006,0.013729166527163031,2025,0.0010884321717543053,0.031639159364065826
2025-01-16,973177,4,4.11024921468551e-6,2354654,51343,0.021804902121500654,2025,0.001088324026742576,0.03158809773699007
2025-01-17,1118788,28,0.000025027082878972602,3119543,53757,0.017232331787059834,2025,0.0010886950193559144,0.029344706618761575
2025-01-21,1127154,5,4.435951076782765e-6,3159538,100217,0.03171887788657709,2025,0.0010864586414091595,0.027121359058872804
2025-01-22,1430796,381,0.0002662853404678235,3389051,150363,0.04436728747959237,2025,0.0010941872694439627,0.026243436805556086
2025-01-23,898657,193,0.00021476492143276022,2357993,92269,0.03913031124350242,2025,0.001098546367332892,0.02597632542746452
2025-01-24,991086,23,0.000023206866003555695,2280028,39748,0.017433119242395267,2025,0.0010979210798697954,0.02555920104708976
2025-01-27,1880912,172,0.00009144500114837908,3964636,11717,0.002955378501330261,2025,0.0010998341171570886,0.024448248573714325
2025-01-28,1161420,3,2.583044893320246e-6,2314522,41898,0.01810222585916228,2025,0.0010955712107709559,0.02262175931083663
2025-01-29,1010688,8,7.915400202634246e-6,1925031,18147,0.009426861177819993,2025,0.0010933109826468624,0.020993401580091362
2025-01-30,986273,21,0.000021292279115417335,2205484,52956,0.024011056076580016,2025,0.0010937933344685852,0.02036535679100595
2025-01-31,1301206,14,0.000010759249496236569,3454577,48804,0.014127344679247271,2025,0.0010874494460590698,0.02052175065769536
2025-02-03,1742071,16,9.184470667383821e-6,3476499,28934,0.008322740780308006,2025,0.0010821776609073598,0.019240166408730892
2025-02-04,982788,5,5.0875672067628015e-6,2059666,30724,0.014916981685380058,2025,0.0009744617463480717,0.015411372726790351
2025-02-05,866056,15,0.00001731989617299574,2122003,68547,0.03230297035395332,2025,0.0007631574498902094,0.016256401450065988
2025-02-06,792515,9,0.000011356251932140086,2118439,54519,0.025735458986546226,2025,0.0007455010921865685,0.017074353396569104
2025-02-07,1071294,20,0.000018669011494510378,2974480,105211,0.035371224550173476,2025,0.0007015794716678042,0.017966372527763744
2025-02-10,713305,7,9.813473899664239e-6,2012309,68249,0.033915765421712075,2025,0.0003798207882867025,0.018264186558407412
2025-02-11,632942,9,0.000014219312354054558,1885268,79612,0.04222847892182968,2025,0.00029507931586240997,0.018703281326090872
2025-02-12,845238,4,4.732394899424778e-6,2194278,65057,0.029648476628758982,2025,0.00029447716485931844,0.01906845822243942
2025-02-13,1006860,33,0.000032775162386031824,2421710,120690,0.04983668564774477,2025,0.000219332430976317,0.020496461148150975
2025-02-14,759739,2,2.63248299745044e-6,2196867,82064,0.03735501511925847,2025,0.00007844024147860049,0.021041201655875592
2025-02-18,668788,0,0.0,2306201,65936,0.028590742957790755,2025,0.00006023631799768083,0.02149159942662765
2025-02-19,965813,51,0.00005280525319083508,2805310,129916,0.04631074640592305,2025,0.00005998137298609031,0.02241167034629981
2025-02-20,974130,0,0.0,2515041,117412,0.046683930798742446,2025,0.000056685279822585334,0.023854038155130743
2025-02-21,1429668,58,0.00004056885934356788,3837436,25019,0.006519717853274947,2025,0.0000448351801573934,0.023806379827219726
2025-02-24,1506009,15,9.960099840040797e-6,3478044,7312,0.0021023310803428594,2025,0.00004184325816422047,0.0235227215742061
2025-02-25,1842249,15,8.142221816920515e-6,3707372,13314,0.003591223108983938,2025,0.00004077144179960581,0.023351530181669456
2025-02-26,1404293,74,0.00005269555569955843,2932845,470,0.00016025395136804024,2025,0.0000422525271698621,0.023280991895714934
2025-02-27,1920706,142,0.00007393114823403478,3575740,2839,0.0007939615296414169,2025,0.000044307444268315144,0.023280852278788764
2025-02-28,2009674,229,0.00011394882951165214,3955360,54624,0.013810120949799765,2025,0.000038322245919252976,0.023283550759543324
2025-03-03,1996447,299,0.00014976605940453214,4630802,9111,0.0019674777716689245,2025,0.000043177439592247853,0.0226223032812156
2025-03-04,2820957,391,0.00013860544488980157,5349922,2460,0.0004598197880268161,2025,0.00004696338499260882,0.0220632195479145
2025-03-05,2194727,54,0.000024604426883161324,3819202,231,0.000060483839294177163,2025,0.00004763566751948811,0.0210079397463384
2025-03-06,2474290,21,8.487283220641072e-6,4663788,140,0.00003001851713671376,2025,0.000039042398944582024,0.01953003078092321
2025-03-07,2707808,41,0.000015141398503882107,4626594,2126,0.0004595173036579393,2025,0.000032388281513619425,0.01824100431626173
2025-03-10,2920164,377,0.00012910233808786082,6783139,11795,0.0017388704551093528,2025,0.00003591813058309626,0.017717862690018866
2025-03-11,2873558,257,0.00008943616241607095,4851294,1791,0.0003691798518086102,2025,0.00003585116929201933,0.017631656068368144
2025-03-12,2002927,29,0.000014478810261182758,3794253,504,0.00013283247058116577,2025,0.00003624769480428141,0.017032676288748775
2025-03-13,2317500,130,0.00005609492988133765,5285000,1180,0.00022327341532639547,2025,0.00003785367912690486,0.016725890029998986
2025-03-14,2054868,118,0.00005742461316249998,3836953,12772,0.0033286829419072895,2025,0.00003905809026180761,0.01603647759217656
2025-03-17,1673190,11,6.57426831381971e-6,3364113,6748,0.0020058779238390626,2025,0.00003891859088906038,0.01563242870032962
2025-03-18,1348958,404,0.0002994904214957026,2681524,3649,0.0013607933399067097,2025,0.000048595455916671005,0.015400363785649579
2025-03-19,1342731,454,0.00033811686778662296,3110321,3555,0.001142968844694808,2025,0.00005969643260266635,0.014941230024293404
2025-03-20,1081353,11,0.00001017244137668273,2462791,3906,0.0015860054710286012,2025,0.00005945818410945592,0.013917331194862579
2025-03-21,1015633,2,1.969215257873661e-6,2460806,792,0.000321845769231707,2025,0.000059145282886980365,0.01307021075428543
2025-03-24,1433577,13,9.068225843467077e-6,3297668,4493,0.0013624779692801095,2025,0.00005882525669861225,0.011936585868255653
2025-03-25,928261,0,0.0,2669950,4192,0.001570066855184554,2025,0.000058498140901956784,0.010858395916038066
2025-03-26,1210737,68,0.00005616413804153999,2475523,1514,0.0006115879351555206,2025,0.000059896301758206303,0.00947116621648226
2025-03-27,1095347,9,8.216574291069405e-6,1959597,4841,0.0024704059048875865,2025,0.00006001244107126111,0.00856523052568655
2025-03-28,1918115,1332,0.0006944317728603342,3753272,4647,0.0012381196992917113,2025,0.00008206766142040453,0.0069452783274047795
2025-03-31,2179231,319,0.0001463819117844781,3155537,28282,0.008962658336758529,2025,0.00008685930904663879,0.005998866434654781
2025-04-01,1391746,14,0.000010059306798798057,2692923,9932,0.00368818566293949,2025,0.00008719461927326539,0.005168781191493072
2025-04-02,1474181,188,0.00012752843782412064,2534594,10933,0.004313511355270311,2025,0.0000896853920943749,0.003768873356471315
2025-04-03,2308764,388,0.00016805528845737373,4061404,825,0.00020313172489119525,2025,0.00009528723504295402,0.0022195133873429396
2025-04-04,4304047,3469,0.0008059856223689007,5853970,2781,0.0004750622227308989,2025,0.00012080112714379846,0.002018024866324805
2025-04-07,5825428,8369,0.0014366326388378673,7529911,804,0.00010677417037200041,2025,0.000168356878443726,0.0019515063026591094
2025-04-08,4536225,1695,0.00037365871401881523,7515012,1688,0.0002246170731330835,2025,0.0001805407615171225,0.0018392861014640811
2025-04-09,7216557,11860,0.0016434429881174637,8681682,52164,0.006008513096886064,2025,0.00023356567593105267,0.0020342280729813483
2025-04-10,4263987,21086,0.004945137027856792,6729754,18452,0.002741853565524089,2025,0.00039593920525181125,0.002099157807510771
2025-04-11,3213646,3047,0.0009481442573326371,6541645,4424,0.000676282494693613,2025,0.00042374571951251077,0.001661363192340566
2025-04-14,2467980,2236,0.0009060041005194532,6039784,2096,0.0003470322779755038,2025,0.0004489536542163415,0.001607348342550785
2025-04-15,1971404,983,0.0004986294032070544,4698034,2833,0.0006030181986762974,2025,0.0004609544528269165,0.0016121216229057678
2025-04-16,2320386,1491,0.0006425655041876654,4154161,1358,0.00032690114802965027,2025,0.00048155315540373335,0.001621002199863617
2025-04-17,1743438,735,0.00042158080757675353,3758832,702,0.0001867601425123549,2025,0.0004953229395489371,0.0016262269207094717
2025-04-21,2872570,265,0.00009225188594185694,3600715,127,0.00003527077261043987,2025,0.0004978932891302029,0.001612085369674555
2025-04-22,2813312,258,0.00009170685654488375,3846991,3404,0.0008848474041140206,2025,0.0004966467730787704,0.0015836179346413772
2025-04-23,2232189,1011,0.0004529186372659304,4064248,3442,0.0008468971381667655,2025,0.0005087628555737656,0.001599541844186649
2025-04-24,2078950,87,0.000041848048293609756,3741459,9868,0.0026374737769410276,2025,0.0005096751635081799,0.001683029887731978
2025-04-25,1619946,48,0.000029630617316873525,3717887,45759,0.01230779741288533,2025,0.0005087930197560311,0.0020858473543172757
2025-04-28,1758067,150,0.00008532098037219287,3221196,13876,0.00430771676110364,2025,0.0005097228986630208,0.002118481814957154
2025-04-29,1544734,125,0.00008092008073881975,3339421,24423,0.007313543275915196,2025,0.0005122010924105209,0.002295403993359692
2025-04-30,1779822,245,0.00013765421485968822,3316555,11881,0.003582331666443041,2025,0.0005068065521893204,0.0023694552709109026
2025-05-01,1635962,384,0.0002347242784367852,4067889,18137,0.004458577901216085,2025,0.0005033601325443258,0.0024799755727949453
2025-05-02,1436447,2117,0.0014737752245644984,3534061,18161,0.005138847348701678,2025,0.0005521468919839196,0.0025984036353840483
2025-05-05,1265809,16,0.00001264013765109902,2690074,11493,0.004272373176351283,2025,0.0005525025893970272,0.002730087882288034
2025-05-06,1242840,51,0.00004103504875929323,2254179,7289,0.0032335497757720218,2025,0.000553568150160888,0.0027924569425044304
2025-05-07,1066612,377,0.00035345561460024827,2227747,5032,0.0022587843233544923,2025,0.0005653500039808963,0.0028154141914434284
2025-05-08,1548354,276,0.0001782538101751925,3250451,22546,0.006936268228624274,2025,0.0005694196597186847,0.003026236867892387
2025-05-09,968921,76,0.00007843776737215934,2247785,9445,0.0042019143289949885,2025,0.000571760366154721,0.003083953815362634
2025-05-12,1353634,595,0.00043955751702454284,3745774,21099,0.005632747731176521,2025,0.0005632645576268614,0.003230441416425461
2025-05-13,2000725,1359,0.0006792537705081908,3308364,17508,0.005292041625407603,2025,0.0005810269529176517,0.003108087526047097
2025-05-14,1041073,1105,0.0010614049158896638,2201275,7051,0.0032031436326674313,2025,0.0006160718065540139,0.0030919194583713615
2025-05-15,1131286,211,0.0001865134015624696,2284119,2400,0.0010507333462048169,2025,0.000618037972011959,0.0029831601914025114
2025-05-16,1273662,301,0.00023632643511386852,2568211,247,0.00009617589831988104,2025,0.0006203136769005087,0.002979594997183468
2025-05-19,1071200,19,0.00001773711725168036,2355681,213,0.0000904197130256601,2025,0.0005940387267299348,0.0029667735801932934
2025-05-20,964904,19,0.000019691078076160945,2017723,561,0.0002780361823699289,2025,0.0005468073413712112,0.0029724823139265577
2025-05-21,1409215,4,2.838459709838456e-6,2912023,4335,0.0014886558244903971,2025,0.0005344466662275787,0.0030146169389718013
2025-05-22,1032791,5,4.841250553112876e-6,2102130,4467,0.0021249875126657246,2025,0.0004798266083087669,0.002885166086164457
2025-05-23,1528392,16,0.000010468518547597736,2572365,2520,0.000979643246584369,2025,0.0003153376579984604,0.0028264257421997995
2025-05-27,1228734,1,8.138457957540037e-7,2545455,1141,0.00044824991995537144,2025,0.0002837599776138977,0.002818824656375191
2025-05-28,916640,0,0.0,1829033,45,0.000024603164623054915,2025,0.0002535598409299159,0.002808077019263443
2025-05-29,963019,9,9.345610003540948e-6,2074709,692,0.00033354075198015724,2025,0.00023725038115646546,0.0027990944377069052
2025-05-30,1302529,4,3.0709489001780383e-6,2118293,209,0.0000986643490772995,2025,0.0002159338959802159,0.0027914865444084933
2025-06-02,943960,1,1.0593669223272173e-6,1926008,380,0.00019729928432280655,2025,0.00020191651462506832,0.0027918378491355086
2025-06-03,1153421,3,2.6009583664594283e-6,2201389,1392,0.0006323280437941681,2025,0.0001989281503725551,0.002811739758174966
2025-06-04,876456,1,1.1409585877670984e-6,1743254,387,0.0002219986301479876,2025,0.00019590928710731787,0.0027896447990427647
2025-06-05,825100,3,3.635922918434129e-6,2306859,4067,0.0017630032871536578,2025,0.000180933196629068,0.0028201816706756614
2025-06-06,1066919,2,1.8745565502160895e-6,2162121,9582,0.004431759369618999,2025,0.0001796007469042882,0.002879991190431594
2025-06-09,901489,0,0.0,1759546,501,0.0002847325389617549,2025,0.00017861305966039242,0.002479222361300808
2025-06-10,958111,9,9.393483636029646e-6,1878801,3119,0.001660101309292469,2025,0.00017608214310252032,0.002390968512907102
2025-06-11,875520,0,0.0,2555842,276,0.00010798789596540005,2025,0.000173384807077893,0.0021507833335754423
2025-06-12,739677,12,0.000016223297466326518,2159964,3921,0.0018153080329116596,2025,0.0001693371098314476,0.0020918825457910627
2025-06-13,1120808,34,0.00003033525813520246,3638730,21433,0.005890241925067262,2025,0.00016252414248806152,0.0021396046799194352
2025-06-16,858980,35,0.00004074600107103774,2768335,29043,0.010491143593531852,2025,0.00011475650170494615,0.0023180145547471082
2025-06-17,1064609,358,0.00033627369297084656,2910159,22572,0.007756277234336681,2025,0.0001255442868822711,0.002434144690013288
2025-06-18,826354,6,7.260810742127466e-6,2529665,58009,0.022931494881733353,2025,0.00012441847894836553,0.003090742860211999
2025-06-20,1128756,1,8.859310603886048e-7,3080757,12937,0.004199292576467407,2025,0.00011266615616370356,0.003155426468649096
2025-06-23,1324619,15,0.000011324010904267566,2838419,23532,0.00829053074968847,2025,0.00010710182952133941,0.0032005685526845695
2025-06-24,1287787,0,0.0,3485429,60249,0.017285963937294375,2025,0.00010448723727560076,0.0036367035396278826
2025-06-25,1029773,2,1.9421756056917398e-6,2211120,19392,0.008770215999131662,2025,0.00008990005922830572,0.0037412858152263864
2025-06-26,1373910,4,2.9113988543645508e-6,3049798,54651,0.01791954745855299,2025,0.00006735531350651149,0.0041622026763312335
2025-06-27,1730728,138,0.00007973523280376812,3672975,24566,0.006688311246333014,2025,0.00003463299073698165,0.004278374930120086
2025-06-30,1652445,108,0.00006535769723046758,2776936,4330,0.0015592725219450503,2025,0.000030594467259248247,0.004295326235978094
2025-07-01,1072722,7,6.525455803087845e-6,2074693,2179,0.0010502758721410831,2025,0.000022934434615555558,0.0043271295684388
2025-07-02,1120224,37,0.00003302910846402148,1996116,1413,0.0007078746926531324,2025,0.000023444167655966927,0.004347711401093049
2025-07-03,1250801,65,0.000051966699738807374,2794282,19512,0.006982831367771757,2025,0.000024520021711388474,0.004571204573939777
2025-07-07,1156958,2,1.728671222291561e-6,2932512,2534,0.0008641055859276961,2025,0.00002448302876180358,0.004550386232654354
2025-07-08,978917,60,0.0000612922239577002,2292508,8616,0.0037583293057210703,2025,0.000026364727875289823,0.0046048309590895325
2025-07-09,1045711,20,0.000019125743154657452,2352448,12805,0.005443265908534429,2025,0.000026653302028858484,0.004753618381154534
2025-07-10,1112467,23,0.00002067477057746432,2574811,21906,0.008507808922674324,2025,0.000027315332854915494,0.005022270347911833
2025-07-11,955557,25,0.000026162751149329658,2189860,21633,0.009878713707725608,2025,0.00002818742455989315,0.005350740699348585
2025-07-14,1076897,32,0.000029715005241912643,2130355,8432,0.003958025775046882,2025,0.000028866404401172205,0.005471556866784142
2025-07-15,1015663,18,0.00001772241383214708,2241382,10315,0.004602071400591243,2025,0.000029354786565571174,0.00562167043516794
2025-07-16,1096828,5,4.558599889864227e-6,2670944,22278,0.008340871242526986,2025,0.000029471427664489074,0.005893122833774745
2025-07-17,1091525,15,0.000013742241359565744,2369560,32448,0.013693681527372171,2025,0.000029842803764259285,0.006328501283227346
2025-07-18,900524,0,0.0,2156257,16781,0.007782467488801196,2025,0.000029804771811333714,0.0065805169118491194
2025-07-21,1212930,25,0.00002061124714534227,2932740,19829,0.006761253980918868,2025,0.000030370615952230656,0.00674712526830796
2025-07-22,943336,9,9.540609072483187e-6,1967358,17150,0.008717274639389476,2025,0.00003062615103630622,0.00688997577730031
2025-07-23,1010471,17,0.00001682383759652677,2684496,28964,0.010789362323505046,2025,0.000031186945622857114,0.007240130103451752
2025-07-24,1217219,13,0.000010680083041753374,2956164,32365,0.010948310039632442,2025,0.000031229832269714574,0.007549737061129751
2025-07-25,1449503,7,4.829241471042144e-6,2853246,5099,0.0017870874085164756,2025,0.00003139080698541597,0.007605707044881453
2025-07-28,1031032,9,8.729118009916277e-6,2373509,7531,0.0031729393063181983,2025,0.00003114100100353564,0.007650961420661671
2025-07-29,1232436,386,0.00031320084775193194,2758668,3879,0.0014061133851554445,2025,0.00004056985399075995,0.007501490469331277
2025-07-30,1191288,24,0.000020146261861111672,2437908,9757,0.004002201887848106,2025,0.00003988319601709575,0.007285192412475152
2025-07-31,1168608,20,0.000017114378816506476,3287804,33440,0.010170922597575767,2025,0.00002924455221195108,0.007365680591249789
2025-08-01,1973475,1700,0.000861424644345634,4954907,39544,0.007980775421213759,2025,0.00005771667999873462,0.006867323275899135
2025-08-04,1350699,17,0.00001258607580223277,3582848,92746,0.025886110714158122,2025,0.000058106684823462765,0.007590217213822159
2025-08-05,1055812,16,0.000015154213060658527,2684993,41345,0.015398550387282202,2025,0.00005823435822867579,0.00782715120174195
2025-08-06,978054,13,0.00001329169964030616,2395305,59236,0.02473004481683961,2025,0.00005867741488335267,0.008075287231060125
2025-08-07,1026110,136,0.00013253939636101393,2948465,51356,0.01741787675960203,2025,0.00006303065557519675,0.008363542589742472
2025-08-08,1056584,30,0.00002839338850484202,2832178,41741,0.014738127335216926,2025,0.00006388005523021266,0.008257495252297934
2025-08-11,1008742,47,0.00004659268673258375,2929383,21106,0.007204930184957037,2025,0.00006277530369450651,0.008274715883585403
2025-08-12,1310497,107,0.00008164841277774768,3505959,113556,0.03238942611707667,2025,0.00006331832754608252,0.00930238767008979
2025-08-13,1623746,1854,0.0011418041984399038,3235230,105059,0.0324734253824303,2025,0.00010116095230064305,0.010349825987099432
2025-08-14,1210063,46,0.000038014549655679084,2557221,105618,0.04130186636196089,2025,0.00010132713367369829,0.011702959042743022
2025-08-15,1118584,169,0.00015108387032176395,2473045,56415,0.022811958536945346,2025,0.00010463103935979686,0.012230596615048809
2025-08-18,889777,36,0.00004045957582630255,2153227,48958,0.022737036085837676,2025,0.0001059220695132639,0.012959694298379143
2025-08-19,981002,33,0.00003363907514969388,2647565,41750,0.01576920679945535,2025,0.00010500029788633033,0.013360056881503619
2025-08-20,1300889,6,4.612230559256017e-6,2978737,30938,0.010386281165473823,2025,0.0001045165141331503,0.013524824056734932
2025-08-21,966336,2,2.069673488310484e-6,2341848,14603,0.006235673707260249,2025,0.0001038963442301785,0.013449086216221129
2025-08-22,1030386,32,0.00003105632258202266,3331491,33701,0.010115891052984985,2025,0.00010405946327793494,0.013456992127729774
2025-08-25,997086,37,0.00003710813309985297,2541978,36469,0.014346701663035637,2025,0.00010430590087319962,0.013803281323996065
2025-08-26,914712,5,5.466201383604894e-6,2055910,34229,0.016649075105427767,2025,0.00010389736045824822,0.014204848114157283
2025-08-27,1043040,32,0.00003067955207853965,2190390,7574,0.0034578317103346893,2025,0.0001047680588645374,0.014042080129750873
2025-08-28,1178884,7,5.93781915777973e-6,2719864,58937,0.021669098160790393,2025,0.00010450791145781118,0.014307927350864814
2025-08-29,1099194,11,0.000010007332645556653,3022390,48625,0.016088261276671772,2025,0.00010484148921266308,0.014584787143793833
